record_id,Marital Status,Application mode,Application order,Course,Daytime/evening attendance,Previous qualification,Previous qualification (grade),Nationality,Mother's qualification,Father's qualification,Mother's occupation,Father's occupation,Admission grade,Displaced,Educational special needs,Debtor,Tuition fees up to date,Gender,Scholarship holder,Age at enrollment,International,Curricular units 1st sem (credited),Curricular units 1st sem (enrolled),Curricular units 1st sem (evaluations),Curricular units 1st sem (approved),Curricular units 1st sem (grade),Curricular units 1st sem (without evaluations),Curricular units 2nd sem (credited),Curricular units 2nd sem (enrolled),Curricular units 2nd sem (evaluations),Curricular units 2nd sem (approved),Curricular units 2nd sem (grade),Curricular units 2nd sem (without evaluations),Unemployment rate,Inflation rate,GDP,Target,first_sem_approval_rate,first_sem_evaluation_intensity,first_sem_no_evaluation_rate,first_sem_progress_index,academic_preparation_gap,first_sem_no_enrollment_flag,first_choice_flag,financial_risk_flag,nontraditional_age_flag
1,1,17,5,171,1,1,122.0,1,19,12,5,9,127.3,1,0,0,1,1,0,20,0,0,0,0,0,0.0,0,0,0,0,0,0.0,0,10.8,1.4,1.74,Dropout,0.0,0.0,0.0,0.0,5.299999999999997,1,0,0,0
2,1,15,1,9254,1,1,160.0,1,1,3,3,3,142.5,1,0,0,0,1,0,19,0,0,6,6,6,14.0,0,0,6,6,6,13.66666667,0,13.9,-0.3,0.79,Graduate,1.0,1.0,0.0,0.7,-17.5,0,0,1,0
3,1,1,5,9070,1,1,122.0,1,37,37,9,9,124.8,1,0,0,0,1,0,19,0,0,6,0,0,0.0,0,0,6,0,0,0.0,0,10.8,1.4,1.74,Dropout,0.0,0.0,0.0,0.0,2.799999999999997,0,0,1,0
4,1,17,2,9773,1,1,122.0,1,38,37,5,3,119.6,1,0,0,1,0,0,20,0,0,6,8,6,13.42857143,0,0,6,10,5,12.4,0,9.4,-0.8,-3.12,Graduate,1.0,1.3333333333333333,0.0,0.6714285715,-2.4000000000000057,0,0,0,0
5,2,39,1,8014,0,1,100.0,1,37,38,9,9,141.5,0,0,0,1,0,0,45,0,0,6,9,5,12.33333333,0,0,6,6,6,13.0,0,13.9,-0.3,0.79,Graduate,0.8333333333333334,1.5,0.0,0.51388888875,41.5,0,0,0,1
6,2,39,1,9991,0,19,133.1,1,37,37,9,7,114.8,0,0,1,1,1,0,50,0,0,5,10,5,11.85714286,0,0,5,17,5,11.5,5,16.2,0.3,-0.92,Graduate,1.0,2.0,0.0,0.592857143,-18.299999999999997,0,0,1,1
7,1,1,1,9500,1,1,142.0,1,19,38,7,10,128.4,1,0,0,1,0,1,18,0,0,7,9,7,13.3,0,0,8,8,8,14.345,0,15.5,2.8,-4.06,Graduate,1.0,1.2857142857142858,0.0,0.665,-13.599999999999994,0,0,0,0
8,1,18,4,9254,1,1,119.0,1,37,37,9,9,113.1,1,0,0,0,1,0,22,0,0,5,5,0,0.0,0,0,5,5,0,0.0,0,15.5,2.8,-4.06,Dropout,0.0,1.0,0.0,0.0,-5.900000000000006,0,0,1,0
9,1,1,3,9238,1,1,137.0,62,1,1,9,9,129.3,0,0,0,1,0,1,21,1,0,6,8,6,13.875,0,0,6,7,6,14.14285714,0,16.2,0.3,-0.92,Graduate,1.0,1.3333333333333333,0.0,0.69375,-7.699999999999989,0,0,0,0
10,1,1,1,9238,1,1,138.0,1,1,19,4,7,123.0,1,0,1,0,0,0,18,0,0,6,9,5,11.4,0,0,6,14,2,13.5,0,8.9,1.4,3.51,Dropout,0.8333333333333334,1.5,0.0,0.4750000000000001,-15.0,0,0,1,0
11,1,1,1,9670,1,1,139.0,1,38,19,5,7,130.6,1,0,0,1,0,0,18,0,0,6,6,6,12.33333333,0,0,6,7,5,14.2,0,13.9,-0.3,0.79,Graduate,1.0,1.0,0.0,0.6166666665,-8.400000000000006,0,0,0,0
12,1,1,1,9500,1,1,136.0,1,19,38,9,9,119.3,1,0,0,1,0,1,18,0,0,8,8,7,13.21428571,0,0,8,8,7,13.21428571,0,12.7,3.7,-1.7,Graduate,0.875,1.0,0.0,0.5781249998125,-16.700000000000003,0,0,0,0
13,1,1,2,9853,1,1,133.0,1,19,37,4,9,130.2,1,0,0,1,0,0,19,0,0,6,6,0,0.0,0,0,6,0,0,0.0,0,12.7,3.7,-1.7,Dropout,0.0,1.0,0.0,0.0,-2.8000000000000114,0,0,0,0
14,1,53,1,9254,1,42,110.0,1,1,1,4,7,111.8,1,0,0,1,0,1,21,0,0,6,7,6,10.57142857,0,0,6,8,5,11.0,0,8.9,1.4,3.51,Graduate,1.0,1.1666666666666667,0.0,0.5285714285,1.7999999999999972,0,0,0,0
15,1,1,1,9085,1,1,149.0,1,38,37,5,5,137.1,1,0,0,1,0,1,18,0,0,5,7,4,13.25,0,0,5,5,5,12.0,0,10.8,1.4,1.74,Graduate,0.8,1.4,0.0,0.53,-11.900000000000006,0,0,0,0
16,1,1,1,9773,1,1,127.0,1,19,37,9,3,120.7,1,0,0,1,0,0,20,0,0,6,6,5,13.2,0,0,6,7,0,0.0,0,15.5,2.8,-4.06,Dropout,0.8333333333333334,1.0,0.0,0.5499999999999999,-6.299999999999997,0,0,0,0
17,1,18,1,9238,1,1,137.0,1,19,38,5,8,137.4,1,0,0,1,0,0,18,0,0,6,10,1,12.0,0,0,6,14,2,11.0,0,10.8,1.4,1.74,Enrolled,0.16666666666666666,1.6666666666666667,0.0,0.09999999999999999,0.4000000000000057,0,0,0,0
18,1,17,2,9500,1,1,135.0,1,19,1,5,4,127.3,1,0,0,1,0,0,18,0,0,7,8,7,13.30625,0,0,8,8,8,14.545,0,15.5,2.8,-4.06,Graduate,1.0,1.1428571428571428,0.0,0.6653125,-7.700000000000003,0,0,0,0
19,1,1,1,9130,1,1,137.0,1,3,19,3,5,136.3,1,0,0,1,0,0,20,0,0,5,8,4,12.5,1,0,5,8,4,12.25,2,10.8,1.4,1.74,Graduate,0.8,1.6,0.2,0.5,-0.6999999999999886,0,0,0,0
20,1,1,1,9853,1,1,140.0,1,19,19,7,7,124.6,1,0,0,1,0,0,18,0,0,7,7,6,11.66666667,0,0,7,8,6,13.5,0,16.2,0.3,-0.92,Enrolled,0.8571428571428571,1.0,0.0,0.5000000001428571,-15.400000000000006,0,0,0,0
21,1,1,3,171,1,1,122.0,1,1,1,9,8,120.3,0,0,0,1,0,1,21,0,0,0,0,0,0.0,0,0,0,0,0,0.0,0,11.1,0.6,2.02,Graduate,0.0,0.0,0.0,0.0,-1.7000000000000028,1,0,0,0
22,1,18,4,9556,1,1,127.0,1,1,38,4,7,121.8,1,0,0,1,0,0,20,0,0,7,14,7,11.4375,0,0,8,9,8,11.425,0,12.7,3.7,-1.7,Enrolled,1.0,2.0,0.0,0.571875,-5.200000000000003,0,0,0,0
23,1,1,4,9500,1,1,142.0,1,19,19,1,1,125.5,1,0,0,1,0,0,18,0,0,8,12,7,12.85714286,0,0,8,12,7,12.85714286,0,12.7,3.7,-1.7,Graduate,0.875,1.5,0.0,0.562500000125,-16.5,0,0,0,0
24,1,1,4,9670,1,1,125.0,1,1,38,4,7,114.9,1,0,0,1,0,1,19,0,0,6,8,6,13.375,0,0,6,7,6,12.28571429,0,11.1,0.6,2.02,Graduate,1.0,1.3333333333333333,0.0,0.66875,-10.099999999999994,0,0,0,0
25,1,1,1,9500,1,1,126.0,1,19,19,3,7,123.9,0,0,0,1,0,0,19,0,0,7,8,6,13.29666667,0,0,8,9,7,14.11428571,0,11.1,0.6,2.02,Graduate,0.8571428571428571,1.1428571428571428,0.0,0.569857143,-2.0999999999999943,0,0,0,0
26,1,1,1,9238,1,1,151.0,1,19,38,9,9,157.0,1,0,1,1,0,1,18,0,0,6,8,5,11.6,0,0,6,12,4,11.0,0,7.6,2.6,0.32,Enrolled,0.8333333333333334,1.3333333333333333,0.0,0.48333333333333334,6.0,0,0,1,0
27,1,17,2,9238,1,1,115.0,1,19,38,7,8,116.4,1,0,0,1,0,0,21,0,0,6,9,6,11.375,0,0,6,9,6,13.28571429,0,16.2,0.3,-0.92,Graduate,1.0,1.5,0.0,0.56875,1.4000000000000057,0,0,0,0
28,1,1,1,9085,1,1,138.0,1,19,19,3,3,131.0,1,0,0,1,0,0,18,0,0,5,9,5,12.66666667,2,0,5,7,4,13.0,0,9.4,-0.8,-3.12,Enrolled,1.0,1.8,0.4,0.6333333335,-7.0,0,0,0,0
29,1,1,1,9147,1,1,135.0,1,19,1,9,9,122.1,1,0,0,1,0,0,20,0,0,5,6,5,12.0,0,0,5,6,5,12.33333333,0,16.2,0.3,-0.92,Graduate,1.0,1.2,0.0,0.6,-12.900000000000006,0,0,0,0
30,1,17,2,9500,1,1,127.0,1,3,3,1,10,118.8,1,0,0,1,1,0,19,0,0,7,9,6,12.93333333,0,0,7,7,6,13.71666667,0,16.2,0.3,-0.92,Enrolled,0.8571428571428571,1.2857142857142858,0.0,0.5542857141428571,-8.200000000000003,0,0,0,0
31,1,44,1,9003,1,39,150.0,1,4,5,4,2,150.0,0,0,0,1,1,0,21,0,0,6,15,5,11.85714286,0,0,6,17,5,10.57142857,0,16.2,0.3,-0.92,Enrolled,0.8333333333333334,2.5,0.0,0.49404761916666673,0.0,0,0,0,0
32,1,51,1,9070,1,1,125.0,1,42,3,125,124,130.0,1,0,0,1,1,0,20,0,2,6,7,6,12.83333333,0,0,6,9,4,13.4,0,8.9,1.4,3.51,Graduate,1.0,1.1666666666666667,0.0,0.6416666665,5.0,0,0,0,0
33,1,1,1,9147,1,1,143.0,1,1,1,4,6,138.8,0,0,0,0,1,0,18,0,0,5,9,3,11.33333333,0,0,5,8,2,13.5,0,8.9,1.4,3.51,Enrolled,0.6,1.8,0.0,0.33999999989999996,-4.199999999999989,0,0,1,0
34,1,18,1,8014,0,1,138.0,1,19,1,9,5,134.5,1,0,0,1,0,0,19,0,0,6,6,6,12.66666667,0,0,6,8,6,14.375,0,12.4,0.5,1.79,Graduate,1.0,1.0,0.0,0.6333333335,-3.5,0,0,0,0
35,1,1,1,9991,0,1,130.0,1,2,37,3,9,131.4,0,0,0,1,1,0,34,0,0,5,6,5,12.4,0,0,5,9,5,13.42857143,0,13.9,-0.3,0.79,Graduate,1.0,1.2,0.0,0.62,1.4000000000000057,0,0,0,1
36,1,39,1,33,1,1,130.0,1,38,37,9,6,102.5,0,0,1,0,1,0,37,0,0,7,7,0,0.0,0,0,7,7,1,10.0,0,8.9,1.4,3.51,Dropout,0.0,1.0,0.0,0.0,-27.5,0,0,1,1
37,1,39,1,9119,1,10,133.1,1,34,37,0,0,128.8,1,0,0,1,1,0,43,0,0,5,0,0,0.0,0,0,5,0,0,0.0,0,7.6,2.6,0.32,Dropout,0.0,0.0,0.0,0.0,-4.299999999999983,0,0,0,1
38,1,43,1,9147,1,1,140.0,1,37,37,6,6,122.9,0,0,0,1,0,0,55,0,0,5,10,1,10.0,0,0,5,8,2,12.0,2,16.2,0.3,-0.92,Dropout,0.2,2.0,0.0,0.1,-17.099999999999994,0,0,0,1
39,4,39,1,9991,0,1,120.0,1,19,19,9,3,113.9,1,0,0,1,0,0,39,0,0,5,8,5,11.0,0,0,5,5,5,11.6,0,7.6,2.6,0.32,Graduate,1.0,1.6,0.0,0.55,-6.099999999999994,0,0,0,1
40,1,44,1,9130,1,39,120.0,6,4,4,3,6,120.0,0,0,1,0,0,0,20,1,2,6,13,3,11.66666667,0,1,6,11,3,12.0,0,12.4,0.5,1.79,Dropout,0.5,2.1666666666666665,0.0,0.29166666674999997,0.0,0,0,1,0
41,1,1,5,9773,1,1,126.0,1,3,3,2,2,121.1,0,0,1,1,0,0,18,0,0,6,6,4,12.75,0,0,5,5,0,0.0,0,12.7,3.7,-1.7,Dropout,0.6666666666666666,1.0,0.0,0.42499999999999993,-4.900000000000006,0,0,1,0
42,1,1,2,9147,1,1,133.0,1,3,19,2,7,120.4,1,0,0,1,0,0,22,0,0,5,5,5,14.8,0,0,5,5,5,15.8,0,8.9,1.4,3.51,Graduate,1.0,1.0,0.0,0.74,-12.599999999999994,0,0,0,0
43,1,1,6,9500,1,1,103.0,1,1,3,2,2,100.6,1,1,0,1,0,0,22,0,0,7,9,5,13.928,0,0,8,9,7,14.34285714,0,11.1,0.6,2.02,Graduate,0.7142857142857143,1.2857142857142858,0.0,0.49742857142857144,-2.4000000000000057,0,0,0,0
44,1,17,1,9773,1,1,120.0,1,1,38,5,5,121.4,0,0,0,0,0,0,20,0,0,6,7,4,13.0,0,0,6,7,5,13.8,0,12.4,0.5,1.79,Dropout,0.6666666666666666,1.1666666666666667,0.0,0.43333333333333335,1.4000000000000057,0,0,1,0
45,1,39,1,9991,0,1,133.1,1,37,37,9,9,109.7,0,0,0,1,0,0,29,0,0,5,0,0,0.0,0,0,5,0,0,0.0,0,16.2,0.3,-0.92,Dropout,0.0,0.0,0.0,0.0,-23.39999999999999,0,0,0,1
46,1,17,1,9991,0,1,154.0,1,38,38,4,5,134.1,0,0,0,1,0,0,24,0,0,5,9,2,11.5,0,0,5,11,3,14.33333333,1,7.6,2.6,0.32,Enrolled,0.4,1.8,0.0,0.22999999999999998,-19.900000000000006,0,0,0,0
47,1,17,2,9238,1,1,130.0,1,19,19,9,9,127.6,1,0,0,1,0,0,18,0,0,6,6,6,11.66666667,0,0,6,8,5,13.2,0,11.1,0.6,2.02,Graduate,1.0,1.0,0.0,0.5833333334999999,-2.4000000000000057,0,0,0,0
48,1,17,6,9500,1,1,132.0,1,37,19,7,7,132.4,1,0,0,1,0,1,22,0,0,7,8,6,13.51666667,0,0,8,9,7,13.77142857,0,11.1,0.6,2.02,Graduate,0.8571428571428571,1.1428571428571428,0.0,0.5792857144285714,0.4000000000000057,0,0,0,0
49,1,44,1,8014,0,39,130.0,1,1,19,9,9,133.4,0,0,0,1,0,1,21,0,3,6,6,6,11.5,0,2,6,7,6,13.28571429,0,12.4,0.5,1.79,Graduate,1.0,1.0,0.0,0.575,3.4000000000000057,0,0,0,0
50,1,1,1,9238,1,1,139.0,1,37,38,9,9,126.1,0,0,0,1,0,1,19,0,0,6,7,5,12.33333333,0,0,6,7,6,12.83333333,0,12.7,3.7,-1.7,Graduate,0.8333333333333334,1.1666666666666667,0.0,0.51388888875,-12.900000000000006,0,0,0,0
51,1,39,1,9254,1,1,130.0,1,19,38,9,7,113.5,0,0,0,1,0,1,24,0,0,6,6,6,13.66666667,0,0,6,6,6,14.16666667,0,12.4,0.5,1.79,Graduate,1.0,1.0,0.0,0.6833333335,-16.5,0,0,0,0
52,1,1,1,9500,1,1,139.0,1,37,38,6,6,121.3,1,0,0,1,0,1,19,0,0,8,10,6,11.83333333,0,0,8,10,6,11.83333333,0,9.4,-0.8,-3.12,Enrolled,0.75,1.25,0.0,0.44374999987499997,-17.700000000000003,0,0,0,0
53,1,1,1,9773,1,1,127.0,1,1,19,7,7,121.8,1,0,0,1,0,1,20,0,0,6,11,4,14.0,0,0,6,12,3,11.0,0,9.4,-0.8,-3.12,Enrolled,0.6666666666666666,1.8333333333333333,0.0,0.4666666666666666,-5.200000000000003,0,0,0,0
54,1,1,3,9130,1,1,167.0,1,37,37,90,90,159.3,0,0,0,1,0,0,19,0,0,5,7,5,14.71428571,0,0,5,5,5,15.8,0,7.6,2.6,0.32,Graduate,1.0,1.4,0.0,0.7357142855000001,-7.699999999999989,0,0,0,0
55,1,39,1,9991,0,1,130.0,1,38,38,9,9,120.0,0,0,0,1,0,0,27,0,0,5,12,5,10.6,0,0,5,10,5,11.0,0,9.4,-0.8,-3.12,Dropout,1.0,2.4,0.0,0.53,-10.0,0,0,0,1
56,1,1,1,9500,1,1,130.0,1,1,19,5,5,129.1,1,0,0,1,0,0,18,0,0,7,9,7,13.04444444,0,0,8,10,8,13.595,0,15.5,2.8,-4.06,Graduate,1.0,1.2857142857142858,0.0,0.652222222,-0.9000000000000057,0,0,0,0
57,2,7,1,9254,1,3,130.0,1,1,3,4,3,130.0,0,0,0,1,0,0,39,0,0,6,10,0,0.0,0,0,6,6,0,0.0,0,12.4,0.5,1.79,Dropout,0.0,1.6666666666666667,0.0,0.0,0.0,0,0,0,1
58,1,39,1,9130,1,40,129.0,1,3,3,2,2,155.3,1,0,0,1,0,0,27,0,0,6,9,5,13.0,0,5,11,13,10,12.9,0,12.4,0.5,1.79,Dropout,0.8333333333333334,1.5,0.0,0.5416666666666667,26.30000000000001,0,0,0,1
59,1,17,1,9500,1,1,141.0,1,38,38,7,10,139.8,1,0,0,1,0,0,18,0,0,8,8,8,14.935,0,0,8,8,8,14.935,0,9.4,-0.8,-3.12,Graduate,1.0,1.0,0.0,0.74675,-1.1999999999999886,0,0,0,0
60,1,1,3,171,1,1,125.0,1,38,37,4,9,115.2,1,0,0,1,0,0,18,0,0,0,0,0,0.0,0,0,0,0,0,0.0,0,7.6,2.6,0.32,Enrolled,0.0,0.0,0.0,0.0,-9.799999999999997,1,0,0,0
61,1,1,2,9500,1,1,125.0,1,19,19,9,9,114.9,0,0,0,1,0,0,18,0,0,7,8,6,13.13333333,0,0,8,12,7,12.22142857,0,16.2,0.3,-0.92,Graduate,0.8571428571428571,1.1428571428571428,0.0,0.5628571427142857,-10.099999999999994,0,0,0,0
62,1,44,1,9238,1,39,130.0,1,19,1,9,9,131.9,0,0,0,1,0,1,21,0,3,6,7,6,12.0,0,2,6,7,6,12.0,0,13.9,-0.3,0.79,Graduate,1.0,1.1666666666666667,0.0,0.6,1.9000000000000057,0,0,0,0
63,1,17,3,171,1,1,133.0,1,1,37,4,7,126.0,1,0,0,1,1,1,19,0,0,0,0,0,0.0,0,0,0,0,0,0.0,0,10.8,1.4,1.74,Enrolled,0.0,0.0,0.0,0.0,-7.0,1,0,0,0
64,1,17,1,9070,1,1,127.0,1,1,1,3,4,130.2,1,0,0,1,1,0,19,0,0,6,6,5,11.4,0,0,6,8,1,10.0,0,10.8,1.4,1.74,Enrolled,0.8333333333333334,1.0,0.0,0.4750000000000001,3.1999999999999886,0,0,0,0
65,1,43,1,9070,1,1,116.0,1,1,1,3,3,120.9,0,0,0,1,1,0,24,0,0,6,6,0,0.0,0,0,6,6,0,0.0,0,12.7,3.7,-1.7,Enrolled,0.0,1.0,0.0,0.0,4.900000000000006,0,0,0,0
66,4,42,1,9500,1,19,133.1,1,1,1,5,5,126.0,1,0,0,1,1,0,29,0,2,7,10,5,11.9,0,1,8,10,5,11.0,0,13.9,-0.3,0.79,Dropout,0.7142857142857143,1.4285714285714286,0.0,0.425,-7.099999999999994,0,0,0,1
67,1,1,3,171,1,1,139.0,1,19,19,5,3,128.2,1,0,0,1,1,1,19,0,0,0,0,0,0.0,0,0,0,0,0,0.0,0,10.8,1.4,1.74,Graduate,0.0,0.0,0.0,0.0,-10.800000000000011,1,0,0,0
68,1,44,1,9003,1,39,130.0,1,19,37,9,9,130.0,1,0,0,1,1,0,23,0,0,6,8,6,12.57142857,0,0,6,7,6,12.42857143,0,8.9,1.4,3.51,Graduate,1.0,1.3333333333333333,0.0,0.6285714285,0.0,0,0,0,0
69,1,1,3,9147,1,1,125.0,1,1,38,7,7,120.1,0,0,1,1,1,0,19,0,0,5,8,5,11.2,0,0,5,10,4,10.75,3,16.2,0.3,-0.92,Dropout,1.0,1.6,0.0,0.5599999999999999,-4.900000000000006,0,0,1,0
70,1,39,1,9254,1,1,160.0,1,19,37,7,10,100.0,0,0,0,1,1,0,26,0,0,6,7,6,12.0,0,0,6,8,5,10.8,0,12.7,3.7,-1.7,Enrolled,1.0,1.1666666666666667,0.0,0.6,-60.0,0,0,0,1
71,1,17,1,9147,1,1,148.0,1,38,37,5,5,134.0,0,0,0,1,1,0,18,0,0,5,9,0,0.0,0,0,5,5,0,0.0,0,7.6,2.6,0.32,Enrolled,0.0,1.8,0.0,0.0,-14.0,0,0,0,0
72,1,17,1,9500,1,1,150.0,1,37,19,8,4,130.8,0,0,0,1,1,0,24,0,0,7,8,7,11.975,0,0,8,8,8,13.75,0,13.9,-0.3,0.79,Graduate,1.0,1.1428571428571428,0.0,0.59875,-19.19999999999999,0,0,0,0
73,1,1,1,171,1,1,141.0,1,19,19,5,10,135.8,1,0,0,1,1,0,19,0,0,0,0,0,0.0,0,0,0,0,0,0.0,0,15.5,2.8,-4.06,Dropout,0.0,0.0,0.0,0.0,-5.199999999999989,1,0,0,0
74,1,17,4,9254,1,1,118.0,1,38,37,5,7,111.7,1,0,0,1,1,0,18,0,0,6,12,3,11.66666667,0,0,6,12,1,12.0,0,12.4,0.5,1.79,Dropout,0.5,2.0,0.0,0.29166666674999997,-6.299999999999997,0,0,0,0
75,1,1,2,9773,1,1,142.0,1,38,38,9,9,132.9,1,0,0,1,1,0,18,0,0,6,8,6,12.33333333,0,0,6,11,3,12.33333333,0,10.8,1.4,1.74,Graduate,1.0,1.3333333333333333,0.0,0.6166666665,-9.099999999999994,0,0,0,0
76,1,17,3,9147,1,1,120.0,1,19,19,4,7,115.5,1,0,1,1,1,0,18,0,0,5,8,3,10.33333333,0,0,5,11,3,10.85714286,0,10.8,1.4,1.74,Dropout,0.6,1.6,0.0,0.3099999999,-4.5,0,0,1,0
77,1,18,4,9254,1,1,106.0,1,19,37,7,7,106.0,1,0,0,1,1,1,21,0,0,6,8,4,10.5,0,0,6,11,1,11.0,0,9.4,-0.8,-3.12,Dropout,0.6666666666666666,1.3333333333333333,0.0,0.35,0.0,0,0,0,0
78,1,17,4,9773,1,1,121.0,1,1,19,9,8,120.3,1,0,1,1,1,1,19,0,0,6,6,6,13.66666667,0,0,6,6,6,13.33333333,0,8.9,1.4,3.51,Graduate,1.0,1.0,0.0,0.6833333335,-0.7000000000000028,0,0,1,0
79,1,17,4,9500,1,1,150.0,1,38,37,9,9,130.8,0,0,0,1,1,1,22,0,0,7,7,7,14.84285714,0,0,8,9,8,15.05555556,0,16.2,0.3,-0.92,Graduate,1.0,1.0,0.0,0.7421428569999999,-19.19999999999999,0,0,0,0
80,2,39,1,8014,0,1,120.0,1,37,37,9,6,117.0,0,0,0,1,1,0,33,0,0,6,8,6,12.0,0,0,6,6,6,11.66666667,0,10.8,1.4,1.74,Graduate,1.0,1.3333333333333333,0.0,0.6,-3.0,0,0,0,1
81,1,1,6,9853,1,1,114.0,1,19,19,9,9,110.2,1,0,0,1,1,0,20,0,0,6,8,5,12.2,0,0,6,7,5,12.2,0,10.8,1.4,1.74,Dropout,0.8333333333333334,1.3333333333333333,0.0,0.5083333333333333,-3.799999999999997,0,0,0,0
82,1,39,1,9991,0,2,140.0,1,3,3,2,2,155.7,1,0,0,1,1,0,35,0,0,1,1,0,0.0,1,0,5,0,0,0.0,0,10.8,1.4,1.74,Dropout,0.0,1.0,1.0,0.0,15.699999999999989,0,0,0,1
83,1,39,1,9003,1,4,160.0,1,3,3,4,2,180.4,0,0,1,1,1,0,24,0,6,12,17,6,12.16666667,0,7,12,14,10,13.3,0,12.4,0.5,1.79,Dropout,0.5,1.4166666666666667,0.0,0.30416666675,20.400000000000006,0,0,1,0
84,1,17,1,9254,1,1,120.0,1,19,19,4,4,125.5,0,0,0,1,1,0,18,0,0,5,6,5,12.0,0,0,5,8,3,11.33333333,0,12.7,3.7,-1.7,Enrolled,1.0,1.2,0.0,0.6,5.5,0,0,0,0
85,2,39,1,8014,0,1,130.0,1,37,37,9,6,110.0,1,0,0,1,0,0,33,0,0,6,7,6,11.0,0,0,6,11,5,11.0,0,9.4,-0.8,-3.12,Graduate,1.0,1.1666666666666667,0.0,0.55,-20.0,0,0,0,1
86,1,42,1,9500,1,1,160.0,1,37,38,9,7,161.0,1,0,0,1,0,1,22,0,0,8,8,7,13.08,0,0,8,8,7,13.08,0,10.8,1.4,1.74,Graduate,0.875,1.0,0.0,0.57225,1.0,0,0,0,0
87,1,39,1,9670,1,1,120.0,1,1,19,4,5,100.0,0,0,0,1,0,1,25,0,0,5,7,4,10.5,0,0,5,7,5,11.6,0,9.4,-0.8,-3.12,Graduate,0.8,1.4,0.0,0.42000000000000004,-20.0,0,0,0,1
88,1,17,1,9070,1,1,124.0,1,19,38,4,0,117.6,1,0,0,1,1,0,20,0,0,6,9,6,10.66666667,1,0,6,6,5,11.2,0,7.6,2.6,0.32,Graduate,1.0,1.5,0.16666666666666666,0.5333333335,-6.400000000000006,0,0,0,0
89,1,1,6,9147,1,1,143.0,1,38,37,9,9,128.7,1,0,0,1,1,0,23,0,0,5,6,4,14.0,0,0,5,5,5,13.8,0,11.1,0.6,2.02,Enrolled,0.8,1.2,0.0,0.5599999999999999,-14.300000000000011,0,0,0,0
90,1,43,2,9119,1,1,115.0,1,38,19,9,6,112.2,1,0,1,1,1,0,18,0,0,5,9,2,10.0,0,0,5,9,0,0.0,0,15.5,2.8,-4.06,Enrolled,0.4,1.8,0.0,0.2,-2.799999999999997,0,0,1,0
91,1,39,1,9500,1,1,133.1,1,1,1,4,10,100.8,0,0,0,1,1,0,24,0,0,7,18,0,0.0,0,0,7,7,0,0.0,0,13.9,-0.3,0.79,Dropout,0.0,2.5714285714285716,0.0,0.0,-32.3,0,0,0,0
92,1,17,2,9773,1,1,133.1,41,19,1,9,9,105.0,1,0,0,0,0,0,21,1,0,6,6,6,14.0,0,0,6,6,6,13.5,0,8.9,1.4,3.51,Graduate,1.0,1.0,0.0,0.7,-28.099999999999994,0,0,1,0
93,1,15,1,9130,1,1,133.1,41,1,1,4,4,100.0,0,0,0,1,0,0,26,1,0,6,7,2,12.0,1,0,6,6,0,0.0,0,8.9,1.4,3.51,Dropout,0.3333333333333333,1.1666666666666667,0.16666666666666666,0.19999999999999998,-33.099999999999994,0,0,0,1
94,2,39,1,9853,1,10,133.1,1,37,34,0,0,115.5,0,0,0,1,0,0,39,0,0,6,12,3,12.66666667,0,0,6,14,0,0.0,1,7.6,2.6,0.32,Dropout,0.5,2.0,0.0,0.31666666675,-17.599999999999994,0,0,0,1
95,2,39,1,8014,0,1,133.1,1,37,19,9,9,114.0,0,0,0,1,0,0,44,0,2,8,11,8,11.875,0,0,6,7,6,12.33333333,0,12.7,3.7,-1.7,Graduate,1.0,1.375,0.0,0.59375,-19.099999999999994,0,0,0,1
96,1,15,1,9119,1,1,130.0,26,38,3,9,2,137.0,1,0,0,1,1,0,19,1,0,5,9,5,14.0,0,0,5,11,3,13.25,0,13.9,-0.3,0.79,Enrolled,1.0,1.8,0.0,0.7,7.0,0,0,0,0
97,1,1,5,9773,1,1,135.0,1,37,1,5,5,124.9,1,0,0,1,0,0,18,0,0,6,6,6,13.66666667,0,0,6,6,6,13.33333333,0,8.9,1.4,3.51,Graduate,1.0,1.0,0.0,0.6833333335,-10.099999999999994,0,0,0,0
98,1,1,5,9500,1,1,132.0,1,37,37,7,7,120.3,1,0,0,1,0,1,18,0,0,7,7,7,13.75,0,0,8,9,8,14.47777778,0,12.4,0.5,1.79,Graduate,1.0,1.0,0.0,0.6875,-11.700000000000003,0,0,0,0
99,1,1,1,9085,1,1,135.0,1,1,2,9,1,134.3,1,0,0,1,0,0,19,0,0,5,7,5,14.2,2,0,5,7,5,13.8,0,12.7,3.7,-1.7,Enrolled,1.0,1.4,0.4,0.71,-0.6999999999999886,0,0,0,0
100,1,1,4,9500,1,1,115.0,1,3,3,2,2,111.5,1,0,1,0,0,0,19,0,0,7,10,4,11.96,0,0,7,7,0,0.0,0,13.9,-0.3,0.79,Dropout,0.5714285714285714,1.4285714285714286,0.0,0.34171428571428575,-3.5,0,0,1,0
101,1,53,1,9085,1,42,130.0,1,38,38,9,9,128.8,0,0,0,1,0,0,21,0,7,10,12,8,12.875,0,4,9,14,5,13.4,0,8.9,1.4,3.51,Dropout,0.8,1.2,0.0,0.515,-1.1999999999999886,0,0,0,0
102,1,1,4,171,1,1,133.1,1,1,1,9,10,110.0,1,0,0,1,0,0,20,0,0,0,0,0,0.0,0,0,0,0,0,0.0,0,16.2,0.3,-0.92,Graduate,0.0,0.0,0.0,0.0,-23.099999999999994,1,0,0,0
103,2,39,1,8014,0,1,130.0,1,37,37,6,5,113.5,1,0,0,1,0,0,36,0,0,6,0,0,0.0,0,0,6,0,0,0.0,0,9.4,-0.8,-3.12,Dropout,0.0,0.0,0.0,0.0,-16.5,0,0,0,1
104,4,39,1,9003,1,12,133.1,1,37,37,9,6,160.0,0,0,0,1,0,0,43,0,13,18,19,18,14.63157895,0,10,13,14,13,14.23076923,1,15.5,2.8,-4.06,Graduate,1.0,1.0555555555555556,0.0,0.7315789475,26.900000000000006,0,0,0,1
105,1,18,1,9853,1,1,123.0,1,19,19,9,7,117.4,1,0,0,1,0,0,19,0,0,6,0,0,0.0,0,0,6,0,0,0.0,0,11.1,0.6,2.02,Dropout,0.0,0.0,0.0,0.0,-5.599999999999994,0,0,0,0
106,1,51,1,9070,1,1,130.0,1,3,1,2,8,122.2,0,0,1,1,0,0,20,0,4,10,12,10,13.0,0,5,11,11,11,12.27272727,0,11.1,0.6,2.02,Graduate,1.0,1.2,0.0,0.65,-7.799999999999997,0,0,1,0
107,1,1,2,9238,1,1,122.0,1,37,38,4,7,118.2,1,0,0,1,0,0,19,0,0,6,0,0,0.0,0,0,6,0,0,0.0,0,16.2,0.3,-0.92,Dropout,0.0,0.0,0.0,0.0,-3.799999999999997,0,0,0,0
108,1,1,1,9085,1,1,113.0,1,1,1,4,4,106.7,1,0,0,1,0,0,20,0,0,6,15,4,14.2,0,0,6,17,4,13.25,0,15.5,2.8,-4.06,Dropout,0.6666666666666666,2.5,0.0,0.4733333333333333,-6.299999999999997,0,0,0,0
109,1,1,5,9500,1,1,111.0,1,3,4,4,3,108.2,1,0,0,1,0,0,20,0,2,7,9,6,13.26666667,0,0,7,10,5,12.3,0,12.4,0.5,1.79,Dropout,0.8571428571428571,1.2857142857142858,0.0,0.5685714287142857,-2.799999999999997,0,0,0,0
110,1,17,2,9853,1,1,133.1,1,19,1,9,3,107.0,1,0,0,1,0,0,20,0,0,7,12,6,11.66666667,0,0,7,10,3,13.0,0,16.2,0.3,-0.92,Enrolled,0.8571428571428571,1.7142857142857142,0.0,0.5000000001428571,-26.099999999999994,0,0,0,0
111,1,1,1,9238,1,1,142.0,1,37,37,6,7,136.1,1,0,0,1,0,0,18,0,0,6,8,6,13.85714286,0,0,6,6,6,15.0,0,13.9,-0.3,0.79,Graduate,1.0,1.3333333333333333,0.0,0.692857143,-5.900000000000006,0,0,0,0
112,1,17,2,9147,1,1,123.0,1,1,38,4,7,115.3,1,0,0,1,0,1,18,0,0,5,9,3,13.0,0,0,5,11,3,11.0,0,8.9,1.4,3.51,Enrolled,0.6,1.8,0.0,0.39,-7.700000000000003,0,0,0,0
113,1,1,1,9085,1,1,131.0,1,19,19,9,9,139.8,1,0,0,1,0,0,19,0,0,5,6,5,13.4,0,0,5,5,5,12.8,0,10.8,1.4,1.74,Graduate,1.0,1.2,0.0,0.67,8.800000000000011,0,0,0,0
114,1,1,3,9773,1,1,158.0,1,1,38,4,7,157.0,1,0,0,1,0,0,18,0,0,6,6,6,12.66666667,0,0,6,7,6,12.57142857,0,10.8,1.4,1.74,Graduate,1.0,1.0,0.0,0.6333333335,-1.0,0,0,0,0
115,1,17,2,9500,1,1,122.0,1,37,37,9,9,131.0,1,0,0,1,0,0,18,0,0,7,7,6,12.51666667,1,0,7,7,6,12.51666667,1,7.6,2.6,0.32,Dropout,0.8571428571428571,1.0,0.14285714285714285,0.5364285715714284,9.0,0,0,0,0
116,1,43,1,9500,1,1,130.0,1,38,38,9,5,100.0,0,0,0,1,0,0,20,0,0,7,11,6,11.61666667,0,0,7,7,7,13.0,0,13.9,-0.3,0.79,Enrolled,0.8571428571428571,1.5714285714285714,0.0,0.49785714299999995,-30.0,0,0,0,0
117,1,17,1,9238,1,1,154.0,1,19,37,9,7,140.4,1,0,0,1,0,1,20,0,0,6,13,2,10.0,0,0,6,12,4,10.75,0,7.6,2.6,0.32,Enrolled,0.3333333333333333,2.1666666666666665,0.0,0.16666666666666666,-13.599999999999994,0,0,0,0
118,1,17,1,9147,1,1,120.0,1,19,19,3,3,113.4,0,0,0,1,0,0,20,0,0,5,11,3,10.33333333,0,0,5,10,3,10.66666667,0,12.4,0.5,1.79,Enrolled,0.6,2.2,0.0,0.3099999999,-6.599999999999994,0,0,0,0
119,1,1,2,9085,1,1,140.0,1,37,38,9,7,137.0,0,0,0,1,0,0,18,0,0,5,12,5,13.14285714,2,0,5,6,5,11.4,0,9.4,-0.8,-3.12,Graduate,1.0,2.4,0.4,0.657142857,-3.0,0,0,0,0
120,1,1,1,9147,1,1,127.0,1,2,19,4,5,121.8,0,0,0,1,0,0,18,0,0,5,5,5,12.6,0,0,5,5,5,14.0,0,11.1,0.6,2.02,Graduate,1.0,1.0,0.0,0.63,-5.200000000000003,0,0,0,0
121,1,17,1,9254,1,1,133.1,1,1,1,4,5,131.0,1,0,0,1,0,0,21,0,0,6,12,3,11.0,0,0,6,12,2,11.0,0,9.4,-0.8,-3.12,Dropout,0.5,2.0,0.0,0.275,-2.0999999999999943,0,0,0,0
122,1,1,2,9147,1,1,120.0,1,19,19,9,7,118.6,1,0,0,1,0,0,19,0,0,5,8,5,10.8,0,0,5,9,4,11.25,2,16.2,0.3,-0.92,Graduate,1.0,1.6,0.0,0.54,-1.4000000000000057,0,0,0,0
123,1,1,1,171,1,1,137.0,1,3,19,2,9,122.3,0,0,0,1,0,0,19,0,0,0,0,0,0.0,0,0,0,0,0,0.0,0,10.8,1.4,1.74,Dropout,0.0,0.0,0.0,0.0,-14.700000000000003,1,0,0,0
124,1,1,1,9670,1,1,131.0,1,38,38,9,9,127.9,0,0,0,1,0,1,19,0,0,5,5,5,12.8,0,0,5,5,5,14.2,0,9.4,-0.8,-3.12,Graduate,1.0,1.0,0.0,0.64,-3.0999999999999943,0,0,0,0
125,1,1,1,9085,1,1,130.0,1,19,38,4,7,121.3,1,0,0,1,0,0,19,0,0,6,15,6,14.16666667,0,0,6,13,6,12.2,0,15.5,2.8,-4.06,Graduate,1.0,2.5,0.0,0.7083333334999999,-8.700000000000003,0,0,0,0
126,1,17,6,9556,1,1,122.0,1,1,1,4,5,117.1,1,0,0,1,0,0,19,0,0,7,12,5,12.1,0,0,7,0,0,0.0,0,13.9,-0.3,0.79,Dropout,0.7142857142857143,1.7142857142857142,0.0,0.43214285714285716,-4.900000000000006,0,0,0,0
127,1,44,1,9085,1,39,160.0,1,37,37,9,9,160.0,1,0,0,1,0,0,20,0,1,6,7,6,14.16666667,0,1,6,17,5,13.77777778,0,12.4,0.5,1.79,Graduate,1.0,1.1666666666666667,0.0,0.7083333334999999,0.0,0,0,0,0
128,1,1,1,9853,1,1,146.0,1,19,38,9,3,145.3,1,0,0,1,0,1,18,0,0,6,8,5,12.8,0,0,6,7,5,13.4,0,9.4,-0.8,-3.12,Enrolled,0.8333333333333334,1.3333333333333333,0.0,0.5333333333333333,-0.6999999999999886,0,0,0,0
129,1,17,3,9238,1,1,131.0,1,1,39,5,3,122.6,1,0,0,1,0,0,18,0,0,6,7,6,13.0,0,0,6,6,6,13.66666667,0,12.4,0.5,1.79,Graduate,1.0,1.1666666666666667,0.0,0.65,-8.400000000000006,0,0,0,0
130,1,17,6,9500,1,1,132.0,1,1,37,8,9,128.0,1,0,0,1,0,0,19,0,0,7,7,7,13.46714286,0,0,8,9,8,15.01111111,0,12.4,0.5,1.79,Graduate,1.0,1.0,0.0,0.6733571429999999,-4.0,0,0,0,0
131,1,1,3,9500,1,1,138.0,1,19,19,5,8,124.9,1,0,0,1,0,1,18,0,0,7,9,7,13.2375,0,0,8,9,7,13.74285714,0,13.9,-0.3,0.79,Dropout,1.0,1.2857142857142858,0.0,0.661875,-13.099999999999994,0,0,0,0
132,1,17,2,9070,1,1,130.0,1,37,37,9,9,123.7,1,0,0,1,0,0,18,0,0,6,6,6,12.33333333,0,0,6,6,6,13.0,0,7.6,2.6,0.32,Graduate,1.0,1.0,0.0,0.6166666665,-6.299999999999997,0,0,0,0
133,1,1,4,9147,1,1,126.0,1,1,19,4,8,120.1,1,0,0,1,0,0,19,0,0,5,7,5,12.4,0,0,5,5,5,14.6,0,8.9,1.4,3.51,Graduate,1.0,1.4,0.0,0.62,-5.900000000000006,0,0,0,0
134,1,17,6,9500,1,1,148.0,1,1,19,3,3,131.7,1,0,0,1,0,0,19,0,0,7,8,5,14.0,0,0,7,7,0,0.0,0,13.9,-0.3,0.79,Dropout,0.7142857142857143,1.1428571428571428,0.0,0.5,-16.30000000000001,0,0,0,0
135,1,43,1,9238,1,1,130.0,1,38,37,9,7,133.2,0,0,0,1,0,0,20,0,5,9,15,9,11.66666667,0,2,7,8,7,11.71428571,0,7.6,2.6,0.32,Graduate,1.0,1.6666666666666667,0.0,0.5833333334999999,3.1999999999999886,0,0,0,0
136,1,1,1,9670,1,1,117.0,1,1,38,3,9,109.3,0,0,1,0,0,1,19,0,0,6,7,5,12.0,0,0,6,9,4,12.5,0,12.4,0.5,1.79,Dropout,0.8333333333333334,1.1666666666666667,0.0,0.5,-7.700000000000003,0,0,1,0
137,1,17,1,9670,1,1,120.0,1,19,19,5,5,113.0,1,0,0,1,0,0,20,0,0,5,7,4,12.2,0,0,5,5,4,11.5,0,7.6,2.6,0.32,Graduate,0.8,1.4,0.0,0.488,-7.0,0,0,0,0
138,1,1,1,9773,1,1,153.0,1,1,1,141,175,157.9,0,0,1,1,0,1,18,0,0,6,6,6,14.83333333,0,0,6,6,6,14.83333333,0,8.9,1.4,3.51,Graduate,1.0,1.0,0.0,0.7416666665,4.900000000000006,0,0,1,0
139,1,1,2,9500,1,1,117.0,1,19,1,4,7,112.1,0,0,0,1,0,1,20,0,0,7,9,5,13.188,0,0,8,9,7,12.89285714,0,11.1,0.6,2.02,Enrolled,0.7142857142857143,1.2857142857142858,0.0,0.471,-4.900000000000006,0,0,0,0
140,1,18,1,9500,1,1,178.0,1,19,1,4,8,174.7,0,0,0,1,0,0,18,0,0,7,8,7,17.125,0,0,8,8,8,17.5875,0,13.9,-0.3,0.79,Graduate,1.0,1.1428571428571428,0.0,0.85625,-3.3000000000000114,0,0,0,0
141,1,1,5,9500,1,1,129.0,1,37,37,9,9,128.8,1,0,0,1,0,0,19,0,0,7,7,6,12.66666667,0,0,7,7,6,12.66666667,0,7.6,2.6,0.32,Graduate,0.8571428571428571,1.0,0.0,0.542857143,-0.19999999999998863,0,0,0,0
142,1,1,6,9773,1,1,116.0,1,19,1,4,4,110.1,1,0,0,1,0,1,19,0,0,6,8,6,12.66666667,0,0,6,10,5,12.0,0,12.4,0.5,1.79,Graduate,1.0,1.3333333333333333,0.0,0.6333333335,-5.900000000000006,0,0,0,0
143,1,51,1,9147,1,1,99.0,1,3,1,3,3,99.7,1,0,1,0,0,0,22,0,0,5,8,0,0.0,0,0,5,7,0,0.0,0,8.9,1.4,3.51,Enrolled,0.0,1.6,0.0,0.0,0.7000000000000028,0,0,1,0
144,1,1,3,9238,1,1,135.0,1,1,12,9,10,121.0,1,0,0,1,0,1,19,0,0,6,7,6,11.33333333,0,0,6,6,6,11.5,0,12.4,0.5,1.79,Graduate,1.0,1.1666666666666667,0.0,0.5666666665,-14.0,0,0,0,0
145,1,1,3,9500,1,1,141.0,1,19,19,9,7,131.7,1,0,0,1,0,1,19,0,0,7,10,7,13.605,0,0,8,11,8,12.33125,0,15.5,2.8,-4.06,Graduate,1.0,1.4285714285714286,0.0,0.68025,-9.300000000000011,0,0,0,0
146,1,17,5,9853,1,1,132.0,1,37,38,5,6,119.1,1,0,0,1,0,1,19,0,0,6,10,5,12.0,0,0,6,9,5,10.8,0,9.4,-0.8,-3.12,Graduate,0.8333333333333334,1.6666666666666667,0.0,0.5,-12.900000000000006,0,0,0,0
147,1,1,4,9254,1,1,132.0,1,12,19,9,9,124.7,1,0,0,1,0,0,19,0,0,5,10,0,0.0,0,0,5,10,0,0.0,0,7.6,2.6,0.32,Dropout,0.0,2.0,0.0,0.0,-7.299999999999997,0,0,0,0
148,1,17,1,9254,1,1,113.0,1,1,37,9,10,117.2,1,0,0,1,0,0,20,0,0,6,8,5,11.2,0,0,6,12,3,11.66666667,0,7.6,2.6,0.32,Dropout,0.8333333333333334,1.3333333333333333,0.0,0.4666666666666666,4.200000000000003,0,0,0,0
149,1,1,1,9147,1,1,134.0,1,3,19,2,10,128.8,0,0,0,1,0,0,18,0,0,5,10,5,13.375,0,0,5,9,5,14.16666667,0,13.9,-0.3,0.79,Graduate,1.0,2.0,0.0,0.66875,-5.199999999999989,0,0,0,0
150,1,1,1,9500,1,1,136.0,1,1,19,9,9,131.5,0,0,0,1,0,1,20,0,0,7,8,6,13.86333333,0,0,8,9,7,14.17857143,0,11.1,0.6,2.02,Graduate,0.8571428571428571,1.1428571428571428,0.0,0.594142857,-4.5,0,0,0,0
151,1,1,1,171,1,1,136.0,1,3,37,2,8,121.7,1,0,0,1,0,0,18,0,0,0,0,0,0.0,0,0,0,0,0,0.0,0,9.4,-0.8,-3.12,Enrolled,0.0,0.0,0.0,0.0,-14.299999999999997,1,0,0,0
152,1,1,1,9085,1,1,129.0,1,1,38,4,7,123.4,0,0,0,1,0,0,19,0,0,5,6,5,12.4,0,0,5,6,5,13.4,0,7.6,2.6,0.32,Graduate,1.0,1.2,0.0,0.62,-5.599999999999994,0,0,0,0
153,1,17,1,9853,1,1,138.0,1,38,38,7,6,124.7,1,0,0,1,0,0,18,0,0,6,11,3,12.33333333,0,0,6,10,5,10.83333333,0,9.4,-0.8,-3.12,Enrolled,0.5,1.8333333333333333,0.0,0.30833333325,-13.299999999999997,0,0,0,0
154,1,1,1,9853,1,1,137.0,1,37,37,9,9,132.8,1,0,0,1,0,0,18,0,0,6,7,6,13.33333333,0,0,6,8,5,11.8,0,7.6,2.6,0.32,Graduate,1.0,1.1666666666666667,0.0,0.6666666665000001,-4.199999999999989,0,0,0,0
155,1,43,1,9853,1,1,115.0,1,3,37,2,5,108.7,1,0,0,1,0,0,21,0,0,6,10,3,12.66666667,0,0,6,12,3,10.0,0,9.4,-0.8,-3.12,Dropout,0.5,1.6666666666666667,0.0,0.31666666675,-6.299999999999997,0,0,0,0
156,1,1,1,9853,1,1,129.0,1,38,37,6,6,138.1,0,0,0,1,0,0,19,0,0,6,8,6,12.0,0,0,6,10,4,11.5,0,7.6,2.6,0.32,Dropout,1.0,1.3333333333333333,0.0,0.6,9.099999999999994,0,0,0,0
157,1,1,1,9147,1,1,131.0,1,38,38,9,9,126.5,0,0,0,1,0,1,18,0,0,5,5,5,10.6,0,0,5,5,5,11.8,0,12.4,0.5,1.79,Graduate,1.0,1.0,0.0,0.53,-4.5,0,0,0,0
158,1,17,2,9238,1,1,133.0,1,1,37,7,9,127.4,1,0,0,1,0,1,18,0,0,6,8,6,12.25,0,0,6,7,6,11.85714286,0,12.7,3.7,-1.7,Graduate,1.0,1.3333333333333333,0.0,0.6125,-5.599999999999994,0,0,0,0
159,1,1,3,9238,1,1,125.0,1,19,1,9,10,123.6,1,0,0,1,0,0,20,0,0,6,10,4,11.0,0,0,6,9,6,11.83333333,0,9.4,-0.8,-3.12,Graduate,0.6666666666666666,1.6666666666666667,0.0,0.3666666666666667,-1.4000000000000057,0,0,0,0
160,1,39,1,8014,0,1,120.0,1,1,19,6,8,122.0,0,0,0,1,0,1,24,0,0,6,11,5,11.0,0,0,6,9,5,12.6,0,11.1,0.6,2.02,Graduate,0.8333333333333334,1.8333333333333333,0.0,0.45833333333333337,2.0,0,0,0,0
161,1,1,1,9670,1,1,128.0,1,19,1,4,1,118.2,0,0,0,1,0,0,19,0,0,6,6,6,13.16666667,0,0,6,9,6,13.0,0,10.8,1.4,1.74,Dropout,1.0,1.0,0.0,0.6583333335,-9.799999999999997,0,0,0,0
162,1,1,1,9500,1,1,127.0,1,19,37,9,7,123.9,1,0,0,1,0,1,18,0,0,7,9,7,12.85555556,0,0,8,12,7,12.76111111,0,15.5,2.8,-4.06,Graduate,1.0,1.2857142857142858,0.0,0.642777778,-3.0999999999999943,0,0,0,0
163,1,1,2,9500,1,1,134.0,1,19,19,9,9,125.8,1,0,0,1,0,0,18,0,0,7,8,7,14.91875,0,0,8,8,8,15.355,0,15.5,2.8,-4.06,Graduate,1.0,1.1428571428571428,0.0,0.7459374999999999,-8.200000000000003,0,0,0,0
164,1,17,5,9853,1,1,132.0,1,12,12,4,4,123.3,1,0,0,1,0,0,21,0,0,6,13,4,11.5,0,0,6,10,3,11.0,0,10.8,1.4,1.74,Dropout,0.6666666666666666,2.1666666666666665,0.0,0.3833333333333333,-8.700000000000003,0,0,0,0
165,1,17,2,9670,1,1,124.0,1,1,19,5,4,124.4,0,0,0,1,0,0,19,0,0,5,5,5,14.2,0,0,5,5,5,14.2,0,7.6,2.6,0.32,Graduate,1.0,1.0,0.0,0.71,0.4000000000000057,0,0,0,0
166,1,17,1,9773,1,1,133.1,1,19,37,7,7,126.0,0,0,0,1,0,1,19,0,0,6,6,6,12.5,0,0,6,7,6,13.0,0,15.5,2.8,-4.06,Graduate,1.0,1.0,0.0,0.625,-7.099999999999994,0,0,0,0
167,3,39,1,9003,1,1,170.0,1,1,37,6,6,170.0,0,0,1,1,0,0,47,0,0,1,1,0,0.0,0,0,6,0,0,0.0,0,8.9,1.4,3.51,Enrolled,0.0,1.0,0.0,0.0,0.0,0,0,1,1
168,1,17,3,9238,1,1,125.0,1,19,19,7,8,121.5,0,0,0,1,0,0,19,0,0,6,10,5,11.66666667,0,0,6,12,4,11.0,0,13.9,-0.3,0.79,Graduate,0.8333333333333334,1.6666666666666667,0.0,0.48611111124999995,-3.5,0,0,0,0
169,1,39,1,9500,1,3,130.0,1,2,2,1,1,130.0,0,0,0,1,0,0,29,0,1,8,8,7,14.25714286,0,1,8,8,7,14.25714286,0,12.7,3.7,-1.7,Graduate,0.875,1.0,0.0,0.623750000125,0.0,0,0,0,1
170,1,43,1,9238,1,1,125.0,1,19,19,4,8,117.0,1,0,0,1,0,0,21,0,0,6,13,3,12.0,0,0,6,12,2,11.33333333,0,16.2,0.3,-0.92,Dropout,0.5,2.1666666666666665,0.0,0.3,-8.0,0,0,0,0
171,1,39,1,9085,1,1,130.0,1,37,19,9,7,130.0,1,0,0,1,0,0,28,0,0,5,13,4,11.25,1,0,5,11,4,10.5,0,12.7,3.7,-1.7,Enrolled,0.8,2.6,0.2,0.45,0.0,0,0,0,1
172,1,17,2,9556,1,1,133.1,1,37,37,3,10,108.0,0,0,0,1,0,0,20,0,0,7,8,7,12.45714286,0,0,8,8,8,13.5625,0,15.5,2.8,-4.06,Graduate,1.0,1.1428571428571428,0.0,0.622857143,-25.099999999999994,0,0,0,0
173,1,17,1,9500,1,1,131.0,1,2,38,4,5,132.3,1,0,0,1,0,0,19,0,0,7,7,6,11.68333333,0,0,7,7,6,11.68333333,0,7.6,2.6,0.32,Graduate,0.8571428571428571,1.0,0.0,0.5007142855714286,1.3000000000000114,0,0,0,0
174,1,42,1,8014,0,1,150.0,1,19,2,4,6,148.0,0,0,0,1,0,0,26,0,0,6,10,3,11.66666667,0,0,6,8,5,12.0,0,9.4,-0.8,-3.12,Graduate,0.5,1.6666666666666667,0.0,0.29166666674999997,-2.0,0,0,0,1
175,1,17,2,9254,1,1,125.0,1,37,37,9,8,122.6,1,0,1,0,0,0,20,0,0,6,8,4,11.75,0,0,6,6,6,13.16666667,0,11.1,0.6,2.02,Dropout,0.6666666666666666,1.3333333333333333,0.0,0.39166666666666666,-2.4000000000000057,0,0,1,0
176,1,1,1,9670,1,1,131.0,1,37,37,9,9,123.0,1,0,0,1,0,1,18,0,0,5,6,3,11.66666667,0,0,5,6,4,13.5,0,7.6,2.6,0.32,Enrolled,0.6,1.2,0.0,0.35000000009999993,-8.0,0,0,0,0
177,1,39,1,9853,1,1,130.0,1,37,19,9,5,102.5,0,0,0,1,0,0,27,0,0,6,9,5,13.2,0,0,6,10,5,12.0,0,7.6,2.6,0.32,Graduate,0.8333333333333334,1.5,0.0,0.5499999999999999,-27.5,0,0,0,1
178,1,1,2,9500,1,1,123.0,1,34,34,90,90,113.3,1,0,0,1,0,0,20,0,0,7,8,4,11.95,0,0,7,8,4,11.95,0,7.6,2.6,0.32,Dropout,0.5714285714285714,1.1428571428571428,0.0,0.34142857142857136,-9.700000000000003,0,0,0,0
179,1,1,5,9853,1,1,141.0,1,37,19,9,5,133.0,1,0,0,1,0,0,18,0,0,6,8,5,12.4,0,0,6,12,5,10.4,0,9.4,-0.8,-3.12,Dropout,0.8333333333333334,1.3333333333333333,0.0,0.5166666666666667,-8.0,0,0,0,0
180,1,7,1,9500,1,3,140.0,1,1,1,9,5,140.0,0,0,0,1,0,0,33,0,2,7,8,6,14.35,0,3,8,10,6,14.58333333,0,16.2,0.3,-0.92,Dropout,0.8571428571428571,1.1428571428571428,0.0,0.615,0.0,0,0,0,1
181,1,43,1,9853,1,1,140.0,1,3,1,3,3,128.3,1,0,0,1,0,0,35,0,19,21,21,21,12.61904762,0,13,19,19,19,12.78947368,0,12.4,0.5,1.79,Graduate,1.0,1.0,0.0,0.630952381,-11.699999999999989,0,0,0,1
182,1,44,1,9991,0,39,140.0,1,37,19,9,8,140.0,0,0,0,1,0,1,26,0,2,6,7,6,12.66666667,0,2,6,7,6,13.16666667,1,9.4,-0.8,-3.12,Enrolled,1.0,1.1666666666666667,0.0,0.6333333335,0.0,0,0,0,1
183,1,39,1,9773,1,19,133.1,1,19,19,3,4,104.0,0,0,1,0,0,0,27,0,0,6,6,5,12.0,0,0,6,6,0,0.0,0,11.1,0.6,2.02,Dropout,0.8333333333333334,1.0,0.0,0.5,-29.099999999999994,0,0,1,1
184,1,18,3,9070,1,1,131.0,1,1,37,5,5,122.3,1,0,0,0,0,0,19,0,0,6,6,6,12.16666667,0,0,6,6,0,0.0,0,15.5,2.8,-4.06,Dropout,1.0,1.0,0.0,0.6083333335,-8.700000000000003,0,0,1,0
185,1,17,2,9254,1,1,143.0,1,1,19,4,6,135.0,0,0,0,1,0,0,20,0,0,6,0,0,0.0,0,0,6,0,0,0.0,0,11.1,0.6,2.02,Dropout,0.0,0.0,0.0,0.0,-8.0,0,0,0,0
186,1,18,2,9147,1,1,132.0,1,3,3,5,7,119.1,1,0,1,0,0,0,20,0,0,5,9,3,10.0,0,0,5,9,3,10.57142857,0,10.8,1.4,1.74,Dropout,0.6,1.8,0.0,0.3,-12.900000000000006,0,0,1,0
187,1,43,1,9238,1,1,143.0,1,1,37,5,9,126.6,0,0,1,0,0,0,21,0,5,10,18,8,11.5,0,0,6,12,4,10.0,0,9.4,-0.8,-3.12,Enrolled,0.8,1.8,0.0,0.45999999999999996,-16.400000000000006,0,0,1,0
188,1,17,3,9500,1,1,141.0,1,38,1,9,4,129.0,1,0,0,1,0,1,18,0,0,7,7,6,13.05,0,0,7,7,6,13.05,0,7.6,2.6,0.32,Graduate,0.8571428571428571,1.0,0.0,0.5592857142857143,-12.0,0,0,0,0
189,1,39,1,9085,1,1,133.1,1,1,19,9,9,162.3,1,0,0,1,0,0,24,0,0,6,10,2,11.0,0,0,6,6,0,0.0,0,8.9,1.4,3.51,Dropout,0.3333333333333333,1.6666666666666667,0.0,0.18333333333333335,29.200000000000017,0,0,0,0
190,1,17,4,9070,1,1,148.0,1,1,3,4,1,163.4,1,0,0,1,0,0,20,0,0,6,7,6,11.5,0,0,6,6,6,12.0,0,16.2,0.3,-0.92,Graduate,1.0,1.1666666666666667,0.0,0.575,15.400000000000006,0,0,0,0
191,1,1,1,9254,1,1,125.0,1,19,38,9,8,121.5,0,0,0,1,0,1,21,0,0,6,7,6,12.0,0,0,6,6,6,12.5,0,13.9,-0.3,0.79,Graduate,1.0,1.1666666666666667,0.0,0.6,-3.5,0,0,0,0
192,1,1,1,8014,0,1,120.0,1,1,37,7,3,122.8,0,0,0,1,0,0,23,0,0,6,13,2,10.0,0,0,5,12,1,10.0,0,9.4,-0.8,-3.12,Enrolled,0.3333333333333333,2.1666666666666665,0.0,0.16666666666666666,2.799999999999997,0,0,0,0
193,1,39,1,9147,1,1,140.0,1,12,3,4,3,118.0,1,0,0,1,0,0,24,0,0,5,5,0,0.0,0,0,5,5,0,0.0,0,7.6,2.6,0.32,Dropout,0.0,1.0,0.0,0.0,-22.0,0,0,0,0
194,1,51,1,9853,1,1,139.0,1,1,1,4,10,134.0,0,0,0,1,0,0,21,0,0,6,0,0,0.0,0,0,6,0,0,0.0,0,12.4,0.5,1.79,Dropout,0.0,0.0,0.0,0.0,-5.0,0,0,0,0
195,1,1,4,9500,1,1,142.0,1,38,38,9,8,129.8,1,0,0,1,0,0,18,0,0,8,8,7,12.24285714,0,0,8,8,7,12.24285714,0,12.7,3.7,-1.7,Graduate,0.875,1.0,0.0,0.535624999875,-12.199999999999989,0,0,0,0
196,1,39,1,9991,0,40,130.0,1,19,1,3,4,152.0,1,0,0,1,0,0,27,0,0,5,0,0,0.0,0,0,5,0,0,0.0,0,8.9,1.4,3.51,Dropout,0.0,0.0,0.0,0.0,22.0,0,0,0,1
197,1,18,6,9500,1,1,126.0,1,37,37,5,5,122.8,1,0,0,1,0,0,18,0,0,8,8,8,12.93375,0,0,8,8,8,12.93375,0,9.4,-0.8,-3.12,Graduate,1.0,1.0,0.0,0.6466875,-3.200000000000003,0,0,0,0
198,1,7,1,9119,1,3,150.0,1,3,2,2,2,150.0,0,0,0,1,0,0,35,0,0,5,0,0,0.0,0,0,5,0,0,0.0,0,13.9,-0.3,0.79,Dropout,0.0,0.0,0.0,0.0,0.0,0,0,0,1
199,1,1,1,9853,1,1,130.0,1,19,19,3,8,131.8,0,0,0,1,0,0,18,0,0,7,9,7,12.57142857,0,0,7,8,7,14.42857143,0,11.1,0.6,2.02,Graduate,1.0,1.2857142857142858,0.0,0.6285714285,1.8000000000000114,0,0,0,0
200,1,39,1,9500,1,1,120.0,1,1,3,175,121,105.9,0,0,0,1,0,0,35,0,0,3,4,3,11.81666667,0,0,3,3,3,11.33333333,0,11.1,0.6,2.02,Enrolled,1.0,1.3333333333333333,0.0,0.5908333335,-14.099999999999994,0,0,0,1
201,1,1,1,9085,1,1,138.0,1,1,1,4,7,132.1,1,0,0,1,0,0,19,0,0,5,9,4,13.75,0,0,5,13,4,14.33333333,2,10.8,1.4,1.74,Graduate,0.8,1.8,0.0,0.55,-5.900000000000006,0,0,0,0
202,1,1,4,9238,1,1,127.0,1,19,19,4,0,127.4,1,0,0,1,0,0,20,0,0,6,8,6,11.16666667,0,0,6,6,6,11.33333333,0,7.6,2.6,0.32,Graduate,1.0,1.3333333333333333,0.0,0.5583333335,0.4000000000000057,0,0,0,0
203,1,1,4,9500,1,1,140.0,1,19,19,7,7,129.5,1,0,0,1,0,0,18,0,0,8,8,7,12.32428571,0,0,8,8,7,12.32428571,0,10.8,1.4,1.74,Graduate,0.875,1.0,0.0,0.5391874998125,-10.5,0,0,0,0
204,1,44,1,9238,1,39,130.0,1,38,38,5,10,126.7,0,0,1,1,0,0,21,0,3,6,6,6,12.16666667,0,2,6,7,6,11.71428571,0,13.9,-0.3,0.79,Graduate,1.0,1.0,0.0,0.6083333335,-3.299999999999997,0,0,1,0
205,1,17,2,9238,1,1,128.0,1,19,37,9,8,116.5,0,0,0,1,0,1,18,0,0,6,11,5,11.14285714,0,0,6,11,4,11.25,0,16.2,0.3,-0.92,Graduate,0.8333333333333334,1.8333333333333333,0.0,0.4642857141666667,-11.5,0,0,0,0
206,1,1,1,9238,1,1,132.0,1,34,34,0,0,119.1,1,0,0,1,0,0,18,0,0,6,9,4,11.0,0,0,6,9,4,10.75,0,7.6,2.6,0.32,Graduate,0.6666666666666666,1.5,0.0,0.3666666666666667,-12.900000000000006,0,0,0,0
207,1,1,2,9500,1,1,149.0,1,19,38,9,9,126.5,1,0,0,1,0,0,18,0,0,8,8,7,12.91428571,0,0,8,8,7,12.91428571,0,12.7,3.7,-1.7,Graduate,0.875,1.0,0.0,0.5649999998124999,-22.5,0,0,0,0
208,1,1,4,9773,1,1,155.0,1,3,19,1,4,149.8,1,0,0,1,0,1,18,0,0,6,6,6,13.83333333,0,0,6,6,6,14.16666667,0,16.2,0.3,-0.92,Graduate,1.0,1.0,0.0,0.6916666665,-5.199999999999989,0,0,0,0
209,1,1,1,9085,1,1,120.0,1,19,1,8,7,115.1,1,0,0,1,0,0,19,0,0,6,8,6,13.85714286,0,0,6,9,5,13.4,0,13.9,-0.3,0.79,Graduate,1.0,1.3333333333333333,0.0,0.692857143,-4.900000000000006,0,0,0,0
210,1,39,1,9254,1,19,133.1,1,3,19,2,3,124.5,0,0,0,1,0,1,36,0,0,6,7,6,13.71428571,0,0,6,6,5,12.8,0,16.2,0.3,-0.92,Dropout,1.0,1.1666666666666667,0.0,0.6857142855,-8.599999999999994,0,0,0,1
211,1,1,2,9500,1,1,131.0,1,38,1,7,4,128.3,1,0,0,1,0,1,18,0,0,8,8,7,12.64285714,0,0,8,8,7,12.64285714,0,12.7,3.7,-1.7,Graduate,0.875,1.0,0.0,0.5531249998750001,-2.6999999999999886,0,0,0,0
212,1,1,1,9500,1,1,149.0,1,37,37,9,9,136.0,0,0,0,1,0,1,18,0,0,7,7,6,12.91666667,0,0,7,7,6,12.91666667,0,7.6,2.6,0.32,Graduate,0.8571428571428571,1.0,0.0,0.5535714287142857,-13.0,0,0,0,0
213,1,43,1,9130,1,1,140.0,1,1,3,9,2,140.0,1,0,0,1,0,1,20,0,0,6,8,6,15.625,0,0,6,8,6,15.85714286,0,13.9,-0.3,0.79,Graduate,1.0,1.3333333333333333,0.0,0.78125,0.0,0,0,0,0
214,1,39,1,9991,0,1,133.1,1,37,37,9,9,126.3,0,0,0,1,0,1,26,0,0,5,7,0,0.0,0,0,5,8,0,0.0,0,16.2,0.3,-0.92,Dropout,0.0,1.4,0.0,0.0,-6.799999999999997,0,0,0,1
215,1,43,1,9773,1,1,122.0,1,1,1,4,5,126.9,0,0,0,1,0,0,21,0,0,6,8,6,11.71428571,0,0,6,7,6,12.0,0,7.6,2.6,0.32,Graduate,1.0,1.3333333333333333,0.0,0.5857142855,4.900000000000006,0,0,0,0
216,1,39,1,9556,1,40,130.0,1,1,1,4,5,145.0,0,0,0,1,0,0,25,0,0,7,10,6,12.125,0,0,8,9,8,13.3125,0,15.5,2.8,-4.06,Enrolled,0.8571428571428571,1.4285714285714286,0.0,0.5196428571428571,15.0,0,0,0,1
217,1,18,1,9147,1,1,121.0,1,19,3,5,5,115.8,1,0,0,1,0,1,19,0,0,5,7,5,11.6,0,0,5,5,5,11.6,0,12.4,0.5,1.79,Graduate,1.0,1.4,0.0,0.58,-5.200000000000003,0,0,0,0
218,1,39,1,8014,0,1,120.0,1,19,37,8,7,100.0,1,0,0,1,0,0,24,0,0,6,11,1,10.0,0,0,6,6,0,0.0,6,9.4,-0.8,-3.12,Dropout,0.16666666666666666,1.8333333333333333,0.0,0.08333333333333333,-20.0,0,0,0,0
219,1,39,1,8014,0,1,133.1,1,1,19,5,4,102.5,0,0,0,1,0,1,27,0,0,6,16,1,10.0,0,0,6,13,0,0.0,0,8.9,1.4,3.51,Dropout,0.16666666666666666,2.6666666666666665,0.0,0.08333333333333333,-30.599999999999994,0,0,0,1
220,1,17,1,9085,1,1,121.0,1,19,37,1,3,131.5,0,0,0,1,0,0,21,0,0,5,10,0,0.0,1,0,5,9,2,13.5,0,7.6,2.6,0.32,Dropout,0.0,2.0,0.2,0.0,10.5,0,0,0,0
221,1,1,1,9147,1,1,133.0,1,38,38,7,7,147.0,0,0,0,1,0,1,18,0,0,5,7,4,13.0,0,0,5,8,3,12.33333333,0,9.4,-0.8,-3.12,Graduate,0.8,1.4,0.0,0.52,14.0,0,0,0,0
222,2,1,4,9853,1,1,134.0,1,37,37,5,7,122.5,0,1,0,1,0,1,19,0,0,6,6,6,13.33333333,0,0,6,6,6,14.5,0,10.8,1.4,1.74,Graduate,1.0,1.0,0.0,0.6666666665000001,-11.5,0,0,0,0
223,1,1,3,9254,1,1,115.0,1,1,1,3,3,117.5,1,0,0,1,0,0,18,0,0,6,9,4,11.25,0,0,6,13,2,12.5,0,9.4,-0.8,-3.12,Dropout,0.6666666666666666,1.5,0.0,0.375,2.5,0,0,0,0
224,1,51,1,9500,1,1,127.0,1,19,1,5,9,150.0,0,0,0,1,0,1,19,0,0,7,9,5,13.85,0,0,8,9,7,12.19285714,0,11.1,0.6,2.02,Graduate,0.7142857142857143,1.2857142857142858,0.0,0.49464285714285716,23.0,0,0,0,0
225,1,18,1,9500,1,1,135.0,1,1,38,4,5,127.5,1,0,0,1,0,1,19,0,0,7,8,6,13.74166667,0,0,8,9,7,14.9125,0,16.2,0.3,-0.92,Graduate,0.8571428571428571,1.1428571428571428,0.0,0.5889285715714286,-7.5,0,0,0,0
226,2,7,1,9991,0,43,140.0,1,40,5,3,3,140.0,0,0,0,1,0,0,33,0,2,6,7,6,15.33333333,0,0,5,5,5,15.8,0,11.1,0.6,2.02,Graduate,1.0,1.1666666666666667,0.0,0.7666666665,0.0,0,0,0,1
227,2,7,1,9147,1,3,130.0,1,1,4,3,10,130.0,0,0,0,1,0,0,45,0,0,5,6,5,11.0,0,0,5,5,5,13.8,0,12.4,0.5,1.79,Graduate,1.0,1.2,0.0,0.55,0.0,0,0,0,1
228,1,1,1,9238,1,1,135.0,1,1,1,9,9,133.3,0,0,0,1,0,1,20,0,0,6,6,6,12.0,0,0,6,7,6,12.85714286,0,11.1,0.6,2.02,Graduate,1.0,1.0,0.0,0.6,-1.6999999999999886,0,0,0,0
229,1,39,2,9670,1,1,140.0,1,34,34,0,0,97.0,1,0,0,1,0,0,28,0,0,5,5,0,0.0,0,0,5,5,0,0.0,0,7.6,2.6,0.32,Dropout,0.0,1.0,0.0,0.0,-43.0,0,0,0,1
230,1,43,1,9500,1,1,120.0,1,1,1,5,8,112.0,1,0,0,1,0,1,19,0,0,8,15,7,11.57142857,0,0,8,15,7,11.57142857,0,12.7,3.7,-1.7,Graduate,0.875,1.875,0.0,0.5062499999375,-8.0,0,0,0,0
231,1,1,2,9254,1,1,140.0,1,1,37,4,5,123.6,1,0,0,1,0,0,18,0,0,6,10,6,12.85714286,0,0,6,6,3,12.66666667,0,12.7,3.7,-1.7,Graduate,1.0,1.6666666666666667,0.0,0.642857143,-16.400000000000006,0,0,0,0
232,1,39,1,9254,1,3,133.1,1,19,19,4,6,130.5,0,0,0,1,0,0,38,0,0,6,0,0,0.0,0,0,6,0,0,0.0,0,15.5,2.8,-4.06,Dropout,0.0,0.0,0.0,0.0,-2.5999999999999943,0,0,0,1
233,1,1,2,9670,1,1,135.0,1,1,3,4,3,133.3,0,0,0,1,0,0,19,0,0,5,5,5,13.0,0,0,5,5,5,13.2,0,9.4,-0.8,-3.12,Graduate,1.0,1.0,0.0,0.65,-1.6999999999999886,0,0,0,0
234,1,1,1,9254,1,1,123.0,1,1,37,9,9,132.1,0,0,0,1,0,1,21,0,0,6,9,5,11.0,0,0,6,8,5,12.0,0,15.5,2.8,-4.06,Graduate,0.8333333333333334,1.5,0.0,0.45833333333333337,9.099999999999994,0,0,0,0
235,1,1,1,9147,1,1,133.1,1,37,1,9,10,100.0,0,0,0,1,0,0,21,0,0,5,12,3,12.0,0,0,5,12,1,15.0,3,16.2,0.3,-0.92,Dropout,0.6,2.4,0.0,0.36,-33.099999999999994,0,0,0,0
236,1,1,1,9238,1,1,154.0,1,38,37,9,9,140.4,0,0,0,1,0,1,22,0,0,6,6,5,12.6,0,0,6,6,6,13.0,0,10.8,1.4,1.74,Graduate,0.8333333333333334,1.0,0.0,0.525,-13.599999999999994,0,0,0,0
237,1,1,1,9853,1,1,148.0,1,19,19,5,7,141.7,0,0,0,1,0,1,18,0,0,6,8,5,13.4,0,0,6,7,6,13.16666667,0,9.4,-0.8,-3.12,Graduate,0.8333333333333334,1.3333333333333333,0.0,0.5583333333333333,-6.300000000000011,0,0,0,0
238,1,17,2,9238,1,1,133.0,1,37,37,3,9,119.7,0,1,0,1,0,1,18,0,0,6,9,6,11.33333333,0,0,6,9,6,11.57142857,0,15.5,2.8,-4.06,Graduate,1.0,1.5,0.0,0.5666666665,-13.299999999999997,0,0,0,0
239,1,1,1,9130,1,1,126.0,1,19,1,9,9,122.5,1,0,0,0,0,0,25,0,0,5,14,4,13.5,2,0,5,10,4,14.25,0,9.4,-0.8,-3.12,Dropout,0.8,2.8,0.4,0.54,-3.5,0,0,1,1
240,1,39,1,9085,1,19,133.1,1,19,19,9,7,140.0,0,0,1,0,0,0,24,0,2,6,11,3,11.75,0,1,6,14,3,10.33333333,0,16.2,0.3,-0.92,Dropout,0.5,1.8333333333333333,0.0,0.29375,6.900000000000006,0,0,1,0
241,1,1,3,9500,1,1,125.0,1,3,1,4,4,119.4,1,0,0,1,0,0,19,0,0,7,10,6,12.47142857,0,0,7,8,7,11.4625,0,12.4,0.5,1.79,Enrolled,0.8571428571428571,1.4285714285714286,0.0,0.5344897958571428,-5.599999999999994,0,0,0,0
242,1,16,1,171,1,1,145.0,1,3,3,3,3,155.0,1,0,0,1,0,0,24,0,11,17,19,11,12.90909091,0,9,13,15,9,13.55555556,0,12.4,0.5,1.79,Enrolled,0.6470588235294118,1.1176470588235294,0.0,0.41764705885294123,10.0,0,0,0,0
243,1,1,2,9147,1,1,118.0,1,37,19,5,5,119.1,1,0,0,1,0,1,20,0,0,5,5,5,11.6,0,0,5,5,5,13.6,0,12.4,0.5,1.79,Graduate,1.0,1.0,0.0,0.58,1.0999999999999943,0,0,0,0
244,1,39,1,9147,1,1,120.0,1,37,1,9,1,122.7,0,0,0,0,0,0,25,0,0,5,5,0,0.0,0,0,5,9,0,0.0,0,10.8,1.4,1.74,Dropout,0.0,1.0,0.0,0.0,2.700000000000003,0,0,1,1
245,1,1,1,9147,1,1,127.0,1,38,19,9,10,117.9,0,0,0,1,0,1,20,0,5,10,13,9,12.9,0,4,10,12,10,12.36363636,0,8.9,1.4,3.51,Graduate,0.9,1.3,0.0,0.5805,-9.099999999999994,0,0,0,0
246,1,7,1,9500,1,3,130.0,1,19,38,5,3,130.0,0,0,0,1,0,0,23,0,0,8,8,8,13.22,0,0,8,8,8,13.22,0,9.4,-0.8,-3.12,Graduate,1.0,1.0,0.0,0.661,0.0,0,0,0,0
247,1,17,3,9500,1,1,129.0,1,19,37,7,6,120.0,1,0,0,1,0,1,19,0,0,8,8,7,13.15142857,0,0,8,8,7,13.15142857,0,10.8,1.4,1.74,Graduate,0.875,1.0,0.0,0.5753749999375001,-9.0,0,0,0,0
248,1,44,1,9003,1,39,130.0,1,37,37,9,10,130.0,0,0,1,0,0,0,29,0,0,6,13,3,12.75,0,0,6,8,3,11.33333333,0,13.9,-0.3,0.79,Dropout,0.5,2.1666666666666665,0.0,0.31875,0.0,0,0,1,1
249,1,1,3,9254,1,1,121.0,1,19,37,4,7,116.8,1,0,0,1,0,0,21,0,0,6,8,6,11.33333333,0,0,6,8,4,12.25,0,11.1,0.6,2.02,Graduate,1.0,1.3333333333333333,0.0,0.5666666665,-4.200000000000003,0,0,0,0
250,1,1,1,9670,1,1,136.0,1,19,1,9,8,123.4,1,0,0,1,0,1,18,0,0,6,10,6,13.25,0,0,6,13,5,14.14285714,0,11.1,0.6,2.02,Graduate,1.0,1.6666666666666667,0.0,0.6625,-12.599999999999994,0,0,0,0
251,1,1,3,9070,1,1,125.0,1,19,38,9,9,125.4,1,0,0,1,0,0,19,0,0,6,7,5,12.4,0,0,6,6,5,12.4,0,9.4,-0.8,-3.12,Enrolled,0.8333333333333334,1.1666666666666667,0.0,0.5166666666666667,0.4000000000000057,0,0,0,0
252,1,1,3,9773,1,1,131.0,1,38,37,7,7,127.2,1,0,0,1,0,1,18,0,0,6,6,6,15.0,0,0,6,6,6,12.83333333,0,8.9,1.4,3.51,Dropout,1.0,1.0,0.0,0.75,-3.799999999999997,0,0,0,0
253,1,1,1,9085,1,1,122.0,1,9,19,90,6,103.4,0,0,0,1,0,0,19,0,0,5,6,5,14.4,0,0,5,6,5,13.0,0,7.6,2.6,0.32,Graduate,1.0,1.2,0.0,0.72,-18.599999999999994,0,0,0,0
254,1,1,1,9773,1,1,127.0,1,37,37,9,8,123.2,1,0,0,1,0,0,18,0,0,6,12,1,11.0,0,0,6,12,0,0.0,0,9.4,-0.8,-3.12,Enrolled,0.16666666666666666,2.0,0.0,0.09166666666666667,-3.799999999999997,0,0,0,0
255,1,17,1,9147,1,1,136.0,1,1,1,4,4,124.1,0,0,0,1,0,0,18,0,0,5,8,5,12.4,0,0,5,6,5,10.8,0,8.9,1.4,3.51,Graduate,1.0,1.6,0.0,0.62,-11.900000000000006,0,0,0,0
256,2,39,1,9556,1,19,133.1,1,38,37,7,7,99.5,1,0,1,0,0,1,37,0,0,7,13,1,16.0,0,0,7,12,0,0.0,0,8.9,1.4,3.51,Dropout,0.14285714285714285,1.8571428571428572,0.0,0.11428571428571428,-33.599999999999994,0,0,1,1
257,1,17,1,9991,0,40,127.0,1,37,37,6,6,124.9,0,0,0,1,0,0,29,0,0,5,10,5,13.57142857,0,0,5,14,5,12.33333333,3,16.2,0.3,-0.92,Graduate,1.0,2.0,0.0,0.6785714285,-2.0999999999999943,0,0,0,1
258,1,17,3,9070,1,1,116.0,1,37,37,9,9,110.8,0,0,0,1,0,0,18,0,0,6,6,6,11.83333333,0,0,6,6,6,12.5,0,7.6,2.6,0.32,Enrolled,1.0,1.0,0.0,0.5916666665,-5.200000000000003,0,0,0,0
259,1,1,1,9238,1,1,121.0,1,1,1,9,8,118.9,1,0,0,1,0,1,19,0,0,6,8,5,11.66666667,0,0,6,9,5,12.66666667,0,12.4,0.5,1.79,Graduate,0.8333333333333334,1.3333333333333333,0.0,0.48611111124999995,-2.0999999999999943,0,0,0,0
260,1,43,1,9238,1,1,124.0,1,1,1,3,1,118.8,1,0,1,0,0,0,22,0,6,10,16,6,11.83333333,0,2,7,8,2,13.0,0,16.2,0.3,-0.92,Dropout,0.6,1.6,0.0,0.3549999999,-5.200000000000003,0,0,1,0
261,1,1,1,9254,1,1,131.0,1,37,38,9,7,137.0,0,0,0,1,0,1,20,0,0,6,8,6,11.16666667,0,0,6,10,5,10.6,0,15.5,2.8,-4.06,Graduate,1.0,1.3333333333333333,0.0,0.5583333335,6.0,0,0,0,0
262,1,39,1,8014,0,1,100.0,1,37,37,Unknown/not stated,Unknown/not stated,100.0,0,0,0,1,0,0,34,0,0,6,0,0,0.0,0,0,6,0,0,0.0,0,12.7,3.7,-1.7,Dropout,0.0,0.0,0.0,0.0,0.0,0,0,0,1
263,1,43,1,9119,1,1,130.0,1,37,38,9,9,120.0,0,0,1,0,0,0,30,0,8,12,17,8,11.75,0,6,12,19,6,12.16666667,2,7.6,2.6,0.32,Dropout,0.6666666666666666,1.4166666666666667,0.0,0.39166666666666666,-10.0,0,0,1,1
264,1,1,1,9238,1,1,135.0,1,1,1,4,4,122.8,0,0,0,1,0,0,18,0,0,6,7,6,14.0,0,0,6,7,6,14.0,0,10.8,1.4,1.74,Graduate,1.0,1.1666666666666667,0.0,0.7,-12.200000000000003,0,0,0,0
265,1,1,1,9238,1,1,130.0,1,38,19,9,5,121.6,0,0,0,1,0,0,18,0,0,6,6,6,12.83333333,0,0,6,6,6,12.0,0,12.4,0.5,1.79,Graduate,1.0,1.0,0.0,0.6416666665,-8.400000000000006,0,0,0,0
266,1,1,2,9773,1,1,146.0,1,3,1,1,3,149.2,1,0,0,1,0,0,18,0,0,6,11,4,12.25,0,0,6,10,3,11.66666667,0,9.4,-0.8,-3.12,Graduate,0.6666666666666666,1.8333333333333333,0.0,0.4083333333333333,3.1999999999999886,0,0,0,0
267,1,17,4,9500,1,1,146.0,1,4,1,2,3,140.0,1,0,0,1,0,0,18,0,0,8,8,7,14.82857143,0,0,8,8,7,14.82857143,0,12.7,3.7,-1.7,Graduate,0.875,1.0,0.0,0.6487500000624999,-6.0,0,0,0,0
268,1,1,2,9773,1,1,154.0,1,38,38,9,9,133.4,1,0,0,1,0,1,19,0,0,6,7,5,11.4,0,0,6,8,5,12.8,0,12.7,3.7,-1.7,Graduate,0.8333333333333334,1.1666666666666667,0.0,0.4750000000000001,-20.599999999999994,0,0,0,0
269,1,1,1,9070,1,1,137.0,1,37,37,9,9,126.2,1,0,0,1,0,1,19,0,0,6,6,6,13.0,0,0,6,8,6,12.5,0,10.8,1.4,1.74,Graduate,1.0,1.0,0.0,0.65,-10.799999999999997,0,0,0,0
270,1,1,5,9500,1,1,151.0,1,1,1,9,9,127.8,0,0,0,1,0,1,18,0,0,8,8,7,13.67142857,0,0,8,8,7,13.67142857,0,12.7,3.7,-1.7,Graduate,0.875,1.0,0.0,0.5981249999375,-23.200000000000003,0,0,0,0
271,1,44,1,9003,1,39,150.0,1,37,38,4,8,150.0,0,0,0,1,0,1,21,0,0,6,9,6,12.66666667,0,0,6,8,5,12.8,0,13.9,-0.3,0.79,Graduate,1.0,1.5,0.0,0.6333333335,0.0,0,0,0,0
272,1,1,2,9147,1,1,121.0,1,1,19,9,9,113.7,1,0,0,0,0,0,20,0,0,5,10,2,10.0,0,0,5,12,1,13.0,0,7.6,2.6,0.32,Dropout,0.4,2.0,0.0,0.2,-7.299999999999997,0,0,1,0
273,1,17,1,9147,1,1,122.0,1,12,19,4,8,117.8,1,0,0,1,0,0,20,0,0,5,10,5,13.5,0,0,5,8,5,12.33333333,0,13.9,-0.3,0.79,Graduate,1.0,2.0,0.0,0.675,-4.200000000000003,0,0,0,0
274,1,1,1,9500,1,1,143.0,1,5,1,2,5,136.7,0,0,0,1,0,0,19,0,2,7,8,7,12.67,0,1,8,8,8,13.55,0,11.1,0.6,2.02,Graduate,1.0,1.1428571428571428,0.0,0.6335,-6.300000000000011,0,0,0,0
275,1,1,1,9238,1,1,152.0,1,1,38,4,5,144.7,0,0,0,1,0,0,20,0,0,6,8,6,14.5,0,0,6,7,6,15.42857143,0,16.2,0.3,-0.92,Graduate,1.0,1.3333333333333333,0.0,0.725,-7.300000000000011,0,0,0,0
276,1,17,3,9500,1,1,145.0,1,12,1,4,10,139.8,1,0,0,1,0,0,18,0,0,7,7,7,13.68571429,0,0,8,8,8,15.3875,0,13.9,-0.3,0.79,Graduate,1.0,1.0,0.0,0.6842857145,-5.199999999999989,0,0,0,0
277,1,42,1,9853,1,1,120.0,1,37,38,3,3,113.7,0,0,0,1,0,0,20,0,0,6,8,5,11.0,0,0,6,10,3,10.66666667,0,12.7,3.7,-1.7,Dropout,0.8333333333333334,1.3333333333333333,0.0,0.45833333333333337,-6.299999999999997,0,0,0,0
278,2,7,1,9130,1,3,140.0,1,5,4,2,0,140.0,0,0,1,0,0,0,29,0,7,9,16,7,11.55555556,4,5,7,12,5,13.2,2,7.6,2.6,0.32,Dropout,0.7777777777777778,1.7777777777777777,0.4444444444444444,0.4493827162222222,0.0,0,0,1,1
279,1,1,1,9500,1,1,143.0,1,19,19,5,6,142.3,0,0,0,1,0,1,18,0,0,7,7,7,13.79714286,0,0,8,8,8,13.775,0,12.4,0.5,1.79,Enrolled,1.0,1.0,0.0,0.689857143,-0.6999999999999886,0,0,0,0
280,1,1,1,9500,1,1,129.0,1,19,19,5,5,119.6,1,0,0,1,0,1,20,0,0,7,8,7,14.00375,0,0,8,11,7,13.81285714,0,15.5,2.8,-4.06,Graduate,1.0,1.1428571428571428,0.0,0.7001875,-9.400000000000006,0,0,0,0
281,1,16,2,9147,1,1,139.0,1,38,37,9,9,123.7,1,0,0,1,0,1,22,0,0,5,8,4,12.0,0,0,5,8,4,11.4,2,16.2,0.3,-0.92,Graduate,0.8,1.6,0.0,0.48,-15.299999999999997,0,0,0,0
282,4,1,1,8014,0,1,133.1,1,39,19,4,10,143.0,1,0,0,1,0,1,47,0,0,6,9,5,14.16666667,0,0,6,7,6,14.16666667,0,16.2,0.3,-0.92,Graduate,0.8333333333333334,1.5,0.0,0.5902777779166667,9.900000000000006,0,0,0,1
283,2,51,1,9991,0,1,127.0,1,37,37,8,4,100.1,0,0,0,1,0,0,31,0,1,5,5,5,14.0,0,0,5,5,5,13.8,0,8.9,1.4,3.51,Graduate,1.0,1.0,0.0,0.7,-26.900000000000006,0,0,0,1
284,1,1,1,9070,1,1,126.0,1,19,37,7,5,119.4,0,0,0,1,0,1,21,0,0,6,7,5,13.8,0,0,6,6,6,12.83333333,0,16.2,0.3,-0.92,Graduate,0.8333333333333334,1.1666666666666667,0.0,0.5750000000000001,-6.599999999999994,0,0,0,0
285,1,1,1,8014,0,1,128.0,1,38,38,0,0,122.1,0,0,0,1,0,0,21,0,0,6,8,5,12.8,0,0,6,10,6,11.85714286,0,7.6,2.6,0.32,Graduate,0.8333333333333334,1.3333333333333333,0.0,0.5333333333333333,-5.900000000000006,0,0,0,0
286,2,39,1,9773,1,12,100.0,1,1,1,4,4,100.0,0,0,0,1,0,0,24,0,0,6,6,6,12.16666667,0,0,6,6,6,13.83333333,0,7.6,2.6,0.32,Graduate,1.0,1.0,0.0,0.6083333335,0.0,0,0,0,0
287,1,17,1,9070,1,1,123.0,1,4,37,2,9,113.9,0,0,0,1,0,0,18,0,0,6,8,6,12.5,0,0,6,6,6,12.33333333,0,15.5,2.8,-4.06,Enrolled,1.0,1.3333333333333333,0.0,0.625,-9.099999999999994,0,0,0,0
288,1,39,1,8014,0,15,170.0,1,34,1,90,2,101.0,0,0,0,1,0,0,32,0,0,6,9,4,12.0,0,0,6,12,4,11.5,0,7.6,2.6,0.32,Graduate,0.6666666666666666,1.5,0.0,0.39999999999999997,-69.0,0,0,0,1
289,1,18,2,8014,0,1,117.0,1,3,1,3,4,111.8,1,0,0,1,0,1,19,0,0,6,8,6,10.83333333,0,0,6,9,6,11.5,0,10.8,1.4,1.74,Graduate,1.0,1.3333333333333333,0.0,0.5416666665000001,-5.200000000000003,0,0,0,0
290,1,39,1,9500,1,1,140.0,1,3,3,1,1,140.0,1,0,0,1,0,0,24,0,0,8,8,8,13.385,0,0,8,8,8,13.385,0,9.4,-0.8,-3.12,Graduate,1.0,1.0,0.0,0.66925,0.0,0,0,0,0
291,1,17,4,9085,1,1,123.0,1,19,19,4,10,124.4,1,0,0,1,0,0,19,0,0,6,14,6,15.66666667,0,0,6,9,6,14.5,0,15.5,2.8,-4.06,Graduate,1.0,2.3333333333333335,0.0,0.7833333335,1.4000000000000057,0,0,0,0
292,1,44,1,9003,1,39,150.0,1,19,37,6,6,150.0,0,0,1,1,0,1,19,0,0,6,9,6,14.33333333,0,0,6,7,6,13.83333333,0,13.9,-0.3,0.79,Graduate,1.0,1.5,0.0,0.7166666665,0.0,0,0,1,0
293,1,44,1,9003,1,39,140.0,1,37,37,9,4,140.0,0,0,0,1,0,0,24,0,0,6,10,6,11.42857143,0,0,6,12,5,13.0,0,12.4,0.5,1.79,Enrolled,1.0,1.6666666666666667,0.0,0.5714285715,0.0,0,0,0,0
294,1,17,4,9238,1,1,123.0,1,19,19,191,144,116.0,1,0,0,1,0,1,18,0,0,6,9,6,11.66666667,0,0,6,8,6,11.66666667,0,8.9,1.4,3.51,Graduate,1.0,1.5,0.0,0.5833333334999999,-7.0,0,0,0,0
295,1,1,1,9070,1,1,130.0,1,38,37,3,6,135.6,1,0,0,1,0,1,19,0,0,6,9,5,12.0,0,0,6,10,2,11.33333333,0,8.9,1.4,3.51,Dropout,0.8333333333333334,1.5,0.0,0.5,5.599999999999994,0,0,0,0
296,2,1,1,9500,1,1,137.0,1,3,38,2,4,121.0,0,0,0,1,0,1,19,0,0,8,8,7,14.72571429,0,0,8,8,7,14.72571429,0,10.8,1.4,1.74,Graduate,0.875,1.0,0.0,0.6442500001875,-16.0,0,0,0,0
297,1,17,2,9773,1,1,126.0,1,19,38,9,8,118.7,1,0,0,1,0,1,18,0,0,6,6,6,14.16666667,0,0,6,6,6,13.66666667,0,12.4,0.5,1.79,Graduate,1.0,1.0,0.0,0.7083333334999999,-7.299999999999997,0,0,0,0
298,1,1,1,9238,1,1,125.0,1,1,1,3,3,125.7,1,0,0,1,0,0,18,0,0,6,10,6,11.57142857,0,0,6,8,6,12.33333333,0,12.4,0.5,1.79,Graduate,1.0,1.6666666666666667,0.0,0.5785714285,0.7000000000000028,0,0,0,0
299,1,17,4,9556,1,1,112.0,1,1,1,4,10,107.1,1,0,0,1,0,0,20,0,0,7,7,7,12.5,0,0,8,8,8,13.1375,0,12.4,0.5,1.79,Graduate,1.0,1.0,0.0,0.625,-4.900000000000006,0,0,0,0
300,1,1,1,9500,1,1,141.0,1,19,38,5,7,125.5,0,0,0,1,0,0,18,0,0,8,10,8,12.86,2,0,8,10,8,12.86,2,9.4,-0.8,-3.12,Graduate,1.0,1.25,0.25,0.643,-15.5,0,0,0,0
301,1,17,4,9670,1,1,135.0,1,38,38,9,7,127.0,1,0,0,1,0,0,18,0,0,6,10,6,12.25,0,0,6,9,6,13.71428571,0,11.1,0.6,2.02,Graduate,1.0,1.6666666666666667,0.0,0.6125,-8.0,0,0,0,0
302,1,1,2,9085,1,1,117.0,1,38,37,9,9,113.5,1,0,0,1,0,1,21,0,0,5,7,4,12.0,0,0,5,5,5,12.2,0,10.8,1.4,1.74,Graduate,0.8,1.4,0.0,0.48,-3.5,0,0,0,0
303,1,1,1,9500,1,1,160.0,1,19,19,4,9,154.4,0,0,0,1,0,1,18,0,0,7,9,7,15.11666667,0,0,8,9,8,16.16888889,0,15.5,2.8,-4.06,Graduate,1.0,1.2857142857142858,0.0,0.7558333335,-5.599999999999994,0,0,0,0
304,1,51,1,9670,1,1,136.0,1,19,19,5,5,122.0,0,0,1,0,0,0,18,0,0,5,6,2,12.5,0,0,5,6,4,10.25,0,9.4,-0.8,-3.12,Dropout,0.4,1.2,0.0,0.25,-14.0,0,0,1,0
305,1,17,2,9238,1,1,143.0,1,1,11,4,3,128.0,1,0,0,1,0,0,19,0,0,6,11,0,0.0,0,0,6,0,0,0.0,0,9.4,-0.8,-3.12,Dropout,0.0,1.8333333333333333,0.0,0.0,-15.0,0,0,0,0
306,1,1,1,9670,1,1,119.0,1,1,19,4,10,115.5,1,0,0,1,0,0,19,0,0,6,8,4,11.0,0,0,6,9,4,11.0,0,10.8,1.4,1.74,Enrolled,0.6666666666666666,1.3333333333333333,0.0,0.3666666666666667,-3.5,0,0,0,0
307,1,17,4,9670,1,1,120.0,1,1,19,5,5,117.2,1,0,0,1,0,0,18,0,0,6,8,6,11.875,0,0,6,11,4,14.6,0,11.1,0.6,2.02,Graduate,1.0,1.3333333333333333,0.0,0.59375,-2.799999999999997,0,0,0,0
308,1,39,1,9130,1,3,150.0,1,3,1,90,90,150.0,1,0,0,1,0,0,34,0,1,5,6,1,11.0,0,0,5,5,0,0.0,0,12.7,3.7,-1.7,Dropout,0.2,1.2,0.0,0.11000000000000001,0.0,0,0,0,1
309,1,1,3,9085,1,1,142.0,1,11,11,90,90,155.3,0,0,0,1,0,0,19,0,0,5,5,5,15.2,0,0,5,6,5,13.2,0,7.6,2.6,0.32,Graduate,1.0,1.0,0.0,0.76,13.300000000000011,0,0,0,0
310,1,44,1,9130,1,39,120.0,1,37,37,7,8,120.0,1,0,1,0,0,0,19,0,2,6,7,5,11.6,0,1,6,12,2,11.0,0,12.4,0.5,1.79,Dropout,0.8333333333333334,1.1666666666666667,0.0,0.48333333333333334,0.0,0,0,1,0
311,1,51,1,9238,1,1,160.0,1,3,19,2,1,116.1,0,0,1,1,0,0,26,0,0,6,6,6,14.83333333,0,0,6,7,6,15.14285714,0,11.1,0.6,2.02,Graduate,1.0,1.0,0.0,0.7416666665,-43.900000000000006,0,0,1,1
312,1,17,1,9853,1,1,133.1,1,34,34,0,0,118.9,1,0,0,1,0,0,21,0,0,6,12,3,11.33333333,0,0,6,10,3,11.33333333,0,7.6,2.6,0.32,Dropout,0.5,2.0,0.0,0.28333333325,-14.199999999999989,0,0,0,0
313,1,17,2,9147,1,1,142.0,1,19,19,4,8,127.3,0,0,0,1,0,1,18,0,0,5,5,5,11.2,0,0,5,5,5,11.8,0,11.1,0.6,2.02,Graduate,1.0,1.0,0.0,0.5599999999999999,-14.700000000000003,0,0,0,0
314,1,17,4,9853,1,1,121.0,1,38,38,5,7,113.7,1,0,0,1,0,1,20,0,0,6,8,5,13.4,0,0,6,9,5,13.66666667,0,9.4,-0.8,-3.12,Graduate,0.8333333333333334,1.3333333333333333,0.0,0.5583333333333333,-7.299999999999997,0,0,0,0
315,1,51,1,9147,1,1,135.0,1,1,1,4,4,118.5,0,0,0,1,0,0,25,0,0,5,12,2,10.5,0,0,5,5,0,0.0,0,11.1,0.6,2.02,Dropout,0.4,2.4,0.0,0.21000000000000002,-16.5,0,0,0,1
316,1,1,1,9147,1,1,153.0,1,1,38,4,3,146.7,0,0,0,1,0,0,18,0,0,5,5,5,16.2,0,0,5,5,5,16.4,0,11.1,0.6,2.02,Graduate,1.0,1.0,0.0,0.8099999999999999,-6.300000000000011,0,0,0,0
317,1,1,1,9500,1,1,140.0,1,19,19,3,6,124.3,1,0,0,1,0,1,18,0,0,7,7,7,14.54285714,0,0,8,11,8,14.88181818,0,16.2,0.3,-0.92,Graduate,1.0,1.0,0.0,0.727142857,-15.700000000000003,0,0,0,0
318,1,1,1,9500,1,1,152.0,1,41,19,3,5,137.8,0,0,0,1,0,0,19,0,0,7,7,7,13.69428571,0,0,8,9,8,14.35555556,0,11.1,0.6,2.02,Graduate,1.0,1.0,0.0,0.6847142855,-14.199999999999989,0,0,0,0
319,1,1,1,9238,1,1,120.0,1,19,38,5,9,130.2,0,0,0,1,0,1,18,0,0,6,8,6,11.28571429,0,0,6,10,6,11.85714286,0,12.4,0.5,1.79,Graduate,1.0,1.3333333333333333,0.0,0.5642857145,10.199999999999989,0,0,0,0
320,1,17,1,9500,1,1,160.0,1,38,38,7,7,147.8,0,0,0,1,0,0,20,0,0,7,11,6,11.75714286,0,0,8,12,6,13.08333333,0,15.5,2.8,-4.06,Enrolled,0.8571428571428571,1.5714285714285714,0.0,0.5038775511428571,-12.199999999999989,0,0,0,0
321,1,7,1,9085,1,40,150.0,1,19,19,9,5,150.0,0,0,1,0,0,0,26,0,0,3,3,0,0.0,0,0,6,0,0,0.0,0,8.9,1.4,3.51,Dropout,0.0,1.0,0.0,0.0,0.0,0,0,1,1
322,1,42,1,9500,1,1,100.0,1,37,37,7,9,100.0,1,0,0,1,0,1,19,0,0,8,8,7,13.05857143,0,0,8,8,7,13.05857143,0,10.8,1.4,1.74,Graduate,0.875,1.0,0.0,0.5713125000625,0.0,0,0,0,0
323,1,1,1,9500,1,1,150.0,1,1,1,5,1,155.6,0,0,0,1,0,0,19,0,0,7,7,7,14.3,0,0,8,9,8,14.05555556,0,16.2,0.3,-0.92,Graduate,1.0,1.0,0.0,0.7150000000000001,5.599999999999994,0,0,0,0
324,1,43,4,9147,1,1,124.0,1,37,37,9,9,117.4,0,0,0,1,0,0,19,0,3,10,15,5,11.8,0,4,10,14,8,12.0,0,7.6,2.6,0.32,Graduate,0.5,1.5,0.0,0.29500000000000004,-6.599999999999994,0,0,0,0
325,1,5,3,9085,1,1,141.0,1,1,19,7,5,128.8,1,0,0,1,0,0,19,0,0,5,9,3,10.33333333,1,0,5,8,3,13.0,0,7.6,2.6,0.32,Enrolled,0.6,1.8,0.2,0.3099999999,-12.199999999999989,0,0,0,0
326,1,1,1,9254,1,1,121.0,1,19,19,5,8,117.5,1,0,0,1,0,0,18,0,0,6,7,6,10.57142857,0,0,6,11,3,11.66666667,0,16.2,0.3,-0.92,Graduate,1.0,1.1666666666666667,0.0,0.5285714285,-3.5,0,0,0,0
327,1,43,1,9500,1,6,134.0,1,1,37,9,9,120.4,1,0,0,1,0,0,19,0,0,7,7,6,13.33333333,0,0,7,7,6,13.33333333,0,7.6,2.6,0.32,Graduate,0.8571428571428571,1.0,0.0,0.5714285712857143,-13.599999999999994,0,0,0,0
328,1,1,1,9238,1,1,134.0,1,1,1,9,6,130.9,0,0,1,1,0,0,18,0,0,6,10,6,11.85714286,0,0,6,9,5,11.0,0,13.9,-0.3,0.79,Graduate,1.0,1.6666666666666667,0.0,0.592857143,-3.0999999999999943,0,0,1,0
329,1,1,1,9853,1,1,132.0,1,2,19,4,4,125.0,1,0,0,1,0,0,18,0,0,6,9,5,12.6,0,0,6,8,5,11.4,0,9.4,-0.8,-3.12,Enrolled,0.8333333333333334,1.5,0.0,0.525,-7.0,0,0,0,0
330,1,1,1,9085,1,1,135.0,1,19,38,9,5,136.8,1,0,0,1,0,0,18,0,0,5,11,5,14.0,3,0,5,7,5,11.6,0,9.4,-0.8,-3.12,Enrolled,1.0,2.2,0.6,0.7,1.8000000000000114,0,0,0,0
331,1,1,1,9853,1,1,123.0,1,1,38,9,6,121.6,1,0,0,1,0,0,18,0,0,7,12,5,12.0,0,0,7,9,6,12.66666667,0,11.1,0.6,2.02,Enrolled,0.7142857142857143,1.7142857142857142,0.0,0.42857142857142855,-1.4000000000000057,0,0,0,0
332,1,44,1,9119,1,39,151.0,1,19,37,4,7,151.0,0,0,1,1,0,0,26,0,0,5,6,0,0.0,0,0,5,5,0,0.0,0,16.2,0.3,-0.92,Dropout,0.0,1.2,0.0,0.0,0.0,0,0,1,1
333,1,1,1,9238,1,1,107.0,1,38,38,7,7,103.5,1,0,0,1,0,0,20,0,0,6,7,6,12.0,0,0,6,7,6,13.0,0,12.4,0.5,1.79,Graduate,1.0,1.1666666666666667,0.0,0.6,-3.5,0,0,0,0
334,1,1,1,8014,0,1,126.0,1,37,38,9,10,119.4,0,0,0,1,0,0,19,0,0,6,6,6,12.66666667,0,0,6,6,6,11.66666667,0,12.7,3.7,-1.7,Graduate,1.0,1.0,0.0,0.6333333335,-6.599999999999994,0,0,0,0
335,1,1,1,9238,1,1,133.0,1,34,37,4,9,134.4,1,0,0,1,0,1,18,0,0,6,6,6,12.16666667,0,0,6,9,6,13.66666667,0,9.4,-0.8,-3.12,Graduate,1.0,1.0,0.0,0.6083333335,1.4000000000000057,0,0,0,0
336,1,44,1,9238,1,39,140.0,1,38,37,7,7,143.0,0,0,0,1,0,0,19,0,3,6,6,6,13.33333333,0,2,6,6,6,14.66666667,0,13.9,-0.3,0.79,Graduate,1.0,1.0,0.0,0.6666666665000001,3.0,0,0,0,0
337,1,7,1,9853,1,40,110.0,1,41,3,2,1,110.0,0,0,1,1,0,0,40,0,0,7,8,7,15.0,0,0,7,7,7,14.57142857,0,12.4,0.5,1.79,Graduate,1.0,1.1428571428571428,0.0,0.75,0.0,0,0,1,1
338,1,1,4,9500,1,1,141.0,1,38,38,7,7,132.5,1,0,0,1,0,1,18,0,0,8,8,8,13.39125,0,0,8,8,8,13.39125,0,9.4,-0.8,-3.12,Graduate,1.0,1.0,0.0,0.6695625,-8.5,0,0,0,0
339,1,17,1,9238,1,1,122.0,1,3,1,9,10,114.7,0,0,0,1,0,0,19,0,0,6,9,5,12.16666667,0,0,6,8,6,12.42857143,0,13.9,-0.3,0.79,Graduate,0.8333333333333334,1.5,0.0,0.5069444445833333,-7.299999999999997,0,0,0,0
340,1,17,1,9130,1,1,156.0,1,2,9,3,5,166.9,0,0,0,1,0,0,18,0,0,5,9,4,11.25,0,0,5,6,4,12.5,0,7.6,2.6,0.32,Graduate,0.8,1.8,0.0,0.45,10.900000000000006,0,0,0,0
341,1,1,1,9085,1,1,129.0,1,1,2,3,1,125.9,1,0,0,1,0,0,19,0,0,5,13,4,12.0,2,0,5,8,3,12.0,0,9.4,-0.8,-3.12,Enrolled,0.8,2.6,0.4,0.48,-3.0999999999999943,0,0,0,0
342,1,1,1,171,1,1,188.0,1,3,3,2,2,178.3,1,0,0,1,0,0,18,0,0,0,0,0,0.0,0,0,0,0,0,0.0,0,15.5,2.8,-4.06,Dropout,0.0,0.0,0.0,0.0,-9.699999999999989,1,0,0,0
343,2,39,1,8014,0,1,120.0,1,37,37,9,9,117.0,1,0,0,1,0,0,33,0,0,6,7,6,12.83333333,0,0,6,8,6,12.85714286,0,12.4,0.5,1.79,Graduate,1.0,1.1666666666666667,0.0,0.6416666665,-3.0,0,0,0,1
344,1,39,1,9003,1,3,130.0,1,3,3,1,2,150.0,0,0,0,1,0,0,35,0,0,6,10,6,14.0,0,0,6,11,6,13.1,0,16.2,0.3,-0.92,Graduate,1.0,1.6666666666666667,0.0,0.7,20.0,0,0,0,1
345,1,42,1,9147,1,1,130.0,1,37,38,9,1,130.0,1,0,0,1,0,0,26,0,3,5,5,4,13.0,0,1,5,7,2,12.0,0,9.4,-0.8,-3.12,Enrolled,0.8,1.0,0.0,0.52,0.0,0,0,0,1
346,1,1,1,9773,1,1,140.0,1,19,19,7,5,135.1,1,0,0,1,0,0,18,0,0,6,7,6,13.5,0,0,6,8,6,12.5,0,9.4,-0.8,-3.12,Graduate,1.0,1.1666666666666667,0.0,0.675,-4.900000000000006,0,0,0,0
347,1,43,1,9238,1,1,110.0,1,37,37,9,9,110.0,0,0,0,1,0,0,36,0,10,16,24,13,10.69230769,1,9,13,19,9,12.30769231,0,15.5,2.8,-4.06,Enrolled,0.8125,1.5,0.0625,0.43437499990625,0.0,0,0,0,1
348,4,39,1,9991,0,1,133.1,1,37,37,6,6,136.2,0,0,0,1,0,0,39,0,0,5,6,5,11.0,0,0,5,9,5,11.66666667,0,10.8,1.4,1.74,Graduate,1.0,1.2,0.0,0.55,3.0999999999999943,0,0,0,1
349,2,39,1,9238,1,1,120.0,1,37,37,9,9,116.0,0,0,0,1,0,0,44,0,0,6,8,6,13.0,0,0,6,6,6,13.83333333,0,12.7,3.7,-1.7,Graduate,1.0,1.3333333333333333,0.0,0.65,-4.0,0,0,0,1
350,1,1,2,8014,0,1,96.0,1,3,1,3,9,100.0,0,0,0,1,0,0,20,0,0,6,10,5,12.0,0,0,6,9,4,11.25,0,9.4,-0.8,-3.12,Enrolled,0.8333333333333334,1.6666666666666667,0.0,0.5,4.0,0,0,0,0
351,1,1,1,9254,1,1,117.0,1,19,19,9,9,116.3,1,0,0,1,0,0,24,0,0,6,9,4,12.6,0,0,6,6,4,11.5,0,12.7,3.7,-1.7,Dropout,0.6666666666666666,1.5,0.0,0.42,-0.7000000000000028,0,0,0,0
352,1,43,1,9773,1,1,123.0,1,19,19,9,8,134.0,0,0,0,1,0,1,20,0,0,6,6,6,13.66666667,0,0,6,6,6,13.33333333,0,12.4,0.5,1.79,Graduate,1.0,1.0,0.0,0.6833333335,11.0,0,0,0,0
353,1,1,4,171,1,1,127.0,1,1,1,9,5,124.2,1,0,0,0,0,0,19,0,0,0,0,0,0.0,0,0,0,0,0,0.0,0,9.4,-0.8,-3.12,Dropout,0.0,0.0,0.0,0.0,-2.799999999999997,1,0,1,0
354,2,1,1,9500,1,1,151.0,1,37,38,9,7,134.5,0,0,1,1,0,1,18,0,0,7,7,6,14.2,0,0,7,7,6,14.2,0,7.6,2.6,0.32,Graduate,0.8571428571428571,1.0,0.0,0.6085714285714285,-16.5,0,0,1,0
355,1,1,1,9254,1,1,127.0,1,19,19,4,6,120.7,0,0,1,0,0,0,22,0,0,6,10,5,11.0,0,0,6,12,0,0.0,0,10.8,1.4,1.74,Dropout,0.8333333333333334,1.6666666666666667,0.0,0.45833333333333337,-6.299999999999997,0,0,1,0
356,1,17,1,9085,1,1,133.0,1,19,1,4,5,127.1,1,0,0,1,0,0,18,0,0,6,7,6,15.0,0,0,6,7,6,16.42857143,0,11.1,0.6,2.02,Graduate,1.0,1.1666666666666667,0.0,0.75,-5.900000000000006,0,0,0,0
357,1,39,1,9500,1,19,133.1,1,38,37,9,9,133.0,0,0,0,1,0,0,24,0,0,7,9,6,12.58571429,0,0,8,9,7,13.44285714,0,13.9,-0.3,0.79,Graduate,0.8571428571428571,1.2857142857142858,0.0,0.5393877552857143,-0.09999999999999432,0,0,0,0
358,1,39,1,9991,0,1,133.1,1,37,37,90,8,128.2,0,0,0,1,0,0,33,0,0,5,0,0,0.0,0,0,5,0,0,0.0,0,12.7,3.7,-1.7,Dropout,0.0,0.0,0.0,0.0,-4.900000000000006,0,0,0,1
359,1,39,1,9003,1,1,133.1,1,37,37,3,8,130.0,0,0,1,1,0,1,30,0,0,6,6,0,0.0,0,0,6,6,0,0.0,0,11.1,0.6,2.02,Enrolled,0.0,1.0,0.0,0.0,-3.0999999999999943,0,0,1,1
360,1,39,1,9085,1,43,160.0,1,3,39,2,3,172.0,0,0,0,1,0,0,26,0,0,6,0,0,0.0,0,0,6,0,0,0.0,0,8.9,1.4,3.51,Dropout,0.0,0.0,0.0,0.0,12.0,0,0,0,1
361,1,17,4,9853,1,1,140.0,1,19,38,4,1,128.5,1,0,0,1,0,0,18,0,0,6,7,6,11.66666667,0,0,6,10,6,11.83333333,0,10.8,1.4,1.74,Graduate,1.0,1.1666666666666667,0.0,0.5833333334999999,-11.5,0,0,0,0
362,1,1,1,9773,1,1,146.0,1,37,38,9,7,128.5,0,0,1,1,0,0,19,0,0,6,13,3,12.66666667,0,0,6,12,2,10.0,0,10.8,1.4,1.74,Dropout,0.5,2.1666666666666665,0.0,0.31666666675,-17.5,0,0,1,0
363,1,17,4,9147,1,1,112.0,1,19,38,9,10,112.0,1,0,0,1,0,0,20,0,0,5,10,3,10.33333333,0,0,5,9,4,11.0,2,16.2,0.3,-0.92,Enrolled,0.6,2.0,0.0,0.3099999999,0.0,0,0,0,0
364,1,53,1,9085,1,42,140.0,1,19,37,9,8,142.5,1,0,0,1,0,1,22,0,7,11,18,8,13.5,0,4,9,16,7,13.71428571,0,8.9,1.4,3.51,Graduate,0.7272727272727273,1.6363636363636365,0.0,0.49090909090909096,2.5,0,0,0,0
365,1,1,4,9500,1,1,136.0,1,1,1,9,1,133.0,1,0,0,1,0,0,19,0,0,7,8,5,13.98,0,0,7,8,5,13.98,0,7.6,2.6,0.32,Enrolled,0.7142857142857143,1.1428571428571428,0.0,0.49928571428571433,-3.0,0,0,0,0
366,1,1,1,9085,1,1,133.1,1,37,38,7,5,106.0,1,0,0,1,0,1,21,0,0,6,13,6,16.15384615,0,0,6,10,6,15.75,0,15.5,2.8,-4.06,Graduate,1.0,2.1666666666666665,0.0,0.8076923075,-27.099999999999994,0,0,0,0
367,1,1,4,9500,1,1,136.0,1,19,38,4,8,125.5,1,0,0,1,0,1,21,0,0,7,7,6,14.03333333,0,0,7,7,6,14.03333333,0,7.6,2.6,0.32,Graduate,0.8571428571428571,1.0,0.0,0.6014285712857143,-10.5,0,0,0,0
368,1,17,1,9085,1,1,134.0,1,19,37,2,7,131.2,0,0,0,1,0,0,19,0,0,5,8,1,11.0,0,0,5,6,5,11.2,0,7.6,2.6,0.32,Enrolled,0.2,1.6,0.0,0.11000000000000001,-2.8000000000000114,0,0,0,0
369,1,1,1,9853,1,1,122.0,1,38,37,191,195,112.9,1,0,0,1,0,1,19,0,0,7,8,7,13.85714286,0,0,7,8,6,13.66666667,0,8.9,1.4,3.51,Graduate,1.0,1.1428571428571428,0.0,0.692857143,-9.099999999999994,0,0,0,0
370,1,1,6,9500,1,1,138.0,1,19,19,9,5,124.8,1,0,0,1,0,0,18,0,0,8,8,7,13.41428571,0,0,8,8,7,13.41428571,0,12.7,3.7,-1.7,Dropout,0.875,1.0,0.0,0.5868749998125,-13.200000000000003,0,0,0,0
371,2,43,1,8014,0,1,160.0,1,37,39,9,4,140.9,0,0,0,1,0,0,50,0,7,11,11,11,13.54545455,0,3,7,7,7,13.57142857,0,16.2,0.3,-0.92,Graduate,1.0,1.0,0.0,0.6772727275,-19.099999999999994,0,0,0,1
372,4,39,1,9991,0,1,130.0,1,38,19,9,7,148.0,0,0,0,1,0,1,31,0,0,5,11,4,11.25,0,0,5,10,4,10.83333333,0,13.9,-0.3,0.79,Enrolled,0.8,2.2,0.0,0.45,18.0,0,0,0,1
373,1,17,1,9773,1,1,161.0,1,1,19,4,7,148.4,0,0,0,1,0,1,19,0,0,6,6,6,13.83333333,0,0,6,7,6,14.42857143,0,15.5,2.8,-4.06,Graduate,1.0,1.0,0.0,0.6916666665,-12.599999999999994,0,0,0,0
374,4,39,1,9991,0,1,140.0,1,1,37,141,192,129.7,0,0,0,1,0,0,35,0,0,5,8,5,12.0,0,0,5,9,5,12.85714286,0,13.9,-0.3,0.79,Graduate,1.0,1.6,0.0,0.6,-10.300000000000011,0,0,0,1
375,2,39,1,9085,1,19,133.1,1,38,38,4,7,128.2,0,0,0,1,0,0,31,0,0,6,0,0,0.0,0,0,6,0,0,0.0,0,12.7,3.7,-1.7,Dropout,0.0,0.0,0.0,0.0,-4.900000000000006,0,0,0,1
376,2,51,1,8014,0,19,133.1,1,37,37,9,9,104.0,0,0,1,1,0,0,42,0,5,11,14,10,11.9,0,5,11,14,10,12.8,0,11.1,0.6,2.02,Enrolled,0.9090909090909091,1.2727272727272727,0.0,0.5409090909090909,-29.099999999999994,0,0,1,1
377,1,18,4,9147,1,1,130.0,1,37,37,9,9,119.9,1,0,0,0,0,0,34,0,0,5,5,0,0.0,0,0,5,0,0,0.0,0,9.4,-0.8,-3.12,Dropout,0.0,1.0,0.0,0.0,-10.099999999999994,0,0,1,1
378,1,1,1,9500,1,1,152.0,1,1,1,4,4,141.0,1,0,0,1,0,1,18,0,0,7,7,7,15.13571429,0,0,8,8,8,15.2875,0,12.4,0.5,1.79,Graduate,1.0,1.0,0.0,0.7567857145,-11.0,0,0,0,0
379,1,17,1,9853,1,1,125.0,1,3,3,3,3,116.6,1,0,0,0,0,1,18,0,0,7,7,7,12.28571429,0,0,7,8,6,13.33333333,0,8.9,1.4,3.51,Enrolled,1.0,1.0,0.0,0.6142857145,-8.400000000000006,0,0,1,0
380,1,44,1,9085,1,39,140.0,1,37,38,5,6,140.0,1,0,0,1,0,0,21,0,2,6,16,5,12.66666667,0,1,6,15,2,13.5,0,16.2,0.3,-0.92,Enrolled,0.8333333333333334,2.6666666666666665,0.0,0.5277777779166667,0.0,0,0,0,0
381,4,39,1,9500,1,19,133.1,1,38,19,5,7,140.0,0,0,0,1,0,1,26,0,0,7,13,5,12.74,0,0,8,12,6,10.97857143,0,16.2,0.3,-0.92,Dropout,0.7142857142857143,1.8571428571428572,0.0,0.455,6.900000000000006,0,0,0,1
382,1,43,1,9500,1,1,170.0,1,19,37,8,8,100.0,0,0,0,1,0,0,20,0,0,7,8,6,13.25,0,0,8,8,8,13.75,0,13.9,-0.3,0.79,Enrolled,0.8571428571428571,1.1428571428571428,0.0,0.5678571428571428,-70.0,0,0,0,0
383,1,1,1,9238,1,1,135.0,1,38,38,5,7,121.0,0,0,0,1,0,0,19,0,0,6,13,3,10.33333333,0,0,6,12,3,10.33333333,0,7.6,2.6,0.32,Enrolled,0.5,2.1666666666666665,0.0,0.25833333325,-14.0,0,0,0,0
384,1,1,1,9853,1,1,125.0,1,19,19,5,5,117.0,0,0,0,1,0,1,19,0,0,6,7,6,13.42857143,0,0,6,6,6,13.16666667,0,15.5,2.8,-4.06,Graduate,1.0,1.1666666666666667,0.0,0.6714285715,-8.0,0,0,0,0
385,1,53,1,9147,1,42,140.0,1,3,4,2,1,140.2,0,0,0,1,0,0,20,0,6,11,19,9,12.55555556,0,3,9,14,8,11.11111111,0,8.9,1.4,3.51,Graduate,0.8181818181818182,1.7272727272727273,0.0,0.5136363638181819,0.19999999999998863,0,0,0,0
386,1,1,1,9238,1,1,124.0,1,34,34,0,0,129.3,0,0,0,1,0,0,19,0,0,6,8,6,11.5,0,0,6,7,6,11.16666667,0,7.6,2.6,0.32,Graduate,1.0,1.3333333333333333,0.0,0.575,5.300000000000011,0,0,0,0
387,1,1,1,9853,1,1,140.0,1,37,37,9,9,145.3,0,0,0,1,0,0,18,0,0,6,6,6,13.66666667,0,0,6,9,6,12.33333333,0,7.6,2.6,0.32,Graduate,1.0,1.0,0.0,0.6833333335,5.300000000000011,0,0,0,0
388,1,39,1,9991,0,3,130.0,1,37,37,9,9,146.2,0,0,0,1,0,0,28,0,10,14,16,11,11.27272727,0,6,11,16,10,12.0,0,10.8,1.4,1.74,Graduate,0.7857142857142857,1.1428571428571428,0.0,0.44285714275,16.19999999999999,0,0,0,1
389,1,17,1,9853,1,1,134.0,1,1,19,4,5,122.5,1,0,0,1,0,0,22,0,0,6,10,5,13.16666667,0,0,6,8,5,12.4,0,15.5,2.8,-4.06,Enrolled,0.8333333333333334,1.6666666666666667,0.0,0.5486111112500001,-11.5,0,0,0,0
390,1,44,1,8014,0,39,160.0,1,37,37,7,7,156.1,0,0,0,1,0,1,21,0,3,6,6,6,14.66666667,0,2,6,6,6,14.16666667,0,13.9,-0.3,0.79,Graduate,1.0,1.0,0.0,0.7333333335,-3.9000000000000057,0,0,0,0
391,1,44,1,9085,1,39,140.0,1,4,38,4,5,140.0,1,0,0,1,0,0,21,0,0,6,11,4,12.75,0,0,6,19,1,11.0,0,12.4,0.5,1.79,Enrolled,0.6666666666666666,1.8333333333333333,0.0,0.42499999999999993,0.0,0,0,0,0
392,1,39,1,9500,1,1,150.0,1,1,19,5,3,140.0,0,1,0,1,0,0,26,0,0,7,11,5,11.2,0,0,8,13,5,12.14,0,16.2,0.3,-0.92,Enrolled,0.7142857142857143,1.5714285714285714,0.0,0.39999999999999997,-10.0,0,0,0,1
393,1,1,6,9773,1,1,141.0,1,30,37,7,7,128.4,1,0,1,0,0,0,18,0,0,6,8,5,13.0,0,0,6,8,5,11.4,0,7.6,2.6,0.32,Dropout,0.8333333333333334,1.3333333333333333,0.0,0.5416666666666667,-12.599999999999994,0,0,1,0
394,1,17,2,9085,1,1,120.0,1,1,1,9,10,115.0,0,0,0,0,0,0,20,0,0,5,8,2,10.5,0,0,5,8,2,12.33333333,0,7.6,2.6,0.32,Dropout,0.4,1.6,0.0,0.21000000000000002,-5.0,0,0,1,0
395,1,17,2,9085,1,1,166.0,1,1,19,4,3,158.7,0,0,0,1,0,0,18,0,0,6,7,6,14.85714286,0,0,6,7,6,14.0,0,11.1,0.6,2.02,Graduate,1.0,1.1666666666666667,0.0,0.7428571429999999,-7.300000000000011,0,0,0,0
396,1,1,4,9500,1,1,147.0,1,1,1,4,9,124.5,1,0,0,1,0,1,19,0,0,8,11,7,12.86,0,0,8,11,7,12.86,0,10.8,1.4,1.74,Graduate,0.875,1.375,0.0,0.562625,-22.5,0,0,0,0
397,1,51,1,9238,1,1,121.0,1,3,19,3,10,111.9,1,0,0,1,0,0,20,0,5,11,12,11,11.72727273,0,5,11,14,11,12.0,0,12.4,0.5,1.79,Graduate,1.0,1.0909090909090908,0.0,0.5863636365,-9.099999999999994,0,0,0,0
398,1,44,1,9085,1,39,150.0,1,38,37,4,6,150.0,1,0,0,1,0,1,22,0,3,6,11,6,13.14285714,0,2,6,10,3,12.0,0,13.9,-0.3,0.79,Graduate,1.0,1.8333333333333333,0.0,0.657142857,0.0,0,0,0,0
399,1,17,1,9670,1,1,124.0,1,37,19,5,8,114.2,1,0,1,1,0,0,18,0,0,6,6,5,11.8,0,0,6,9,4,13.71428571,0,10.8,1.4,1.74,Dropout,0.8333333333333334,1.0,0.0,0.49166666666666675,-9.799999999999997,0,0,1,0
400,1,17,1,9147,1,1,96.0,1,38,37,6,4,96.0,1,0,0,1,0,0,19,0,0,5,10,3,10.66666667,0,0,5,9,0,0.0,3,16.2,0.3,-0.92,Dropout,0.6,2.0,0.0,0.3200000001,0.0,0,0,0,0
401,1,17,4,9070,1,1,125.0,1,1,3,3,3,128.9,0,0,0,1,0,1,18,0,0,6,9,5,11.6,0,0,6,8,4,11.2,0,8.9,1.4,3.51,Enrolled,0.8333333333333334,1.5,0.0,0.48333333333333334,3.9000000000000057,0,0,0,0
402,1,17,1,9254,1,1,136.0,1,37,37,7,7,121.7,1,0,0,1,0,0,20,0,0,6,13,3,10.33333333,0,0,6,12,3,10.33333333,0,10.8,1.4,1.74,Enrolled,0.5,2.1666666666666665,0.0,0.25833333325,-14.299999999999997,0,0,0,0
403,1,1,1,9773,1,1,120.0,1,38,37,9,9,114.8,1,1,0,1,0,0,19,0,0,6,11,4,12.25,0,0,6,11,3,11.0,0,7.6,2.6,0.32,Enrolled,0.6666666666666666,1.8333333333333333,0.0,0.4083333333333333,-5.200000000000003,0,0,0,0
404,1,1,1,9254,1,1,128.0,1,19,38,9,9,127.0,0,0,0,1,0,0,19,0,0,6,6,6,12.0,0,0,6,7,4,12.75,0,12.4,0.5,1.79,Enrolled,1.0,1.0,0.0,0.6,-1.0,0,0,0,0
405,1,17,1,9500,1,1,142.0,1,37,37,5,5,131.3,1,0,0,1,0,0,19,0,0,8,8,7,14.73142857,0,0,8,8,7,14.73142857,0,10.8,1.4,1.74,Graduate,0.875,1.0,0.0,0.6444999999375001,-10.699999999999989,0,0,0,0
406,1,1,1,171,1,1,135.0,1,1,19,3,9,137.1,1,0,0,1,0,0,18,0,0,0,0,0,0.0,0,0,0,0,0,0.0,0,12.7,3.7,-1.7,Graduate,0.0,0.0,0.0,0.0,2.0999999999999943,1,0,0,0
407,1,7,1,9070,1,40,120.0,1,1,19,3,9,120.0,1,0,0,1,0,0,21,0,9,13,14,13,13.61538462,1,6,12,12,12,14.25,0,13.9,-0.3,0.79,Graduate,1.0,1.0769230769230769,0.07692307692307693,0.680769231,0.0,0,0,0,0
408,1,39,1,9991,0,40,140.0,1,1,19,9,9,139.0,0,0,0,1,0,0,27,0,0,5,5,5,15.8,0,0,5,5,5,14.8,0,8.9,1.4,3.51,Graduate,1.0,1.0,0.0,0.79,-1.0,0,0,0,1
409,1,17,1,9238,1,1,135.0,1,1,19,4,4,129.1,0,0,0,1,0,0,19,0,0,6,6,6,14.66666667,0,0,6,7,6,14.57142857,0,15.5,2.8,-4.06,Graduate,1.0,1.0,0.0,0.7333333335,-5.900000000000006,0,0,0,0
410,4,39,1,9085,1,1,133.1,1,34,34,0,0,128.2,0,0,0,1,0,0,25,0,0,5,5,0,0.0,0,0,5,5,0,0.0,0,7.6,2.6,0.32,Dropout,0.0,1.0,0.0,0.0,-4.900000000000006,0,0,0,1
411,1,1,2,9500,1,1,137.0,1,19,19,7,7,120.8,1,0,0,1,0,1,18,0,0,8,8,7,14.65428571,0,0,8,8,7,14.65428571,0,10.8,1.4,1.74,Graduate,0.875,1.0,0.0,0.6411249998124999,-16.200000000000003,0,0,0,0
412,1,39,1,9500,1,3,122.0,1,19,1,4,8,135.8,0,0,0,1,0,0,24,0,0,8,8,7,12.40142857,0,0,8,8,7,12.40142857,0,10.8,1.4,1.74,Graduate,0.875,1.0,0.0,0.5425624999374999,13.800000000000011,0,0,0,0
413,1,1,3,9500,1,1,128.0,1,1,1,4,10,118.9,1,0,0,1,0,0,20,0,0,7,8,7,11.5875,0,0,8,9,7,14.07142857,0,13.9,-0.3,0.79,Graduate,1.0,1.1428571428571428,0.0,0.579375,-9.099999999999994,0,0,0,0
414,1,7,1,9991,0,40,140.0,1,37,37,6,6,140.0,0,0,0,1,0,0,26,0,3,5,5,5,14.0,0,1,5,5,5,15.6,0,12.4,0.5,1.79,Graduate,1.0,1.0,0.0,0.7,0.0,0,0,0,1
415,1,1,1,9238,1,1,132.0,1,1,38,9,7,127.1,1,0,0,1,0,1,20,0,0,6,9,6,12.33333333,0,0,6,6,6,11.83333333,0,8.9,1.4,3.51,Graduate,1.0,1.5,0.0,0.6166666665,-4.900000000000006,0,0,0,0
416,1,1,1,9085,1,1,131.0,1,37,37,90,90,137.0,0,0,0,1,0,0,18,0,0,5,5,5,14.0,0,0,5,6,5,15.4,0,7.6,2.6,0.32,Graduate,1.0,1.0,0.0,0.7,6.0,0,0,0,0
417,1,1,1,9085,1,1,126.0,1,1,1,9,9,127.4,1,0,0,1,0,0,19,0,0,6,13,6,15.23076923,0,0,6,10,6,12.375,0,15.5,2.8,-4.06,Graduate,1.0,2.1666666666666665,0.0,0.7615384615,1.4000000000000057,0,0,0,0
418,1,1,1,9853,1,1,133.1,1,19,19,9,9,97.0,1,0,0,1,0,0,23,0,0,6,9,5,11.6,0,0,6,9,3,11.0,0,12.7,3.7,-1.7,Dropout,0.8333333333333334,1.5,0.0,0.48333333333333334,-36.099999999999994,0,0,0,0
419,1,1,4,9500,1,1,136.0,1,37,37,9,9,126.3,1,0,0,1,0,1,18,0,0,7,7,6,11.6,0,0,7,7,6,11.6,0,7.6,2.6,0.32,Graduate,0.8571428571428571,1.0,0.0,0.4971428571428571,-9.700000000000003,0,0,0,0
420,1,1,4,9500,1,1,140.0,1,1,19,4,5,127.5,0,0,0,1,0,0,18,0,0,7,0,0,0.0,0,0,8,0,0,0.0,0,12.7,3.7,-1.7,Dropout,0.0,0.0,0.0,0.0,-12.5,0,0,0,0
421,1,1,1,9500,1,1,135.0,1,2,1,2,8,126.6,0,0,0,1,0,1,19,0,0,7,7,7,12.90142857,0,0,8,9,8,13.09444444,0,11.1,0.6,2.02,Graduate,1.0,1.0,0.0,0.6450714285,-8.400000000000006,0,0,0,0
422,1,42,1,9991,0,1,160.0,1,1,2,4,3,120.0,0,0,0,1,0,0,30,0,4,7,9,7,14.14285714,0,1,5,5,5,14.8,0,7.6,2.6,0.32,Graduate,1.0,1.2857142857142858,0.0,0.707142857,-40.0,0,0,0,1
423,1,44,1,9085,1,39,140.0,1,1,2,4,6,140.0,1,0,0,1,0,0,29,0,0,6,0,0,0.0,0,0,6,0,0,0.0,0,15.5,2.8,-4.06,Dropout,0.0,0.0,0.0,0.0,0.0,0,0,0,1
424,1,1,6,9500,1,1,140.0,1,3,1,3,3,131.5,1,0,0,1,0,0,19,0,0,8,8,8,13.25375,0,0,8,8,8,13.25375,0,9.4,-0.8,-3.12,Graduate,1.0,1.0,0.0,0.6626875,-8.5,0,0,0,0
425,1,17,6,9556,1,1,115.0,1,19,2,5,3,112.2,1,0,0,1,0,0,20,0,0,7,7,7,13.78571429,0,0,8,8,8,14.1,0,12.4,0.5,1.79,Graduate,1.0,1.0,0.0,0.6892857145,-2.799999999999997,0,0,0,0
426,1,1,1,9500,1,1,144.0,1,37,37,9,3,150.5,0,0,0,1,0,0,20,0,0,7,7,6,13.91666667,0,0,7,7,6,13.91666667,0,7.6,2.6,0.32,Graduate,0.8571428571428571,1.0,0.0,0.5964285715714285,6.5,0,0,0,0
427,1,1,4,9670,1,1,128.0,1,38,38,3,7,121.0,1,0,0,1,0,0,19,0,0,6,8,6,13.5,0,0,6,9,6,13.57142857,0,11.1,0.6,2.02,Graduate,1.0,1.3333333333333333,0.0,0.675,-7.0,0,0,0,0
428,1,17,1,9147,1,1,116.0,1,38,2,9,2,112.2,1,0,0,1,0,0,20,0,0,5,8,3,11.33333333,0,0,5,12,2,10.66666667,0,10.8,1.4,1.74,Enrolled,0.6,1.6,0.0,0.33999999989999996,-3.799999999999997,0,0,0,0
429,3,1,2,9085,1,1,135.0,1,19,1,4,4,129.4,1,0,0,1,0,0,21,0,0,5,8,0,0.0,4,0,5,12,0,0.0,4,10.8,1.4,1.74,Dropout,0.0,1.6,0.8,0.0,-5.599999999999994,0,0,0,0
430,1,17,1,9670,1,1,121.0,1,19,38,4,10,114.4,0,0,0,1,0,0,19,0,0,6,10,5,11.5,0,0,6,9,4,14.6,0,11.1,0.6,2.02,Graduate,0.8333333333333334,1.6666666666666667,0.0,0.47916666666666663,-6.599999999999994,0,0,0,0
431,1,1,3,9500,1,1,134.0,1,37,38,9,9,120.3,1,0,0,1,0,1,18,0,0,8,8,7,12.08285714,0,0,8,8,7,12.08285714,0,10.8,1.4,1.74,Graduate,0.875,1.0,0.0,0.528624999875,-13.700000000000003,0,0,0,0
432,1,39,1,8014,0,1,120.0,1,37,37,7,8,120.0,0,0,0,1,0,1,27,0,0,6,8,6,11.83333333,0,0,6,10,5,12.8,0,15.5,2.8,-4.06,Graduate,1.0,1.3333333333333333,0.0,0.5916666665,0.0,0,0,0,1
433,1,17,2,9147,1,1,125.0,1,38,38,6,8,114.5,1,0,0,1,0,1,19,0,0,5,6,5,13.4,0,0,5,5,5,12.4,0,12.4,0.5,1.79,Graduate,1.0,1.2,0.0,0.67,-10.5,0,0,0,0
434,1,1,1,9500,1,1,141.0,1,1,1,90,3,127.8,0,0,0,1,0,1,19,0,0,7,7,0,0.0,2,0,7,7,0,0.0,2,7.6,2.6,0.32,Dropout,0.0,1.0,0.2857142857142857,0.0,-13.200000000000003,0,0,0,0
435,1,1,1,9773,1,1,140.0,1,1,19,4,8,124.6,1,0,0,1,0,0,19,0,0,6,7,5,14.2,0,0,6,7,6,14.57142857,0,15.5,2.8,-4.06,Graduate,0.8333333333333334,1.1666666666666667,0.0,0.5916666666666667,-15.400000000000006,0,0,0,0
436,1,1,6,9500,1,1,144.0,1,19,19,5,5,130.3,1,0,0,1,0,1,18,0,0,8,8,7,13.81428571,0,0,8,8,7,13.81428571,0,12.7,3.7,-1.7,Graduate,0.875,1.0,0.0,0.6043749998125,-13.699999999999989,0,0,0,0
437,1,17,1,9254,1,1,122.0,1,19,19,5,5,118.2,0,0,0,1,0,1,20,0,0,6,10,4,11.25,0,0,6,6,6,10.5,0,12.4,0.5,1.79,Enrolled,0.6666666666666666,1.6666666666666667,0.0,0.375,-3.799999999999997,0,0,0,0
438,1,1,1,9670,1,1,130.0,1,19,37,4,5,118.8,0,0,0,1,0,1,18,0,0,6,6,6,14.5,0,0,6,8,6,13.66666667,0,12.7,3.7,-1.7,Graduate,1.0,1.0,0.0,0.725,-11.200000000000003,0,0,0,0
439,1,1,5,9670,1,1,133.1,1,9,1,2,4,133.0,1,0,0,1,0,0,19,0,0,6,0,0,0.0,0,0,6,0,0,0.0,0,7.6,2.6,0.32,Dropout,0.0,0.0,0.0,0.0,-0.09999999999999432,0,0,0,0
440,2,39,1,9500,1,19,133.1,1,37,37,9,9,129.0,1,0,0,1,0,0,36,0,0,7,7,6,11.3,0,0,7,7,6,11.3,0,7.6,2.6,0.32,Graduate,0.8571428571428571,1.0,0.0,0.4842857142857143,-4.099999999999994,0,0,0,1
441,1,43,1,9556,1,1,147.0,1,3,4,3,2,100.0,0,0,0,1,0,0,18,0,0,2,2,0,0.0,0,0,4,4,1,16.0,0,10.8,1.4,1.74,Enrolled,0.0,1.0,0.0,0.0,-47.0,0,0,0,0
442,1,43,1,9130,1,1,127.0,1,19,38,4,5,120.7,1,0,1,1,0,0,18,0,0,5,11,1,12.0,0,0,5,9,3,12.0,0,12.7,3.7,-1.7,Enrolled,0.2,2.2,0.0,0.12,-6.299999999999997,0,0,1,0
443,1,17,6,9500,1,1,136.0,1,19,38,9,3,132.5,1,0,0,1,0,0,19,0,0,8,9,7,12.3,0,0,8,9,7,12.3,0,12.7,3.7,-1.7,Graduate,0.875,1.125,0.0,0.538125,-3.5,0,0,0,0
444,1,1,5,9500,1,1,127.0,1,19,19,7,8,120.3,1,0,0,1,0,1,18,0,0,8,8,7,12.69428571,0,0,8,8,7,12.69428571,0,10.8,1.4,1.74,Graduate,0.875,1.0,0.0,0.5553749998125,-6.700000000000003,0,0,0,0
445,1,17,1,9670,1,1,123.0,1,19,19,1,1,114.6,0,0,0,1,0,0,18,0,0,5,5,4,11.0,0,0,5,5,4,11.0,0,9.4,-0.8,-3.12,Graduate,0.8,1.0,0.0,0.44000000000000006,-8.400000000000006,0,0,0,0
446,1,1,1,9238,1,1,128.0,1,37,19,9,3,116.5,1,0,0,1,0,1,19,0,0,6,6,6,13.0,0,0,6,6,6,14.16666667,0,12.4,0.5,1.79,Graduate,1.0,1.0,0.0,0.65,-11.5,0,0,0,0
447,1,1,1,9500,1,1,128.0,1,3,1,2,1,127.8,0,0,0,1,0,1,19,0,0,7,8,7,14.4125,0,0,8,8,8,16.05,0,13.9,-0.3,0.79,Graduate,1.0,1.1428571428571428,0.0,0.720625,-0.20000000000000284,0,0,0,0
448,1,1,2,9500,1,1,140.0,1,1,19,7,7,129.9,1,0,0,1,0,0,18,0,0,7,8,7,12.92875,0,0,8,8,8,14.0625,0,15.5,2.8,-4.06,Dropout,1.0,1.1428571428571428,0.0,0.6464375,-10.099999999999994,0,0,0,0
449,1,1,2,9773,1,1,121.0,1,1,19,9,7,118.9,1,0,0,1,0,0,20,0,0,6,6,6,13.33333333,0,0,6,10,5,12.8,0,11.1,0.6,2.02,Graduate,1.0,1.0,0.0,0.6666666665000001,-2.0999999999999943,0,0,0,0
450,1,1,3,9254,1,1,122.0,1,19,38,3,10,114.3,1,0,0,1,0,1,20,0,0,6,8,5,12.8,0,0,6,9,5,12.8,0,12.4,0.5,1.79,Enrolled,0.8333333333333334,1.3333333333333333,0.0,0.5333333333333333,-7.700000000000003,0,0,0,0
451,1,18,1,9500,1,1,126.0,1,38,37,5,5,114.8,1,0,0,1,0,0,20,0,0,8,8,7,14.40285714,0,0,8,8,7,14.40285714,0,10.8,1.4,1.74,Graduate,0.875,1.0,0.0,0.630124999875,-11.200000000000003,0,0,0,0
452,1,1,4,9500,1,1,135.0,1,37,37,9,8,123.0,1,0,0,1,0,1,18,0,0,8,8,7,13.38142857,0,0,8,8,7,13.38142857,0,10.8,1.4,1.74,Graduate,0.875,1.0,0.0,0.5854374999375,-12.0,0,0,0,0
453,1,1,2,9500,1,1,131.0,1,19,19,7,5,122.1,1,0,0,1,0,0,18,0,0,7,8,7,14.13125,0,0,8,8,8,13.98375,0,15.5,2.8,-4.06,Graduate,1.0,1.1428571428571428,0.0,0.7065625,-8.900000000000006,0,0,0,0
454,1,17,4,9085,1,1,140.0,1,19,37,4,7,123.7,0,0,0,1,0,0,19,0,0,5,11,5,11.71428571,2,0,5,6,5,12.6,0,9.4,-0.8,-3.12,Graduate,1.0,2.2,0.4,0.5857142855,-16.299999999999997,0,0,0,0
455,1,1,3,9147,1,1,131.0,1,19,38,9,7,132.4,1,0,0,1,0,0,19,0,0,5,5,5,11.8,0,0,5,8,4,11.25,0,9.4,-0.8,-3.12,Enrolled,1.0,1.0,0.0,0.5900000000000001,1.4000000000000057,0,0,0,0
456,2,39,1,8014,0,1,130.0,1,34,34,Unknown/not stated,Unknown/not stated,114.8,0,0,0,1,0,0,44,0,0,6,9,6,11.16666667,0,1,6,15,2,11.0,1,7.6,2.6,0.32,Graduate,1.0,1.5,0.0,0.5583333335,-15.200000000000003,0,0,0,1
457,1,7,1,9003,1,3,130.0,1,38,37,5,6,130.0,0,0,0,1,0,0,32,0,0,6,7,0,0.0,0,0,6,6,0,0.0,0,12.4,0.5,1.79,Dropout,0.0,1.1666666666666667,0.0,0.0,0.0,0,0,0,1
458,1,43,1,9853,1,1,140.0,1,37,19,9,8,122.3,0,0,0,1,0,0,22,0,0,6,9,5,13.6,0,0,6,8,5,12.0,0,12.7,3.7,-1.7,Dropout,0.8333333333333334,1.5,0.0,0.5666666666666667,-17.700000000000003,0,0,0,0
459,2,39,1,9003,1,1,130.0,1,1,19,4,9,152.4,1,0,0,1,0,0,36,0,4,12,14,12,13.84615385,0,5,12,18,11,14.09090909,0,8.9,1.4,3.51,Graduate,1.0,1.1666666666666667,0.0,0.6923076925,22.400000000000006,0,0,0,1
460,1,17,1,9773,1,1,125.0,1,37,37,5,7,120.1,0,0,0,1,0,1,18,0,0,6,7,6,12.5,0,0,6,8,6,13.33333333,0,16.2,0.3,-0.92,Graduate,1.0,1.1666666666666667,0.0,0.625,-4.900000000000006,0,0,0,0
461,1,1,1,9130,1,1,160.0,1,3,3,3,2,155.1,1,0,0,1,0,0,20,0,0,5,5,5,16.4,0,0,5,5,5,14.6,0,12.7,3.7,-1.7,Graduate,1.0,1.0,0.0,0.82,-4.900000000000006,0,0,0,0
462,1,51,1,9070,1,1,130.0,1,19,19,5,7,124.5,0,0,0,1,0,1,20,0,5,11,11,11,13.81818182,0,5,11,11,11,13.45454545,0,11.1,0.6,2.02,Graduate,1.0,1.0,0.0,0.690909091,-5.5,0,0,0,0
463,1,17,1,9238,1,1,144.0,1,3,1,2,3,126.9,0,0,0,1,0,0,19,0,0,6,8,5,10.6,0,0,6,11,4,10.5,0,15.5,2.8,-4.06,Graduate,0.8333333333333334,1.3333333333333333,0.0,0.4416666666666667,-17.099999999999994,0,0,0,0
464,1,39,1,9147,1,19,133.1,1,3,1,3,5,153.2,1,0,1,1,0,0,24,0,0,5,8,5,10.2,0,0,5,6,5,12.2,0,12.4,0.5,1.79,Graduate,1.0,1.6,0.0,0.51,20.099999999999994,0,0,1,0
465,1,17,1,9238,1,1,148.0,1,1,1,4,9,129.8,0,0,0,1,0,0,20,0,0,6,11,5,10.6,0,0,6,11,4,10.4,0,15.5,2.8,-4.06,Enrolled,0.8333333333333334,1.8333333333333333,0.0,0.4416666666666667,-18.19999999999999,0,0,0,0
466,1,43,1,8014,0,1,133.1,1,3,3,2,3,135.0,0,0,0,1,0,0,27,0,7,10,10,9,11.44444444,0,4,11,11,5,10.8,0,10.8,1.4,1.74,Dropout,0.9,1.0,0.0,0.5149999998,1.9000000000000057,0,0,0,1
467,1,1,1,9853,1,1,133.0,1,1,38,5,10,131.3,1,0,0,1,0,0,20,0,0,6,9,5,14.33333333,0,4,8,8,8,12.625,0,15.5,2.8,-4.06,Enrolled,0.8333333333333334,1.5,0.0,0.5972222220833333,-1.6999999999999886,0,0,0,0
468,1,43,6,9238,1,1,129.0,1,34,34,0,0,125.2,0,0,0,1,0,1,23,0,15,16,18,16,13.0,0,11,13,15,13,13.26666667,0,9.4,-0.8,-3.12,Graduate,1.0,1.125,0.0,0.65,-3.799999999999997,0,0,0,0
469,1,1,5,9500,1,1,144.0,1,19,38,4,8,141.3,1,0,0,1,0,1,18,0,0,8,9,8,13.31,1,0,8,9,8,13.31,1,9.4,-0.8,-3.12,Graduate,1.0,1.125,0.125,0.6655,-2.6999999999999886,0,0,0,0
470,1,17,1,9238,1,1,120.0,1,37,37,4,9,117.1,1,0,0,1,0,1,18,0,0,6,10,5,10.57142857,1,0,6,9,5,12.2,0,12.7,3.7,-1.7,Graduate,0.8333333333333334,1.6666666666666667,0.16666666666666666,0.44047619041666675,-2.9000000000000057,0,0,0,0
471,1,17,3,9500,1,1,144.0,1,1,37,9,9,126.5,1,0,0,1,0,1,20,0,0,8,8,7,13.48714286,0,0,8,8,7,13.48714286,0,10.8,1.4,1.74,Graduate,0.875,1.0,0.0,0.5900625001250001,-17.5,0,0,0,0
472,1,1,1,9254,1,1,132.0,1,19,38,9,7,120.1,0,0,0,1,0,1,20,0,0,6,6,6,12.33333333,0,0,6,7,6,11.83333333,0,13.9,-0.3,0.79,Graduate,1.0,1.0,0.0,0.6166666665,-11.900000000000006,0,0,0,0
473,1,1,1,9670,1,1,142.0,1,38,19,7,10,128.4,0,0,0,1,0,0,23,0,0,6,11,6,11.875,0,0,6,9,5,12.83333333,0,11.1,0.6,2.02,Dropout,1.0,1.8333333333333333,0.0,0.59375,-13.599999999999994,0,0,0,0
474,1,1,2,9500,1,1,136.0,1,19,19,9,9,140.0,1,0,0,1,0,0,20,0,0,7,7,6,13.96666667,0,0,7,7,6,13.96666667,0,7.6,2.6,0.32,Graduate,0.8571428571428571,1.0,0.0,0.5985714287142857,4.0,0,0,0,0
475,1,39,1,9254,1,9,133.1,1,34,34,0,0,110.0,1,0,0,0,0,0,28,0,0,5,10,0,0.0,0,0,5,10,0,0.0,0,7.6,2.6,0.32,Dropout,0.0,2.0,0.0,0.0,-23.099999999999994,0,0,1,1
476,1,1,1,9670,1,1,122.0,1,1,19,3,5,116.8,1,0,0,1,0,0,21,0,0,5,8,4,11.5,0,0,5,5,5,12.8,0,7.6,2.6,0.32,Graduate,0.8,1.6,0.0,0.45999999999999996,-5.200000000000003,0,0,0,0
477,1,1,2,9556,1,1,133.1,1,19,19,9,9,104.5,1,0,0,1,0,0,21,0,0,2,2,2,12.5,0,0,7,0,0,0.0,0,12.4,0.5,1.79,Dropout,1.0,1.0,0.0,0.625,-28.599999999999994,0,0,0,0
478,1,7,1,9500,1,3,140.0,1,34,34,0,0,140.0,0,0,0,1,0,0,28,0,0,7,0,0,0.0,0,0,8,0,0,0.0,0,7.6,2.6,0.32,Dropout,0.0,0.0,0.0,0.0,0.0,0,0,0,1
479,1,1,1,9500,1,1,117.0,1,3,1,3,3,113.2,0,1,0,1,0,0,18,0,0,7,10,6,11.98,0,0,8,11,7,13.225,0,16.2,0.3,-0.92,Graduate,0.8571428571428571,1.4285714285714286,0.0,0.5134285714285713,-3.799999999999997,0,0,0,0
480,1,17,1,9238,1,1,128.0,1,38,19,191,175,118.6,1,0,0,1,0,1,21,0,0,6,8,5,13.2,0,0,6,7,5,11.8,0,8.9,1.4,3.51,Enrolled,0.8333333333333334,1.3333333333333333,0.0,0.5499999999999999,-9.400000000000006,0,0,0,0
481,1,1,1,9500,1,1,136.0,1,1,1,4,4,123.8,0,0,0,1,0,0,19,0,0,7,10,6,11.61428571,0,0,8,8,8,14.0375,0,13.9,-0.3,0.79,Graduate,0.8571428571428571,1.4285714285714286,0.0,0.4977551018571429,-12.200000000000003,0,0,0,0
482,1,18,6,9500,1,1,141.0,1,1,19,1,1,126.7,1,0,0,1,0,1,18,0,0,8,8,7,14.31428571,0,0,8,8,7,14.31428571,0,12.7,3.7,-1.7,Graduate,0.875,1.0,0.0,0.6262499998125001,-14.299999999999997,0,0,0,0
483,1,1,3,9500,1,1,130.0,1,3,1,2,5,133.8,0,0,0,1,0,0,19,0,0,7,0,0,0.0,0,0,8,0,0,0.0,0,7.6,2.6,0.32,Dropout,0.0,0.0,0.0,0.0,3.8000000000000114,0,0,0,0
484,1,44,1,9085,1,39,140.0,1,38,38,9,7,140.0,0,0,0,1,0,0,20,0,2,6,9,6,12.66666667,0,1,6,12,2,13.0,0,13.9,-0.3,0.79,Enrolled,1.0,1.5,0.0,0.6333333335,0.0,0,0,0,0
485,1,1,3,9500,1,1,102.0,1,1,19,9,5,100.6,1,0,0,1,0,1,20,0,0,7,9,6,12.76666667,0,0,8,10,7,12.12857143,0,12.4,0.5,1.79,Graduate,0.8571428571428571,1.2857142857142858,0.0,0.5471428572857142,-1.4000000000000057,0,0,0,0
486,1,17,1,9853,1,1,126.0,1,1,37,7,9,132.7,0,0,0,1,0,1,18,0,0,6,7,6,12.66666667,0,0,6,7,5,12.2,0,10.8,1.4,1.74,Graduate,1.0,1.1666666666666667,0.0,0.6333333335,6.699999999999989,0,0,0,0
487,1,43,2,9670,1,1,125.0,1,38,19,4,3,106.6,1,0,0,1,0,0,20,0,4,6,7,6,11.5,0,0,6,10,4,10.57142857,0,10.8,1.4,1.74,Dropout,1.0,1.1666666666666667,0.0,0.575,-18.400000000000006,0,0,0,0
488,1,39,1,9670,1,1,120.0,1,1,19,5,4,140.4,0,0,0,1,0,0,31,0,2,6,13,5,11.4,0,0,6,14,4,11.75,0,13.9,-0.3,0.79,Dropout,0.8333333333333334,2.1666666666666665,0.0,0.4750000000000001,20.400000000000006,0,0,0,1
489,1,17,3,9500,1,1,132.0,1,37,37,9,7,128.3,1,0,0,1,0,1,19,0,0,7,8,7,14.70625,0,0,8,8,8,14.4775,0,15.5,2.8,-4.06,Graduate,1.0,1.1428571428571428,0.0,0.7353125,-3.6999999999999886,0,0,0,0
490,1,1,3,9500,1,1,128.0,1,38,38,5,5,118.6,1,0,0,1,0,1,19,0,0,7,9,6,11.81428571,0,0,8,8,7,13.54285714,0,13.9,-0.3,0.79,Graduate,0.8571428571428571,1.2857142857142858,0.0,0.5063265304285715,-9.400000000000006,0,0,0,0
491,1,1,1,9070,1,1,115.0,1,19,1,3,8,123.4,0,0,0,1,0,0,23,0,1,6,8,6,13.0,1,0,6,8,6,11.875,0,13.9,-0.3,0.79,Graduate,1.0,1.3333333333333333,0.16666666666666666,0.65,8.400000000000006,0,0,0,0
492,1,1,1,9670,1,1,125.0,1,37,37,5,5,124.0,0,0,0,1,0,0,19,0,0,6,7,6,14.85714286,0,0,6,6,6,13.33333333,0,12.4,0.5,1.79,Graduate,1.0,1.1666666666666667,0.0,0.7428571429999999,-1.0,0,0,0,0
493,1,1,6,9500,1,1,137.0,1,1,3,3,2,121.3,1,0,0,1,0,0,20,0,0,7,7,6,12.6,0,0,7,7,6,12.6,0,7.6,2.6,0.32,Graduate,0.8571428571428571,1.0,0.0,0.5399999999999999,-15.700000000000003,0,0,0,0
494,1,1,1,9085,1,1,101.0,1,37,37,9,4,101.0,1,0,1,1,0,0,22,0,0,6,9,5,13.33333333,0,0,6,17,4,11.4,0,12.4,0.5,1.79,Enrolled,0.8333333333333334,1.5,0.0,0.5555555554166668,0.0,0,0,1,0
495,1,1,1,9853,1,1,126.0,1,3,1,2,5,116.9,1,1,0,1,0,0,18,0,0,7,10,6,10.66666667,0,0,7,12,6,12.83333333,0,13.9,-0.3,0.79,Enrolled,0.8571428571428571,1.4285714285714286,0.0,0.45714285728571424,-9.099999999999994,0,0,0,0
496,1,7,3,9130,1,3,130.0,1,19,37,90,5,130.0,0,0,1,0,0,0,27,0,1,5,6,2,11.5,0,0,5,5,1,11.0,0,12.7,3.7,-1.7,Dropout,0.4,1.2,0.0,0.22999999999999998,0.0,0,0,1,1
497,1,39,1,9556,1,19,100.0,1,37,38,9,9,120.0,0,0,0,1,0,0,29,0,0,7,9,1,10.0,0,0,7,0,0,0.0,0,12.7,3.7,-1.7,Dropout,0.14285714285714285,1.2857142857142858,0.0,0.07142857142857142,20.0,0,0,0,1
498,1,17,1,9254,1,1,122.0,1,1,19,4,3,130.4,1,0,0,1,0,0,18,0,0,6,10,5,11.8,0,0,6,10,5,12.2,0,11.1,0.6,2.02,Graduate,0.8333333333333334,1.6666666666666667,0.0,0.49166666666666675,8.400000000000006,0,0,0,0
499,1,17,1,9070,1,1,126.0,1,19,38,9,7,118.7,0,0,0,1,0,0,18,0,0,6,7,5,11.8,0,0,6,6,6,12.66666667,0,16.2,0.3,-0.92,Graduate,0.8333333333333334,1.1666666666666667,0.0,0.49166666666666675,-7.299999999999997,0,0,0,0
500,1,17,1,9500,1,1,128.0,1,38,38,7,7,131.5,0,0,0,1,0,0,18,0,0,8,8,8,12.77125,0,0,8,8,8,12.77125,0,9.4,-0.8,-3.12,Graduate,1.0,1.0,0.0,0.6385625,3.5,0,0,0,0
501,1,17,3,9085,1,1,134.0,1,37,38,9,9,120.4,1,0,0,1,0,0,20,0,0,5,13,3,11.33333333,2,0,5,8,5,12.6,0,9.4,-0.8,-3.12,Enrolled,0.6,2.6,0.4,0.33999999989999996,-13.599999999999994,0,0,0,0
502,1,17,2,9254,1,1,128.0,1,38,38,9,9,129.1,1,0,0,1,0,0,18,0,0,6,6,6,12.66666667,0,0,6,7,5,14.6,0,11.1,0.6,2.02,Graduate,1.0,1.0,0.0,0.6333333335,1.0999999999999943,0,0,0,0
503,1,1,1,9070,1,1,125.0,1,1,1,4,4,132.0,0,0,0,0,0,0,18,0,1,6,10,5,12.2,1,0,6,11,4,10.83333333,0,13.9,-0.3,0.79,Enrolled,0.8333333333333334,1.6666666666666667,0.16666666666666666,0.5083333333333333,7.0,0,0,1,0
504,1,7,2,9085,1,3,130.0,1,3,3,1,1,130.0,0,0,0,0,0,0,28,0,0,5,9,1,12.0,1,0,4,10,0,0.0,4,10.8,1.4,1.74,Dropout,0.2,1.8,0.2,0.12,0.0,0,0,1,1
505,1,1,2,9500,1,1,135.0,1,37,1,7,7,132.8,1,0,0,1,0,1,18,0,0,8,12,7,11.72142857,0,0,8,12,7,11.72142857,0,12.7,3.7,-1.7,Graduate,0.875,1.5,0.0,0.5128124999375,-2.1999999999999886,0,0,0,0
506,1,39,1,9500,1,19,133.1,1,37,38,151,161,143.7,0,0,0,1,0,0,27,0,0,7,12,4,14.0,0,0,7,14,3,12.525,0,12.4,0.5,1.79,Enrolled,0.5714285714285714,1.7142857142857142,0.0,0.39999999999999997,10.599999999999994,0,0,0,1
507,1,39,1,33,1,1,140.0,1,3,1,2,4,152.8,0,0,0,1,0,0,26,0,0,7,9,7,14.75,0,0,7,12,5,13.8,3,16.2,0.3,-0.92,Enrolled,1.0,1.2857142857142858,0.0,0.7375,12.800000000000011,0,0,0,1
508,1,1,2,9773,1,1,138.0,1,19,1,9,3,133.5,1,0,0,1,0,0,18,0,0,6,6,6,12.66666667,0,0,6,6,6,13.66666667,0,12.7,3.7,-1.7,Graduate,1.0,1.0,0.0,0.6333333335,-4.5,0,0,0,0
509,1,1,1,9130,1,1,150.0,1,5,5,2,2,146.2,0,0,0,1,0,0,18,0,0,5,12,4,13.0,2,0,5,6,5,14.0,0,9.4,-0.8,-3.12,Dropout,0.8,2.4,0.4,0.52,-3.8000000000000114,0,0,0,0
510,1,1,2,9147,1,1,125.0,1,1,19,4,6,115.2,0,1,0,1,0,0,21,0,0,5,6,0,0.0,0,0,5,5,0,0.0,0,15.5,2.8,-4.06,Dropout,0.0,1.2,0.0,0.0,-9.799999999999997,0,0,0,0
511,1,1,2,9070,1,1,121.0,1,4,1,2,3,120.7,1,0,0,1,0,0,18,0,0,6,8,4,10.75,0,0,6,9,0,0.0,0,9.4,-0.8,-3.12,Enrolled,0.6666666666666666,1.3333333333333333,0.0,0.3583333333333333,-0.29999999999999716,0,0,0,0
512,2,39,1,8014,0,1,120.0,1,34,34,Unknown/not stated,Unknown/not stated,101.8,0,0,0,0,0,0,32,0,0,5,5,0,0.0,0,0,5,10,0,0.0,0,10.8,1.4,1.74,Dropout,0.0,1.0,0.0,0.0,-18.200000000000003,0,0,1,1
513,1,39,2,9670,1,1,140.0,1,34,34,0,0,100.0,0,0,0,1,0,0,28,0,0,5,6,4,12.5,0,0,5,7,4,11.75,0,7.6,2.6,0.32,Graduate,0.8,1.2,0.0,0.5,-40.0,0,0,0,1
514,1,39,1,9991,0,1,100.0,1,37,19,9,2,121.9,0,0,0,0,0,0,40,0,0,4,4,0,0.0,0,0,5,0,0,0.0,0,12.7,3.7,-1.7,Dropout,0.0,1.0,0.0,0.0,21.900000000000006,0,0,1,1
515,2,18,2,8014,0,1,140.0,1,37,37,9,10,120.4,0,0,1,0,0,0,39,0,0,5,5,0,0.0,0,0,4,4,0,0.0,0,9.4,-0.8,-3.12,Dropout,0.0,1.0,0.0,0.0,-19.599999999999994,0,0,1,1
516,2,18,2,9238,1,1,140.0,1,37,37,9,10,120.4,0,0,1,0,0,0,39,0,0,6,0,0,0.0,0,0,6,0,0,0.0,0,9.4,-0.8,-3.12,Dropout,0.0,0.0,0.0,0.0,-19.599999999999994,0,0,1,1
517,2,39,1,9003,1,1,120.0,1,37,19,9,4,148.8,0,0,0,1,0,0,50,0,0,6,7,6,12.5,0,0,6,15,5,12.4,0,8.9,1.4,3.51,Graduate,1.0,1.1666666666666667,0.0,0.625,28.80000000000001,0,0,0,1
518,1,17,2,9853,1,1,138.0,1,1,1,9,4,123.0,1,0,0,1,0,0,23,0,0,6,10,5,12.8,0,0,6,9,3,11.66666667,0,10.8,1.4,1.74,Dropout,0.8333333333333334,1.6666666666666667,0.0,0.5333333333333333,-15.0,0,0,0,0
519,4,39,1,8014,0,19,133.1,1,34,34,0,0,100.0,0,0,0,1,0,0,48,0,0,6,11,1,10.0,0,0,6,11,1,11.0,0,9.4,-0.8,-3.12,Dropout,0.16666666666666666,1.8333333333333333,0.0,0.08333333333333333,-33.099999999999994,0,0,0,1
520,1,17,2,9853,1,1,118.0,1,37,37,9,9,112.1,1,0,0,1,0,0,23,0,0,6,11,4,11.25,0,0,6,10,5,10.2,0,7.6,2.6,0.32,Dropout,0.6666666666666666,1.8333333333333333,0.0,0.375,-5.900000000000006,0,0,0,0
521,1,1,6,9500,1,1,135.0,1,37,1,5,5,126.8,1,0,0,1,0,1,18,0,0,8,8,7,12.61,0,0,8,8,7,12.61,0,10.8,1.4,1.74,Graduate,0.875,1.0,0.0,0.5516875,-8.200000000000003,0,0,0,0
522,1,17,1,9130,1,1,130.0,1,3,19,2,9,115.9,0,0,0,1,0,0,18,0,0,5,14,2,12.0,2,0,5,6,5,12.6,0,9.4,-0.8,-3.12,Graduate,0.4,2.8,0.4,0.24,-14.099999999999994,0,0,0,0
523,1,15,1,9238,1,1,150.0,26,3,37,2,8,132.5,1,0,0,0,0,0,20,1,0,6,9,5,13.0,0,0,6,7,6,13.5,0,13.9,-0.3,0.79,Graduate,0.8333333333333334,1.5,0.0,0.5416666666666667,-17.5,0,0,1,0
524,1,18,3,9085,1,1,149.0,103,1,1,9,9,132.2,1,0,0,1,0,1,18,1,0,5,9,4,12.0,0,0,5,8,5,13.0,0,10.8,1.4,1.74,Graduate,0.8,1.8,0.0,0.48,-16.80000000000001,0,0,0,0
525,1,1,1,9556,1,1,180.0,103,5,3,1,1,183.5,1,0,0,1,0,0,18,1,0,7,8,4,12.0,0,0,8,8,0,0.0,0,16.2,0.3,-0.92,Dropout,0.5714285714285714,1.1428571428571428,0.0,0.3428571428571428,3.5,0,0,0,0
526,1,43,1,9119,1,1,133.1,1,1,1,9,3,136.0,0,0,0,1,1,0,31,0,0,5,12,1,12.0,0,0,5,9,1,11.0,4,16.2,0.3,-0.92,Dropout,0.2,2.4,0.0,0.12,2.9000000000000057,0,0,0,1
527,1,39,1,9119,1,19,133.1,1,19,19,5,3,100.9,1,0,0,1,1,0,24,0,0,5,9,1,12.0,0,0,5,6,3,10.5,0,10.8,1.4,1.74,Enrolled,0.2,1.8,0.0,0.12,-32.19999999999999,0,0,0,0
528,1,39,1,171,1,1,145.0,1,3,1,2,10,114.5,1,0,0,1,1,0,24,0,0,0,0,0,0.0,0,0,0,0,0,0.0,0,9.4,-0.8,-3.12,Graduate,0.0,0.0,0.0,0.0,-30.5,1,0,0,0
529,1,39,1,9147,1,1,110.0,1,37,37,9,9,110.3,0,0,1,0,1,0,26,0,0,5,5,0,0.0,0,0,5,9,0,0.0,0,10.8,1.4,1.74,Dropout,0.0,1.0,0.0,0.0,0.29999999999999716,0,0,1,1
530,1,1,1,9130,1,1,154.0,1,3,3,2,2,137.2,1,0,1,1,1,0,18,0,0,6,11,5,13.625,0,0,6,9,4,11.75,0,16.2,0.3,-0.92,Dropout,0.8333333333333334,1.8333333333333333,0.0,0.5677083333333334,-16.80000000000001,0,0,1,0
531,1,17,1,9147,1,1,126.0,1,37,37,4,7,116.9,0,0,0,1,1,1,19,0,0,5,12,3,11.66666667,0,0,5,10,3,11.66666667,0,12.7,3.7,-1.7,Enrolled,0.6,2.4,0.0,0.35000000009999993,-9.099999999999994,0,0,0,0
532,1,17,1,9670,1,1,133.0,1,19,37,9,8,121.8,1,0,0,1,1,0,22,0,0,6,0,0,0.0,0,0,6,0,0,0.0,0,13.9,-0.3,0.79,Dropout,0.0,0.0,0.0,0.0,-11.200000000000003,0,0,0,0
533,1,1,2,9500,1,1,145.0,1,4,2,2,3,127.3,1,0,0,1,1,0,18,0,0,8,8,7,11.69,0,0,8,8,7,11.69,0,10.8,1.4,1.74,Graduate,0.875,1.0,0.0,0.5114375,-17.700000000000003,0,0,0,0
534,1,44,1,9070,1,39,120.0,1,1,19,4,7,120.0,0,0,1,0,1,0,20,0,0,6,11,0,0.0,6,0,6,12,0,0.0,12,16.2,0.3,-0.92,Dropout,0.0,1.8333333333333333,1.0,0.0,0.0,0,0,1,0
535,1,44,1,171,1,39,150.0,1,4,4,2,2,150.0,0,0,0,1,1,0,25,0,0,0,0,0,0.0,0,0,0,0,0,0.0,0,15.5,2.8,-4.06,Graduate,0.0,0.0,0.0,0.0,0.0,1,0,0,1
536,1,43,1,9991,0,1,150.0,1,3,3,4,4,100.0,1,0,0,1,1,0,24,0,0,5,10,4,11.5,0,0,5,11,5,11.28571429,0,13.9,-0.3,0.79,Graduate,0.8,2.0,0.0,0.45999999999999996,-50.0,0,0,0,0
537,1,39,1,9119,1,1,150.0,1,3,3,4,4,150.0,1,0,0,1,1,0,27,0,0,5,10,1,14.0,0,0,5,0,0,0.0,0,8.9,1.4,3.51,Dropout,0.2,2.0,0.0,0.13999999999999999,0.0,0,0,0,1
538,1,17,1,9254,1,1,127.0,1,3,19,4,4,116.9,0,0,0,1,1,0,21,0,0,6,7,5,11.0,0,0,6,7,5,12.4,0,15.5,2.8,-4.06,Graduate,0.8333333333333334,1.1666666666666667,0.0,0.45833333333333337,-10.099999999999994,0,0,0,0
539,1,44,1,9003,1,39,140.0,1,19,38,3,9,140.0,1,0,0,1,1,0,21,0,0,6,7,6,12.85714286,0,0,6,6,6,13.16666667,0,12.4,0.5,1.79,Graduate,1.0,1.1666666666666667,0.0,0.642857143,0.0,0,0,0,0
540,1,18,3,9773,1,1,128.0,1,19,1,9,9,122.1,1,0,0,1,1,0,19,0,0,6,9,4,12.5,0,0,6,6,6,11.33333333,0,10.8,1.4,1.74,Dropout,0.6666666666666666,1.5,0.0,0.41666666666666663,-5.900000000000006,0,0,0,0
541,1,39,1,9500,1,1,127.0,1,19,19,5,5,160.0,0,0,0,1,1,0,28,0,0,7,7,7,14.52857143,0,0,8,11,8,15.01818182,0,16.2,0.3,-0.92,Graduate,1.0,1.0,0.0,0.7264285715,33.0,0,0,0,1
542,1,1,1,9147,1,1,117.0,1,19,19,5,7,118.4,0,0,0,1,1,0,20,0,0,5,8,5,10.0,0,0,5,10,2,12.0,0,7.6,2.6,0.32,Enrolled,1.0,1.6,0.0,0.5,1.4000000000000057,0,0,0,0
543,1,44,1,9003,1,39,150.0,1,1,19,4,10,150.0,0,0,0,1,1,1,21,0,0,6,8,6,13.0,0,0,6,10,6,12.625,0,15.5,2.8,-4.06,Graduate,1.0,1.3333333333333333,0.0,0.65,0.0,0,0,0,0
544,1,1,1,9500,1,1,154.0,1,1,1,5,3,144.9,0,0,0,1,1,1,18,0,0,7,7,7,15.95714286,0,0,8,9,8,15.18888889,0,16.2,0.3,-0.92,Graduate,1.0,1.0,0.0,0.797857143,-9.099999999999994,0,0,0,0
545,1,17,2,9119,1,1,127.0,1,19,1,9,10,121.1,1,0,0,1,1,1,18,0,0,5,6,5,13.2,0,0,5,8,5,12.6,0,8.9,1.4,3.51,Enrolled,1.0,1.2,0.0,0.6599999999999999,-5.900000000000006,0,0,0,0
546,1,1,2,9147,1,1,133.0,1,19,1,5,10,121.8,0,0,0,1,1,0,20,0,0,5,9,4,10.2,0,0,5,6,3,11.0,0,15.5,2.8,-4.06,Enrolled,0.8,1.8,0.0,0.40800000000000003,-11.200000000000003,0,0,0,0
547,1,39,1,9119,1,40,120.0,1,1,1,5,10,146.8,0,0,0,1,1,0,25,0,2,5,6,5,14.2,0,1,5,5,2,13.5,0,16.2,0.3,-0.92,Enrolled,1.0,1.2,0.0,0.71,26.80000000000001,0,0,0,1
548,1,1,1,9670,1,1,133.1,1,38,19,5,6,138.0,0,0,1,1,1,0,22,0,0,6,8,6,12.625,0,0,6,11,2,14.5,0,11.1,0.6,2.02,Enrolled,1.0,1.3333333333333333,0.0,0.63125,4.900000000000006,0,0,1,0
549,1,1,1,9500,1,1,149.0,1,37,37,9,9,138.0,0,0,0,1,1,0,18,0,0,8,11,6,13.49666667,1,0,8,11,6,13.49666667,1,9.4,-0.8,-3.12,Enrolled,0.75,1.375,0.125,0.506125000125,-11.0,0,0,0,0
550,1,17,2,9147,1,1,125.0,1,19,38,9,7,116.3,1,0,0,1,1,0,19,0,0,5,8,5,13.25,0,0,5,8,5,11.0,0,13.9,-0.3,0.79,Graduate,1.0,1.6,0.0,0.6625,-8.700000000000003,0,0,0,0
551,1,1,5,9119,1,1,126.0,1,12,19,4,5,122.5,1,0,0,1,1,0,19,0,0,5,12,3,12.0,0,0,5,10,3,12.0,0,12.4,0.5,1.79,Dropout,0.6,2.4,0.0,0.36,-3.5,0,0,0,0
552,1,39,1,9773,1,19,133.1,1,19,1,7,9,115.0,1,0,1,0,1,0,25,0,0,6,10,4,13.0,0,0,6,9,4,13.75,0,12.7,3.7,-1.7,Dropout,0.6666666666666666,1.6666666666666667,0.0,0.43333333333333335,-18.099999999999994,0,0,1,1
553,1,43,1,9070,1,1,115.0,1,12,12,1,10,115.0,0,0,1,1,1,0,21,0,5,11,12,9,11.77777778,0,3,8,11,3,13.66666667,0,15.5,2.8,-4.06,Dropout,0.8181818181818182,1.0909090909090908,0.0,0.48181818190909087,0.0,0,0,1,0
554,1,17,3,9119,1,1,117.0,1,1,2,3,2,119.8,1,0,0,1,1,0,19,0,0,5,10,2,11.0,0,0,6,10,0,0.0,0,11.1,0.6,2.02,Dropout,0.4,2.0,0.0,0.22000000000000003,2.799999999999997,0,0,0,0
555,1,17,2,9147,1,1,133.1,1,1,1,4,4,95.0,0,0,0,1,1,0,20,0,0,5,14,0,0.0,0,0,5,5,0,0.0,0,11.1,0.6,2.02,Dropout,0.0,2.8,0.0,0.0,-38.099999999999994,0,0,0,0
556,1,44,1,9003,1,39,150.0,1,3,2,2,2,150.0,0,0,0,1,1,0,25,0,9,14,16,14,12.42857143,0,3,9,13,6,10.85714286,0,15.5,2.8,-4.06,Dropout,1.0,1.1428571428571428,0.0,0.6214285715,0.0,0,0,0,1
557,1,17,1,9147,1,1,130.0,1,19,1,7,4,117.8,1,0,0,1,1,0,20,0,0,5,8,3,11.0,0,0,5,11,3,12.0,0,10.8,1.4,1.74,Enrolled,0.6,1.6,0.0,0.33,-12.200000000000003,0,0,0,0
558,1,1,1,171,1,1,161.0,1,37,37,9,9,144.2,1,0,0,1,1,0,18,0,0,0,0,0,0.0,0,0,0,0,0,0.0,0,7.6,2.6,0.32,Graduate,0.0,0.0,0.0,0.0,-16.80000000000001,1,0,0,0
559,1,44,1,9254,1,39,130.0,1,39,39,194,193,130.0,1,0,1,1,1,0,23,0,0,6,12,3,11.5,0,0,6,12,3,10.66666667,0,8.9,1.4,3.51,Enrolled,0.5,2.0,0.0,0.2875,0.0,0,0,1,0
560,1,42,1,9500,1,1,111.0,1,1,3,9,10,128.2,1,0,0,1,1,0,23,0,0,8,8,8,12.5075,0,0,8,8,8,12.5075,0,9.4,-0.8,-3.12,Graduate,1.0,1.0,0.0,0.625375,17.19999999999999,0,0,0,0
561,1,53,1,9003,1,42,140.0,1,3,38,141,151,135.3,0,0,0,1,1,0,21,0,7,12,18,11,12.09090909,0,5,12,14,11,12.0,0,8.9,1.4,3.51,Graduate,0.9166666666666666,1.5,0.0,0.5541666666249999,-4.699999999999989,0,0,0,0
562,1,1,1,9130,1,1,132.0,1,1,1,3,3,143.9,1,0,0,1,1,0,20,0,0,5,14,2,11.0,3,0,5,9,3,12.66666667,0,9.4,-0.8,-3.12,Enrolled,0.4,2.8,0.6,0.22000000000000003,11.900000000000006,0,0,0,0
563,1,39,1,9991,0,1,139.0,1,1,1,4,10,140.7,0,0,0,1,1,0,25,0,0,5,13,1,10.0,0,0,5,8,2,11.33333333,0,12.4,0.5,1.79,Dropout,0.2,2.6,0.0,0.1,1.6999999999999886,0,0,0,1
564,1,1,1,9130,1,1,132.0,1,19,38,9,9,130.4,1,0,0,1,1,0,18,0,0,6,6,6,13.5,0,0,6,9,5,13.2,0,8.9,1.4,3.51,Graduate,1.0,1.0,0.0,0.675,-1.5999999999999943,0,0,0,0
565,1,1,6,9070,1,6,119.0,1,1,1,9,9,123.2,1,0,0,1,1,0,22,0,0,6,6,6,14.16666667,0,0,6,8,6,13.625,0,10.8,1.4,1.74,Graduate,1.0,1.0,0.0,0.7083333334999999,4.200000000000003,0,0,0,0
566,1,39,1,9670,1,1,133.1,1,19,19,3,9,118.0,0,0,0,1,1,0,27,0,0,6,7,6,14.0,0,0,6,7,6,14.71428571,0,8.9,1.4,3.51,Graduate,1.0,1.1666666666666667,0.0,0.7,-15.099999999999994,0,0,0,1
567,1,39,1,9003,1,19,133.1,1,4,1,2,4,120.0,0,0,0,1,1,0,25,0,0,3,4,0,0.0,0,0,3,5,0,0.0,0,16.2,0.3,-0.92,Dropout,0.0,1.3333333333333333,0.0,0.0,-13.099999999999994,0,0,0,1
568,1,17,4,9119,1,1,129.0,1,34,36,0,5,118.9,1,0,0,1,1,0,18,0,0,5,9,3,11.66666667,0,0,5,10,3,11.33333333,4,7.6,2.6,0.32,Dropout,0.6,1.8,0.0,0.35000000009999993,-10.099999999999994,0,0,0,0
569,1,17,1,9085,1,1,128.0,1,38,19,8,8,117.2,0,0,0,1,1,0,20,0,0,5,7,5,14.6,1,0,5,5,5,14.2,0,12.7,3.7,-1.7,Graduate,1.0,1.4,0.2,0.73,-10.799999999999997,0,0,0,0
570,1,39,1,9003,1,1,120.0,1,3,4,2,2,120.0,0,0,0,1,1,0,27,0,0,6,10,5,13.0,0,0,6,13,5,11.5,0,16.2,0.3,-0.92,Graduate,0.8333333333333334,1.6666666666666667,0.0,0.5416666666666667,0.0,0,0,0,1
571,1,1,1,8014,0,1,130.0,1,1,1,9,9,118.1,0,0,0,1,1,0,20,0,0,6,7,6,12.16666667,0,0,6,9,6,12.0,0,7.6,2.6,0.32,Graduate,1.0,1.1666666666666667,0.0,0.6083333335,-11.900000000000006,0,0,0,0
572,1,1,1,9147,1,1,130.0,1,38,37,9,9,124.8,1,0,0,1,1,0,22,0,0,5,9,0,0.0,0,0,5,5,1,12.0,0,7.6,2.6,0.32,Dropout,0.0,1.8,0.0,0.0,-5.200000000000003,0,0,0,0
573,1,17,6,9119,1,1,111.0,1,19,3,5,10,106.5,1,0,0,1,1,0,19,0,0,5,10,3,10.5,0,0,5,11,3,10.8,0,12.4,0.5,1.79,Dropout,0.6,2.0,0.0,0.315,-4.5,0,0,0,0
574,1,1,6,9147,1,1,121.0,1,3,19,4,5,116.8,0,0,0,1,1,0,20,0,0,5,14,3,12.4,0,0,5,8,5,10.83333333,0,13.9,-0.3,0.79,Enrolled,0.6,2.8,0.0,0.372,-4.200000000000003,0,0,0,0
575,1,43,4,171,1,1,117.0,1,19,12,9,10,109.3,0,0,0,1,1,0,19,0,0,0,0,0,0.0,0,0,0,0,0,0.0,0,9.4,-0.8,-3.12,Graduate,0.0,0.0,0.0,0.0,-7.700000000000003,1,0,0,0
576,2,39,1,9085,1,9,133.1,1,1,1,4,4,120.0,1,0,0,0,1,0,29,0,0,5,12,0,0.0,4,0,5,8,0,0.0,1,9.4,-0.8,-3.12,Dropout,0.0,2.4,0.8,0.0,-13.099999999999994,0,0,1,1
577,1,1,2,9500,1,1,149.0,1,3,1,9,9,137.5,0,0,0,1,1,0,19,0,0,8,8,7,13.82857143,0,0,8,8,7,13.82857143,0,12.7,3.7,-1.7,Graduate,0.875,1.0,0.0,0.6050000000625,-11.5,0,0,0,0
578,1,39,2,9991,0,1,172.0,1,19,37,9,8,150.0,1,0,0,1,0,1,28,0,0,5,7,5,10.6,0,0,5,6,5,10.2,0,9.4,-0.8,-3.12,Enrolled,1.0,1.4,0.0,0.53,-22.0,0,0,0,1
579,2,1,1,9238,1,1,134.0,1,37,37,5,5,120.4,0,0,0,1,0,0,20,0,0,6,7,6,11.5,0,0,6,6,6,11.66666667,0,7.6,2.6,0.32,Graduate,1.0,1.1666666666666667,0.0,0.575,-13.599999999999994,0,0,0,0
580,1,1,4,9070,1,1,136.0,1,37,37,9,8,136.7,1,0,0,1,0,0,20,0,0,6,6,4,13.5,0,0,6,8,6,13.625,0,10.8,1.4,1.74,Graduate,0.6666666666666666,1.0,0.0,0.45,0.6999999999999886,0,0,0,0
581,1,39,1,8014,0,1,133.1,1,34,5,0,1,118.5,1,0,0,1,0,0,31,0,0,6,12,0,0.0,0,0,6,0,0,0.0,0,7.6,2.6,0.32,Dropout,0.0,2.0,0.0,0.0,-14.599999999999994,0,0,0,1
582,1,17,5,9500,1,1,141.0,1,12,1,5,5,133.0,1,0,0,1,0,0,18,0,0,7,8,7,12.5375,0,0,8,9,7,12.61428571,0,13.9,-0.3,0.79,Graduate,1.0,1.1428571428571428,0.0,0.626875,-8.0,0,0,0,0
583,1,17,1,9670,1,1,141.0,1,1,19,8,7,128.8,1,0,0,1,0,0,19,0,0,6,6,6,14.83333333,0,0,6,8,6,13.28571429,0,8.9,1.4,3.51,Enrolled,1.0,1.0,0.0,0.7416666665,-12.199999999999989,0,0,0,0
584,1,1,1,9147,1,1,148.0,1,37,38,9,8,133.0,1,0,0,1,0,0,18,0,0,5,10,4,12.0,0,0,5,9,4,12.8,0,13.9,-0.3,0.79,Graduate,0.8,2.0,0.0,0.48,-15.0,0,0,0,0
585,1,17,1,9254,1,1,102.0,1,37,37,7,7,102.0,0,0,0,1,0,0,19,0,0,6,8,5,11.8,0,0,6,8,5,11.6,0,10.8,1.4,1.74,Graduate,0.8333333333333334,1.3333333333333333,0.0,0.49166666666666675,0.0,0,0,0,0
586,1,1,1,9147,1,1,143.0,1,1,19,3,3,133.9,0,0,0,1,0,1,18,0,0,5,5,5,15.0,0,0,5,5,5,15.2,0,12.7,3.7,-1.7,Graduate,1.0,1.0,0.0,0.75,-9.099999999999994,0,0,0,0
587,1,17,1,9085,1,1,120.0,1,38,19,90,90,127.0,0,0,0,1,0,0,19,0,0,5,7,3,12.0,0,0,5,7,5,13.2,0,7.6,2.6,0.32,Graduate,0.6,1.4,0.0,0.36,7.0,0,0,0,0
588,1,17,1,9773,1,1,121.0,1,38,38,9,8,120.4,1,0,0,1,0,1,18,0,0,6,6,6,12.83333333,0,0,6,7,6,12.28571429,0,15.5,2.8,-4.06,Graduate,1.0,1.0,0.0,0.6416666665,-0.5999999999999943,0,0,0,0
589,1,1,3,9254,1,1,122.0,1,37,37,9,3,124.5,1,0,0,1,0,0,19,0,0,6,12,6,11.66666667,0,0,6,14,3,12.0,0,7.6,2.6,0.32,Graduate,1.0,2.0,0.0,0.5833333334999999,2.5,0,0,0,0
590,1,1,4,9556,1,1,122.0,1,37,1,5,4,123.9,0,0,0,1,0,0,19,0,0,7,9,7,12.1625,0,0,8,8,8,13.825,0,13.9,-0.3,0.79,Graduate,1.0,1.2857142857142858,0.0,0.608125,1.9000000000000057,0,0,0,0
591,1,1,2,9670,1,1,123.0,1,19,1,9,3,117.8,1,0,0,1,0,0,18,0,0,6,6,6,13.83333333,0,0,6,11,6,14.55555556,0,10.8,1.4,1.74,Graduate,1.0,1.0,0.0,0.6916666665,-5.200000000000003,0,0,0,0
592,1,1,1,9500,1,1,133.0,1,3,19,2,8,126.7,0,0,0,1,0,0,19,0,0,7,12,4,12.45,0,0,7,11,5,11.7,0,16.2,0.3,-0.92,Enrolled,0.5714285714285714,1.7142857142857142,0.0,0.35571428571428565,-6.299999999999997,0,0,0,0
593,1,44,1,9670,1,39,110.0,1,37,1,9,4,110.0,0,0,0,1,0,1,20,0,2,6,9,6,12.125,0,2,6,7,6,13.57142857,0,11.1,0.6,2.02,Graduate,1.0,1.5,0.0,0.60625,0.0,0,0,0,0
594,1,17,1,9670,1,1,155.0,1,1,19,4,8,134.7,1,0,0,1,0,0,20,0,0,6,8,5,13.4,0,0,6,10,4,13.0,0,12.7,3.7,-1.7,Enrolled,0.8333333333333334,1.3333333333333333,0.0,0.5583333333333333,-20.30000000000001,0,0,0,0
595,1,17,1,9003,1,1,119.0,1,37,37,4,6,113.2,0,0,1,1,0,0,20,0,0,6,8,6,13.33333333,0,0,6,8,5,14.0,0,11.1,0.6,2.02,Enrolled,1.0,1.3333333333333333,0.0,0.6666666665000001,-5.799999999999997,0,0,1,0
596,1,39,1,9991,0,3,120.0,1,37,37,9,9,141.0,0,0,0,1,0,0,29,0,10,15,15,11,11.45454545,0,9,13,16,11,11.54545455,0,10.8,1.4,1.74,Dropout,0.7333333333333333,1.0,0.0,0.4199999998333333,21.0,0,0,0,1
597,1,17,1,9853,1,1,133.1,1,38,12,7,0,111.5,0,0,0,0,0,1,20,0,0,6,10,4,12.0,0,0,6,14,3,10.0,0,7.6,2.6,0.32,Dropout,0.6666666666666666,1.6666666666666667,0.0,0.39999999999999997,-21.599999999999994,0,0,1,0
598,4,39,1,9853,1,1,143.0,1,37,1,9,10,140.0,0,0,1,0,0,0,31,0,0,7,8,6,12.66666667,0,0,7,9,5,12.6,0,8.9,1.4,3.51,Dropout,0.8571428571428571,1.1428571428571428,0.0,0.542857143,-3.0,0,0,1,1
599,1,17,1,9670,1,1,149.0,1,19,37,7,4,134.3,0,1,0,1,0,0,20,0,0,6,7,6,12.66666667,0,0,6,9,6,13.77777778,0,10.8,1.4,1.74,Graduate,1.0,1.1666666666666667,0.0,0.6333333335,-14.699999999999989,0,0,0,0
600,1,17,1,9003,1,1,133.0,1,38,37,9,9,125.3,1,0,0,1,0,0,21,0,12,18,22,18,11.88888889,1,11,13,13,13,11.46153846,0,15.5,2.8,-4.06,Graduate,1.0,1.2222222222222223,0.05555555555555555,0.5944444445,-7.700000000000003,0,0,0,0
601,1,7,1,9130,1,3,140.0,1,19,38,9,9,140.0,1,0,0,1,0,0,23,0,0,6,0,0,0.0,0,0,6,0,0,0.0,0,12.4,0.5,1.79,Dropout,0.0,0.0,0.0,0.0,0.0,0,0,0,0
602,1,17,5,9070,1,1,122.0,1,19,38,5,7,119.6,0,0,1,0,0,0,21,0,0,6,6,4,13.0,0,0,6,8,4,11.6,0,10.8,1.4,1.74,Dropout,0.6666666666666666,1.0,0.0,0.43333333333333335,-2.4000000000000057,0,0,1,0
603,1,7,1,9500,1,40,170.0,1,1,1,9,4,170.0,0,0,0,1,0,0,24,0,4,7,7,7,16.88571429,0,3,8,9,8,15.74444444,0,16.2,0.3,-0.92,Graduate,1.0,1.0,0.0,0.8442857145,0.0,0,0,0,0
604,1,39,1,8014,0,1,120.0,1,1,1,4,4,150.5,0,0,0,1,0,0,27,0,0,6,6,6,12.5,0,1,6,6,6,12.33333333,0,15.5,2.8,-4.06,Graduate,1.0,1.0,0.0,0.625,30.5,0,0,0,1
605,1,1,1,9500,1,1,143.0,1,1,37,3,8,128.0,0,0,0,1,0,1,18,0,0,7,9,7,13.05555556,0,0,8,8,8,15.8125,0,13.9,-0.3,0.79,Graduate,1.0,1.2857142857142858,0.0,0.652777778,-15.0,0,0,0,0
606,1,1,3,171,1,1,115.0,1,9,1,6,6,108.7,1,0,0,0,0,0,21,0,0,0,0,0,0.0,0,0,0,0,0,0.0,0,9.4,-0.8,-3.12,Dropout,0.0,0.0,0.0,0.0,-6.299999999999997,1,0,1,0
607,1,17,1,9130,1,1,123.0,1,19,3,3,2,121.6,1,0,1,1,0,1,19,0,0,5,7,0,0.0,0,0,5,5,0,0.0,0,7.6,2.6,0.32,Dropout,0.0,1.4,0.0,0.0,-1.4000000000000057,0,0,1,0
608,1,1,6,9500,1,1,131.0,1,38,19,7,7,125.3,1,0,0,1,0,1,19,0,0,8,8,7,12.35571429,0,0,8,8,7,12.35571429,0,10.8,1.4,1.74,Graduate,0.875,1.0,0.0,0.5405625001875,-5.700000000000003,0,0,0,0
609,1,17,1,9085,1,1,127.0,1,19,38,194,193,117.6,0,0,0,1,0,0,18,0,0,6,0,0,0.0,0,0,6,0,0,0.0,0,12.4,0.5,1.79,Dropout,0.0,0.0,0.0,0.0,-9.400000000000006,0,0,0,0
610,1,43,3,9500,1,1,126.0,1,38,37,6,5,124.3,1,0,0,1,0,1,18,0,0,7,8,5,11.98,0,0,7,8,5,11.98,0,7.6,2.6,0.32,Enrolled,0.7142857142857143,1.1428571428571428,0.0,0.4278571428571428,-1.7000000000000028,0,0,0,0
611,1,1,2,9853,1,1,112.0,1,37,37,191,182,106.1,1,0,1,1,0,1,20,0,0,7,7,7,13.85714286,0,0,7,8,7,12.57142857,0,8.9,1.4,3.51,Graduate,1.0,1.0,0.0,0.692857143,-5.900000000000006,0,0,1,0
612,2,1,1,8014,0,1,150.0,1,1,37,4,7,139.9,1,0,0,1,0,0,24,0,0,6,9,5,13.0,0,0,6,6,6,14.16666667,0,9.4,-0.8,-3.12,Graduate,0.8333333333333334,1.5,0.0,0.5416666666666667,-10.099999999999994,0,0,0,0
613,1,1,1,9070,1,1,116.0,1,1,1,1,1,110.8,1,0,0,1,0,0,20,0,0,6,6,6,12.83333333,0,0,6,10,6,11.16666667,0,12.4,0.5,1.79,Graduate,1.0,1.0,0.0,0.6416666665,-5.200000000000003,0,0,0,0
614,1,17,3,9147,1,1,118.0,1,1,19,5,7,118.0,0,0,0,1,0,0,20,0,0,5,11,4,11.0,0,0,5,7,5,13.2,0,12.4,0.5,1.79,Enrolled,0.8,2.2,0.0,0.44000000000000006,0.0,0,0,0,0
615,1,1,1,9500,1,1,130.0,1,19,37,9,9,117.8,1,0,0,1,0,1,19,0,0,8,8,7,12.35714286,0,0,8,8,7,12.35714286,0,12.7,3.7,-1.7,Graduate,0.875,1.0,0.0,0.5406250001249999,-12.200000000000003,0,0,0,0
616,1,1,6,9500,1,1,144.0,1,1,37,9,9,127.5,1,0,0,1,0,1,18,0,0,8,8,7,13.85714286,0,0,8,8,7,13.85714286,0,12.7,3.7,-1.7,Graduate,0.875,1.0,0.0,0.606250000125,-16.5,0,0,0,0
617,1,17,2,9238,1,3,105.0,1,37,37,7,8,129.7,1,0,0,1,0,1,20,0,0,6,6,6,12.33333333,0,0,6,6,6,10.66666667,0,9.4,-0.8,-3.12,Graduate,1.0,1.0,0.0,0.6166666665,24.69999999999999,0,0,0,0
618,1,17,1,9500,1,1,143.0,1,37,37,9,8,130.6,1,0,0,1,0,0,20,0,0,7,8,7,12.84714286,0,0,8,10,8,13.78888889,0,16.2,0.3,-0.92,Graduate,1.0,1.1428571428571428,0.0,0.642357143,-12.400000000000006,0,0,0,0
619,1,17,2,9500,1,1,137.0,1,19,37,4,7,126.3,1,0,0,1,0,1,19,0,0,7,9,6,12.34,0,0,8,9,8,13.01875,0,11.1,0.6,2.02,Graduate,0.8571428571428571,1.2857142857142858,0.0,0.5288571428571428,-10.700000000000003,0,0,0,0
620,1,44,1,9085,1,39,140.0,1,3,1,2,3,140.0,1,0,0,1,0,0,19,0,0,6,10,5,12.66666667,0,0,6,19,4,11.75,0,12.4,0.5,1.79,Enrolled,0.8333333333333334,1.6666666666666667,0.0,0.5277777779166667,0.0,0,0,0,0
621,1,1,1,9773,1,1,133.1,1,3,19,4,5,105.0,1,0,0,1,0,0,20,0,0,6,6,6,13.83333333,0,0,6,6,6,12.5,0,12.7,3.7,-1.7,Graduate,1.0,1.0,0.0,0.6916666665,-28.099999999999994,0,0,0,0
622,1,17,2,9147,1,1,116.0,1,1,38,4,3,114.6,1,0,0,1,0,0,19,0,0,5,15,2,10.75,0,0,5,11,2,10.0,0,13.9,-0.3,0.79,Dropout,0.4,3.0,0.0,0.215,-1.4000000000000057,0,0,0,0
623,1,17,5,9853,1,1,117.0,1,38,38,9,7,114.6,1,0,0,1,0,0,19,0,0,6,11,4,13.25,0,0,6,10,4,10.25,0,9.4,-0.8,-3.12,Dropout,0.6666666666666666,1.8333333333333333,0.0,0.44166666666666665,-2.4000000000000057,0,0,0,0
624,1,17,1,9500,1,1,137.0,1,38,37,7,5,131.0,1,0,0,1,0,1,18,0,0,8,8,8,13.73125,0,0,8,8,8,13.73125,0,9.4,-0.8,-3.12,Graduate,1.0,1.0,0.0,0.6865625,-6.0,0,0,0,0
625,1,17,4,9070,1,1,116.0,1,38,37,9,9,109.0,0,0,0,1,0,1,23,0,0,6,6,6,13.33333333,0,0,6,8,3,12.66666667,0,11.1,0.6,2.02,Dropout,1.0,1.0,0.0,0.6666666665000001,-7.0,0,0,0,0
626,1,1,1,9853,1,1,133.1,1,19,19,9,8,132.0,1,0,0,1,0,0,21,0,0,6,8,5,12.0,0,0,6,9,5,10.8,0,12.7,3.7,-1.7,Dropout,0.8333333333333334,1.3333333333333333,0.0,0.5,-1.0999999999999943,0,0,0,0
627,1,44,1,8014,0,39,130.0,1,37,38,6,6,130.0,1,0,0,1,0,0,23,0,5,9,10,9,10.88888889,0,3,8,10,6,11.33333333,0,11.1,0.6,2.02,Graduate,1.0,1.1111111111111112,0.0,0.5444444445000001,0.0,0,0,0,0
628,1,1,3,9500,1,1,106.0,1,19,37,9,7,109.5,1,0,0,1,0,0,19,0,0,7,8,7,13.025,0,0,8,9,8,13.81111111,0,13.9,-0.3,0.79,Graduate,1.0,1.1428571428571428,0.0,0.65125,3.5,0,0,0,0
629,1,17,2,9773,1,1,125.0,1,1,38,5,6,115.9,1,0,0,1,0,0,18,0,0,6,6,6,13.0,0,0,6,6,6,14.16666667,0,12.4,0.5,1.79,Graduate,1.0,1.0,0.0,0.65,-9.099999999999994,0,0,0,0
630,1,1,1,9773,1,1,134.0,1,19,37,9,9,131.6,1,1,0,1,0,0,19,0,0,6,10,5,11.8,0,0,6,10,5,12.0,0,10.8,1.4,1.74,Graduate,0.8333333333333334,1.6666666666666667,0.0,0.49166666666666675,-2.4000000000000057,0,0,0,0
631,1,39,1,9500,1,1,133.1,1,19,37,9,9,120.0,0,0,0,1,0,1,25,0,0,8,8,7,12.04285714,0,0,8,8,7,12.04285714,0,12.7,3.7,-1.7,Graduate,0.875,1.0,0.0,0.526874999875,-13.099999999999994,0,0,0,1
632,1,1,2,9853,1,1,117.0,1,1,38,4,9,109.7,1,0,0,1,0,0,19,0,0,6,9,5,12.2,0,0,6,10,4,13.0,0,9.4,-0.8,-3.12,Enrolled,0.8333333333333334,1.5,0.0,0.5083333333333333,-7.299999999999997,0,0,0,0
633,1,1,1,9500,1,1,136.0,1,1,19,5,7,136.4,0,0,0,1,0,1,19,0,0,7,8,7,12.8375,0,0,8,8,8,15.5,0,13.9,-0.3,0.79,Graduate,1.0,1.1428571428571428,0.0,0.641875,0.4000000000000057,0,0,0,0
634,1,39,1,9556,1,1,120.0,1,38,38,191,193,120.0,0,0,1,1,0,1,24,0,0,7,13,7,11.0,0,0,8,13,7,11.7,0,12.7,3.7,-1.7,Graduate,1.0,1.8571428571428572,0.0,0.55,0.0,0,0,1,0
635,1,1,1,9670,1,1,135.0,1,37,37,9,7,132.6,1,0,0,1,0,1,18,0,0,6,7,6,13.5,0,0,6,9,5,14.0,0,8.9,1.4,3.51,Graduate,1.0,1.1666666666666667,0.0,0.675,-2.4000000000000057,0,0,0,0
636,1,17,5,9238,1,1,122.0,1,37,37,7,5,112.9,1,0,0,1,0,1,19,0,0,6,8,6,12.125,0,0,6,7,6,12.71428571,0,16.2,0.3,-0.92,Graduate,1.0,1.3333333333333333,0.0,0.60625,-9.099999999999994,0,0,0,0
637,1,1,5,9500,1,1,147.0,1,37,37,9,9,134.3,0,0,0,1,0,1,18,0,0,8,12,7,12.62857143,0,0,8,12,7,12.62857143,0,12.7,3.7,-1.7,Graduate,0.875,1.5,0.0,0.5525000000625,-12.699999999999989,0,0,0,0
638,1,39,1,9991,0,1,120.0,1,38,1,9,4,123.2,0,0,0,1,0,0,27,0,0,5,9,3,10.66666667,0,0,5,7,4,11.4,0,10.8,1.4,1.74,Enrolled,0.6,1.8,0.0,0.3200000001,3.200000000000003,0,0,0,1
639,1,17,3,9238,1,1,121.0,1,1,1,4,5,117.2,0,0,0,1,0,0,19,0,0,6,11,5,11.2,0,0,6,13,5,11.6,0,15.5,2.8,-4.06,Graduate,0.8333333333333334,1.8333333333333333,0.0,0.4666666666666666,-3.799999999999997,0,0,0,0
640,1,18,1,9773,1,1,135.0,1,1,1,3,3,129.8,0,0,0,1,0,1,18,0,0,6,6,6,12.66666667,0,0,6,6,6,11.83333333,0,12.7,3.7,-1.7,Dropout,1.0,1.0,0.0,0.6333333335,-5.199999999999989,0,0,0,0
641,2,39,1,9670,1,1,130.0,1,37,37,9,0,158.0,0,0,1,0,0,0,34,0,0,6,7,4,13.5,0,0,6,6,0,0.0,6,12.7,3.7,-1.7,Dropout,0.6666666666666666,1.1666666666666667,0.0,0.45,28.0,0,0,1,1
642,1,1,6,9147,1,1,128.0,1,37,37,9,9,116.5,0,0,0,1,0,0,18,0,0,5,9,3,11.66666667,0,0,5,15,2,11.0,0,7.6,2.6,0.32,Enrolled,0.6,1.8,0.0,0.35000000009999993,-11.5,0,0,0,0
643,1,1,1,9147,1,1,129.0,1,37,38,4,9,121.0,1,0,0,1,0,0,18,0,0,5,8,2,10.5,0,0,5,7,3,12.33333333,0,7.6,2.6,0.32,Enrolled,0.4,1.6,0.0,0.21000000000000002,-8.0,0,0,0,0
644,1,1,3,9500,1,1,143.0,1,37,38,7,7,133.8,1,0,0,1,0,0,18,0,0,8,8,8,14.26875,0,0,8,8,8,14.26875,0,9.4,-0.8,-3.12,Enrolled,1.0,1.0,0.0,0.7134375000000001,-9.199999999999989,0,0,0,0
645,1,1,2,9773,1,1,108.0,1,38,38,7,7,115.0,1,0,1,0,0,0,20,0,0,6,0,0,0.0,0,0,6,0,0,0.0,0,8.9,1.4,3.51,Dropout,0.0,0.0,0.0,0.0,7.0,0,0,1,0
646,1,1,1,9147,1,1,130.0,1,19,37,9,9,131.8,1,0,0,1,0,1,19,0,0,5,8,2,10.5,0,0,5,11,3,13.33333333,0,7.6,2.6,0.32,Enrolled,0.4,1.6,0.0,0.21000000000000002,1.8000000000000114,0,0,0,0
647,1,1,1,9238,1,1,135.0,1,37,1,3,5,121.0,0,0,0,1,0,0,21,0,0,6,11,5,11.2,0,0,6,15,1,10.0,0,7.6,2.6,0.32,Enrolled,0.8333333333333334,1.8333333333333333,0.0,0.4666666666666666,-14.0,0,0,0,0
648,2,39,1,9991,0,3,140.0,1,19,19,9,7,152.4,0,0,0,1,0,0,26,0,0,5,5,5,12.0,0,0,5,6,5,14.83333333,0,10.8,1.4,1.74,Graduate,1.0,1.0,0.0,0.6,12.400000000000006,0,0,0,1
649,1,43,2,9556,1,1,120.0,1,1,19,4,3,110.2,0,0,0,1,0,0,27,0,0,7,9,7,12.22857143,0,1,8,10,8,13.2125,0,10.8,1.4,1.74,Graduate,1.0,1.2857142857142858,0.0,0.6114285715000001,-9.799999999999997,0,0,0,1
650,1,1,1,9670,1,1,117.0,1,1,38,5,1,113.5,1,0,0,1,0,0,20,0,0,5,6,4,11.5,0,0,5,5,4,10.75,0,9.4,-0.8,-3.12,Graduate,0.8,1.2,0.0,0.45999999999999996,-3.5,0,0,0,0
651,1,17,1,9238,1,1,151.0,1,19,1,5,0,144.4,1,0,0,1,0,0,18,0,0,6,8,6,15.375,0,0,6,7,6,16.42857143,0,16.2,0.3,-0.92,Graduate,1.0,1.3333333333333333,0.0,0.76875,-6.599999999999994,0,0,0,0
652,1,53,1,9085,1,42,140.0,1,1,1,5,5,143.3,1,0,0,0,0,0,23,0,7,12,19,9,13.66666667,0,4,9,15,6,13.5,0,8.9,1.4,3.51,Enrolled,0.75,1.5833333333333333,0.0,0.512500000125,3.3000000000000114,0,0,1,0
653,1,39,1,9500,1,19,133.1,1,1,5,4,3,100.0,0,0,0,1,0,0,24,0,0,8,11,7,12.61428571,0,0,8,11,7,12.61428571,0,12.7,3.7,-1.7,Graduate,0.875,1.375,0.0,0.5518749998125001,-33.099999999999994,0,0,0,0
654,1,44,1,9238,1,39,130.0,1,38,38,6,9,126.3,1,0,0,1,0,1,19,0,3,6,7,5,12.2,0,2,6,6,6,11.5,0,13.9,-0.3,0.79,Graduate,0.8333333333333334,1.1666666666666667,0.0,0.5083333333333333,-3.700000000000003,0,0,0,0
655,1,1,1,9773,1,1,125.0,1,19,38,3,5,115.9,0,0,0,1,0,0,19,0,0,6,13,4,11.75,0,0,6,10,4,11.0,0,10.8,1.4,1.74,Graduate,0.6666666666666666,2.1666666666666665,0.0,0.39166666666666666,-9.099999999999994,0,0,0,0
656,1,1,4,9238,1,1,125.0,1,19,38,9,6,114.9,1,0,1,1,0,1,19,0,0,6,9,5,11.4,0,0,6,9,3,10.0,0,8.9,1.4,3.51,Enrolled,0.8333333333333334,1.5,0.0,0.4750000000000001,-10.099999999999994,0,0,1,0
657,1,1,1,9238,1,1,135.0,1,37,19,5,10,121.0,0,0,1,1,0,0,18,0,0,6,10,5,10.6,0,0,6,14,2,10.0,0,7.6,2.6,0.32,Enrolled,0.8333333333333334,1.6666666666666667,0.0,0.4416666666666667,-14.0,0,0,1,0
658,1,51,1,8014,0,1,121.0,1,1,38,5,7,112.3,0,0,0,1,0,0,22,0,14,16,16,13,10.92307692,0,13,13,13,11,11.45454545,0,16.2,0.3,-0.92,Graduate,0.8125,1.0,0.0,0.44374999987499997,-8.700000000000003,0,0,0,0
659,1,43,1,9070,1,1,141.0,1,1,19,5,10,127.0,0,0,0,1,0,0,20,0,0,6,6,5,12.4,0,0,6,9,5,12.4,0,12.7,3.7,-1.7,Graduate,0.8333333333333334,1.0,0.0,0.5166666666666667,-14.0,0,0,0,0
660,1,39,1,9003,1,1,130.0,1,19,19,9,9,120.0,0,0,0,1,0,0,25,0,0,6,6,0,0.0,0,0,6,6,0,0.0,0,11.1,0.6,2.02,Dropout,0.0,1.0,0.0,0.0,-10.0,0,0,0,1
661,1,44,1,9003,1,39,180.0,1,1,3,4,2,180.0,0,0,0,1,0,0,21,0,0,6,6,6,15.83333333,0,0,6,8,6,15.5,0,15.5,2.8,-4.06,Graduate,1.0,1.0,0.0,0.7916666665000001,0.0,0,0,0,0
662,1,1,1,9500,1,1,117.0,1,19,19,194,193,117.4,1,0,0,1,0,0,19,0,0,7,12,5,11.8,0,0,7,9,6,11.70833333,0,11.1,0.6,2.02,Enrolled,0.7142857142857143,1.7142857142857142,0.0,0.4214285714285715,0.4000000000000057,0,0,0,0
663,1,17,4,9773,1,1,127.0,1,1,19,4,1,115.8,1,0,0,1,0,0,18,0,0,6,7,6,12.57142857,0,0,6,6,6,13.66666667,0,13.9,-0.3,0.79,Graduate,1.0,1.1666666666666667,0.0,0.6285714285,-11.200000000000003,0,0,0,0
664,1,1,3,9670,1,1,126.0,1,37,37,0,0,136.5,1,0,0,1,0,0,18,0,0,5,7,3,12.0,0,0,5,7,4,13.25,1,7.6,2.6,0.32,Graduate,0.6,1.4,0.0,0.36,10.5,0,0,0,0
665,1,17,3,9500,1,1,143.0,1,3,3,9,7,129.0,1,0,0,1,1,0,19,0,0,7,8,7,13.3625,0,0,8,9,8,14.44444444,0,13.9,-0.3,0.79,Graduate,1.0,1.1428571428571428,0.0,0.6681250000000001,-14.0,0,0,0,0
666,1,1,1,9085,1,1,144.0,13,3,3,6,6,137.6,1,0,0,1,0,1,19,1,0,5,6,5,15.4,0,0,5,5,5,16.0,0,10.8,1.4,1.74,Graduate,1.0,1.2,0.0,0.77,-6.400000000000006,0,0,0,0
667,1,17,2,9773,1,1,126.0,1,37,38,5,5,129.5,1,0,1,0,0,0,18,0,0,6,9,5,12.2,0,0,6,9,4,11.75,0,10.8,1.4,1.74,Dropout,0.8333333333333334,1.5,0.0,0.5083333333333333,3.5,0,0,1,0
668,1,51,1,9238,1,39,140.0,1,38,38,5,7,129.1,1,0,0,1,0,1,20,0,6,11,11,11,12.81818182,0,6,11,11,11,13.54545455,0,12.4,0.5,1.79,Graduate,1.0,1.0,0.0,0.6409090909999999,-10.900000000000006,0,0,0,0
669,1,17,5,9500,1,1,148.0,1,1,19,4,8,130.2,1,0,0,1,0,0,19,0,0,7,0,0,0.0,0,0,8,0,0,0.0,0,12.4,0.5,1.79,Dropout,0.0,0.0,0.0,0.0,-17.80000000000001,0,0,0,0
670,1,42,1,9500,1,1,100.0,1,19,37,5,7,134.3,1,0,0,1,0,0,28,0,12,17,21,17,13.39473684,0,11,17,19,17,13.55473684,0,16.2,0.3,-0.92,Graduate,1.0,1.2352941176470589,0.0,0.669736842,34.30000000000001,0,0,0,1
671,1,1,1,9238,1,1,151.0,1,37,1,9,9,138.4,1,0,0,1,0,1,20,0,0,6,8,6,14.25,0,0,6,8,6,11.0,0,12.7,3.7,-1.7,Graduate,1.0,1.3333333333333333,0.0,0.7125,-12.599999999999994,0,0,0,0
672,1,42,1,8014,0,1,120.0,1,37,38,90,7,120.0,1,0,0,1,0,0,30,0,9,11,19,9,13.44444444,1,5,7,7,7,14.71428571,0,7.6,2.6,0.32,Dropout,0.8181818181818182,1.7272727272727273,0.09090909090909091,0.5499999998181819,0.0,0,0,0,1
673,1,1,4,9500,1,1,135.0,1,1,19,9,7,123.5,1,0,0,1,0,1,19,0,0,7,8,7,12.28571429,0,0,8,10,8,11.7375,0,12.4,0.5,1.79,Graduate,1.0,1.1428571428571428,0.0,0.6142857145,-11.5,0,0,0,0
674,1,1,2,9070,1,1,121.0,1,19,19,3,3,116.1,1,0,0,1,0,0,22,0,0,6,7,6,11.66666667,0,0,6,7,5,13.2,0,12.7,3.7,-1.7,Graduate,1.0,1.1666666666666667,0.0,0.5833333334999999,-4.900000000000006,0,0,0,0
675,1,1,1,9254,1,1,116.0,1,38,38,5,8,110.8,1,0,0,1,0,0,18,0,0,6,8,6,12.16666667,0,0,6,6,6,13.5,0,11.1,0.6,2.02,Graduate,1.0,1.3333333333333333,0.0,0.6083333335,-5.200000000000003,0,0,0,0
676,1,17,1,9853,1,1,147.0,1,37,37,9,9,142.8,1,0,0,1,0,0,23,0,0,6,11,2,10.0,0,0,6,15,2,11.0,0,7.6,2.6,0.32,Dropout,0.3333333333333333,1.8333333333333333,0.0,0.16666666666666666,-4.199999999999989,0,0,0,0
677,1,17,4,9070,1,1,160.0,1,1,19,5,7,155.5,1,0,0,1,0,0,18,0,0,6,6,6,14.0,0,0,6,6,6,15.0,0,11.1,0.6,2.02,Graduate,1.0,1.0,0.0,0.7,-4.5,0,0,0,0
678,1,1,1,9853,1,1,133.0,1,37,19,7,7,126.7,1,0,0,1,0,0,18,0,0,6,9,5,11.83333333,0,0,6,6,4,12.0,0,15.5,2.8,-4.06,Enrolled,0.8333333333333334,1.5,0.0,0.4930555554166667,-6.299999999999997,0,0,0,0
679,2,39,1,9773,1,19,100.0,1,37,37,0,0,163.5,0,0,1,0,1,0,50,0,0,6,7,1,15.0,0,0,5,12,0,0.0,0,10.8,1.4,1.74,Dropout,0.16666666666666666,1.1666666666666667,0.0,0.125,63.5,0,0,1,1
680,1,1,1,171,1,1,151.0,41,3,3,2,5,161.9,1,0,0,1,0,1,19,1,0,0,0,0,0.0,0,0,0,0,0,0.0,0,13.9,-0.3,0.79,Graduate,0.0,0.0,0.0,0.0,10.900000000000006,1,0,0,0
681,1,17,2,9254,1,1,124.0,41,19,38,9,9,123.3,1,0,0,1,0,0,22,1,0,6,7,6,10.83333333,0,0,6,6,6,10.66666667,0,13.9,-0.3,0.79,Graduate,1.0,1.1666666666666667,0.0,0.5416666665000001,-0.7000000000000028,0,0,0,0
682,1,44,1,9238,1,39,140.0,41,1,1,4,6,137.5,0,0,1,1,0,1,23,1,3,6,7,6,13.14285714,0,2,6,6,6,14.0,0,12.4,0.5,1.79,Graduate,1.0,1.1666666666666667,0.0,0.657142857,-2.5,0,0,1,0
683,1,18,4,9085,1,1,170.0,1,1,1,4,5,166.6,0,0,1,0,0,1,20,0,2,5,8,5,14.4,1,0,5,6,5,14.0,0,12.7,3.7,-1.7,Dropout,1.0,1.6,0.2,0.72,-3.4000000000000057,0,0,1,0
684,4,39,1,9238,1,19,133.1,1,37,37,9,10,103.5,0,0,0,0,0,0,44,0,0,6,0,0,0.0,0,0,6,0,0,0.0,0,13.9,-0.3,0.79,Dropout,0.0,0.0,0.0,0.0,-29.599999999999994,0,0,1,1
685,4,39,1,9003,1,19,133.1,1,37,37,9,9,110.0,0,0,0,1,1,0,49,0,6,12,17,7,12.0,0,3,12,19,9,11.22222222,0,15.5,2.8,-4.06,Graduate,0.5833333333333334,1.4166666666666667,0.0,0.35000000000000003,-23.099999999999994,0,0,0,1
686,2,43,1,9991,0,1,100.0,1,37,37,9,9,128.2,0,0,0,1,1,0,46,0,6,10,13,9,12.2,0,4,10,12,10,12.8,0,7.6,2.6,0.32,Graduate,0.9,1.3,0.0,0.549,28.19999999999999,0,0,0,1
687,1,39,1,9085,1,39,120.0,1,37,37,1,9,137.7,1,0,0,0,1,0,41,0,3,3,3,3,12.33333333,0,2,2,2,2,11.0,0,12.4,0.5,1.79,Dropout,1.0,1.0,0.0,0.6166666665,17.69999999999999,0,0,1,1
688,1,17,3,9500,1,1,133.0,1,38,19,9,8,128.8,1,0,0,1,1,0,18,0,0,7,8,7,11.8375,0,0,8,9,8,12.48125,0,13.9,-0.3,0.79,Graduate,1.0,1.1428571428571428,0.0,0.591875,-4.199999999999989,0,0,0,0
689,3,39,1,9991,0,1,120.0,1,37,1,9,2,170.0,0,0,0,1,1,0,43,0,0,5,5,5,11.8,0,0,5,6,5,14.0,0,9.4,-0.8,-3.12,Graduate,1.0,1.0,0.0,0.5900000000000001,50.0,0,0,0,1
690,4,39,2,9147,1,19,133.1,1,37,37,9,7,116.4,0,0,1,0,1,0,70,0,0,5,5,0,0.0,0,0,5,9,0,0.0,0,10.8,1.4,1.74,Dropout,0.0,1.0,0.0,0.0,-16.69999999999999,0,0,1,1
691,4,39,1,9130,1,19,133.1,1,37,38,9,4,100.9,0,0,0,1,1,0,48,0,0,6,0,0,0.0,0,0,6,0,0,0.0,0,15.5,2.8,-4.06,Dropout,0.0,0.0,0.0,0.0,-32.19999999999999,0,0,0,1
692,2,43,1,9003,1,1,133.1,1,37,37,9,7,136.0,0,0,0,1,1,0,41,0,18,19,19,19,12.68421053,0,12,13,13,13,12.38461538,0,15.5,2.8,-4.06,Graduate,1.0,1.0,0.0,0.6342105265,2.9000000000000057,0,0,0,1
693,1,1,1,9254,1,1,140.0,1,19,19,9,3,130.0,0,0,0,1,1,0,21,0,0,6,8,6,12.57142857,0,0,6,10,4,13.0,0,12.7,3.7,-1.7,Enrolled,1.0,1.3333333333333333,0.0,0.6285714285,-10.0,0,0,0,0
694,1,39,1,33,1,1,100.0,41,38,37,9,8,100.0,0,0,1,0,1,0,35,1,0,7,18,3,11.25,0,0,7,7,0,0.0,0,16.2,0.3,-0.92,Dropout,0.42857142857142855,2.5714285714285716,0.0,0.24107142857142855,0.0,0,0,1,1
695,2,39,1,9130,1,19,133.1,1,2,1,2,9,157.0,1,0,0,1,1,0,44,0,1,5,13,4,14.0,3,1,5,9,4,15.5,2,10.8,1.4,1.74,Graduate,0.8,2.6,0.6,0.5599999999999999,23.900000000000006,0,0,0,1
696,1,1,1,9147,1,1,143.0,1,3,1,5,5,152.1,1,0,1,1,1,0,18,0,0,5,15,4,13.33333333,0,0,5,6,2,13.5,0,13.9,-0.3,0.79,Dropout,0.8,3.0,0.0,0.5333333332000001,9.099999999999994,0,0,1,0
697,2,1,1,8014,0,1,165.0,1,37,37,0,0,162.9,1,0,0,1,1,0,45,0,0,6,7,6,13.66666667,0,0,6,6,6,13.66666667,0,7.6,2.6,0.32,Graduate,1.0,1.1666666666666667,0.0,0.6833333335,-2.0999999999999943,0,0,0,1
698,1,1,1,9254,1,1,154.0,1,3,1,2,1,137.2,0,0,0,1,1,0,20,0,0,6,12,3,10.0,0,0,6,9,5,10.8,0,15.5,2.8,-4.06,Enrolled,0.5,2.0,0.0,0.25,-16.80000000000001,0,0,0,0
699,1,44,1,9003,1,39,140.0,1,1,38,9,1,140.0,1,0,0,1,1,0,22,0,0,6,12,5,12.6,0,0,6,11,6,11.71428571,0,12.4,0.5,1.79,Graduate,0.8333333333333334,2.0,0.0,0.525,0.0,0,0,0,0
700,1,43,1,9119,1,1,140.0,1,37,38,5,7,146.5,0,0,0,1,1,0,39,0,0,5,10,3,17.33333333,0,0,5,11,1,17.0,0,13.9,-0.3,0.79,Dropout,0.6,2.0,0.0,0.5199999998999999,6.5,0,0,0,1
701,1,44,1,9085,1,39,130.0,1,2,2,6,6,130.0,0,0,0,0,1,0,20,0,2,6,10,5,13.2,0,1,6,21,3,12.0,0,12.4,0.5,1.79,Enrolled,0.8333333333333334,1.6666666666666667,0.0,0.5499999999999999,0.0,0,0,1,0
702,2,39,1,9147,1,19,133.1,1,37,19,9,3,128.0,0,0,0,1,1,0,49,0,0,5,9,3,14.0,0,0,5,8,3,13.66666667,0,8.9,1.4,3.51,Dropout,0.6,1.8,0.0,0.42,-5.099999999999994,0,0,0,1
703,1,7,1,9556,1,4,190.0,1,5,5,2,2,190.0,1,0,0,1,1,0,43,0,4,4,4,4,13.875,0,1,1,1,1,12.5,0,11.1,0.6,2.02,Dropout,1.0,1.0,0.0,0.69375,0.0,0,0,0,1
704,2,39,1,9991,0,1,120.0,1,37,37,9,9,133.2,1,0,0,1,1,0,32,0,0,5,5,0,0.0,0,0,5,5,0,0.0,0,7.6,2.6,0.32,Dropout,0.0,1.0,0.0,0.0,13.199999999999989,0,0,0,1
705,1,39,1,9238,1,12,100.0,1,37,37,9,9,124.3,0,0,0,1,1,0,47,0,3,9,9,9,13.11111111,0,3,7,7,7,14.85714286,0,10.8,1.4,1.74,Graduate,1.0,1.0,0.0,0.6555555555,24.299999999999997,0,0,0,1
706,5,39,1,9991,0,1,120.0,1,37,37,9,9,138.1,0,0,0,1,1,1,37,0,0,5,8,5,13.0,0,0,5,11,4,13.33333333,2,16.2,0.3,-0.92,Dropout,1.0,1.6,0.0,0.65,18.099999999999994,0,0,0,1
707,2,39,1,8014,0,1,133.1,1,19,1,4,8,144.3,0,0,0,1,1,0,41,0,6,10,10,10,12.5,0,3,7,7,7,12.14285714,0,10.8,1.4,1.74,Graduate,1.0,1.0,0.0,0.625,11.200000000000017,0,0,0,1
708,2,39,1,9003,1,1,150.0,1,37,37,9,6,140.0,0,0,0,1,1,0,60,0,17,18,18,18,14.11111111,0,11,13,13,13,14.23076923,0,15.5,2.8,-4.06,Graduate,1.0,1.0,0.0,0.7055555554999999,-10.0,0,0,0,1
709,2,39,1,9254,1,1,120.0,1,1,19,9,9,148.3,0,0,0,1,1,0,47,0,6,11,11,11,14.72727273,0,6,9,9,9,15.77777778,0,10.8,1.4,1.74,Graduate,1.0,1.0,0.0,0.7363636364999999,28.30000000000001,0,0,0,1
710,1,39,1,8014,0,1,133.1,1,37,11,9,7,96.0,0,0,1,0,1,0,50,0,0,6,6,0,0.0,0,0,5,6,0,0.0,0,12.4,0.5,1.79,Dropout,0.0,1.0,0.0,0.0,-37.099999999999994,0,0,1,1
711,2,39,1,9991,0,19,133.1,1,38,38,90,90,121.7,1,0,0,1,1,0,45,0,0,5,5,0,0.0,0,0,5,5,0,0.0,0,7.6,2.6,0.32,Dropout,0.0,1.0,0.0,0.0,-11.399999999999991,0,0,0,1
712,1,39,1,9119,1,1,100.0,1,37,37,9,8,160.0,0,0,1,0,1,0,45,0,0,5,5,0,0.0,0,0,5,5,0,0.0,0,15.5,2.8,-4.06,Dropout,0.0,1.0,0.0,0.0,60.0,0,0,1,1
713,2,39,1,9085,1,1,133.1,1,37,37,90,90,110.3,0,0,0,1,1,0,33,0,0,5,7,4,13.5,0,0,5,6,5,11.6,0,7.6,2.6,0.32,Graduate,0.8,1.4,0.0,0.54,-22.799999999999997,0,0,0,1
714,1,1,1,9500,1,1,143.0,1,3,3,2,2,129.0,0,0,0,1,1,0,18,0,0,8,8,7,13.10571429,0,0,8,8,7,13.10571429,0,10.8,1.4,1.74,Graduate,0.875,1.0,0.0,0.5733750001875,-14.0,0,0,0,0
715,2,39,1,9085,1,1,120.0,1,37,37,6,6,150.0,0,0,0,1,1,0,43,0,0,5,8,5,13.5,2,0,5,5,5,14.4,0,9.4,-0.8,-3.12,Graduate,1.0,1.6,0.4,0.675,30.0,0,0,0,1
716,1,43,1,8014,0,1,161.0,1,19,37,4,10,100.0,0,0,0,1,1,0,44,0,9,13,18,13,11.84615385,0,9,11,11,11,12.0,0,12.7,3.7,-1.7,Graduate,1.0,1.3846153846153846,0.0,0.5923076925,-61.0,0,0,0,1
717,1,39,1,9130,1,9,133.1,1,34,36,0,90,107.5,0,0,0,1,1,0,29,0,0,5,5,0,0.0,0,0,5,5,0,0.0,0,7.6,2.6,0.32,Dropout,0.0,1.0,0.0,0.0,-25.599999999999994,0,0,0,1
718,4,39,1,9670,1,1,140.0,1,2,1,3,9,170.0,0,0,1,0,1,0,53,0,0,6,11,3,14.33333333,0,0,6,6,0,0.0,0,12.7,3.7,-1.7,Dropout,0.5,1.8333333333333333,0.0,0.35833333325,30.0,0,0,1,1
719,2,42,1,9991,0,6,123.0,1,37,37,9,9,123.0,0,0,0,1,1,0,37,0,0,5,10,5,15.8,0,0,5,5,5,17.6,0,9.4,-0.8,-3.12,Enrolled,1.0,2.0,0.0,0.79,0.0,0,0,0,1
720,1,43,1,9670,1,1,142.0,1,38,1,8,10,138.5,1,0,0,1,1,0,18,0,0,6,16,5,13.8,0,0,6,7,5,12.4,0,13.9,-0.3,0.79,Enrolled,0.8333333333333334,2.6666666666666665,0.0,0.5750000000000001,-3.5,0,0,0,0
721,1,43,1,33,1,19,133.1,1,38,38,4,4,140.0,0,0,1,1,1,0,35,0,3,10,18,6,12.66666667,0,1,9,11,3,12.0,2,16.2,0.3,-0.92,Dropout,0.6,1.8,0.0,0.38000000009999996,6.900000000000006,0,0,1,1
722,1,1,1,9254,1,1,115.0,1,19,1,3,7,113.6,0,0,0,1,1,0,23,0,0,6,10,6,13.0,0,0,6,9,6,12.0,0,11.1,0.6,2.02,Enrolled,1.0,1.6666666666666667,0.0,0.65,-1.4000000000000057,0,0,0,0
723,1,1,1,171,1,1,156.0,1,19,38,9,5,170.0,1,0,0,1,1,0,22,0,0,0,0,0,0.0,0,0,0,0,0,0.0,0,7.6,2.6,0.32,Graduate,0.0,0.0,0.0,0.0,14.0,1,0,0,0
724,1,39,1,8014,0,1,140.0,1,37,37,90,5,115.5,0,0,0,0,1,0,33,0,0,6,6,1,11.0,0,0,6,0,0,0.0,0,10.8,1.4,1.74,Dropout,0.16666666666666666,1.0,0.0,0.09166666666666667,-24.5,0,0,1,1
725,1,7,3,9130,1,3,130.0,1,37,26,90,10,130.0,0,0,0,0,1,0,41,0,0,5,9,0,0.0,4,0,5,9,0,0.0,3,10.8,1.4,1.74,Dropout,0.0,1.8,0.8,0.0,0.0,0,0,1,1
726,4,7,1,9500,1,3,140.0,1,37,38,9,7,140.0,0,0,0,1,1,0,51,0,4,7,7,7,15.2,0,6,8,8,8,16.575,0,13.9,-0.3,0.79,Graduate,1.0,1.0,0.0,0.76,0.0,0,0,0,1
727,1,51,1,9670,1,1,140.0,1,12,5,3,3,126.6,0,0,0,1,1,0,19,0,2,6,7,6,14.42857143,0,1,7,8,7,14.375,0,11.1,0.6,2.02,Graduate,1.0,1.1666666666666667,0.0,0.7214285715,-13.400000000000006,0,0,0,0
728,1,39,1,9991,0,1,133.1,1,37,37,9,9,143.2,0,0,0,1,1,0,35,0,0,5,5,0,0.0,0,0,5,5,0,0.0,0,11.1,0.6,2.02,Dropout,0.0,1.0,0.0,0.0,10.099999999999994,0,0,0,1
729,1,1,2,171,1,1,131.0,41,19,1,4,7,131.4,1,0,0,1,1,0,20,1,0,0,0,0,0.0,0,0,0,0,0,0.0,0,7.6,2.6,0.32,Graduate,0.0,0.0,0.0,0.0,0.4000000000000057,1,0,0,0
730,1,43,1,9670,1,1,141.0,1,3,2,2,2,133.3,1,0,0,1,1,0,18,0,0,6,13,4,13.75,0,0,6,8,5,11.2,0,13.9,-0.3,0.79,Enrolled,0.6666666666666666,2.1666666666666665,0.0,0.4583333333333333,-7.699999999999989,0,0,0,0
731,1,1,1,9773,1,1,120.0,1,19,37,9,9,118.3,0,0,1,0,1,1,18,0,0,6,11,5,12.16666667,0,0,6,15,3,12.0,0,13.9,-0.3,0.79,Dropout,0.8333333333333334,1.8333333333333333,0.0,0.5069444445833333,-1.7000000000000028,0,0,1,0
732,1,44,1,9003,1,39,140.0,1,2,1,4,6,140.0,0,0,0,1,1,0,21,0,0,6,12,5,12.14285714,0,0,6,11,5,11.66666667,0,13.9,-0.3,0.79,Graduate,0.8333333333333334,2.0,0.0,0.5059523808333334,0.0,0,0,0,0
733,1,1,1,9254,1,1,132.0,1,1,19,6,6,124.7,1,0,0,1,1,0,21,0,0,6,9,6,12.0,0,0,6,8,5,11.6,0,13.9,-0.3,0.79,Graduate,1.0,1.5,0.0,0.6,-7.299999999999997,0,0,0,0
734,2,39,2,9147,1,1,130.0,1,19,37,4,7,140.0,0,0,0,1,1,0,34,0,0,5,10,3,11.66666667,1,0,5,7,4,12.75,0,9.4,-0.8,-3.12,Graduate,0.6,2.0,0.2,0.35000000009999993,10.0,0,0,0,1
735,4,39,1,9130,1,1,140.0,1,37,37,6,7,150.0,1,0,0,1,1,0,34,0,0,6,9,0,0.0,0,0,6,6,0,0.0,0,16.2,0.3,-0.92,Dropout,0.0,1.5,0.0,0.0,10.0,0,0,0,1
736,1,17,2,9670,1,1,110.0,1,3,3,4,10,115.6,1,0,0,1,1,0,21,0,0,6,10,6,11.875,0,0,6,8,5,12.0,0,11.1,0.6,2.02,Graduate,1.0,1.6666666666666667,0.0,0.59375,5.599999999999994,0,0,0,0
737,1,43,1,9773,1,1,140.0,1,3,37,3,7,116.9,0,0,0,1,1,0,32,0,6,11,15,7,11.28571429,0,5,7,10,6,12.33333333,0,13.9,-0.3,0.79,Enrolled,0.6363636363636364,1.3636363636363635,0.0,0.3590909092272727,-23.099999999999994,0,0,0,1
738,1,17,2,9254,1,1,130.0,1,37,37,5,7,123.4,1,0,0,1,1,0,30,0,0,6,17,2,10.0,0,0,6,15,3,11.33333333,0,7.6,2.6,0.32,Dropout,0.3333333333333333,2.8333333333333335,0.0,0.16666666666666666,-6.599999999999994,0,0,0,1
739,1,1,1,171,1,1,137.0,1,1,3,3,7,146.5,1,0,1,1,1,0,19,0,6,12,13,11,12.0,0,4,11,15,10,11.18181818,0,8.9,1.4,3.51,Enrolled,0.9166666666666666,1.0833333333333333,0.0,0.5499999999999999,9.5,0,0,1,0
740,1,51,1,9773,1,1,158.0,1,1,19,8,8,117.1,1,0,0,1,1,0,20,0,1,7,7,6,13.83333333,0,1,6,7,5,13.0,0,8.9,1.4,3.51,Dropout,0.8571428571428571,1.0,0.0,0.5928571427142857,-40.900000000000006,0,0,0,0
741,1,1,1,9070,1,1,124.0,1,19,19,9,7,113.9,1,0,0,1,1,0,18,0,0,6,0,0,0.0,0,0,6,0,0,0.0,0,12.4,0.5,1.79,Dropout,0.0,0.0,0.0,0.0,-10.099999999999994,0,0,0,0
742,1,1,1,9254,1,1,136.0,1,3,3,2,2,128.7,0,0,0,1,1,0,19,0,0,6,7,6,14.42857143,0,0,6,6,6,12.5,0,8.9,1.4,3.51,Graduate,1.0,1.1666666666666667,0.0,0.7214285715,-7.300000000000011,0,0,0,0
743,1,17,3,9500,1,1,142.0,1,3,3,3,3,132.9,1,0,0,1,1,0,18,0,0,7,8,5,14.2,0,0,7,9,6,12.4,0,12.4,0.5,1.79,Dropout,0.7142857142857143,1.1428571428571428,0.0,0.5071428571428571,-9.099999999999994,0,0,0,0
744,1,39,1,9991,0,1,150.0,1,1,19,4,8,123.0,0,0,0,1,1,0,27,0,0,5,8,4,11.5,0,0,5,9,3,10.33333333,0,12.7,3.7,-1.7,Dropout,0.8,1.6,0.0,0.45999999999999996,-27.0,0,0,0,1
745,1,39,1,9773,1,12,120.0,1,1,1,9,9,129.8,1,0,0,1,1,0,52,0,0,6,7,5,13.0,0,0,6,6,6,15.0,0,9.4,-0.8,-3.12,Graduate,0.8333333333333334,1.1666666666666667,0.0,0.5416666666666667,9.800000000000011,0,0,0,1
746,2,43,1,9003,1,1,149.0,1,1,1,4,5,156.1,1,0,0,0,1,0,29,0,0,6,6,0,0.0,0,0,6,8,0,0.0,0,15.5,2.8,-4.06,Dropout,0.0,1.0,0.0,0.0,7.099999999999994,0,0,1,1
747,1,51,1,9003,1,39,130.0,1,1,19,4,4,120.0,1,0,1,0,1,0,22,0,0,6,12,3,11.33333333,0,0,6,13,2,11.0,0,8.9,1.4,3.51,Dropout,0.5,2.0,0.0,0.28333333325,-10.0,0,0,1,0
748,1,43,1,9085,1,1,110.0,25,38,38,9,6,117.2,1,0,0,1,1,0,28,1,13,18,45,18,12.5,12,10,13,26,12,11.42857143,6,15.5,2.8,-4.06,Graduate,1.0,2.5,0.6666666666666666,0.625,7.200000000000003,0,0,0,1
749,1,39,1,9670,1,6,133.1,1,1,1,90,3,107.0,1,0,0,1,1,0,30,0,0,5,5,0,0.0,0,0,5,5,0,0.0,0,7.6,2.6,0.32,Dropout,0.0,1.0,0.0,0.0,-26.099999999999994,0,0,0,1
750,1,1,2,9500,1,1,134.0,1,1,1,5,3,128.4,1,0,0,1,0,0,18,0,0,7,7,7,13.47142857,0,0,8,9,8,13.94444444,0,16.2,0.3,-0.92,Graduate,1.0,1.0,0.0,0.6735714285000001,-5.599999999999994,0,0,0,0
751,1,1,2,9670,1,1,130.0,1,38,37,5,5,123.4,1,0,0,1,0,0,21,0,0,5,5,4,11.75,0,0,5,5,3,13.33333333,0,9.4,-0.8,-3.12,Graduate,0.8,1.0,0.0,0.47000000000000003,-6.599999999999994,0,0,0,0
752,1,1,1,9070,1,1,141.0,1,37,37,9,9,126.7,1,0,1,1,0,1,20,0,0,6,9,6,13.33333333,0,0,6,10,6,14.66666667,0,12.7,3.7,-1.7,Graduate,1.0,1.5,0.0,0.6666666665000001,-14.299999999999997,0,0,1,0
753,1,42,1,9500,1,1,123.0,1,37,37,3,3,123.0,1,0,0,1,0,1,21,0,0,8,8,8,13.105,0,0,8,8,8,13.105,0,9.4,-0.8,-3.12,Graduate,1.0,1.0,0.0,0.65525,0.0,0,0,0,0
754,2,39,1,9991,0,19,133.1,1,19,37,7,9,137.2,0,0,1,0,0,0,32,0,0,5,5,0,0.0,0,0,5,6,0,0.0,0,10.8,1.4,1.74,Dropout,0.0,1.0,0.0,0.0,4.099999999999994,0,0,1,1
755,1,1,3,9070,1,1,122.0,1,37,37,9,9,125.9,1,0,0,1,1,1,20,0,0,6,6,6,15.5,0,0,6,7,6,12.16666667,0,12.4,0.5,1.79,Graduate,1.0,1.0,0.0,0.775,3.9000000000000057,0,0,0,0
756,1,1,4,171,1,1,132.0,1,1,19,4,5,138.0,1,0,1,0,1,0,19,0,0,0,0,0,0.0,0,0,0,0,0,0.0,0,15.5,2.8,-4.06,Dropout,0.0,0.0,0.0,0.0,6.0,1,0,1,0
757,1,15,1,9670,1,1,133.1,41,1,1,9,5,128.2,0,0,1,0,1,0,18,1,0,6,6,4,11.25,0,0,6,7,3,12.33333333,0,8.9,1.4,3.51,Dropout,0.6666666666666666,1.0,0.0,0.375,-4.900000000000006,0,0,1,0
758,1,43,1,9991,0,1,130.0,1,37,2,9,4,126.5,1,0,0,0,1,0,23,0,10,15,24,12,11.0,0,10,14,21,11,11.36363636,1,7.6,2.6,0.32,Dropout,0.8,1.6,0.0,0.44000000000000006,-3.5,0,0,1,0
759,1,1,1,9254,1,1,111.0,1,1,1,3,3,112.4,1,0,0,1,1,0,20,0,0,6,10,6,12.33333333,0,0,6,9,4,13.0,0,12.4,0.5,1.79,Graduate,1.0,1.6666666666666667,0.0,0.6166666665,1.4000000000000057,0,0,0,0
760,2,43,2,9147,1,1,133.1,1,37,37,9,9,109.0,1,0,0,1,0,0,46,0,4,9,18,8,11.375,2,0,5,11,5,11.8,0,9.4,-0.8,-3.12,Graduate,0.8888888888888888,2.0,0.2222222222222222,0.5055555555555555,-24.099999999999994,0,0,0,1
761,1,17,1,9003,1,1,125.0,1,3,3,2,2,100.0,0,0,0,1,1,0,27,0,16,18,19,18,12.22222222,0,9,12,15,12,12.38461538,0,15.5,2.8,-4.06,Graduate,1.0,1.0555555555555556,0.0,0.611111111,-25.0,0,0,0,1
762,1,5,1,171,1,1,137.0,1,3,19,1,10,144.7,1,0,0,1,1,0,20,0,0,0,0,0,0.0,0,0,0,0,0,0.0,0,16.2,0.3,-0.92,Enrolled,0.0,0.0,0.0,0.0,7.699999999999989,1,0,0,0
763,2,43,3,8014,0,19,100.0,1,37,37,9,9,120.0,1,0,0,1,1,0,41,0,5,9,11,9,12.0,0,3,7,8,6,12.0,0,9.4,-0.8,-3.12,Graduate,1.0,1.2222222222222223,0.0,0.6,20.0,0,0,0,1
764,1,15,1,9147,1,1,133.1,21,1,3,192,3,100.0,0,0,1,1,1,0,40,1,0,5,10,1,11.0,0,0,5,10,1,10.0,0,11.1,0.6,2.02,Enrolled,0.2,2.0,0.0,0.11000000000000001,-33.099999999999994,0,0,1,1
765,2,44,1,8014,0,39,150.0,1,1,1,5,5,154.0,0,0,0,1,1,0,37,0,12,16,17,16,14.125,0,6,11,14,10,13.0,0,12.4,0.5,1.79,Graduate,1.0,1.0625,0.0,0.70625,4.0,0,0,0,1
766,1,1,4,9147,1,1,120.0,1,38,38,5,10,111.3,0,0,0,1,1,0,20,0,0,5,8,5,10.2,0,0,5,7,5,11.2,0,12.4,0.5,1.79,Enrolled,1.0,1.6,0.0,0.51,-8.700000000000003,0,0,0,0
767,1,44,1,9130,1,39,150.0,1,1,1,4,4,150.0,1,0,0,1,0,0,20,0,0,5,7,4,12.0,1,0,5,6,4,12.4,0,10.8,1.4,1.74,Enrolled,0.8,1.4,0.2,0.48,0.0,0,0,0,0
768,1,7,1,9991,0,40,133.1,1,1,37,4,1,100.0,0,0,0,1,0,0,26,0,8,9,11,9,12.33333333,0,4,7,7,7,12.57142857,0,12.4,0.5,1.79,Graduate,1.0,1.2222222222222223,0.0,0.6166666665,-33.099999999999994,0,0,0,1
769,2,39,1,8014,0,1,133.1,1,37,37,9,7,162.5,0,0,0,1,1,0,54,0,4,9,9,9,14.33333333,0,2,7,7,7,13.85714286,0,8.9,1.4,3.51,Graduate,1.0,1.0,0.0,0.7166666665,29.400000000000006,0,0,0,1
770,1,17,5,9670,1,1,132.0,1,19,19,5,5,134.1,1,0,0,1,1,0,21,0,0,6,6,6,15.16666667,0,0,6,9,6,14.0,0,10.8,1.4,1.74,Graduate,1.0,1.0,0.0,0.7583333335,2.0999999999999943,0,0,0,0
771,1,1,1,9085,1,1,134.0,1,1,1,9,9,133.0,1,0,0,1,0,1,20,0,0,6,8,6,15.14285714,0,0,6,8,6,15.14285714,0,11.1,0.6,2.02,Graduate,1.0,1.3333333333333333,0.0,0.7571428570000001,-1.0,0,0,0,0
772,1,17,6,9773,1,1,126.0,1,1,19,5,5,119.0,1,0,0,1,0,0,18,0,0,6,0,0,0.0,0,0,6,0,0,0.0,0,12.4,0.5,1.79,Dropout,0.0,0.0,0.0,0.0,-7.0,0,0,0,0
773,1,1,3,9500,1,1,136.0,1,1,19,4,9,131.1,1,0,0,1,0,0,19,0,0,7,9,6,13.41142857,0,0,8,12,7,13.29444444,0,15.5,2.8,-4.06,Enrolled,0.8571428571428571,1.2857142857142858,0.0,0.5747755101428571,-4.900000000000006,0,0,0,0
774,1,1,2,9238,1,1,129.0,1,38,1,4,10,129.4,1,0,0,1,0,0,18,0,0,6,7,6,12.33333333,0,0,6,7,6,12.16666667,0,9.4,-0.8,-3.12,Graduate,1.0,1.1666666666666667,0.0,0.6166666665,0.4000000000000057,0,0,0,0
775,1,1,1,9085,1,1,126.0,1,3,1,2,8,123.9,1,0,0,1,0,0,19,0,0,6,13,4,11.8,0,0,6,18,4,12.2,0,12.4,0.5,1.79,Enrolled,0.6666666666666666,2.1666666666666665,0.0,0.39333333333333337,-2.0999999999999943,0,0,0,0
776,1,44,1,9085,1,39,140.0,1,1,1,4,7,140.0,1,0,1,1,0,0,22,0,2,6,9,6,12.0,0,1,6,12,3,12.0,0,13.9,-0.3,0.79,Dropout,1.0,1.5,0.0,0.6,0.0,0,0,1,0
777,1,43,1,9085,1,1,162.0,1,2,1,4,4,162.0,0,0,0,1,0,0,19,0,0,6,7,6,15.0,0,0,6,8,6,15.625,0,12.4,0.5,1.79,Graduate,1.0,1.1666666666666667,0.0,0.75,0.0,0,0,0,0
778,1,1,1,171,1,1,148.0,1,3,2,4,2,131.6,1,0,0,1,0,0,21,0,6,12,12,8,13.875,0,4,11,13,9,12.7,1,8.9,1.4,3.51,Dropout,0.6666666666666666,1.0,0.0,0.46249999999999997,-16.400000000000006,0,0,0,0
779,1,17,1,9853,1,1,119.0,1,3,3,132,132,110.6,0,0,0,1,0,0,20,0,0,7,9,6,11.83333333,0,0,7,7,6,14.33333333,0,11.1,0.6,2.02,Enrolled,0.8571428571428571,1.2857142857142858,0.0,0.507142857,-8.400000000000006,0,0,0,0
780,1,17,3,9773,1,1,123.0,1,1,19,5,5,117.4,1,0,0,1,0,1,18,0,0,6,6,6,12.5,0,0,6,6,6,13.83333333,0,16.2,0.3,-0.92,Graduate,1.0,1.0,0.0,0.625,-5.599999999999994,0,0,0,0
781,1,17,1,9773,1,1,150.0,1,38,38,7,7,137.8,1,0,0,1,0,1,18,0,0,6,6,6,15.0,0,0,6,6,6,15.5,0,8.9,1.4,3.51,Graduate,1.0,1.0,0.0,0.75,-12.199999999999989,0,0,0,0
782,1,17,1,9670,1,1,113.0,1,1,1,5,4,106.7,1,0,1,1,0,0,20,0,0,6,10,2,11.66666667,0,0,6,10,4,10.5,0,15.5,2.8,-4.06,Dropout,0.3333333333333333,1.6666666666666667,0.0,0.19444444449999998,-6.299999999999997,0,0,1,0
783,1,1,1,9500,1,1,152.0,1,19,37,3,8,156.9,0,0,0,1,0,1,18,0,0,7,10,7,14.668,0,0,8,8,8,14.63375,0,15.5,2.8,-4.06,Graduate,1.0,1.4285714285714286,0.0,0.7333999999999999,4.900000000000006,0,0,0,0
784,1,1,3,9500,1,1,154.0,1,3,3,1,3,129.0,1,0,0,1,0,0,18,0,0,8,9,6,13.345,2,0,8,9,6,13.345,2,9.4,-0.8,-3.12,Enrolled,0.75,1.125,0.25,0.5004375,-25.0,0,0,0,0
785,1,1,2,9773,1,1,130.0,1,1,34,9,9,124.8,1,0,0,1,0,1,20,0,0,6,7,5,12.8,0,0,6,6,6,12.33333333,0,12.4,0.5,1.79,Graduate,0.8333333333333334,1.1666666666666667,0.0,0.5333333333333333,-5.200000000000003,0,0,0,0
786,1,1,1,9238,1,1,121.0,1,1,1,1,1,115.1,1,0,0,1,0,0,19,0,0,6,10,6,10.83333333,0,0,6,7,6,12.14285714,0,11.1,0.6,2.02,Graduate,1.0,1.6666666666666667,0.0,0.5416666665000001,-5.900000000000006,0,0,0,0
787,1,1,1,9070,1,1,153.0,1,3,3,1,2,146.7,1,0,0,1,0,0,18,0,0,6,6,6,13.66666667,0,0,6,6,5,14.0,0,12.7,3.7,-1.7,Graduate,1.0,1.0,0.0,0.6833333335,-6.300000000000011,0,0,0,0
788,1,1,1,9500,1,1,148.0,1,3,1,4,5,132.8,0,0,0,1,0,0,18,0,0,8,8,7,14.53714286,0,0,8,8,7,14.53714286,0,10.8,1.4,1.74,Graduate,0.875,1.0,0.0,0.6360000001249999,-15.199999999999989,0,0,0,0
789,1,5,3,9085,1,1,143.0,1,37,37,0,90,159.1,0,0,1,1,0,1,18,0,0,5,5,5,14.4,0,0,5,5,5,14.0,0,7.6,2.6,0.32,Dropout,1.0,1.0,0.0,0.72,16.099999999999994,0,0,1,0
790,1,17,3,171,1,1,147.0,1,19,1,5,4,137.6,1,0,0,1,0,1,20,0,0,0,0,0,0.0,0,0,0,0,0,0.0,0,12.7,3.7,-1.7,Graduate,0.0,0.0,0.0,0.0,-9.400000000000006,1,0,0,0
791,1,17,1,9773,1,1,138.0,1,1,19,9,9,124.0,0,0,0,1,0,1,19,0,0,6,6,6,13.16666667,0,0,6,6,6,13.83333333,0,11.1,0.6,2.02,Graduate,1.0,1.0,0.0,0.6583333335,-14.0,0,0,0,0
792,1,39,1,9500,1,1,120.0,1,3,3,2,2,149.0,0,0,0,0,1,0,36,0,0,6,15,2,11.5,0,0,7,9,0,0.0,0,15.5,2.8,-4.06,Dropout,0.3333333333333333,2.5,0.0,0.19166666666666665,29.0,0,0,1,1
793,1,17,1,9238,1,1,145.0,1,1,40,9,2,129.6,0,0,0,1,0,1,19,0,0,6,7,6,11.33333333,0,0,6,7,6,12.42857143,0,11.1,0.6,2.02,Graduate,1.0,1.1666666666666667,0.0,0.5666666665,-15.400000000000006,0,0,0,0
794,1,17,3,9238,1,1,118.0,1,3,1,2,5,110.0,1,0,0,1,0,0,18,0,0,6,6,6,12.0,0,0,6,6,5,13.6,0,8.9,1.4,3.51,Graduate,1.0,1.0,0.0,0.6,-8.0,0,0,0,0
795,1,1,3,9773,1,1,121.0,1,19,19,3,3,116.1,0,0,0,1,0,1,18,0,0,6,6,6,13.16666667,0,0,6,6,6,12.16666667,0,12.4,0.5,1.79,Graduate,1.0,1.0,0.0,0.6583333335,-4.900000000000006,0,0,0,0
796,1,1,3,9773,1,1,135.0,1,38,38,5,8,133.3,1,0,0,1,0,1,18,0,0,6,6,6,14.83333333,0,0,6,6,6,14.16666667,0,8.9,1.4,3.51,Graduate,1.0,1.0,0.0,0.7416666665,-1.6999999999999886,0,0,0,0
797,1,44,1,9070,1,1,140.0,1,1,1,9,8,144.3,1,0,0,1,0,0,19,0,2,7,7,7,13.0,0,5,9,9,9,13.22222222,0,12.4,0.5,1.79,Graduate,1.0,1.0,0.0,0.65,4.300000000000011,0,0,0,0
798,1,18,3,9500,1,1,145.0,1,1,1,4,8,133.6,1,0,0,1,0,0,18,0,0,7,8,7,13.08714286,0,0,8,8,8,12.95,0,11.1,0.6,2.02,Graduate,1.0,1.1428571428571428,0.0,0.654357143,-11.400000000000006,0,0,0,0
799,1,1,1,9130,1,1,133.0,1,1,37,9,9,123.2,1,0,0,1,0,1,19,0,0,6,8,6,13.33333333,0,0,6,7,6,13.66666667,0,8.9,1.4,3.51,Graduate,1.0,1.3333333333333333,0.0,0.6666666665000001,-9.799999999999997,0,0,0,0
800,1,1,1,9853,1,1,127.0,1,3,1,3,7,137.2,1,0,0,1,0,0,18,0,0,6,7,6,12.16666667,0,0,6,10,4,12.75,0,10.8,1.4,1.74,Enrolled,1.0,1.1666666666666667,0.0,0.6083333335,10.199999999999989,0,0,0,0
801,1,53,1,9070,1,42,130.0,1,40,19,3,5,130.0,1,0,0,0,0,1,22,0,0,6,8,6,11.0,0,0,6,10,4,12.0,0,8.9,1.4,3.51,Enrolled,1.0,1.3333333333333333,0.0,0.55,0.0,0,0,1,0
802,1,1,2,9238,1,1,117.0,1,19,1,9,8,110.0,1,0,1,0,0,0,18,0,0,6,0,0,0.0,0,0,6,0,0,0.0,0,11.1,0.6,2.02,Dropout,0.0,0.0,0.0,0.0,-7.0,0,0,1,0
803,1,17,4,9147,1,1,125.0,1,19,19,5,5,118.0,1,0,0,1,0,0,19,0,0,5,7,5,13.6,0,0,5,6,5,12.2,0,8.9,1.4,3.51,Graduate,1.0,1.4,0.0,0.6799999999999999,-7.0,0,0,0,0
804,1,1,1,9773,1,1,141.0,1,38,38,9,9,128.4,1,0,0,1,0,0,18,0,0,6,6,6,15.5,0,0,6,6,6,14.0,0,11.1,0.6,2.02,Graduate,1.0,1.0,0.0,0.775,-12.599999999999994,0,0,0,0
805,1,1,3,9853,1,1,122.0,1,1,3,5,3,113.6,0,0,0,1,0,0,19,0,0,7,7,7,13.85714286,0,0,7,7,7,14.28571429,0,11.1,0.6,2.02,Graduate,1.0,1.0,0.0,0.692857143,-8.400000000000006,0,0,0,0
806,1,17,2,9147,1,1,118.0,1,19,1,9,3,113.5,1,0,1,1,0,0,20,0,0,5,10,2,11.5,0,0,5,8,3,10.0,0,11.1,0.6,2.02,Enrolled,0.4,2.0,0.0,0.22999999999999998,-4.5,0,0,1,0
807,1,17,3,9070,1,1,142.0,1,1,38,3,5,146.9,1,0,0,1,0,1,18,0,0,6,6,6,13.0,0,0,6,6,6,12.16666667,0,16.2,0.3,-0.92,Graduate,1.0,1.0,0.0,0.65,4.900000000000006,0,0,0,0
808,1,1,1,9130,1,1,143.0,1,3,3,2,10,141.3,0,0,1,0,0,0,23,0,0,6,10,6,14.0,0,0,6,11,4,13.0,0,11.1,0.6,2.02,Enrolled,1.0,1.6666666666666667,0.0,0.7,-1.6999999999999886,0,0,1,0
809,1,1,4,9773,1,1,143.0,1,1,3,4,7,129.7,1,0,0,1,0,0,20,0,0,4,4,0,0.0,0,0,6,0,0,0.0,0,8.9,1.4,3.51,Dropout,0.0,1.0,0.0,0.0,-13.300000000000011,0,0,0,0
810,1,1,5,9070,1,1,123.0,1,3,1,9,3,121.3,1,0,0,1,0,0,20,0,0,6,6,6,11.16666667,0,0,6,9,6,11.5,0,12.4,0.5,1.79,Enrolled,1.0,1.0,0.0,0.5583333335,-1.7000000000000028,0,0,0,0
811,1,1,1,9238,1,1,115.0,1,1,1,9,4,109.1,1,0,1,0,0,1,22,0,0,6,0,0,0.0,0,0,6,0,0,0.0,0,12.4,0.5,1.79,Dropout,0.0,0.0,0.0,0.0,-5.900000000000006,0,0,1,0
812,1,17,2,9853,1,1,112.0,1,19,38,5,7,107.1,1,0,0,1,0,1,18,0,0,7,8,7,12.14285714,0,0,7,9,6,13.66666667,0,11.1,0.6,2.02,Graduate,1.0,1.1428571428571428,0.0,0.607142857,-4.900000000000006,0,0,0,0
813,1,17,1,9500,1,1,135.0,1,19,38,9,9,129.2,0,0,0,1,0,1,18,0,0,7,7,7,14.14571429,0,0,8,9,8,13.62777778,0,11.1,0.6,2.02,Graduate,1.0,1.0,0.0,0.7072857145,-5.800000000000011,0,0,0,0
814,1,1,1,9500,1,1,162.0,1,3,4,3,3,154.1,0,0,0,1,0,0,18,0,0,7,7,7,14.45,0,0,8,9,8,14.14444444,0,11.1,0.6,2.02,Graduate,1.0,1.0,0.0,0.7224999999999999,-7.900000000000006,0,0,0,0
815,1,1,1,9853,1,1,143.0,1,19,3,4,4,147.2,0,0,0,1,0,0,18,0,0,7,7,7,15.71428571,0,0,7,7,7,15.0,0,11.1,0.6,2.02,Graduate,1.0,1.0,0.0,0.7857142855,4.199999999999989,0,0,0,0
816,1,51,1,9147,1,1,130.0,1,1,1,4,4,120.0,0,0,0,1,0,0,21,0,0,5,9,5,12.8,0,0,5,11,3,12.66666667,0,11.1,0.6,2.02,Enrolled,1.0,1.8,0.0,0.64,-10.0,0,0,0,0
817,1,17,1,9070,1,1,136.0,1,1,37,4,5,130.8,0,0,0,1,0,0,20,0,0,6,6,6,12.5,0,0,6,8,6,11.5,0,10.8,1.4,1.74,Enrolled,1.0,1.0,0.0,0.625,-5.199999999999989,0,0,0,0
818,1,16,1,9070,1,1,125.0,1,1,1,4,4,120.8,1,0,0,1,0,0,18,0,0,6,6,6,14.5,0,0,6,6,6,12.83333333,0,12.4,0.5,1.79,Graduate,1.0,1.0,0.0,0.725,-4.200000000000003,0,0,0,0
819,1,17,2,9500,1,1,132.0,1,19,37,3,5,125.4,1,0,0,0,0,1,20,0,0,7,7,7,13.46285714,0,0,8,10,7,13.16428571,0,11.1,0.6,2.02,Enrolled,1.0,1.0,0.0,0.673142857,-6.599999999999994,0,0,1,0
820,1,1,1,8014,0,1,123.0,1,34,37,9,90,121.3,1,0,0,1,0,0,25,0,0,6,6,6,12.83333333,0,0,6,6,6,12.83333333,0,7.6,2.6,0.32,Graduate,1.0,1.0,0.0,0.6416666665,-1.7000000000000028,0,0,0,1
821,1,1,1,9147,1,1,142.0,1,19,19,9,9,127.0,1,0,0,1,0,1,18,0,0,5,10,5,12.0,0,0,5,8,4,11.6,0,13.9,-0.3,0.79,Graduate,1.0,2.0,0.0,0.6,-15.0,0,0,0,0
822,1,1,3,171,1,1,147.0,1,12,19,9,3,151.6,1,0,0,1,0,0,19,0,0,0,0,0,0.0,0,0,0,0,0,0.0,0,13.9,-0.3,0.79,Graduate,0.0,0.0,0.0,0.0,4.599999999999994,1,0,0,0
823,1,1,1,9085,1,1,140.0,6,1,19,4,7,131.6,1,0,0,1,0,0,20,1,0,7,9,6,14.71428571,0,1,7,16,6,13.2,0,12.4,0.5,1.79,Enrolled,0.8571428571428571,1.2857142857142858,0.0,0.6306122447142858,-8.400000000000006,0,0,0,0
824,1,1,2,9238,1,1,133.1,1,19,19,9,9,106.0,1,0,0,1,0,1,20,0,0,6,7,6,12.57142857,0,0,6,7,6,13.28571429,0,12.4,0.5,1.79,Graduate,1.0,1.1666666666666667,0.0,0.6285714285,-27.099999999999994,0,0,0,0
825,1,18,4,9773,1,1,114.0,1,1,1,9,9,111.6,1,0,0,1,0,1,21,0,0,6,6,6,12.5,0,0,6,6,6,11.5,0,11.1,0.6,2.02,Graduate,1.0,1.0,0.0,0.625,-2.4000000000000057,0,0,0,0
826,1,17,3,9670,1,1,125.0,1,1,3,4,3,117.3,1,0,0,1,0,0,18,0,0,6,8,6,14.0,0,0,6,9,5,14.0,0,8.9,1.4,3.51,Graduate,1.0,1.3333333333333333,0.0,0.7,-7.700000000000003,0,0,0,0
827,1,17,1,9853,1,1,127.0,1,1,1,5,7,121.4,1,0,0,1,0,0,18,0,0,7,8,7,11.57142857,0,0,7,9,6,13.16666667,0,11.1,0.6,2.02,Dropout,1.0,1.1428571428571428,0.0,0.5785714285,-5.599999999999994,0,0,0,0
828,1,1,3,9070,1,1,132.0,1,1,3,9,7,126.1,1,0,0,1,0,1,18,0,0,6,6,6,15.83333333,0,0,6,6,6,15.33333333,0,11.1,0.6,2.02,Graduate,1.0,1.0,0.0,0.7916666665000001,-5.900000000000006,0,0,0,0
829,1,1,4,9500,1,1,148.0,1,19,19,4,5,137.0,1,0,0,1,0,0,18,0,0,8,8,8,14.25,0,0,8,8,8,14.25,0,9.4,-0.8,-3.12,Graduate,1.0,1.0,0.0,0.7125,-11.0,0,0,0,0
830,1,43,1,9670,1,1,139.0,1,3,19,3,5,120.8,0,0,0,1,0,0,19,0,0,6,0,0,0.0,0,0,6,0,0,0.0,0,15.5,2.8,-4.06,Dropout,0.0,0.0,0.0,0.0,-18.200000000000003,0,0,0,0
831,1,17,1,9254,1,1,136.0,1,39,3,3,3,128.7,1,0,0,1,0,0,20,0,0,6,8,6,11.66666667,0,0,6,10,6,11.0,0,13.9,-0.3,0.79,Dropout,1.0,1.3333333333333333,0.0,0.5833333334999999,-7.300000000000011,0,0,0,0
832,1,39,1,9238,1,9,133.1,1,34,34,0,0,118.0,0,0,0,1,0,0,47,0,0,6,12,0,0.0,0,0,5,10,0,0.0,0,7.6,2.6,0.32,Dropout,0.0,2.0,0.0,0.0,-15.099999999999994,0,0,0,1
833,1,43,1,9130,1,1,120.0,6,1,3,9,2,120.0,0,0,1,1,0,0,21,1,2,5,9,5,13.2,2,0,5,7,2,12.5,2,10.8,1.4,1.74,Enrolled,1.0,1.8,0.4,0.6599999999999999,0.0,0,0,1,0
834,2,39,1,9130,1,1,130.0,1,37,37,9,6,160.0,0,0,0,1,1,0,31,0,1,6,11,2,12.0,1,1,6,12,1,10.0,1,16.2,0.3,-0.92,Dropout,0.3333333333333333,1.8333333333333333,0.16666666666666666,0.19999999999999998,30.0,0,0,0,1
835,2,39,1,9119,1,1,110.0,1,37,37,90,5,150.0,1,0,0,1,1,0,46,0,0,5,6,0,0.0,0,0,5,5,0,0.0,0,7.6,2.6,0.32,Dropout,0.0,1.2,0.0,0.0,40.0,0,0,0,1
836,1,1,3,9119,1,1,133.0,1,3,1,3,4,121.8,1,0,0,1,1,0,18,0,0,5,9,4,12.0,0,0,5,10,2,11.0,0,8.9,1.4,3.51,Enrolled,0.8,1.8,0.0,0.48,-11.200000000000003,0,0,0,0
837,1,17,3,9119,1,1,138.0,1,3,3,3,4,125.4,1,1,0,1,1,0,19,0,0,5,10,3,13.33333333,0,0,5,9,4,10.75,0,8.9,1.4,3.51,Dropout,0.6,2.0,0.0,0.3999999999,-12.599999999999994,0,0,0,0
838,1,51,1,9556,1,1,131.0,1,1,37,152,193,126.6,1,0,0,1,1,0,23,0,0,7,11,5,12.41428571,0,0,7,13,2,13.5,0,8.9,1.4,3.51,Enrolled,0.7142857142857143,1.5714285714285714,0.0,0.44336734678571427,-4.400000000000006,0,0,0,0
839,1,44,1,9130,1,39,150.0,1,3,1,2,8,150.0,0,0,0,0,1,0,22,0,0,5,5,0,0.0,0,0,5,5,0,0.0,0,12.7,3.7,-1.7,Dropout,0.0,1.0,0.0,0.0,0.0,0,0,1,0
840,1,1,1,9147,1,1,125.0,1,38,1,3,10,114.5,1,0,0,1,1,0,19,0,0,5,5,5,13.8,0,0,5,7,5,12.4,0,9.4,-0.8,-3.12,Graduate,1.0,1.0,0.0,0.6900000000000001,-10.5,0,0,0,0
841,1,1,1,9147,1,1,108.0,41,3,3,9,9,107.0,0,0,1,0,0,0,19,1,0,5,14,0,0.0,0,0,5,5,0,0.0,0,8.9,1.4,3.51,Dropout,0.0,2.8,0.0,0.0,-1.0,0,0,1,0
842,1,17,1,9147,1,1,116.0,1,3,1,3,4,115.7,0,0,0,0,1,0,22,0,0,5,10,4,11.5,0,0,5,11,4,14.0,0,8.9,1.4,3.51,Enrolled,0.8,2.0,0.0,0.45999999999999996,-0.29999999999999716,0,0,1,0
843,1,39,1,9130,1,1,133.1,1,3,34,3,0,120.0,0,0,1,0,1,0,29,0,0,5,11,0,0.0,4,0,5,6,0,0.0,1,9.4,-0.8,-3.12,Dropout,0.0,2.2,0.8,0.0,-13.099999999999994,0,0,1,1
844,1,1,3,9500,1,1,147.0,1,37,38,9,5,134.8,1,0,0,1,0,0,18,0,0,7,7,6,14.01666667,0,0,7,7,6,14.01666667,0,7.6,2.6,0.32,Graduate,0.8571428571428571,1.0,0.0,0.6007142858571428,-12.199999999999989,0,0,0,0
845,1,1,1,9238,1,1,143.0,1,38,34,9,9,133.6,1,0,0,1,0,0,18,0,0,6,9,5,11.4,0,0,6,8,5,10.8,0,9.4,-0.8,-3.12,Graduate,0.8333333333333334,1.5,0.0,0.4750000000000001,-9.400000000000006,0,0,0,0
846,1,1,1,171,1,1,115.0,1,37,37,9,8,129.0,1,0,1,0,0,1,23,0,0,0,0,0,0.0,0,0,0,0,0,0.0,0,9.4,-0.8,-3.12,Dropout,0.0,0.0,0.0,0.0,14.0,1,0,1,0
847,2,39,1,9991,0,1,160.0,1,1,1,194,131,128.4,0,0,0,1,0,0,34,0,0,5,12,5,10.4,0,0,5,11,5,12.0,0,12.4,0.5,1.79,Graduate,1.0,2.4,0.0,0.52,-31.599999999999994,0,0,0,1
848,1,17,1,9147,1,1,118.0,1,19,19,9,9,122.2,0,0,0,1,0,0,19,0,0,5,11,3,10.66666667,0,0,5,9,4,10.25,0,11.1,0.6,2.02,Graduate,0.6,2.2,0.0,0.3200000001,4.200000000000003,0,0,0,0
849,1,1,1,9085,1,1,122.0,1,1,1,2,5,113.3,1,0,0,1,0,0,18,0,0,5,9,4,14.25,0,0,5,8,5,12.71428571,0,10.8,1.4,1.74,Enrolled,0.8,1.8,0.0,0.5700000000000001,-8.700000000000003,0,0,0,0
850,1,17,6,9500,1,1,143.0,1,1,19,4,4,129.9,0,0,0,1,0,1,20,0,3,7,7,7,13.91428571,0,5,8,8,8,14.10625,0,11.1,0.6,2.02,Graduate,1.0,1.0,0.0,0.6957142855,-13.099999999999994,0,0,0,0
851,1,1,6,9500,1,1,133.0,1,3,3,1,1,126.2,1,0,0,1,0,0,19,0,0,7,9,7,13.76111111,0,0,8,11,7,12.82375,0,15.5,2.8,-4.06,Graduate,1.0,1.2857142857142858,0.0,0.6880555555,-6.799999999999997,0,0,0,0
852,1,5,2,9853,1,1,122.0,1,19,19,4,5,112.6,1,0,0,1,0,0,22,0,0,6,10,5,12.6,0,0,6,9,4,11.25,0,12.7,3.7,-1.7,Enrolled,0.8333333333333334,1.6666666666666667,0.0,0.525,-9.400000000000006,0,0,0,0
853,1,1,1,9238,1,1,164.0,1,19,19,9,9,149.0,1,0,0,1,0,1,23,0,0,6,7,6,13.85714286,0,0,6,6,6,14.16666667,0,10.8,1.4,1.74,Graduate,1.0,1.1666666666666667,0.0,0.692857143,-15.0,0,0,0,0
854,2,39,1,9500,1,1,133.1,1,1,19,9,9,120.0,0,0,0,1,1,1,34,0,0,8,8,7,13.84285714,0,0,8,8,7,13.84285714,0,12.7,3.7,-1.7,Graduate,0.875,1.0,0.0,0.605624999875,-13.099999999999994,0,0,0,1
855,1,17,4,9119,1,1,127.0,1,19,19,5,5,120.4,1,0,1,0,1,0,18,0,0,5,12,0,0.0,0,0,5,8,0,0.0,0,9.4,-0.8,-3.12,Enrolled,0.0,2.4,0.0,0.0,-6.599999999999994,0,0,1,0
856,1,1,3,9773,1,1,140.0,1,1,39,4,1,128.1,1,1,0,1,1,0,21,0,0,6,6,5,11.8,0,0,6,9,0,0.0,0,16.2,0.3,-0.92,Dropout,0.8333333333333334,1.0,0.0,0.49166666666666675,-11.900000000000006,0,0,0,0
857,1,1,1,9238,1,1,127.0,1,1,19,4,3,141.7,1,0,0,1,1,0,22,0,0,6,6,6,12.66666667,0,0,6,6,6,13.83333333,0,10.8,1.4,1.74,Dropout,1.0,1.0,0.0,0.6333333335,14.699999999999989,0,0,0,0
858,1,39,1,9003,1,12,133.1,1,37,1,9,10,130.0,0,0,0,1,1,0,28,0,0,6,6,0,0.0,0,0,6,6,0,0.0,0,11.1,0.6,2.02,Dropout,0.0,1.0,0.0,0.0,-3.0999999999999943,0,0,0,1
859,1,5,4,9119,1,1,115.0,1,19,37,4,6,113.3,1,0,0,1,1,0,23,0,0,5,7,0,0.0,0,0,5,5,0,0.0,0,7.6,2.6,0.32,Dropout,0.0,1.4,0.0,0.0,-1.7000000000000028,0,0,0,0
860,1,1,1,9773,1,1,108.0,1,34,38,0,3,105.9,0,0,0,1,1,0,20,0,0,6,11,4,10.75,0,0,6,13,2,10.0,0,7.6,2.6,0.32,Dropout,0.6666666666666666,1.8333333333333333,0.0,0.3583333333333333,-2.0999999999999943,0,0,0,0
861,1,18,2,9119,1,1,136.0,1,1,2,5,4,122.7,1,0,0,1,1,0,18,0,0,5,7,5,12.6,0,0,5,9,3,13.25,0,13.9,-0.3,0.79,Dropout,1.0,1.4,0.0,0.63,-13.299999999999997,0,0,0,0
862,1,39,2,9147,1,12,133.1,1,19,38,9,9,120.0,1,0,1,0,1,0,28,0,0,5,5,0,0.0,0,0,5,5,0,0.0,0,9.4,-0.8,-3.12,Dropout,0.0,1.0,0.0,0.0,-13.099999999999994,0,0,1,1
863,1,44,1,9070,1,39,120.0,1,1,19,5,8,119.8,0,0,0,1,1,0,21,0,2,7,7,2,12.0,0,5,9,10,7,12.14285714,0,12.4,0.5,1.79,Dropout,0.2857142857142857,1.0,0.0,0.1714285714285714,-0.20000000000000284,0,0,0,0
864,1,39,1,9670,1,1,133.1,1,38,19,9,8,122.9,0,0,1,0,1,0,25,0,0,6,7,3,14.0,0,0,6,9,2,14.5,0,13.9,-0.3,0.79,Dropout,0.5,1.1666666666666667,0.0,0.35,-10.199999999999989,0,0,1,1
865,1,44,1,9085,1,39,160.0,1,1,1,5,4,160.0,1,1,0,0,1,0,19,0,2,6,6,6,14.0,0,1,6,11,6,13.5,0,12.4,0.5,1.79,Dropout,1.0,1.0,0.0,0.7,0.0,0,0,1,0
866,1,1,4,9500,1,1,128.0,1,1,1,4,10,125.2,1,0,0,1,1,1,18,0,0,7,7,7,14.68285714,0,0,8,9,8,15.05555556,0,12.4,0.5,1.79,Graduate,1.0,1.0,0.0,0.7341428569999999,-2.799999999999997,0,0,0,0
867,1,39,1,9119,1,3,130.0,1,1,38,90,90,143.4,0,0,0,1,1,0,29,0,0,3,3,0,0.0,3,0,5,0,0,0.0,0,10.8,1.4,1.74,Dropout,0.0,1.0,1.0,0.0,13.400000000000006,0,0,0,1
868,1,39,1,9119,1,19,133.1,1,37,38,3,7,96.7,0,0,0,1,1,1,29,0,0,5,6,0,0.0,0,0,5,7,0,0.0,0,12.4,0.5,1.79,Dropout,0.0,1.2,0.0,0.0,-36.39999999999999,0,0,0,1
869,1,18,1,9254,1,1,137.0,1,19,19,4,5,126.9,0,0,0,1,1,0,20,0,0,6,7,6,13.85714286,0,0,6,7,5,12.8,0,16.2,0.3,-0.92,Graduate,1.0,1.1666666666666667,0.0,0.692857143,-10.099999999999994,0,0,0,0
870,1,1,1,171,1,1,163.0,1,19,1,9,7,143.1,0,0,0,1,1,0,18,0,0,0,0,0,0.0,0,0,0,0,0,0.0,0,9.4,-0.8,-3.12,Graduate,0.0,0.0,0.0,0.0,-19.900000000000006,1,0,0,0
871,1,1,1,9254,1,1,125.0,1,1,1,191,193,114.5,0,0,0,1,1,0,20,0,0,6,8,6,13.14285714,0,0,6,7,6,12.5,0,8.9,1.4,3.51,Graduate,1.0,1.3333333333333333,0.0,0.657142857,-10.5,0,0,0,0
872,2,39,1,9119,1,1,120.0,1,34,34,0,0,140.0,1,0,0,1,1,0,33,0,0,5,14,1,18.0,0,0,5,9,2,13.0,0,9.4,-0.8,-3.12,Dropout,0.2,2.8,0.0,0.18000000000000002,20.0,0,0,0,1
873,1,42,1,9991,0,1,150.0,1,19,19,5,5,113.7,0,0,0,1,1,0,30,0,11,15,15,13,11.46153846,0,6,11,15,10,11.58333333,1,16.2,0.3,-0.92,Graduate,0.8666666666666667,1.0,0.0,0.49666666660000003,-36.3,0,0,0,1
874,1,1,1,9556,1,1,135.0,1,1,1,1,1,131.5,0,0,0,1,1,1,21,0,0,7,14,5,11.2,0,0,8,11,6,11.58333333,0,16.2,0.3,-0.92,Enrolled,0.7142857142857143,2.0,0.0,0.39999999999999997,-3.5,0,0,0,0
875,1,1,1,9003,1,1,148.0,1,1,19,194,194,143.5,0,0,1,1,1,0,18,0,0,6,6,5,15.0,0,0,6,8,4,14.5,0,8.9,1.4,3.51,Graduate,0.8333333333333334,1.0,0.0,0.625,-4.5,0,0,1,0
876,1,1,1,9500,1,1,138.0,1,38,38,9,9,126.8,0,0,0,1,1,1,19,0,0,7,9,7,14.24444444,0,0,8,12,8,12.23333333,0,15.5,2.8,-4.06,Graduate,1.0,1.2857142857142858,0.0,0.7122222220000001,-11.200000000000003,0,0,0,0
877,1,17,1,9070,1,1,119.0,1,38,19,9,9,115.2,0,0,0,1,1,1,21,0,0,6,8,4,11.5,0,0,6,7,5,11.0,0,15.5,2.8,-4.06,Dropout,0.6666666666666666,1.3333333333333333,0.0,0.3833333333333333,-3.799999999999997,0,0,0,0
878,1,39,2,9556,1,1,130.0,1,19,19,4,5,100.0,0,0,0,1,1,1,25,0,0,7,7,2,10.0,0,0,7,7,0,0.0,0,15.5,2.8,-4.06,Dropout,0.2857142857142857,1.0,0.0,0.14285714285714285,-30.0,0,0,0,1
879,1,1,2,9670,1,1,135.0,1,19,19,7,10,121.4,0,0,0,1,1,0,19,0,0,5,7,3,12.33333333,0,0,5,5,5,11.6,0,9.4,-0.8,-3.12,Graduate,0.6,1.4,0.0,0.3699999999,-13.599999999999994,0,0,0,0
880,1,44,1,9070,1,39,120.0,1,19,1,9,3,120.0,1,0,0,1,1,0,23,0,2,7,8,5,12.2,0,5,9,10,7,12.14285714,1,16.2,0.3,-0.92,Dropout,0.7142857142857143,1.1428571428571428,0.0,0.4357142857142857,0.0,0,0,0,0
881,1,17,2,9070,1,1,126.0,1,38,38,9,8,129.9,1,0,0,1,1,1,19,0,0,6,6,6,13.66666667,0,0,6,7,5,13.2,0,12.4,0.5,1.79,Graduate,1.0,1.0,0.0,0.6833333335,3.9000000000000057,0,0,0,0
882,1,1,1,171,1,1,149.0,1,3,2,2,5,151.1,1,0,0,1,1,0,19,0,0,0,0,0,0.0,0,0,0,0,0,0.0,0,9.4,-0.8,-3.12,Graduate,0.0,0.0,0.0,0.0,2.0999999999999943,1,0,0,0
883,1,39,1,9003,1,1,110.0,1,19,37,9,6,120.0,0,0,1,0,1,0,31,0,0,6,15,1,11.0,0,0,6,10,0,0.0,0,16.2,0.3,-0.92,Dropout,0.16666666666666666,2.5,0.0,0.09166666666666667,10.0,0,0,1,1
884,1,39,1,9003,1,1,133.1,1,37,37,4,7,130.0,0,0,1,0,1,0,32,0,0,6,8,3,13.0,0,4,10,14,6,11.42857143,0,16.2,0.3,-0.92,Dropout,0.5,1.3333333333333333,0.0,0.325,-3.0999999999999943,0,0,1,1
885,1,16,2,9500,1,1,127.0,1,2,38,4,9,119.0,1,0,0,1,0,1,19,0,0,8,12,7,12.6,0,0,8,12,7,12.6,0,10.8,1.4,1.74,Graduate,0.875,1.5,0.0,0.55125,-8.0,0,0,0,0
886,1,42,1,9773,1,6,120.0,1,34,34,0,0,122.0,1,0,0,1,0,0,34,0,8,10,11,10,12.2,0,5,10,12,9,12.33333333,0,7.6,2.6,0.32,Graduate,1.0,1.1,0.0,0.61,2.0,0,0,0,1
887,1,16,6,9773,1,1,136.0,1,38,14,0,0,129.7,1,0,0,1,0,0,21,0,0,6,6,6,13.16666667,0,0,6,6,6,13.0,0,7.6,2.6,0.32,Graduate,1.0,1.0,0.0,0.6583333335,-6.300000000000011,0,0,0,0
888,1,43,2,9238,1,1,110.0,1,37,37,9,7,112.5,1,0,0,1,0,1,53,0,4,7,16,6,11.0,0,2,7,9,7,11.0,0,9.4,-0.8,-3.12,Graduate,0.8571428571428571,2.2857142857142856,0.0,0.4714285714285714,2.5,0,0,0,1
889,1,1,1,9500,1,1,136.0,1,19,19,4,7,136.0,0,0,0,1,0,1,19,0,0,7,7,7,14.01428571,0,0,8,8,8,15.35,0,13.9,-0.3,0.79,Graduate,1.0,1.0,0.0,0.7007142854999999,0.0,0,0,0,0
890,1,1,3,9773,1,1,145.0,1,38,38,9,5,133.1,0,0,0,1,0,1,20,0,0,6,9,4,13.0,0,0,6,13,4,11.25,0,10.8,1.4,1.74,Graduate,0.6666666666666666,1.5,0.0,0.43333333333333335,-11.900000000000006,0,0,0,0
891,1,1,2,9773,1,1,159.0,1,1,19,9,9,151.3,1,0,0,1,0,0,18,0,0,6,6,6,14.0,0,0,6,6,6,14.66666667,0,10.8,1.4,1.74,Graduate,1.0,1.0,0.0,0.7,-7.699999999999989,0,0,0,0
892,1,39,1,171,1,1,147.0,1,37,38,175,193,133.3,0,0,0,0,0,0,32,0,0,0,0,0,0.0,0,0,0,0,0,0.0,0,16.2,0.3,-0.92,Dropout,0.0,0.0,0.0,0.0,-13.699999999999989,1,0,1,1
893,1,43,1,9500,1,1,150.0,1,37,37,9,9,130.8,1,0,0,1,0,1,21,0,0,8,8,7,14.42857143,0,0,8,8,7,14.42857143,0,12.7,3.7,-1.7,Graduate,0.875,1.0,0.0,0.6312500000625,-19.19999999999999,0,0,0,0
894,1,7,1,8014,0,3,140.0,1,37,12,9,4,140.0,0,0,0,0,0,0,26,0,0,5,9,0,0.0,0,0,5,10,0,0.0,0,9.4,-0.8,-3.12,Dropout,0.0,1.8,0.0,0.0,0.0,0,0,1,1
895,1,42,1,9085,1,39,150.0,1,1,1,4,7,150.0,1,0,0,1,0,0,26,0,11,18,45,18,11.83333333,10,9,13,27,13,12.46153846,5,15.5,2.8,-4.06,Graduate,1.0,2.5,0.5555555555555556,0.5916666665,0.0,0,0,0,1
896,2,44,1,9991,0,39,130.0,1,1,37,4,9,130.0,0,0,0,0,0,0,21,0,0,5,12,3,11.33333333,0,0,5,10,1,13.0,0,15.5,2.8,-4.06,Dropout,0.6,2.4,0.0,0.33999999989999996,0.0,0,0,1,0
897,1,17,1,9773,1,1,120.0,1,37,37,5,5,125.3,0,0,0,1,0,0,18,0,0,6,9,6,12.5,0,0,6,9,6,13.0,0,7.6,2.6,0.32,Graduate,1.0,1.5,0.0,0.625,5.299999999999997,0,0,0,0
898,1,43,1,9070,1,39,130.0,1,19,37,5,9,124.0,1,0,0,1,0,1,21,0,4,12,12,12,13.33333333,0,5,12,12,11,12.54545455,0,15.5,2.8,-4.06,Graduate,1.0,1.0,0.0,0.6666666665000001,-6.0,0,0,0,0
899,1,1,1,9254,1,1,112.0,1,38,19,9,5,113.8,1,0,0,1,0,0,21,0,0,6,10,6,10.83333333,0,0,6,10,4,11.0,0,7.6,2.6,0.32,Enrolled,1.0,1.6666666666666667,0.0,0.5416666665000001,1.7999999999999972,0,0,0,0
900,1,17,1,9670,1,1,128.0,1,19,19,7,7,124.4,0,0,0,1,0,1,19,0,0,6,6,6,13.0,0,0,6,6,6,14.0,0,13.9,-0.3,0.79,Graduate,1.0,1.0,0.0,0.65,-3.5999999999999943,0,0,0,0
901,1,17,1,9147,1,1,114.0,1,19,19,9,7,107.7,0,0,0,1,0,0,19,0,0,5,7,2,10.0,0,0,5,11,2,14.0,0,10.8,1.4,1.74,Dropout,0.4,1.4,0.0,0.2,-6.299999999999997,0,0,0,0
902,1,43,2,9238,1,1,118.0,1,38,38,5,5,110.0,0,0,0,1,0,1,19,0,0,6,8,6,11.42857143,0,0,6,11,5,11.2,0,10.8,1.4,1.74,Graduate,1.0,1.3333333333333333,0.0,0.5714285715,-8.0,0,0,0,0
903,1,7,1,9500,1,3,130.0,1,37,38,7,7,130.0,1,0,0,1,0,0,27,0,0,8,8,8,12.8875,0,0,8,8,8,12.8875,0,9.4,-0.8,-3.12,Graduate,1.0,1.0,0.0,0.6443749999999999,0.0,0,0,0,1
904,1,1,2,9500,1,1,145.0,1,37,1,9,4,138.8,1,0,0,1,0,1,18,0,0,7,7,6,12.95,0,0,7,7,6,12.95,0,7.6,2.6,0.32,Graduate,0.8571428571428571,1.0,0.0,0.5549999999999999,-6.199999999999989,0,0,0,0
905,1,1,2,9147,1,1,121.0,1,19,19,9,9,126.3,1,0,0,1,0,0,20,0,0,5,12,1,10.0,2,0,5,5,0,0.0,0,12.7,3.7,-1.7,Dropout,0.2,2.4,0.4,0.1,5.299999999999997,0,0,0,0
906,1,1,3,9500,1,1,114.0,1,1,1,5,5,114.5,1,0,0,1,0,1,19,0,0,7,7,7,13.09428571,0,0,8,8,8,12.55,0,12.4,0.5,1.79,Graduate,1.0,1.0,0.0,0.6547142855,0.5,0,0,0,0
907,1,1,4,9670,1,1,127.0,1,1,1,7,7,116.5,1,0,0,1,0,0,20,0,0,6,7,0,0.0,0,0,6,6,0,0.0,0,16.2,0.3,-0.92,Dropout,0.0,1.1666666666666667,0.0,0.0,-10.5,0,0,0,0
908,1,17,2,9238,1,1,145.0,1,19,38,7,6,128.6,1,0,0,1,0,1,19,0,0,6,12,5,11.71428571,0,0,6,11,6,11.0,0,12.7,3.7,-1.7,Graduate,0.8333333333333334,2.0,0.0,0.4880952379166667,-16.400000000000006,0,0,0,0
909,1,17,5,9238,1,1,130.0,1,19,1,5,5,130.0,1,0,0,1,0,0,20,0,0,6,8,4,11.25,0,0,6,15,3,10.0,0,9.4,-0.8,-3.12,Enrolled,0.6666666666666666,1.3333333333333333,0.0,0.375,0.0,0,0,0,0
910,1,1,1,171,1,1,150.0,1,38,19,7,10,134.6,0,0,0,1,0,0,20,0,0,0,0,0,0.0,0,0,0,0,0,0.0,0,15.5,2.8,-4.06,Dropout,0.0,0.0,0.0,0.0,-15.400000000000006,1,0,0,0
911,1,1,1,9853,1,1,145.0,1,37,37,9,5,146.8,0,0,0,1,0,0,18,0,0,6,6,6,13.16666667,0,0,6,6,6,13.33333333,0,7.6,2.6,0.32,Graduate,1.0,1.0,0.0,0.6583333335,1.8000000000000114,0,0,0,0
912,1,1,1,9085,1,1,128.0,1,19,1,5,4,135.7,1,0,0,1,0,0,20,0,0,5,7,4,12.75,0,0,5,5,5,13.4,0,10.8,1.4,1.74,Graduate,0.8,1.4,0.0,0.51,7.699999999999989,0,0,0,0
913,2,39,1,9991,0,1,140.0,1,37,37,9,9,120.0,0,0,0,0,0,0,38,0,0,5,6,5,10.6,0,0,5,9,2,11.0,0,12.7,3.7,-1.7,Dropout,1.0,1.2,0.0,0.53,-20.0,0,0,1,1
914,4,39,1,8014,0,1,130.0,1,37,37,9,7,138.0,0,0,0,1,0,0,42,0,0,6,8,5,11.2,0,0,6,6,6,12.0,0,8.9,1.4,3.51,Graduate,0.8333333333333334,1.3333333333333333,0.0,0.4666666666666666,8.0,0,0,0,1
915,1,39,1,9500,1,1,140.0,1,37,37,9,6,135.5,0,0,0,1,0,0,32,0,0,7,0,0,0.0,0,0,8,0,0,0.0,0,13.9,-0.3,0.79,Dropout,0.0,0.0,0.0,0.0,-4.5,0,0,0,1
916,1,15,1,9773,1,1,120.0,26,19,19,4,5,120.0,1,0,0,1,0,0,22,1,0,6,6,6,13.0,0,0,6,6,6,13.66666667,0,12.4,0.5,1.79,Graduate,1.0,1.0,0.0,0.65,0.0,0,0,0,0
917,2,39,1,9991,0,1,147.0,1,34,34,90,90,111.7,1,0,0,1,0,0,28,0,0,5,10,0,0.0,0,0,5,5,0,0.0,0,7.6,2.6,0.32,Dropout,0.0,2.0,0.0,0.0,-35.3,0,0,0,1
918,2,39,1,8014,0,9,133.1,1,37,37,8,10,100.0,1,0,0,1,0,0,37,0,0,6,0,0,0.0,0,0,6,0,0,0.0,0,9.4,-0.8,-3.12,Dropout,0.0,0.0,0.0,0.0,-33.099999999999994,0,0,0,1
919,2,44,1,9003,1,39,160.0,1,37,38,9,4,160.0,0,0,0,1,0,0,43,0,0,6,8,6,14.16666667,0,0,6,9,6,15.0,0,15.5,2.8,-4.06,Graduate,1.0,1.3333333333333333,0.0,0.7083333334999999,0.0,0,0,0,1
920,6,39,1,8014,0,1,133.1,1,37,1,9,7,114.8,0,0,0,1,0,1,41,0,0,6,10,5,12.83333333,0,0,6,6,6,12.33333333,0,13.9,-0.3,0.79,Graduate,0.8333333333333334,1.6666666666666667,0.0,0.5347222220833334,-18.299999999999997,0,0,0,1
921,4,39,1,8014,0,19,140.0,1,37,37,9,3,131.0,0,0,0,1,0,1,29,0,0,6,11,4,11.75,0,0,6,9,5,10.4,0,10.8,1.4,1.74,Graduate,0.6666666666666666,1.8333333333333333,0.0,0.39166666666666666,-9.0,0,0,0,1
922,1,39,1,8014,0,1,133.1,1,37,37,9,9,97.0,0,0,0,1,0,1,35,0,0,6,8,6,10.83333333,0,0,6,7,6,11.5,0,10.8,1.4,1.74,Graduate,1.0,1.3333333333333333,0.0,0.5416666665000001,-36.099999999999994,0,0,0,1
923,1,17,6,9238,1,1,131.0,1,1,3,4,2,131.7,1,0,0,1,0,0,18,0,0,6,8,4,11.75,0,0,6,8,4,12.25,0,9.4,-0.8,-3.12,Dropout,0.6666666666666666,1.3333333333333333,0.0,0.39166666666666666,0.6999999999999886,0,0,0,0
924,1,39,1,9500,1,19,133.1,1,37,37,9,6,120.0,0,0,0,0,0,1,39,0,0,7,14,3,11.5,0,0,7,9,2,10.5,0,16.2,0.3,-0.92,Dropout,0.42857142857142855,2.0,0.0,0.24642857142857139,-13.099999999999994,0,0,1,1
925,4,39,1,9991,0,1,120.0,1,37,37,9,9,110.0,0,0,0,1,0,0,37,0,0,5,14,2,10.0,0,0,5,7,3,11.33333333,0,12.7,3.7,-1.7,Enrolled,0.4,2.8,0.0,0.2,-10.0,0,0,0,1
926,1,39,1,9500,1,1,130.0,1,37,37,9,7,133.0,1,0,0,1,0,1,26,0,0,7,7,6,13.7,0,0,7,7,6,13.7,0,7.6,2.6,0.32,Graduate,0.8571428571428571,1.0,0.0,0.5871428571428571,3.0,0,0,0,1
927,1,7,1,9085,1,3,140.0,1,19,20,4,90,140.0,1,0,0,1,0,0,32,0,0,5,8,1,14.0,2,0,5,12,0,0.0,4,10.8,1.4,1.74,Dropout,0.2,1.6,0.4,0.13999999999999999,0.0,0,0,0,1
928,2,39,1,8014,0,1,133.1,1,37,37,6,8,100.0,0,0,1,1,0,0,37,0,3,8,12,7,11.375,0,2,7,10,6,12.16666667,0,13.9,-0.3,0.79,Enrolled,0.875,1.5,0.0,0.49765624999999997,-33.099999999999994,0,0,1,1
929,1,39,1,9085,1,1,140.0,1,37,19,191,163,129.3,1,0,1,1,0,0,28,0,0,6,17,0,0.0,0,0,6,6,0,0.0,0,8.9,1.4,3.51,Enrolled,0.0,2.8333333333333335,0.0,0.0,-10.699999999999989,0,0,1,1
930,1,1,1,9238,1,1,133.1,1,19,37,0,0,137.0,1,0,0,1,0,0,19,0,0,6,10,0,0.0,4,0,6,0,0,0.0,0,7.6,2.6,0.32,Dropout,0.0,1.6666666666666667,0.6666666666666666,0.0,3.9000000000000057,0,0,0,0
931,1,1,5,9147,1,1,125.0,1,37,38,7,7,122.2,1,0,0,1,0,0,18,0,0,5,9,1,11.0,0,0,5,9,2,12.5,0,7.6,2.6,0.32,Enrolled,0.2,1.8,0.0,0.11000000000000001,-2.799999999999997,0,0,0,0
932,1,1,1,9853,1,1,115.0,1,19,38,9,9,108.0,0,0,0,1,0,1,19,0,0,7,10,6,13.0,0,0,7,7,7,13.28571429,0,12.4,0.5,1.79,Graduate,0.8571428571428571,1.4285714285714286,0.0,0.5571428571428572,-7.0,0,0,0,0
933,2,7,1,9670,1,3,110.0,1,37,37,7,7,110.0,0,0,0,1,0,0,32,0,4,11,15,8,13.6,0,2,8,10,8,15.11111111,0,13.9,-0.3,0.79,Graduate,0.7272727272727273,1.3636363636363635,0.0,0.4945454545454545,0.0,0,0,0,1
934,2,39,1,9147,1,1,140.0,1,37,37,9,9,127.7,1,0,0,1,0,0,31,0,0,5,8,3,11.0,0,0,5,9,2,11.5,0,7.6,2.6,0.32,Dropout,0.6,1.6,0.0,0.33,-12.299999999999997,0,0,0,1
935,1,39,1,9500,1,1,100.0,1,3,1,2,5,121.3,1,0,0,1,0,0,34,0,0,8,11,7,11.70571429,0,0,8,11,7,11.70571429,0,10.8,1.4,1.74,Enrolled,0.875,1.375,0.0,0.5121250001875,21.299999999999997,0,0,0,1
936,1,1,3,171,1,1,145.0,1,1,1,3,3,140.1,1,0,0,1,0,0,20,0,6,12,12,12,13.25,0,4,11,14,11,14.33333333,0,8.9,1.4,3.51,Graduate,1.0,1.0,0.0,0.6625,-4.900000000000006,0,0,0,0
937,1,39,1,9500,1,19,133.1,1,38,38,9,9,114.8,0,0,0,1,0,0,28,0,0,7,15,1,10.75,0,0,7,10,1,10.0,0,13.9,-0.3,0.79,Dropout,0.14285714285714285,2.142857142857143,0.0,0.07678571428571428,-18.299999999999997,0,0,0,1
938,1,44,1,9991,0,39,150.0,1,37,37,6,6,150.0,0,0,0,1,0,0,31,0,2,6,8,6,12.0,0,2,7,8,7,13.42857143,0,9.4,-0.8,-3.12,Enrolled,1.0,1.3333333333333333,0.0,0.6,0.0,0,0,0,1
939,1,1,1,9773,1,1,145.0,1,19,38,4,10,131.7,1,0,0,1,0,0,18,0,0,6,7,6,12.66666667,0,0,6,8,4,12.25,0,7.6,2.6,0.32,Enrolled,1.0,1.1666666666666667,0.0,0.6333333335,-13.300000000000011,0,0,0,0
940,4,39,1,8014,0,19,133.1,1,37,37,90,7,110.0,0,0,0,0,0,0,31,0,0,6,8,5,11.4,0,0,6,9,3,11.0,0,9.4,-0.8,-3.12,Dropout,0.8333333333333334,1.3333333333333333,0.0,0.4750000000000001,-23.099999999999994,0,0,1,1
941,1,1,3,9773,1,1,110.0,1,19,19,5,5,105.5,1,0,0,1,0,0,19,0,0,6,6,6,13.0,0,0,6,8,5,12.4,0,12.4,0.5,1.79,Graduate,1.0,1.0,0.0,0.65,-4.5,0,0,0,0
942,1,1,1,9238,1,1,128.0,1,37,19,9,4,127.3,1,0,0,1,0,1,19,0,0,6,8,6,14.0,0,0,6,8,6,12.28571429,0,16.2,0.3,-0.92,Graduate,1.0,1.3333333333333333,0.0,0.7,-0.7000000000000028,0,0,0,0
943,2,39,1,9238,1,19,133.1,1,37,37,9,9,130.0,1,0,0,1,0,0,31,0,0,6,11,0,0.0,0,0,5,10,0,0.0,0,9.4,-0.8,-3.12,Enrolled,0.0,1.8333333333333333,0.0,0.0,-3.0999999999999943,0,0,0,1
944,1,7,1,9085,1,3,130.0,1,1,19,9,10,130.0,0,0,0,1,0,0,34,0,0,6,0,0,0.0,0,0,6,0,0,0.0,0,15.5,2.8,-4.06,Dropout,0.0,0.0,0.0,0.0,0.0,0,0,0,1
945,1,16,1,9556,1,1,137.0,1,37,37,9,7,122.7,1,0,0,1,0,1,18,0,0,7,7,7,15.28571429,0,0,8,8,8,16.075,0,12.4,0.5,1.79,Graduate,1.0,1.0,0.0,0.7642857144999999,-14.299999999999997,0,0,0,0
946,1,17,2,9254,1,1,123.0,1,37,37,7,7,113.9,1,0,0,1,0,0,18,0,0,6,6,6,13.16666667,0,0,6,6,6,12.66666667,0,11.1,0.6,2.02,Graduate,1.0,1.0,0.0,0.6583333335,-9.099999999999994,0,0,0,0
947,1,1,1,9147,1,1,156.0,1,3,19,3,3,151.1,0,0,1,1,1,0,19,0,0,5,7,5,13.6,0,0,5,11,5,12.83333333,5,16.2,0.3,-0.92,Graduate,1.0,1.4,0.0,0.6799999999999999,-4.900000000000006,0,0,1,0
948,1,17,2,9773,1,1,133.1,1,3,5,0,2,125.8,1,0,0,0,1,1,22,0,0,4,8,0,0.0,0,0,4,8,0,0.0,0,7.6,2.6,0.32,Dropout,0.0,2.0,0.0,0.0,-7.299999999999997,0,0,1,0
949,2,43,1,9670,1,1,100.0,1,34,34,0,0,128.2,0,0,0,1,1,0,32,0,6,10,12,10,11.4,0,4,9,9,4,11.5,0,7.6,2.6,0.32,Graduate,1.0,1.2,0.0,0.5700000000000001,28.19999999999999,0,0,0,1
950,1,39,1,9147,1,1,140.0,1,37,3,9,2,135.1,0,0,0,1,1,0,61,0,0,5,0,0,0.0,0,0,5,0,0,0.0,0,15.5,2.8,-4.06,Dropout,0.0,0.0,0.0,0.0,-4.900000000000006,0,0,0,1
951,1,39,1,9991,0,1,130.0,1,37,37,9,9,120.2,1,0,0,1,1,0,30,0,0,5,7,5,11.0,0,0,5,5,5,11.6,0,7.6,2.6,0.32,Graduate,1.0,1.4,0.0,0.55,-9.799999999999997,0,0,0,1
952,2,39,1,9991,0,1,133.1,1,37,37,9,9,132.8,0,0,1,0,1,0,45,0,0,5,9,0,0.0,0,0,5,11,0,0.0,0,12.4,0.5,1.79,Dropout,0.0,1.8,0.0,0.0,-0.29999999999998295,0,0,1,1
953,1,44,1,9003,1,39,140.0,1,1,19,4,8,140.0,0,0,0,1,1,0,20,0,0,6,7,6,13.57142857,0,0,6,6,6,12.66666667,0,12.4,0.5,1.79,Graduate,1.0,1.1666666666666667,0.0,0.6785714285,0.0,0,0,0,0
954,1,18,5,9500,1,1,137.0,1,19,1,1,10,129.3,0,0,0,1,0,0,19,0,0,7,0,0,0.0,0,0,8,0,0,0.0,0,9.4,-0.8,-3.12,Dropout,0.0,0.0,0.0,0.0,-7.699999999999989,0,0,0,0
955,1,42,1,9119,1,1,120.0,1,3,1,2,9,108.2,1,0,0,1,1,0,26,0,4,10,14,4,11.25,0,4,11,11,4,12.0,0,7.6,2.6,0.32,Dropout,0.4,1.4,0.0,0.225,-11.799999999999997,0,0,0,1
956,1,17,4,9670,1,1,125.0,1,1,1,4,90,125.4,1,0,0,1,1,0,19,0,0,5,6,3,13.33333333,0,0,5,5,1,11.0,0,7.6,2.6,0.32,Dropout,0.6,1.2,0.0,0.3999999999,0.4000000000000057,0,0,0,0
957,1,17,1,9773,1,1,130.0,1,19,37,9,9,140.2,0,0,0,1,1,1,19,0,0,6,6,6,12.0,0,0,6,7,6,11.66666667,0,16.2,0.3,-0.92,Graduate,1.0,1.0,0.0,0.6,10.199999999999989,0,0,0,0
958,1,1,3,9773,1,1,115.0,1,38,1,9,4,116.1,1,0,0,1,1,0,19,0,0,6,6,6,12.5,0,0,6,7,5,13.0,0,12.4,0.5,1.79,Graduate,1.0,1.0,0.0,0.625,1.0999999999999943,0,0,0,0
959,1,1,1,9147,1,1,150.0,1,1,19,5,5,137.8,1,0,0,1,1,1,19,0,0,5,6,5,13.2,0,0,5,6,5,12.66666667,0,16.2,0.3,-0.92,Graduate,1.0,1.2,0.0,0.6599999999999999,-12.199999999999989,0,0,0,0
960,1,1,3,9670,1,1,134.0,1,14,11,0,0,128.4,1,0,0,0,1,0,19,0,0,5,5,0,0.0,0,0,4,4,0,0.0,0,7.6,2.6,0.32,Dropout,0.0,1.0,0.0,0.0,-5.599999999999994,0,0,1,0
961,1,39,1,9670,1,1,120.0,1,34,34,0,0,106.0,1,0,0,0,1,0,28,0,0,5,7,3,11.66666667,0,0,5,8,2,11.5,1,7.6,2.6,0.32,Dropout,0.6,1.4,0.0,0.35000000009999993,-14.0,0,0,1,1
962,1,43,1,9147,1,1,141.0,1,37,37,9,9,130.2,0,0,0,1,1,0,24,0,10,15,16,15,13.46666667,1,10,14,14,14,13.64285714,0,9.4,-0.8,-3.12,Graduate,1.0,1.0666666666666667,0.06666666666666667,0.6733333335,-10.800000000000011,0,0,0,0
963,1,1,1,9130,1,1,133.0,1,3,1,2,4,126.0,0,0,0,1,1,0,18,0,0,5,7,3,13.66666667,0,0,5,5,5,13.2,0,7.6,2.6,0.32,Graduate,0.6,1.4,0.0,0.4100000001,-7.0,0,0,0,0
964,1,1,2,9119,1,1,149.0,1,38,38,5,5,141.0,0,0,0,1,1,0,18,0,0,5,9,2,11.66666667,0,0,5,9,2,12.5,2,7.6,2.6,0.32,Enrolled,0.4,1.8,0.0,0.23333333339999998,-8.0,0,0,0,0
965,1,1,1,9773,1,1,121.0,1,1,3,3,7,113.0,1,0,0,1,1,1,18,0,0,6,7,6,11.66666667,0,0,6,12,5,10.2,0,12.4,0.5,1.79,Graduate,1.0,1.1666666666666667,0.0,0.5833333334999999,-8.0,0,0,0,0
966,1,44,1,9003,1,39,120.0,1,4,1,2,8,120.0,0,0,0,1,1,0,21,0,0,6,9,5,13.4,0,0,6,9,5,12.4,0,8.9,1.4,3.51,Graduate,0.8333333333333334,1.5,0.0,0.5583333333333333,0.0,0,0,0,0
967,2,39,1,9991,0,1,148.0,1,19,37,9,5,130.9,0,0,0,0,1,0,28,0,0,5,5,0,0.0,0,0,5,6,0,0.0,0,12.4,0.5,1.79,Dropout,0.0,1.0,0.0,0.0,-17.099999999999994,0,0,1,1
968,1,39,1,9003,1,12,133.1,1,37,19,9,10,120.0,0,0,0,1,1,0,58,0,0,6,9,0,0.0,0,0,6,6,0,0.0,0,13.9,-0.3,0.79,Dropout,0.0,1.5,0.0,0.0,-13.099999999999994,0,0,0,1
969,2,39,1,9991,0,1,135.0,1,34,34,0,0,134.1,1,0,0,0,1,0,49,0,0,5,5,0,0.0,0,0,5,5,0,0.0,0,7.6,2.6,0.32,Dropout,0.0,1.0,0.0,0.0,-0.9000000000000057,0,0,1,1
970,1,39,1,9119,1,1,150.0,1,1,38,3,5,120.0,0,0,0,1,1,0,24,0,0,5,6,3,10.66666667,0,0,5,9,2,10.5,0,15.5,2.8,-4.06,Enrolled,0.6,1.2,0.0,0.3200000001,-30.0,0,0,0,0
971,1,43,1,9670,1,1,130.0,1,34,34,0,0,114.8,0,0,0,1,1,0,25,0,0,5,5,4,13.75,0,0,5,5,4,14.75,0,7.6,2.6,0.32,Graduate,0.8,1.0,0.0,0.55,-15.200000000000003,0,0,0,1
972,4,42,1,9147,1,1,133.1,1,37,38,7,3,123.0,1,0,0,1,1,0,33,0,0,5,5,1,10.0,0,0,5,5,0,0.0,0,7.6,2.6,0.32,Dropout,0.2,1.0,0.0,0.1,-10.099999999999994,0,0,0,1
973,2,39,2,9119,1,19,133.1,1,37,37,7,7,118.0,0,0,0,0,1,0,33,0,0,5,11,0,0.0,0,0,5,5,0,0.0,0,9.4,-0.8,-3.12,Dropout,0.0,2.2,0.0,0.0,-15.099999999999994,0,0,1,1
974,2,43,1,9853,1,1,110.0,1,37,37,7,7,100.0,0,0,0,1,1,0,40,0,0,2,4,1,16.0,0,0,4,5,4,15.5,0,13.9,-0.3,0.79,Graduate,0.5,2.0,0.0,0.4,-10.0,0,0,0,1
975,2,39,1,9991,0,1,170.0,1,37,19,9,3,151.1,0,0,0,1,1,0,48,0,0,5,9,5,12.28571429,0,0,5,8,5,11.125,0,16.2,0.3,-0.92,Graduate,1.0,1.8,0.0,0.6142857145,-18.900000000000006,0,0,0,1
976,1,17,3,9119,1,1,120.0,1,1,19,9,3,116.9,1,0,1,0,1,0,18,0,0,5,10,3,12.0,0,0,5,8,3,10.33333333,0,8.9,1.4,3.51,Enrolled,0.6,2.0,0.0,0.36,-3.0999999999999943,0,0,1,0
977,1,39,1,9500,1,19,133.1,1,38,38,9,8,106.0,1,0,0,1,1,0,24,0,0,7,7,6,12.66666667,1,0,7,7,6,12.66666667,1,7.6,2.6,0.32,Graduate,0.8571428571428571,1.0,0.14285714285714285,0.542857143,-27.099999999999994,0,0,0,0
978,2,1,1,9085,1,1,139.0,1,19,19,192,144,127.1,0,0,0,1,1,1,23,0,0,5,6,5,11.8,0,0,5,7,4,13.25,1,10.8,1.4,1.74,Graduate,1.0,1.2,0.0,0.5900000000000001,-11.900000000000006,0,0,0,0
979,1,39,1,9991,0,19,133.1,1,19,37,7,5,155.5,1,0,1,0,1,0,39,0,0,5,6,5,10.6,0,0,5,7,5,14.66666667,0,10.8,1.4,1.74,Dropout,1.0,1.2,0.0,0.53,22.400000000000006,0,0,1,1
980,1,18,1,9003,1,1,133.1,1,1,38,9,6,101.0,0,0,0,1,1,0,21,0,5,11,16,9,11.9,0,3,9,14,8,12.25,0,15.5,2.8,-4.06,Graduate,0.8181818181818182,1.4545454545454546,0.0,0.4868181818181818,-32.099999999999994,0,0,0,0
981,1,42,1,9119,1,6,120.0,1,35,35,6,6,128.2,1,0,0,1,1,0,34,0,4,6,8,4,11.25,0,1,5,8,2,10.5,0,7.6,2.6,0.32,Dropout,0.6666666666666666,1.3333333333333333,0.0,0.375,8.199999999999989,0,0,0,1
982,2,39,1,9991,0,1,100.0,1,19,19,4,4,113.0,0,0,0,1,1,1,41,0,0,5,9,4,11.0,0,0,5,6,5,11.4,0,8.9,1.4,3.51,Enrolled,0.8,1.8,0.0,0.44000000000000006,13.0,0,0,0,1
983,1,1,1,9773,1,1,134.0,1,1,38,4,5,122.8,0,0,0,1,1,0,18,0,0,6,6,6,12.0,0,0,6,6,6,12.5,0,12.7,3.7,-1.7,Graduate,1.0,1.0,0.0,0.6,-11.200000000000003,0,0,0,0
984,2,39,1,9991,0,1,130.0,1,38,38,9,3,145.6,0,0,0,1,1,0,34,0,0,5,10,4,11.75,0,0,5,10,4,10.83333333,0,13.9,-0.3,0.79,Enrolled,0.8,2.0,0.0,0.47000000000000003,15.599999999999994,0,0,0,1
985,1,1,1,9147,1,1,128.0,1,1,1,2,10,116.5,0,0,0,1,1,0,19,0,0,5,8,2,10.0,0,0,5,8,1,16.0,0,7.6,2.6,0.32,Dropout,0.4,1.6,0.0,0.2,-11.5,0,0,0,0
986,1,1,1,9500,1,1,154.0,1,19,19,3,3,142.0,0,0,0,1,1,0,19,0,0,8,8,7,13.71428571,0,0,8,8,7,13.71428571,0,12.7,3.7,-1.7,Graduate,0.875,1.0,0.0,0.5999999998125001,-12.0,0,0,0,0
987,1,7,1,9003,1,4,150.0,1,1,1,4,6,150.0,0,0,0,1,1,0,28,0,0,6,14,6,14.875,0,0,6,12,6,15.8,0,16.2,0.3,-0.92,Graduate,1.0,2.3333333333333335,0.0,0.74375,0.0,0,0,0,1
988,1,17,1,9070,1,1,134.0,1,1,1,5,0,133.3,1,0,0,1,1,0,18,0,0,6,7,5,10.8,1,0,6,6,0,0.0,0,7.6,2.6,0.32,Dropout,0.8333333333333334,1.1666666666666667,0.16666666666666666,0.45000000000000007,-0.6999999999999886,0,0,0,0
989,1,1,1,9238,1,1,127.0,1,2,2,3,4,115.8,1,0,0,1,1,0,19,0,0,6,11,3,12.0,0,0,6,12,2,10.0,0,11.1,0.6,2.02,Dropout,0.5,1.8333333333333333,0.0,0.3,-11.200000000000003,0,0,0,0
990,1,17,2,9085,1,1,133.1,1,19,38,9,1,100.0,1,0,1,0,1,0,19,0,0,6,10,5,12.5,0,0,6,19,2,13.5,0,12.4,0.5,1.79,Dropout,0.8333333333333334,1.6666666666666667,0.0,0.5208333333333334,-33.099999999999994,0,0,1,0
991,1,17,1,9500,1,1,130.0,1,1,3,9,2,128.6,1,0,0,1,0,0,18,0,0,7,7,7,14.72857143,0,0,8,11,8,16.32727273,0,16.2,0.3,-0.92,Graduate,1.0,1.0,0.0,0.7364285715000001,-1.4000000000000057,0,0,0,0
992,1,1,1,9130,1,1,135.0,1,3,3,2,2,137.1,1,0,0,1,0,0,18,0,0,6,8,6,12.0,0,0,6,8,5,14.8,0,12.4,0.5,1.79,Graduate,1.0,1.3333333333333333,0.0,0.6,2.0999999999999943,0,0,0,0
993,1,1,1,9773,1,1,143.0,1,1,3,3,3,149.0,1,0,0,1,0,0,18,0,0,6,8,6,11.42857143,0,0,6,7,6,11.0,0,11.1,0.6,2.02,Dropout,1.0,1.3333333333333333,0.0,0.5714285715,6.0,0,0,0,0
994,1,44,2,9238,1,39,150.0,1,3,19,4,9,147.0,1,0,0,1,0,0,19,0,3,6,6,6,14.16666667,0,2,6,6,6,13.5,0,12.4,0.5,1.79,Graduate,1.0,1.0,0.0,0.7083333334999999,-3.0,0,0,0,0
995,2,7,1,9238,1,3,150.0,1,37,37,191,192,150.0,0,0,0,1,0,0,31,0,1,6,12,5,12.5,0,0,6,10,5,14.6,0,12.7,3.7,-1.7,Graduate,0.8333333333333334,2.0,0.0,0.5208333333333334,0.0,0,0,0,1
996,1,39,1,8014,0,1,130.0,1,37,37,9,8,103.5,0,0,0,1,0,1,33,0,0,6,6,6,14.16666667,0,0,6,6,6,14.33333333,0,12.7,3.7,-1.7,Graduate,1.0,1.0,0.0,0.7083333334999999,-26.5,0,0,0,1
997,1,1,3,9500,1,1,113.0,1,3,1,134,135,107.8,1,0,0,1,0,1,20,0,0,7,10,5,14.46,0,0,7,8,6,13.55,0,12.4,0.5,1.79,Enrolled,0.7142857142857143,1.4285714285714286,0.0,0.5164285714285715,-5.200000000000003,0,0,0,0
998,1,44,1,9085,1,39,130.0,6,19,1,6,4,130.0,1,0,0,1,0,0,22,1,0,6,12,5,12.8,0,0,6,19,2,11.5,0,12.4,0.5,1.79,Enrolled,0.8333333333333334,2.0,0.0,0.5333333333333333,0.0,0,0,0,0
999,1,17,1,9254,1,1,115.0,1,1,19,3,3,109.4,1,0,0,1,0,0,19,0,0,6,8,6,12.66666667,0,0,6,8,5,13.4,0,11.1,0.6,2.02,Graduate,1.0,1.3333333333333333,0.0,0.6333333335,-5.599999999999994,0,0,0,0
1000,1,1,3,9070,1,1,146.0,1,34,34,0,0,143.6,1,0,0,1,0,0,18,0,0,6,6,6,12.5,0,0,6,6,6,13.0,0,7.6,2.6,0.32,Dropout,1.0,1.0,0.0,0.625,-2.4000000000000057,0,0,0,0
1001,1,17,3,9070,1,1,132.0,1,38,1,5,5,124.3,0,1,0,1,0,0,18,0,0,6,0,0,0.0,0,0,6,0,0,0.0,0,15.5,2.8,-4.06,Dropout,0.0,0.0,0.0,0.0,-7.700000000000003,0,0,0,0
1002,1,1,5,9670,1,1,116.0,1,19,38,9,9,119.5,1,0,0,0,0,0,18,0,0,6,0,0,0.0,0,0,6,0,0,0.0,0,8.9,1.4,3.51,Dropout,0.0,0.0,0.0,0.0,3.5,0,0,1,0
1003,1,1,1,171,1,1,163.0,1,3,4,2,5,175.6,1,0,0,1,0,0,18,0,0,0,0,0,0.0,0,0,0,0,0,0.0,0,11.1,0.6,2.02,Graduate,0.0,0.0,0.0,0.0,12.599999999999994,1,0,0,0
1004,1,17,2,9147,1,1,122.0,1,19,19,7,7,116.1,1,0,0,1,0,1,19,0,0,5,8,5,11.2,0,0,5,5,3,11.0,0,12.4,0.5,1.79,Graduate,1.0,1.6,0.0,0.5599999999999999,-5.900000000000006,0,0,0,0
1005,1,17,2,9238,1,1,136.0,1,1,3,3,4,126.6,1,0,0,1,0,0,18,0,0,6,6,6,16.5,0,0,6,7,6,17.42857143,0,11.1,0.6,2.02,Dropout,1.0,1.0,0.0,0.825,-9.400000000000006,0,0,0,0
1006,1,17,1,9085,1,1,142.0,1,3,19,5,5,130.8,1,0,0,1,0,0,18,0,0,5,9,3,13.66666667,1,0,5,5,5,12.0,0,12.7,3.7,-1.7,Graduate,0.6,1.8,0.2,0.4100000001,-11.199999999999989,0,0,0,0
1007,1,17,6,9500,1,1,139.0,1,37,37,9,6,133.5,1,0,0,1,0,1,18,0,0,8,8,7,15.22857143,0,0,8,8,7,15.22857143,0,12.7,3.7,-1.7,Graduate,0.875,1.0,0.0,0.6662500000625,-5.5,0,0,0,0
1008,1,53,1,9238,1,42,140.0,1,37,37,9,10,136.9,1,0,0,1,0,0,21,0,5,9,10,9,12.77777778,0,4,9,9,9,13.22222222,0,8.9,1.4,3.51,Graduate,1.0,1.1111111111111112,0.0,0.638888889,-3.0999999999999943,0,0,0,0
1009,1,1,1,9500,1,1,165.0,1,19,37,5,5,142.3,0,0,0,1,0,1,18,0,0,8,8,7,14.42857143,0,0,8,8,7,14.42857143,0,12.7,3.7,-1.7,Graduate,0.875,1.0,0.0,0.6312500000625,-22.69999999999999,0,0,0,0
1010,1,17,3,9670,1,1,122.0,1,1,38,3,3,114.3,1,0,0,1,0,0,18,0,0,6,8,6,13.875,0,0,6,7,6,13.71428571,0,11.1,0.6,2.02,Graduate,1.0,1.3333333333333333,0.0,0.69375,-7.700000000000003,0,0,0,0
1011,1,1,2,9500,1,1,135.0,1,19,19,9,10,122.9,1,0,0,1,0,0,18,0,0,7,10,7,13.128,0,0,8,13,6,13.19333333,0,15.5,2.8,-4.06,Graduate,1.0,1.4285714285714286,0.0,0.6564,-12.099999999999994,0,0,0,0
1012,1,17,1,9500,1,1,128.0,1,19,1,4,3,117.2,1,0,0,1,0,0,20,0,0,7,9,6,11.605,0,0,8,10,7,12.4125,0,16.2,0.3,-0.92,Graduate,0.8571428571428571,1.2857142857142858,0.0,0.4973571428571429,-10.799999999999997,0,0,0,0
1013,1,17,1,9147,1,1,139.0,1,1,38,4,5,152.0,0,0,0,1,0,1,18,0,0,5,5,5,14.6,0,0,5,8,5,12.0,0,12.7,3.7,-1.7,Graduate,1.0,1.0,0.0,0.73,13.0,0,0,0,0
1014,1,1,2,9773,1,1,125.0,1,19,1,4,5,122.2,1,0,0,1,0,0,18,0,0,6,0,0,0.0,0,0,6,0,0,0.0,0,11.1,0.6,2.02,Dropout,0.0,0.0,0.0,0.0,-2.799999999999997,0,0,0,0
1015,1,18,2,9147,1,1,102.0,1,37,38,191,143,101.7,1,0,0,1,0,1,20,0,0,5,6,5,11.8,0,0,5,6,5,11.6,0,8.9,1.4,3.51,Graduate,1.0,1.2,0.0,0.5900000000000001,-0.29999999999999716,0,0,0,0
1016,1,17,1,9254,1,1,116.0,1,19,19,9,8,119.9,1,0,0,1,0,0,20,0,0,6,6,6,12.33333333,0,0,6,6,6,12.33333333,0,12.4,0.5,1.79,Graduate,1.0,1.0,0.0,0.6166666665,3.9000000000000057,0,0,0,0
1017,1,17,1,9147,1,1,138.0,1,37,1,9,9,123.7,1,0,1,1,0,1,19,0,0,5,5,4,11.0,0,0,5,5,0,0.0,0,11.1,0.6,2.02,Dropout,0.8,1.0,0.0,0.44000000000000006,-14.299999999999997,0,0,1,0
1018,1,51,1,9070,1,1,135.0,1,3,1,3,5,121.8,0,0,0,1,0,1,19,0,5,11,11,11,13.18181818,0,5,11,11,11,12.90909091,0,11.1,0.6,2.02,Graduate,1.0,1.0,0.0,0.659090909,-13.200000000000003,0,0,0,0
1019,1,17,4,9670,1,1,110.0,1,19,37,9,Unknown/not stated,106.1,1,1,1,0,0,1,18,0,0,6,6,1,11.0,0,0,6,0,0,0.0,0,12.7,3.7,-1.7,Dropout,0.16666666666666666,1.0,0.0,0.09166666666666667,-3.9000000000000057,0,0,1,0
1020,1,17,3,9773,1,1,132.0,1,1,1,4,9,124.3,1,0,1,1,0,1,19,0,0,6,6,6,11.83333333,0,0,6,7,6,12.28571429,0,15.5,2.8,-4.06,Graduate,1.0,1.0,0.0,0.5916666665,-7.700000000000003,0,0,1,0
1021,1,1,2,9500,1,1,126.0,1,1,38,4,7,124.3,1,0,0,1,0,1,20,0,0,8,8,8,12.98125,0,0,8,8,8,12.98125,0,9.4,-0.8,-3.12,Graduate,1.0,1.0,0.0,0.6490625,-1.7000000000000028,0,0,0,0
1022,1,44,1,9147,1,39,117.4,1,19,1,4,9,117.4,1,0,0,1,0,0,21,0,4,7,10,6,11.33333333,0,1,5,6,5,11.2,0,11.1,0.6,2.02,Graduate,0.8571428571428571,1.4285714285714286,0.0,0.48571428557142854,0.0,0,0,0,0
1023,1,43,2,9500,1,1,120.0,1,41,3,2,2,112.7,0,0,0,1,0,0,21,0,0,8,12,6,11.68,0,0,8,12,6,11.68,0,10.8,1.4,1.74,Graduate,0.75,1.5,0.0,0.43799999999999994,-7.299999999999997,0,0,0,0
1024,1,17,1,9070,1,1,116.0,1,38,38,9,9,123.7,0,0,0,1,0,0,20,0,0,6,6,6,14.5,0,0,6,7,6,13.5,0,11.1,0.6,2.02,Graduate,1.0,1.0,0.0,0.725,7.700000000000003,0,0,0,0
1025,1,18,2,9853,1,1,111.0,1,38,38,191,171,105.8,1,0,0,1,0,0,19,0,0,7,7,7,13.14285714,0,0,7,8,7,12.85714286,0,8.9,1.4,3.51,Graduate,1.0,1.0,0.0,0.657142857,-5.200000000000003,0,0,0,0
1026,1,17,3,9085,1,1,128.0,1,1,19,4,90,124.2,0,0,0,0,0,0,21,0,0,5,8,2,11.5,0,0,5,7,2,10.5,0,7.6,2.6,0.32,Dropout,0.4,1.6,0.0,0.22999999999999998,-3.799999999999997,0,0,1,0
1027,1,1,1,9085,1,1,123.0,1,30,19,4,90,122.3,0,0,0,1,0,0,18,0,0,5,6,5,14.2,0,0,5,7,5,11.8,0,7.6,2.6,0.32,Graduate,1.0,1.2,0.0,0.71,-0.7000000000000028,0,0,0,0
1028,1,1,5,9254,1,1,131.0,1,19,37,9,9,123.7,0,0,0,1,0,1,19,0,0,6,8,5,11.66666667,0,0,6,7,5,12.2,0,8.9,1.4,3.51,Graduate,0.8333333333333334,1.3333333333333333,0.0,0.48611111124999995,-7.299999999999997,0,0,0,0
1029,1,17,2,9500,1,1,135.0,1,19,19,9,4,129.8,1,0,0,1,0,0,18,0,0,7,8,7,13.175,0,0,8,8,8,14.875,0,13.9,-0.3,0.79,Graduate,1.0,1.1428571428571428,0.0,0.6587500000000001,-5.199999999999989,0,0,0,0
1030,1,1,4,9500,1,1,136.0,1,1,1,9,9,123.8,1,0,0,1,0,1,19,0,0,8,8,7,13.31428571,0,0,8,8,7,13.31428571,0,12.7,3.7,-1.7,Graduate,0.875,1.0,0.0,0.5824999998125,-12.200000000000003,0,0,0,0
1031,1,1,2,9147,1,1,132.0,1,1,19,4,3,126.4,1,0,0,1,0,1,18,0,0,5,13,3,10.6,0,0,5,12,3,10.5,0,13.9,-0.3,0.79,Graduate,0.6,2.6,0.0,0.318,-5.599999999999994,0,0,0,0
1032,1,1,1,9853,1,1,120.0,1,19,37,5,7,115.1,0,0,0,1,0,1,18,0,0,6,11,4,12.0,0,0,6,8,4,10.75,0,15.5,2.8,-4.06,Enrolled,0.6666666666666666,1.8333333333333333,0.0,0.39999999999999997,-4.900000000000006,0,0,0,0
1033,1,1,1,9773,1,1,144.0,1,37,37,8,8,138.4,0,0,0,1,0,0,18,0,0,6,7,6,13.42857143,0,0,6,7,6,14.14285714,0,13.9,-0.3,0.79,Graduate,1.0,1.1666666666666667,0.0,0.6714285715,-5.599999999999994,0,0,0,0
1034,1,17,1,9085,1,1,129.0,1,1,37,9,9,118.2,1,0,0,1,0,1,18,0,0,5,7,4,13.25,0,0,5,8,5,15.57142857,0,10.8,1.4,1.74,Graduate,0.8,1.4,0.0,0.53,-10.799999999999997,0,0,0,0
1035,1,17,1,9070,1,1,136.0,1,38,19,7,7,121.7,1,0,0,1,0,0,18,0,0,6,6,2,13.0,0,0,6,6,0,0.0,0,12.4,0.5,1.79,Dropout,0.3333333333333333,1.0,0.0,0.21666666666666667,-14.299999999999997,0,0,0,0
1036,1,1,3,9070,1,1,125.0,1,1,38,9,7,118.0,0,0,0,1,0,1,18,0,0,6,6,6,14.33333333,0,0,6,7,6,14.0,0,11.1,0.6,2.02,Enrolled,1.0,1.0,0.0,0.7166666665,-7.0,0,0,0,0
1037,1,17,1,9238,1,1,125.0,1,1,38,9,7,119.8,0,0,0,1,0,0,18,0,0,6,0,0,0.0,0,0,6,0,0,0.0,0,11.1,0.6,2.02,Dropout,0.0,0.0,0.0,0.0,-5.200000000000003,0,0,0,0
1038,1,1,1,9238,1,1,154.0,1,1,3,4,2,164.9,0,0,0,1,0,0,18,0,0,6,6,6,14.0,0,0,6,6,6,13.16666667,0,10.8,1.4,1.74,Graduate,1.0,1.0,0.0,0.7,10.900000000000006,0,0,0,0
1039,1,42,1,9085,1,1,100.0,1,1,38,4,9,100.0,1,0,0,1,0,1,20,0,1,2,2,2,12.0,0,1,6,11,6,12.83333333,0,13.9,-0.3,0.79,Graduate,1.0,1.0,0.0,0.6,0.0,0,0,0,0
1040,1,1,1,9853,1,1,124.0,1,3,1,2,5,121.6,0,0,0,1,0,0,18,0,0,6,9,5,12.33333333,0,0,6,10,5,10.6,0,15.5,2.8,-4.06,Enrolled,0.8333333333333334,1.5,0.0,0.51388888875,-2.4000000000000057,0,0,0,0
1041,1,17,4,9070,1,1,126.0,1,1,19,4,5,120.4,1,0,0,1,0,0,18,0,0,6,8,5,11.8,0,0,6,7,5,10.4,1,16.2,0.3,-0.92,Graduate,0.8333333333333334,1.3333333333333333,0.0,0.49166666666666675,-5.599999999999994,0,0,0,0
1042,1,18,6,9500,1,1,124.0,1,37,37,9,7,117.8,0,0,0,1,0,1,20,0,0,8,8,7,12.79142857,1,0,8,8,7,12.79142857,1,10.8,1.4,1.74,Graduate,0.875,1.0,0.125,0.5596249999375,-6.200000000000003,0,0,0,0
1043,4,43,1,9670,1,1,150.0,1,37,37,9,6,110.0,0,0,0,1,0,0,40,0,4,8,8,8,11.625,0,3,7,12,5,11.2,0,9.4,-0.8,-3.12,Graduate,1.0,1.0,0.0,0.58125,-40.0,0,0,0,1
1044,1,1,6,9500,1,1,133.0,1,38,38,9,9,128.8,1,0,0,1,0,1,18,0,0,7,11,6,11.99444444,0,0,8,11,7,12.43142857,0,15.5,2.8,-4.06,Graduate,0.8571428571428571,1.5714285714285714,0.0,0.5140476188571429,-4.199999999999989,0,0,0,0
1045,1,1,5,9254,1,1,126.0,1,19,19,4,7,116.6,1,0,0,1,0,0,19,0,0,6,9,5,11.6,0,0,6,12,5,12.2,0,13.9,-0.3,0.79,Graduate,0.8333333333333334,1.5,0.0,0.48333333333333334,-9.400000000000006,0,0,0,0
1046,1,7,1,9991,0,40,120.0,1,1,19,4,9,120.0,0,0,0,1,0,0,24,0,0,5,5,0,0.0,0,0,5,6,0,0.0,0,12.4,0.5,1.79,Dropout,0.0,1.0,0.0,0.0,0.0,0,0,0,0
1047,1,1,3,9773,1,1,175.0,1,3,38,2,10,157.5,1,0,0,1,0,0,19,0,0,6,8,6,13.16666667,0,0,6,7,6,13.16666667,0,10.8,1.4,1.74,Dropout,1.0,1.3333333333333333,0.0,0.6583333335,-17.5,0,0,0,0
1048,1,1,6,9500,1,1,141.0,1,2,1,4,4,136.3,1,0,0,1,0,0,19,0,0,8,8,7,14.1,0,0,8,8,7,14.1,0,10.8,1.4,1.74,Graduate,0.875,1.0,0.0,0.616875,-4.699999999999989,0,0,0,0
1049,1,1,1,9500,1,1,133.0,1,1,19,9,6,121.5,1,0,0,1,0,1,20,0,0,7,8,6,12.39666667,0,0,8,9,7,12.94285714,0,11.1,0.6,2.02,Graduate,0.8571428571428571,1.1428571428571428,0.0,0.5312857144285714,-11.5,0,0,0,0
1050,1,1,1,9500,1,1,143.0,1,38,38,5,5,133.9,0,0,0,1,0,0,18,0,0,7,7,7,15.01428571,0,0,8,8,8,16.0875,0,12.4,0.5,1.79,Graduate,1.0,1.0,0.0,0.7507142855,-9.099999999999994,0,0,0,0
1051,1,1,1,171,1,1,141.0,1,1,38,4,8,136.8,1,0,0,1,0,1,18,0,0,0,0,0,0.0,0,0,0,0,0,0.0,0,13.9,-0.3,0.79,Graduate,0.0,0.0,0.0,0.0,-4.199999999999989,1,0,0,0
1052,1,17,2,9500,1,1,134.0,1,19,37,4,7,133.5,1,0,0,1,0,0,19,0,0,7,8,7,14.05,0,0,8,8,8,15.1,0,13.9,-0.3,0.79,Graduate,1.0,1.1428571428571428,0.0,0.7025,-0.5,0,0,0,0
1053,1,17,3,9500,1,1,138.0,1,3,3,4,5,130.0,1,0,0,1,0,0,18,0,0,7,8,7,14.85,0,0,8,8,8,15.2,0,13.9,-0.3,0.79,Dropout,1.0,1.1428571428571428,0.0,0.7424999999999999,-8.0,0,0,0,0
1054,1,44,1,9085,1,39,140.0,1,3,3,2,2,140.0,1,0,0,1,0,0,19,0,0,6,10,6,13.0,0,0,6,19,5,13.0,0,12.4,0.5,1.79,Graduate,1.0,1.6666666666666667,0.0,0.65,0.0,0,0,0,0
1055,1,1,2,9500,1,1,142.0,1,37,37,9,7,132.7,1,0,0,1,0,1,19,0,0,7,8,7,14.7875,0,0,8,8,8,15.8625,0,13.9,-0.3,0.79,Graduate,1.0,1.1428571428571428,0.0,0.739375,-9.300000000000011,0,0,0,0
1056,1,1,1,9500,1,1,118.0,1,19,19,5,7,117.8,0,0,0,1,0,1,19,0,0,7,7,7,13.7,0,0,8,9,7,14.67142857,0,12.4,0.5,1.79,Graduate,1.0,1.0,0.0,0.6849999999999999,-0.20000000000000284,0,0,0,0
1057,1,1,2,9500,1,1,131.0,1,1,37,4,4,126.1,1,0,0,1,0,1,19,0,0,7,7,7,12.49571429,0,0,8,9,7,12.24285714,0,11.1,0.6,2.02,Dropout,1.0,1.0,0.0,0.6247857145,-4.900000000000006,0,0,0,0
1058,1,1,1,9500,1,1,130.0,1,1,38,1,7,120.0,0,0,0,1,0,0,19,0,0,7,7,6,14.56666667,0,0,7,7,6,14.56666667,0,7.6,2.6,0.32,Graduate,0.8571428571428571,1.0,0.0,0.6242857144285714,-10.0,0,0,0,0
1059,1,39,1,9670,1,12,133.1,1,1,19,1,5,100.0,1,0,1,0,0,0,25,0,0,5,5,5,11.2,0,0,5,5,4,11.25,0,9.4,-0.8,-3.12,Dropout,1.0,1.0,0.0,0.5599999999999999,-33.099999999999994,0,0,1,1
1060,1,1,1,9500,1,1,130.0,1,19,19,4,10,116.8,0,0,0,1,0,0,20,0,0,8,8,7,12.68571429,0,0,8,8,7,12.68571429,0,12.7,3.7,-1.7,Graduate,0.875,1.0,0.0,0.5550000001875001,-13.200000000000003,0,0,0,0
1061,1,53,1,9238,1,42,130.0,1,1,19,5,5,128.3,0,0,1,0,0,0,23,0,5,9,12,7,13.57142857,0,4,9,14,4,13.25,0,8.9,1.4,3.51,Dropout,0.7777777777777778,1.3333333333333333,0.0,0.5277777777222222,-1.6999999999999886,0,0,1,0
1062,1,1,1,9070,1,1,133.1,1,19,19,7,7,117.0,0,0,0,1,0,0,20,0,0,6,0,0,0.0,0,0,6,0,0,0.0,0,15.5,2.8,-4.06,Dropout,0.0,0.0,0.0,0.0,-16.099999999999994,0,0,0,0
1063,1,39,1,8014,0,1,130.0,1,37,11,9,10,131.5,0,0,0,1,0,0,27,0,0,6,8,5,11.0,0,0,6,7,6,11.16666667,0,11.1,0.6,2.02,Graduate,0.8333333333333334,1.3333333333333333,0.0,0.45833333333333337,1.5,0,0,0,1
1064,1,1,1,9500,1,1,149.0,1,19,1,4,4,134.8,0,0,0,1,0,0,18,0,0,8,8,8,14.445,0,0,8,8,8,14.445,0,9.4,-0.8,-3.12,Graduate,1.0,1.0,0.0,0.7222500000000001,-14.199999999999989,0,0,0,0
1065,1,1,1,9853,1,1,163.0,1,19,1,5,10,146.6,1,0,1,1,0,0,18,0,0,6,9,5,13.6,0,0,6,10,4,11.75,0,9.4,-0.8,-3.12,Enrolled,0.8333333333333334,1.5,0.0,0.5666666666666667,-16.400000000000006,0,0,1,0
1066,1,7,1,8014,0,40,130.0,1,19,1,5,10,130.0,1,0,1,0,0,0,23,0,7,12,12,11,14.0,0,4,10,11,8,14.625,0,13.9,-0.3,0.79,Dropout,0.9166666666666666,1.0,0.0,0.6416666666666666,0.0,0,0,1,0
1067,1,1,6,9500,1,1,145.0,1,38,37,5,6,127.5,1,0,0,1,0,1,19,0,0,7,7,6,13.41666667,0,0,7,7,6,13.41666667,0,7.6,2.6,0.32,Graduate,0.8571428571428571,1.0,0.0,0.5750000001428571,-17.5,0,0,0,0
1068,1,1,1,9147,1,1,130.0,1,37,38,3,3,123.0,0,0,0,1,0,0,18,0,0,5,8,5,12.33333333,2,0,5,7,5,11.4,0,15.5,2.8,-4.06,Graduate,1.0,1.6,0.4,0.6166666665,-7.0,0,0,0,0
1069,1,43,1,9500,1,1,128.0,1,1,19,9,8,100.0,1,0,0,1,0,0,20,0,0,7,8,7,13.1,0,0,8,8,8,14.8125,0,13.9,-0.3,0.79,Graduate,1.0,1.1428571428571428,0.0,0.655,-28.0,0,0,0,0
1070,1,1,2,9670,1,1,111.0,1,19,19,9,9,114.2,1,0,0,1,0,0,18,0,0,6,9,4,13.2,0,0,6,10,5,12.8,0,12.4,0.5,1.79,Graduate,0.6666666666666666,1.5,0.0,0.43999999999999995,3.200000000000003,0,0,0,0
1071,1,1,1,9500,1,1,140.0,1,1,1,4,4,123.5,1,0,0,1,0,1,19,0,0,8,8,8,14.75,0,0,8,8,8,14.75,0,9.4,-0.8,-3.12,Graduate,1.0,1.0,0.0,0.7375,-16.5,0,0,0,0
1072,1,44,1,9238,1,39,140.0,1,19,19,8,8,144.3,1,0,0,1,0,1,19,0,3,6,7,6,13.14285714,0,2,6,6,6,14.33333333,0,12.4,0.5,1.79,Graduate,1.0,1.1666666666666667,0.0,0.657142857,4.300000000000011,0,0,0,0
1073,1,1,1,9853,1,1,145.0,1,38,37,5,5,142.2,0,0,0,1,0,0,19,0,0,6,9,4,12.5,0,0,6,9,5,12.5,0,9.4,-0.8,-3.12,Enrolled,0.6666666666666666,1.5,0.0,0.41666666666666663,-2.8000000000000114,0,0,0,0
1074,1,1,1,9085,1,1,151.0,1,3,3,1,90,161.9,0,0,0,1,0,0,18,0,0,5,6,4,13.75,0,0,5,8,5,14.85714286,0,7.6,2.6,0.32,Graduate,0.8,1.2,0.0,0.55,10.900000000000006,0,0,0,0
1075,1,1,1,9238,1,1,132.0,1,37,37,9,5,135.9,0,0,0,1,0,0,18,0,0,6,11,5,12.4,0,0,6,7,6,13.0,0,9.4,-0.8,-3.12,Graduate,0.8333333333333334,1.8333333333333333,0.0,0.5166666666666667,3.9000000000000057,0,0,0,0
1076,1,1,2,9773,1,1,116.0,1,19,19,4,7,110.1,1,0,0,1,0,0,18,0,0,6,6,6,13.33333333,0,0,6,6,6,12.0,0,11.1,0.6,2.02,Graduate,1.0,1.0,0.0,0.6666666665000001,-5.900000000000006,0,0,0,0
1077,1,2,1,9853,1,1,120.0,1,19,38,9,9,122.5,0,0,0,0,0,0,28,0,11,11,11,11,11.72727273,0,8,8,8,8,12.0,0,15.5,2.8,-4.06,Dropout,1.0,1.0,0.0,0.5863636365,2.5,0,0,1,1
1078,1,17,1,9254,1,1,158.0,1,37,37,5,9,138.1,1,0,0,1,0,0,19,0,0,6,8,4,12.5,0,0,6,11,1,14.0,0,7.6,2.6,0.32,Dropout,0.6666666666666666,1.3333333333333333,0.0,0.41666666666666663,-19.900000000000006,0,0,0,0
1079,1,43,1,171,1,1,116.0,1,3,1,2,3,117.3,1,0,1,1,0,0,20,0,0,0,0,0,0.0,0,0,0,0,0,0.0,0,13.9,-0.3,0.79,Dropout,0.0,0.0,0.0,0.0,1.2999999999999972,1,0,1,0
1080,1,1,2,9500,1,1,112.0,1,1,37,4,9,106.8,1,0,0,1,0,1,19,0,0,7,8,6,13.53333333,0,0,8,9,7,13.61428571,0,12.4,0.5,1.79,Graduate,0.8571428571428571,1.1428571428571428,0.0,0.5799999998571428,-5.200000000000003,0,0,0,0
1081,1,1,1,9070,1,1,126.0,1,1,19,4,0,120.1,0,1,0,1,0,1,20,0,0,6,6,6,13.16666667,0,0,6,6,6,12.66666667,0,11.1,0.6,2.02,Graduate,1.0,1.0,0.0,0.6583333335,-5.900000000000006,0,0,0,0
1082,1,1,2,9254,1,1,120.0,1,19,19,9,9,116.5,1,0,0,1,0,1,19,0,0,6,9,5,13.2,0,0,6,8,5,11.0,0,12.4,0.5,1.79,Graduate,0.8333333333333334,1.5,0.0,0.5499999999999999,-3.5,0,0,0,0
1083,1,51,1,9070,1,1,117.0,1,5,1,2,10,120.0,1,0,0,1,0,0,21,0,0,6,7,5,12.2,0,0,6,7,4,12.6,0,8.9,1.4,3.51,Enrolled,0.8333333333333334,1.1666666666666667,0.0,0.5083333333333333,3.0,0,0,0,0
1084,1,1,1,9853,1,1,153.0,1,1,19,9,4,139.7,1,0,0,1,0,1,19,0,0,7,7,7,13.42857143,0,0,7,7,7,14.85714286,0,11.1,0.6,2.02,Graduate,1.0,1.0,0.0,0.6714285715,-13.300000000000011,0,0,0,0
1085,1,1,2,9070,1,1,124.0,1,19,1,9,3,123.7,1,0,0,1,0,1,18,0,1,6,8,6,12.71428571,1,0,6,8,6,12.625,0,13.9,-0.3,0.79,Graduate,1.0,1.3333333333333333,0.16666666666666666,0.6357142855,-0.29999999999999716,0,0,0,0
1086,1,17,2,9130,1,1,127.0,1,3,1,2,1,116.5,0,0,0,1,0,0,19,0,0,6,0,0,0.0,0,0,6,0,0,0.0,0,15.5,2.8,-4.06,Dropout,0.0,0.0,0.0,0.0,-10.5,0,0,0,0
1087,1,17,1,9670,1,1,126.0,1,12,38,9,5,122.2,0,0,0,1,0,1,19,0,0,6,6,6,13.66666667,0,0,6,9,6,13.66666667,0,8.9,1.4,3.51,Graduate,1.0,1.0,0.0,0.6833333335,-3.799999999999997,0,0,0,0
1088,1,1,1,9773,1,1,133.1,1,38,19,132,103,146.0,0,0,1,1,0,0,20,0,0,6,6,5,11.0,0,0,6,6,6,13.16666667,0,16.2,0.3,-0.92,Graduate,0.8333333333333334,1.0,0.0,0.45833333333333337,12.900000000000006,0,0,1,0
1089,1,17,2,9853,1,1,114.0,1,1,1,4,0,108.8,1,0,0,1,0,0,18,0,0,7,11,5,11.4,0,0,7,9,6,13.33333333,0,13.9,-0.3,0.79,Enrolled,0.7142857142857143,1.5714285714285714,0.0,0.4071428571428572,-5.200000000000003,0,0,0,0
1090,1,43,1,171,1,1,133.0,1,19,19,5,7,133.0,0,0,0,1,0,0,18,0,0,0,0,0,0.0,0,0,0,0,0,0.0,0,15.5,2.8,-4.06,Enrolled,0.0,0.0,0.0,0.0,0.0,1,0,0,0
1091,1,17,1,9130,1,1,130.0,1,1,1,4,5,123.8,0,0,0,1,0,0,18,0,0,5,7,4,12.0,0,0,5,6,5,12.0,0,7.6,2.6,0.32,Graduate,0.8,1.4,0.0,0.48,-6.200000000000003,0,0,0,0
1092,1,17,3,9773,1,1,127.0,1,19,19,5,8,120.0,0,0,0,1,0,0,18,0,0,6,6,0,0.0,0,0,6,0,0,0.0,0,8.9,1.4,3.51,Dropout,0.0,1.0,0.0,0.0,-7.0,0,0,0,0
1093,1,17,3,9238,1,1,143.0,1,37,38,0,7,126.9,1,0,0,1,0,0,18,0,0,6,14,5,11.0,0,0,6,6,6,11.66666667,0,7.6,2.6,0.32,Graduate,0.8333333333333334,2.3333333333333335,0.0,0.45833333333333337,-16.099999999999994,0,0,0,0
1094,1,18,4,9773,1,1,130.0,1,19,19,4,4,121.3,1,0,0,1,0,0,20,0,0,6,12,5,12.0,0,0,6,8,6,11.57142857,0,15.5,2.8,-4.06,Dropout,0.8333333333333334,2.0,0.0,0.5,-8.700000000000003,0,0,0,0
1095,1,17,3,9500,1,1,136.0,1,19,1,9,9,129.0,1,0,0,1,0,1,19,0,0,7,7,7,13.30857143,0,0,8,10,8,12.55,0,12.4,0.5,1.79,Graduate,1.0,1.0,0.0,0.6654285715,-7.0,0,0,0,0
1096,1,1,1,9853,1,1,125.0,1,37,37,9,9,114.9,1,0,1,0,0,0,21,0,0,6,8,3,13.66666667,0,0,6,7,3,10.66666667,0,15.5,2.8,-4.06,Dropout,0.5,1.3333333333333333,0.0,0.34166666675,-10.099999999999994,0,0,1,0
1097,1,17,1,9670,1,3,110.0,1,12,3,5,8,106.5,1,0,1,0,0,0,20,0,0,6,6,0,0.0,0,0,6,9,0,0.0,0,10.8,1.4,1.74,Dropout,0.0,1.0,0.0,0.0,-3.5,0,0,1,0
1098,1,1,1,9254,1,1,130.0,1,37,38,9,9,133.9,1,0,0,1,0,0,18,0,0,6,10,5,12.2,0,0,6,8,4,11.25,0,9.4,-0.8,-3.12,Graduate,0.8333333333333334,1.6666666666666667,0.0,0.5083333333333333,3.9000000000000057,0,0,0,0
1099,1,1,1,9773,1,1,135.0,1,1,4,5,3,124.9,0,0,0,1,0,1,20,0,0,6,7,6,12.66666667,0,0,6,6,6,12.83333333,0,10.8,1.4,1.74,Graduate,1.0,1.1666666666666667,0.0,0.6333333335,-10.099999999999994,0,0,0,0
1100,1,1,2,9500,1,1,133.0,1,19,37,1,9,128.5,1,0,0,1,0,1,19,0,0,8,8,8,14.07125,0,0,8,8,8,14.07125,0,9.4,-0.8,-3.12,Graduate,1.0,1.0,0.0,0.7035625,-4.5,0,0,0,0
1101,1,1,1,9085,1,6,122.0,1,19,19,9,9,126.2,1,0,0,1,0,0,22,0,0,5,14,4,14.25,3,0,5,9,5,13.2,4,9.4,-0.8,-3.12,Dropout,0.8,2.8,0.6,0.5700000000000001,4.200000000000003,0,0,0,0
1102,1,17,1,9130,1,1,122.0,1,19,19,9,9,121.7,1,0,0,0,0,0,22,0,0,6,0,0,0.0,0,0,2,2,0,0.0,2,9.4,-0.8,-3.12,Dropout,0.0,0.0,0.0,0.0,-0.29999999999999716,0,0,1,0
1103,1,1,2,9853,1,1,121.0,1,38,38,7,5,120.0,1,0,0,1,0,0,18,0,0,6,10,3,12.0,0,0,6,8,4,10.25,0,10.8,1.4,1.74,Enrolled,0.5,1.6666666666666667,0.0,0.3,-1.0,0,0,0,0
1104,1,43,1,9147,1,1,123.0,1,3,19,9,9,113.2,0,0,0,1,0,0,21,0,3,10,18,6,11.16666667,2,4,10,16,7,10.57142857,0,7.6,2.6,0.32,Enrolled,0.6,1.8,0.2,0.33500000010000003,-9.799999999999997,0,0,0,0
1105,1,1,1,9238,1,1,128.0,1,19,19,0,5,120.3,1,0,0,1,0,0,19,0,0,6,12,2,13.0,0,0,6,8,5,11.6,0,7.6,2.6,0.32,Graduate,0.3333333333333333,2.0,0.0,0.21666666666666667,-7.700000000000003,0,0,0,0
1106,1,1,4,171,1,1,139.0,1,37,38,9,9,127.8,1,0,0,1,0,0,19,0,0,0,0,0,0.0,0,0,0,0,0,0.0,0,10.8,1.4,1.74,Dropout,0.0,0.0,0.0,0.0,-11.200000000000003,1,0,0,0
1107,1,1,2,9500,1,1,124.0,1,34,34,0,0,123.3,1,0,0,1,0,1,20,0,0,8,8,7,14.90142857,1,0,8,8,7,14.90142857,1,9.4,-0.8,-3.12,Dropout,0.875,1.0,0.125,0.6519374999374999,-0.7000000000000028,0,0,0,0
1108,1,1,3,9500,1,1,135.0,1,38,19,8,8,126.3,1,0,1,1,0,1,18,0,0,7,8,7,12.65,0,0,8,9,8,12.44555556,0,15.5,2.8,-4.06,Graduate,1.0,1.1428571428571428,0.0,0.6325000000000001,-8.700000000000003,0,0,1,0
1109,1,51,1,9991,0,42,110.0,1,19,37,5,9,128.2,0,0,0,0,0,0,22,0,7,12,12,7,11.0,0,5,5,5,5,10.6,0,8.9,1.4,3.51,Dropout,0.5833333333333334,1.0,0.0,0.32083333333333336,18.19999999999999,0,0,1,0
1110,1,17,4,9085,1,1,138.0,1,19,36,90,7,134.9,1,0,0,1,0,0,20,0,0,5,7,4,12.4,0,0,5,9,5,12.66666667,0,7.6,2.6,0.32,Graduate,0.8,1.4,0.0,0.496,-3.0999999999999943,0,0,0,0
1111,1,44,1,9003,1,39,140.0,1,38,38,6,6,140.0,0,0,0,1,0,0,19,0,0,6,7,6,12.0,0,0,6,7,6,12.66666667,0,12.4,0.5,1.79,Graduate,1.0,1.1666666666666667,0.0,0.6,0.0,0,0,0,0
1112,1,1,5,9500,1,1,126.0,1,1,19,6,7,115.5,1,0,0,1,0,1,19,0,0,7,8,7,12.13571429,0,0,8,10,7,13.32857143,0,12.4,0.5,1.79,Graduate,1.0,1.1428571428571428,0.0,0.6067857145,-10.5,0,0,0,0
1113,1,1,2,9500,1,1,113.0,1,38,19,9,7,106.7,1,0,0,1,0,1,20,0,0,7,10,5,12.62,0,0,7,8,6,12.5,0,11.1,0.6,2.02,Enrolled,0.7142857142857143,1.4285714285714286,0.0,0.45071428571428573,-6.299999999999997,0,0,0,0
1114,1,39,1,9991,0,1,120.0,1,38,38,3,3,140.0,0,0,0,1,0,0,25,0,0,5,11,3,10.66666667,0,0,5,11,3,11.33333333,0,15.5,2.8,-4.06,Enrolled,0.6,2.2,0.0,0.3200000001,20.0,0,0,0,1
1115,1,1,1,9500,1,1,145.0,1,19,19,9,7,136.6,0,0,0,1,0,1,19,0,0,7,12,6,13.76666667,0,0,8,10,7,14.05142857,0,15.5,2.8,-4.06,Graduate,0.8571428571428571,1.7142857142857142,0.0,0.590000000142857,-8.400000000000006,0,0,0,0
1116,1,18,1,9500,1,1,124.0,1,38,37,9,7,119.3,1,0,0,1,0,0,19,0,0,8,8,8,13.11625,0,0,8,8,8,13.11625,0,9.4,-0.8,-3.12,Graduate,1.0,1.0,0.0,0.6558125,-4.700000000000003,0,0,0,0
1117,1,1,1,9070,1,1,160.0,1,3,38,1,9,152.0,1,0,0,0,0,0,19,0,0,5,5,0,0.0,0,0,6,0,0,0.0,0,10.8,1.4,1.74,Dropout,0.0,1.0,0.0,0.0,-8.0,0,0,1,0
1118,1,1,1,9500,1,1,138.0,1,38,19,9,5,144.3,0,0,0,1,0,0,20,0,0,7,9,6,12.7,0,0,8,8,7,13.57142857,0,13.9,-0.3,0.79,Graduate,0.8571428571428571,1.2857142857142858,0.0,0.5442857142857143,6.300000000000011,0,0,0,0
1119,1,39,2,9556,1,1,130.0,1,37,37,9,9,159.0,1,0,0,1,0,0,25,0,0,7,11,7,11.85714286,0,0,8,21,5,11.7,0,12.4,0.5,1.79,Enrolled,1.0,1.5714285714285714,0.0,0.592857143,29.0,0,0,0,1
1120,1,17,1,9500,1,1,127.0,1,19,38,5,9,129.5,1,0,0,1,0,1,20,0,0,7,7,6,12.33333333,0,0,7,7,6,12.33333333,0,7.6,2.6,0.32,Graduate,0.8571428571428571,1.0,0.0,0.5285714284285714,2.5,0,0,0,0
1121,1,39,1,9238,1,1,170.0,1,38,19,9,9,140.0,1,0,0,1,0,0,24,0,0,6,9,4,15.75,0,0,6,10,5,16.4,0,9.4,-0.8,-3.12,Enrolled,0.6666666666666666,1.5,0.0,0.5249999999999999,-30.0,0,0,0,0
1122,1,1,3,9670,1,1,111.0,1,1,1,5,5,105.4,0,0,0,1,0,0,20,0,0,5,6,5,13.33333333,0,0,5,6,5,13.2,0,7.6,2.6,0.32,Graduate,1.0,1.2,0.0,0.6666666665000001,-5.599999999999994,0,0,0,0
1123,1,42,1,9500,1,1,100.0,1,1,19,4,8,136.0,1,0,0,1,0,0,21,0,4,7,9,7,14.35555556,0,5,8,8,8,13.49375,0,15.5,2.8,-4.06,Graduate,1.0,1.2857142857142858,0.0,0.7177777780000001,36.0,0,0,0,0
1124,1,44,1,9003,1,39,160.0,1,37,38,9,9,160.0,0,0,1,1,0,1,19,0,0,6,8,6,13.0,0,0,6,11,5,13.0,0,15.5,2.8,-4.06,Graduate,1.0,1.3333333333333333,0.0,0.65,0.0,0,0,1,0
1125,1,1,1,9773,1,1,152.0,1,38,37,9,9,139.1,0,0,0,1,0,1,19,0,0,6,6,6,12.83333333,0,0,6,6,6,13.5,0,16.2,0.3,-0.92,Graduate,1.0,1.0,0.0,0.6416666665,-12.900000000000006,0,0,0,0
1126,1,1,2,9670,1,1,144.0,1,37,38,9,9,126.9,0,0,0,1,0,1,21,0,0,5,5,5,13.2,0,0,5,5,4,13.0,0,9.4,-0.8,-3.12,Graduate,1.0,1.0,0.0,0.6599999999999999,-17.099999999999994,0,0,0,0
1127,1,39,1,9500,1,3,133.8,1,3,37,2,10,184.0,0,0,0,1,0,0,28,0,0,7,9,7,17.00555556,0,1,8,9,8,16.58222222,0,15.5,2.8,-4.06,Graduate,1.0,1.2857142857142858,0.0,0.850277778,50.19999999999999,0,0,0,1
1128,1,1,1,9238,1,1,125.0,1,37,38,9,9,125.0,1,0,1,0,0,1,19,0,0,6,8,5,10.6,0,0,6,8,5,11.0,0,10.8,1.4,1.74,Graduate,0.8333333333333334,1.3333333333333333,0.0,0.4416666666666667,0.0,0,0,1,0
1129,1,1,1,9147,1,1,150.0,1,37,37,9,6,138.5,0,0,0,1,0,1,18,0,0,5,5,5,14.0,0,0,5,6,5,13.6,0,12.4,0.5,1.79,Graduate,1.0,1.0,0.0,0.7,-11.5,0,0,0,0
1130,5,17,5,9500,1,1,143.0,1,37,38,5,8,133.5,1,0,0,1,0,1,18,0,0,8,8,7,12.11428571,0,0,8,8,7,12.11428571,0,12.7,3.7,-1.7,Graduate,0.875,1.0,0.0,0.5299999998125,-9.5,0,0,0,0
1131,1,1,3,9500,1,1,145.0,1,19,37,7,7,141.5,1,0,0,1,0,1,18,0,0,8,8,8,13.05875,0,0,8,8,8,13.05875,0,9.4,-0.8,-3.12,Graduate,1.0,1.0,0.0,0.6529375,-3.5,0,0,0,0
1132,1,42,1,9500,1,1,120.0,1,1,2,9,3,130.0,1,0,0,1,0,0,22,0,4,8,8,7,13.28571429,0,4,8,8,7,13.28571429,0,12.7,3.7,-1.7,Graduate,0.875,1.0,0.0,0.5812500001875,10.0,0,0,0,0
1133,1,1,1,9147,1,1,138.0,1,37,37,194,171,131.0,1,0,0,1,0,0,19,0,0,5,9,4,11.0,0,0,5,8,3,10.66666667,0,12.4,0.5,1.79,Enrolled,0.8,1.8,0.0,0.44000000000000006,-7.0,0,0,0,0
1134,1,1,1,9500,1,1,145.0,1,19,1,9,5,145.0,0,0,0,1,0,1,18,0,0,7,7,7,14.07142857,0,0,8,8,8,15.1625,0,13.9,-0.3,0.79,Graduate,1.0,1.0,0.0,0.7035714285,0.0,0,0,0,0
1135,1,17,1,9254,1,1,122.0,1,37,37,5,6,114.3,0,0,0,0,0,0,20,0,0,6,0,0,0.0,0,0,6,0,0,0.0,0,15.5,2.8,-4.06,Dropout,0.0,0.0,0.0,0.0,-7.700000000000003,0,0,1,0
1136,1,44,1,171,1,39,110.0,1,37,37,5,6,108.3,0,0,0,0,0,0,26,0,4,9,9,4,11.25,0,3,10,12,3,11.0,0,12.4,0.5,1.79,Dropout,0.4444444444444444,1.0,0.0,0.25,-1.7000000000000028,0,0,1,1
1137,1,1,3,9070,1,1,136.0,1,37,38,9,9,125.2,1,0,0,1,0,1,18,0,0,6,6,6,14.0,0,0,6,8,6,13.625,0,10.8,1.4,1.74,Graduate,1.0,1.0,0.0,0.7,-10.799999999999997,0,0,0,0
1138,1,1,1,9254,1,1,145.0,1,1,38,4,9,131.7,1,0,0,1,0,1,21,0,0,6,8,6,12.16666667,0,0,6,11,3,11.66666667,0,10.8,1.4,1.74,Dropout,1.0,1.3333333333333333,0.0,0.6083333335,-13.300000000000011,0,0,0,0
1139,1,17,4,9500,1,1,141.0,1,38,37,3,3,126.3,1,0,0,1,0,0,18,0,0,8,8,7,13.29714286,0,0,8,8,7,13.29714286,0,10.8,1.4,1.74,Graduate,0.875,1.0,0.0,0.581750000125,-14.700000000000003,0,0,0,0
1140,1,1,1,9085,1,1,149.0,1,19,19,4,6,147.6,1,0,0,1,0,0,20,0,0,6,14,6,13.92307692,0,0,6,9,6,14.25,0,15.5,2.8,-4.06,Graduate,1.0,2.3333333333333335,0.0,0.696153846,-1.4000000000000057,0,0,0,0
1141,1,1,6,9500,1,1,130.0,1,38,19,5,6,125.1,1,0,0,1,0,0,18,0,0,7,11,7,13.37,0,0,8,13,7,12.83333333,0,15.5,2.8,-4.06,Graduate,1.0,1.5714285714285714,0.0,0.6685,-4.900000000000006,0,0,0,0
1142,1,17,6,9147,1,1,121.0,1,19,38,7,9,123.8,0,0,0,1,0,1,19,0,0,5,5,5,12.4,0,0,5,8,3,11.0,0,12.7,3.7,-1.7,Enrolled,1.0,1.0,0.0,0.62,2.799999999999997,0,0,0,0
1143,1,1,1,9670,1,1,128.0,1,1,1,2,2,130.8,1,0,0,1,0,0,20,0,0,5,5,4,15.0,0,0,5,5,4,13.75,0,7.6,2.6,0.32,Dropout,0.8,1.0,0.0,0.6000000000000001,2.8000000000000114,0,0,0,0
1144,1,1,1,9853,1,1,152.0,1,19,19,9,5,154.1,0,0,1,1,0,1,18,0,0,6,6,6,13.33333333,0,0,6,7,6,12.57142857,0,12.7,3.7,-1.7,Graduate,1.0,1.0,0.0,0.6666666665000001,2.0999999999999943,0,0,1,0
1145,1,16,2,9147,1,1,132.0,1,37,37,9,9,122.6,1,0,0,1,0,1,20,0,0,5,8,3,12.0,0,0,5,9,4,12.625,0,10.8,1.4,1.74,Enrolled,0.6,1.6,0.0,0.36,-9.400000000000006,0,0,0,0
1146,1,1,2,8014,0,1,107.0,1,19,11,0,0,103.5,1,0,0,1,0,0,22,0,0,6,7,5,13.4,0,0,6,9,5,12.2,0,7.6,2.6,0.32,Graduate,0.8333333333333334,1.1666666666666667,0.0,0.5583333333333333,-3.5,0,0,0,0
1147,1,1,1,171,1,1,131.0,1,19,38,4,5,132.8,1,0,0,1,0,0,18,0,0,0,0,0,0.0,0,0,0,0,0,0.0,0,7.6,2.6,0.32,Enrolled,0.0,0.0,0.0,0.0,1.8000000000000114,1,0,0,0
1148,1,51,1,9991,0,1,141.0,1,19,38,5,7,100.0,0,0,0,1,0,0,21,0,1,5,9,4,11.5,0,1,5,5,5,11.4,0,8.9,1.4,3.51,Graduate,0.8,1.8,0.0,0.45999999999999996,-41.0,0,0,0,0
1149,1,18,2,9853,1,1,120.0,1,1,1,9,0,115.8,0,0,0,1,0,0,18,0,0,7,12,6,12.0,0,0,7,11,6,12.16666667,0,13.9,-0.3,0.79,Enrolled,0.8571428571428571,1.7142857142857142,0.0,0.5142857142857142,-4.200000000000003,0,0,0,0
1150,1,1,1,9500,1,1,148.0,1,19,19,4,4,133.8,0,0,0,1,0,0,18,0,0,8,8,7,13.48571429,0,0,8,8,7,13.48571429,0,12.7,3.7,-1.7,Graduate,0.875,1.0,0.0,0.5900000001875001,-14.199999999999989,0,0,0,0
1151,1,1,1,9070,1,1,130.0,1,12,19,4,5,118.5,0,1,0,1,0,1,18,0,0,6,6,6,12.0,0,0,6,8,6,11.28571429,0,8.9,1.4,3.51,Graduate,1.0,1.0,0.0,0.6,-11.5,0,0,0,0
1152,1,17,1,171,1,1,145.0,1,37,37,9,1,150.3,1,0,0,1,0,0,19,0,0,0,0,0,0.0,0,0,0,0,0,0.0,0,15.5,2.8,-4.06,Dropout,0.0,0.0,0.0,0.0,5.300000000000011,1,0,0,0
1153,1,17,3,9147,1,1,112.0,1,1,19,3,5,107.8,1,0,0,1,0,0,19,0,0,5,7,3,10.33333333,0,0,5,11,3,14.42857143,0,10.8,1.4,1.74,Enrolled,0.6,1.4,0.0,0.3099999999,-4.200000000000003,0,0,0,0
1154,1,1,1,9500,1,1,138.0,1,38,1,9,4,127.5,1,0,0,1,0,0,19,0,0,7,10,5,12.94,0,0,7,7,5,13.76,0,16.2,0.3,-0.92,Enrolled,0.7142857142857143,1.4285714285714286,0.0,0.4621428571428572,-10.5,0,0,0,0
1155,1,1,3,9500,1,1,135.0,1,1,37,7,7,120.5,1,0,0,1,0,0,19,0,0,8,11,7,13.25857143,0,0,8,11,7,13.25857143,0,10.8,1.4,1.74,Graduate,0.875,1.375,0.0,0.5800625000624999,-14.5,0,0,0,0
1156,1,1,1,9147,1,1,118.0,1,1,2,10,10,117.3,1,0,0,1,0,0,19,0,0,5,9,4,12.25,0,0,5,10,4,12.0,0,8.9,1.4,3.51,Enrolled,0.8,1.8,0.0,0.49000000000000005,-0.7000000000000028,0,0,0,0
1157,1,17,1,9254,1,1,123.0,1,38,37,9,7,120.6,1,0,0,0,0,0,19,0,0,6,9,3,11.66666667,0,0,6,15,1,10.0,0,10.8,1.4,1.74,Dropout,0.5,1.5,0.0,0.29166666674999997,-2.4000000000000057,0,0,1,0
1158,1,16,4,9254,1,1,126.0,1,38,37,9,7,118.7,1,0,0,1,0,1,21,0,0,6,7,6,13.57142857,0,0,6,6,6,12.5,0,8.9,1.4,3.51,Graduate,1.0,1.1666666666666667,0.0,0.6785714285,-7.299999999999997,0,0,0,0
1159,1,1,2,9773,1,1,150.0,41,1,37,9,7,130.8,0,0,0,1,0,1,20,1,0,6,9,5,11.8,0,0,6,9,5,11.83333333,0,15.5,2.8,-4.06,Graduate,0.8333333333333334,1.5,0.0,0.49166666666666675,-19.19999999999999,0,0,0,0
1160,1,1,1,9147,1,1,121.0,1,19,19,3,9,112.6,1,0,0,1,0,1,20,0,0,5,7,5,14.2,0,0,5,7,5,13.28571429,0,11.1,0.6,2.02,Graduate,1.0,1.4,0.0,0.71,-8.400000000000006,0,0,0,0
1161,1,39,1,9991,0,19,133.1,1,37,37,9,9,117.2,0,0,0,1,0,0,41,0,0,5,8,5,11.0,0,0,5,6,5,11.8,1,7.6,2.6,0.32,Graduate,1.0,1.6,0.0,0.55,-15.899999999999991,0,0,0,1
1162,4,7,1,9500,1,40,130.0,1,37,37,3,3,130.0,1,0,0,1,0,0,32,0,0,7,16,4,13.625,0,0,7,8,7,12.6375,0,12.4,0.5,1.79,Enrolled,0.5714285714285714,2.2857142857142856,0.0,0.3892857142857143,0.0,0,0,0,1
1163,1,17,3,9500,1,1,139.0,1,38,1,9,5,131.8,1,0,0,1,0,0,18,0,0,8,8,7,14.65285714,0,0,8,8,7,14.65285714,0,10.8,1.4,1.74,Graduate,0.875,1.0,0.0,0.641062499875,-7.199999999999989,0,0,0,0
1164,4,39,1,8014,0,1,160.0,1,37,37,3,4,97.0,0,0,0,1,0,1,35,0,0,6,9,6,11.33333333,0,0,6,6,6,11.33333333,0,15.5,2.8,-4.06,Graduate,1.0,1.5,0.0,0.5666666665,-63.0,0,0,0,1
1165,1,39,1,9500,1,1,110.0,1,37,37,9,9,130.0,0,0,1,0,0,0,32,0,0,7,12,4,13.7,0,0,7,7,0,0.0,0,16.2,0.3,-0.92,Dropout,0.5714285714285714,1.7142857142857142,0.0,0.39142857142857135,20.0,0,0,1,1
1166,1,39,1,8014,0,40,140.0,1,19,37,5,9,148.0,0,0,0,1,0,0,37,0,7,11,11,11,13.72727273,0,4,8,8,8,14.75,0,12.4,0.5,1.79,Graduate,1.0,1.0,0.0,0.6863636365,8.0,0,0,0,1
1167,2,39,2,9147,1,3,130.0,1,3,37,9,9,103.4,0,0,0,1,0,0,30,0,4,7,9,7,11.75,0,3,8,12,7,11.14285714,0,12.7,3.7,-1.7,Dropout,1.0,1.2857142857142858,0.0,0.5875,-26.599999999999994,0,0,0,1
1168,1,43,2,9773,1,1,132.0,1,19,19,0,0,127.1,0,0,0,1,1,0,23,0,0,6,9,6,12.33333333,0,0,6,11,5,13.0,0,7.6,2.6,0.32,Graduate,1.0,1.5,0.0,0.6166666665,-4.900000000000006,0,0,0,0
1169,1,17,2,9773,1,1,139.0,1,3,1,2,7,124.0,1,0,0,1,0,1,20,0,0,6,6,6,14.0,0,0,6,7,6,13.85714286,0,15.5,2.8,-4.06,Dropout,1.0,1.0,0.0,0.7,-15.0,0,0,0,0
1170,1,1,1,9670,1,1,135.0,1,19,37,5,7,121.4,0,0,0,1,1,0,21,0,0,5,7,4,11.5,0,0,5,6,4,11.75,0,9.4,-0.8,-3.12,Graduate,0.8,1.4,0.0,0.45999999999999996,-13.599999999999994,0,0,0,0
1171,1,1,1,9147,1,1,117.0,1,38,19,5,7,118.1,0,0,0,1,1,0,19,0,0,5,6,5,11.2,0,0,5,5,5,13.2,0,12.4,0.5,1.79,Graduate,1.0,1.2,0.0,0.5599999999999999,1.0999999999999943,0,0,0,0
1172,1,17,4,9500,1,1,137.0,1,1,19,4,3,121.3,1,0,0,1,1,1,18,0,0,8,8,7,15.07,0,0,8,8,7,15.07,0,10.8,1.4,1.74,Graduate,0.875,1.0,0.0,0.6593125000000001,-15.700000000000003,0,0,0,0
1173,1,42,1,9119,1,1,144.0,1,34,34,0,0,119.5,0,0,0,1,1,0,18,0,0,5,6,1,10.0,0,0,5,7,1,12.0,0,10.8,1.4,1.74,Dropout,0.2,1.2,0.0,0.1,-24.5,0,0,0,0
1174,1,39,1,9991,0,1,130.0,1,1,1,4,10,115.2,0,0,0,1,1,0,24,0,0,5,5,4,12.0,0,0,5,6,5,12.66666667,0,12.4,0.5,1.79,Enrolled,0.8,1.0,0.0,0.48,-14.799999999999997,0,0,0,0
1175,1,18,1,9670,1,1,140.0,1,1,37,9,9,130.2,1,0,0,1,1,0,22,0,0,6,11,4,13.0,0,0,6,11,4,12.6,0,12.7,3.7,-1.7,Graduate,0.6666666666666666,1.8333333333333333,0.0,0.43333333333333335,-9.800000000000011,0,0,0,0
1176,1,17,4,9254,1,1,130.0,1,19,1,5,5,130.0,1,0,0,1,1,0,18,0,0,6,7,4,11.0,0,0,6,7,3,11.25,0,16.2,0.3,-0.92,Dropout,0.6666666666666666,1.1666666666666667,0.0,0.3666666666666667,0.0,0,0,0,0
1177,1,16,2,9238,1,1,130.0,1,37,37,5,6,126.9,1,0,0,1,0,0,18,0,0,6,8,6,13.57142857,0,0,6,11,5,12.16666667,0,9.4,-0.8,-3.12,Graduate,1.0,1.3333333333333333,0.0,0.6785714285,-3.0999999999999943,0,0,0,0
1178,1,1,2,9070,1,1,152.0,101,2,1,9,1,168.5,1,0,0,1,1,0,21,1,0,6,7,5,14.6,0,0,6,6,5,14.2,0,16.2,0.3,-0.92,Graduate,0.8333333333333334,1.1666666666666667,0.0,0.6083333333333334,16.5,0,0,0,0
1179,4,39,1,9500,1,1,133.1,1,37,37,9,9,130.0,0,0,1,1,0,0,38,0,0,7,13,3,11.83333333,0,0,7,14,2,10.0,0,16.2,0.3,-0.92,Dropout,0.42857142857142855,1.8571428571428572,0.0,0.2535714285,-3.0999999999999943,0,0,1,1
1180,1,18,1,9556,1,1,140.0,1,38,37,9,9,122.8,0,0,0,1,0,1,19,0,0,7,11,7,12.625,0,0,8,11,8,12.5125,0,12.7,3.7,-1.7,Graduate,1.0,1.5714285714285714,0.0,0.63125,-17.200000000000003,0,0,0,0
1181,6,39,1,9500,1,1,133.1,1,37,37,9,9,110.0,0,0,0,1,0,0,36,0,0,7,12,4,11.5,0,0,7,14,3,12.33333333,0,16.2,0.3,-0.92,Dropout,0.5714285714285714,1.7142857142857142,0.0,0.3285714285714285,-23.099999999999994,0,0,0,1
1182,1,16,1,9085,1,1,140.0,1,1,1,9,9,127.1,1,0,0,1,0,0,18,0,0,5,8,4,13.25,1,0,5,10,4,10.5,0,12.7,3.7,-1.7,Graduate,0.8,1.6,0.2,0.53,-12.900000000000006,0,0,0,0
1183,1,1,3,9500,1,1,133.1,1,19,19,5,5,108.5,1,0,0,1,0,0,19,0,0,7,9,7,12.60625,0,0,8,12,6,11.9,0,12.4,0.5,1.79,Graduate,1.0,1.2857142857142858,0.0,0.6303124999999999,-24.599999999999994,0,0,0,0
1184,1,53,1,9085,1,42,140.0,1,19,38,9,9,138.2,0,0,1,0,0,0,21,0,7,10,15,8,13.75,0,4,9,17,5,13.2,0,8.9,1.4,3.51,Dropout,0.8,1.5,0.0,0.55,-1.8000000000000114,0,0,1,0
1185,1,1,2,9500,1,1,133.1,1,19,38,192,192,96.0,1,0,0,1,0,0,19,0,0,7,10,6,13.59833333,0,0,8,11,6,11.93333333,0,11.1,0.6,2.02,Enrolled,0.8571428571428571,1.4285714285714286,0.0,0.5827857141428572,-37.099999999999994,0,0,0,0
1186,1,1,1,9238,1,1,135.0,1,19,19,9,9,124.5,0,0,0,1,0,1,18,0,0,6,11,5,11.14285714,0,0,6,8,6,12.28571429,0,16.2,0.3,-0.92,Graduate,0.8333333333333334,1.8333333333333333,0.0,0.4642857141666667,-10.5,0,0,0,0
1187,2,7,1,9500,1,3,120.0,1,37,19,9,7,120.0,1,0,0,1,0,0,45,0,7,11,11,11,12.7,0,6,10,12,10,12.96818182,0,13.9,-0.3,0.79,Enrolled,1.0,1.0,0.0,0.635,0.0,0,0,0,1
1188,1,17,1,9147,1,1,140.0,1,37,37,9,7,132.3,1,0,0,1,0,0,20,0,0,5,9,1,10.0,0,0,5,10,1,11.0,0,7.6,2.6,0.32,Dropout,0.2,1.8,0.0,0.1,-7.699999999999989,0,0,0,0
1189,1,17,1,9254,1,1,128.0,1,19,1,5,7,120.7,1,0,1,1,0,0,18,0,0,6,8,6,11.66666667,0,0,6,10,4,11.5,0,13.9,-0.3,0.79,Graduate,1.0,1.3333333333333333,0.0,0.5833333334999999,-7.299999999999997,0,0,1,0
1190,1,1,1,9670,1,1,141.0,1,1,19,4,4,132.6,0,0,0,1,0,1,18,0,0,6,8,6,14.0,0,0,6,7,6,13.14285714,0,11.1,0.6,2.02,Graduate,1.0,1.3333333333333333,0.0,0.7,-8.400000000000006,0,0,0,0
1191,1,7,2,9130,1,3,140.0,1,34,34,0,0,140.0,0,0,0,1,0,0,25,0,0,5,9,0,0.0,4,0,5,9,0,0.0,3,10.8,1.4,1.74,Dropout,0.0,1.8,0.8,0.0,0.0,0,0,0,1
1192,1,1,6,9500,1,1,139.0,1,1,1,4,4,124.5,1,0,0,1,0,0,19,0,0,8,9,7,12.04142857,0,0,8,9,7,12.04142857,0,10.8,1.4,1.74,Graduate,0.875,1.125,0.0,0.5268124999375,-14.5,0,0,0,0
1193,1,1,1,171,1,1,142.0,1,19,19,7,7,142.0,1,0,0,1,0,1,18,0,0,0,0,0,0.0,0,0,0,0,0,0.0,0,13.9,-0.3,0.79,Graduate,0.0,0.0,0.0,0.0,0.0,1,0,0,0
1194,1,7,1,9254,1,40,130.0,1,1,1,3,6,130.0,0,0,0,1,0,0,39,0,12,13,14,13,13.76923077,0,9,12,16,12,14.58333333,0,13.9,-0.3,0.79,Graduate,1.0,1.0769230769230769,0.0,0.6884615385,0.0,0,0,0,1
1195,2,39,1,9003,1,1,130.0,1,38,37,9,9,144.0,0,0,0,1,0,0,29,0,13,18,20,18,15.44444444,0,11,13,13,13,15.30769231,0,15.5,2.8,-4.06,Graduate,1.0,1.1111111111111112,0.0,0.772222222,14.0,0,0,0,1
1196,1,17,1,9853,1,1,125.0,1,19,19,4,7,128.5,1,0,0,1,0,0,18,0,0,7,9,6,11.5,0,0,7,8,7,12.71428571,0,13.9,-0.3,0.79,Enrolled,0.8571428571428571,1.2857142857142858,0.0,0.49285714285714277,3.5,0,0,0,0
1197,1,7,1,9070,1,3,140.0,1,37,2,9,3,140.0,0,0,0,0,0,0,23,0,0,3,3,2,10.0,0,0,6,0,0,0.0,0,10.8,1.4,1.74,Dropout,0.6666666666666666,1.0,0.0,0.3333333333333333,0.0,0,0,1,0
1198,1,42,1,9853,1,1,120.0,1,1,37,5,5,113.9,1,0,0,1,0,0,21,0,0,6,8,4,12.25,0,0,6,13,3,10.33333333,0,12.7,3.7,-1.7,Dropout,0.6666666666666666,1.3333333333333333,0.0,0.4083333333333333,-6.099999999999994,0,0,0,0
1199,1,1,1,9238,1,1,147.0,1,1,19,4,4,137.2,0,0,0,0,0,0,18,0,0,6,6,6,14.5,0,0,6,6,6,15.16666667,0,10.8,1.4,1.74,Graduate,1.0,1.0,0.0,0.725,-9.800000000000011,0,0,1,0
1200,1,7,1,9085,1,40,140.0,1,1,19,5,5,140.0,1,0,0,1,0,0,23,0,0,6,7,6,15.57142857,0,0,6,8,6,16.375,0,12.4,0.5,1.79,Graduate,1.0,1.1666666666666667,0.0,0.7785714285,0.0,0,0,0,0
1201,1,1,1,9130,1,1,161.0,1,1,19,4,4,152.3,0,0,0,1,0,0,18,0,0,6,7,6,15.57142857,0,0,6,7,6,14.71428571,0,11.1,0.6,2.02,Graduate,1.0,1.1666666666666667,0.0,0.7785714285,-8.699999999999989,0,0,0,0
1202,2,39,1,8014,0,19,133.1,1,37,37,4,8,112.5,0,0,0,1,0,0,32,0,0,6,8,5,13.8,0,0,6,7,6,12.16666667,0,9.4,-0.8,-3.12,Graduate,0.8333333333333334,1.3333333333333333,0.0,0.5750000000000001,-20.599999999999994,0,0,0,1
1203,2,39,2,9147,1,1,150.0,1,19,37,9,7,101.0,0,0,1,0,0,0,29,0,0,5,8,3,10.66666667,0,0,5,14,2,14.8,0,10.8,1.4,1.74,Dropout,0.6,1.6,0.0,0.3200000001,-49.0,0,0,1,1
1204,1,1,6,9238,1,1,113.0,1,1,38,194,163,112.3,1,0,1,1,0,1,20,0,0,6,8,5,11.6,0,0,6,8,4,11.75,0,8.9,1.4,3.51,Graduate,0.8333333333333334,1.3333333333333333,0.0,0.48333333333333334,-0.7000000000000028,0,0,1,0
1205,1,39,1,9238,1,1,140.0,1,34,34,0,0,114.0,1,0,0,0,0,0,28,0,0,6,11,1,13.0,0,0,6,12,0,0.0,0,9.4,-0.8,-3.12,Dropout,0.16666666666666666,1.8333333333333333,0.0,0.10833333333333334,-26.0,0,0,1,1
1206,1,7,1,9147,1,3,130.0,1,38,38,1,9,130.0,0,0,0,1,0,0,27,0,0,5,9,3,12.0,0,0,5,11,4,13.625,0,10.8,1.4,1.74,Graduate,0.6,1.8,0.0,0.36,0.0,0,0,0,1
1207,1,43,2,9500,1,1,120.0,1,37,34,90,0,121.5,0,0,1,1,0,0,22,0,11,14,14,12,12.33333333,2,11,14,14,12,12.33333333,2,7.6,2.6,0.32,Graduate,0.8571428571428571,1.0,0.14285714285714285,0.5285714284285714,1.5,0,0,1,0
1208,2,39,1,9003,1,19,133.1,1,19,37,9,10,120.0,0,0,1,1,0,0,37,0,0,6,10,6,12.875,0,0,6,12,6,12.9,0,16.2,0.3,-0.92,Enrolled,1.0,1.6666666666666667,0.0,0.64375,-13.099999999999994,0,0,1,1
1209,1,7,1,8014,0,3,130.0,1,37,38,0,5,130.0,0,0,0,0,0,0,28,0,0,6,12,1,11.0,0,0,6,0,0,0.0,0,12.7,3.7,-1.7,Dropout,0.16666666666666666,2.0,0.0,0.09166666666666667,0.0,0,0,1,1
1210,2,39,1,9003,1,1,120.0,1,37,37,9,9,125.7,0,0,1,0,0,0,43,0,0,6,10,4,12.25,0,0,6,13,4,10.5,0,8.9,1.4,3.51,Dropout,0.6666666666666666,1.6666666666666667,0.0,0.4083333333333333,5.700000000000003,0,0,1,1
1211,1,43,1,9556,1,1,140.0,1,37,37,9,9,128.0,1,0,0,0,0,0,32,0,0,7,7,0,0.0,7,0,8,8,0,0.0,7,10.8,1.4,1.74,Dropout,0.0,1.0,1.0,0.0,-12.0,0,0,1,1
1212,1,17,1,9238,1,1,123.0,1,1,1,9,9,113.2,0,0,0,1,0,1,20,0,0,6,11,4,10.75,0,0,6,13,5,11.5,0,15.5,2.8,-4.06,Enrolled,0.6666666666666666,1.8333333333333333,0.0,0.3583333333333333,-9.799999999999997,0,0,0,0
1213,4,39,1,9500,1,19,133.1,1,38,1,9,4,120.0,0,0,0,1,0,1,35,0,0,8,9,8,13.63,1,0,8,9,8,13.63,1,9.4,-0.8,-3.12,Graduate,1.0,1.125,0.125,0.6815,-13.099999999999994,0,0,0,1
1214,1,1,1,9670,1,1,130.0,1,37,37,0,0,117.8,1,0,0,1,0,0,21,0,0,5,8,3,13.0,0,0,5,7,4,11.5,1,7.6,2.6,0.32,Graduate,0.6,1.6,0.0,0.39,-12.200000000000003,0,0,0,0
1215,1,1,4,9500,1,1,126.0,1,19,19,7,9,121.3,1,0,0,1,0,1,18,0,0,7,9,6,13.53333333,0,0,7,7,7,12.22857143,0,12.4,0.5,1.79,Enrolled,0.8571428571428571,1.2857142857142858,0.0,0.5799999998571428,-4.700000000000003,0,0,0,0
1216,1,1,1,9500,1,1,176.0,1,3,38,3,7,169.7,0,0,0,1,0,1,18,0,0,7,7,7,16.9,0,0,8,9,8,16.37777778,0,16.2,0.3,-0.92,Graduate,1.0,1.0,0.0,0.845,-6.300000000000011,0,0,0,0
1217,1,17,4,9238,1,1,124.0,1,19,19,5,8,117.7,1,0,0,1,0,0,18,0,0,6,10,5,12.0,0,0,6,11,4,12.0,0,16.2,0.3,-0.92,Graduate,0.8333333333333334,1.6666666666666667,0.0,0.5,-6.299999999999997,0,0,0,0
1218,1,44,1,8014,0,39,120.0,1,19,37,7,6,121.8,1,0,0,1,0,0,22,0,3,6,6,6,12.5,0,2,6,7,6,13.28571429,0,12.4,0.5,1.79,Graduate,1.0,1.0,0.0,0.625,1.7999999999999972,0,0,0,0
1219,1,1,2,9500,1,1,140.0,1,1,1,4,10,128.3,1,0,0,1,0,0,19,0,0,8,8,7,12.76428571,0,0,8,8,7,12.76428571,0,10.8,1.4,1.74,Graduate,0.875,1.0,0.0,0.5584374998124999,-11.699999999999989,0,0,0,0
1220,1,18,2,9147,1,1,143.0,1,19,38,9,7,132.2,1,0,0,1,0,1,18,0,0,5,8,5,13.75,0,0,5,6,5,12.16666667,0,13.9,-0.3,0.79,Graduate,1.0,1.6,0.0,0.6875,-10.800000000000011,0,0,0,0
1221,1,1,2,171,1,1,136.0,1,39,1,3,4,134.3,1,0,1,1,0,0,19,0,0,0,0,0,0.0,0,0,0,0,0,0.0,0,12.4,0.5,1.79,Dropout,0.0,0.0,0.0,0.0,-1.6999999999999886,1,0,1,0
1222,1,1,1,9500,1,1,132.0,1,19,1,9,5,123.4,0,0,0,1,0,1,18,0,0,7,7,7,14.60428571,0,0,8,9,8,15.68333333,0,11.1,0.6,2.02,Graduate,1.0,1.0,0.0,0.7302142855,-8.599999999999994,0,0,0,0
1223,2,39,1,9991,0,19,133.1,1,19,39,5,3,121.7,0,0,1,0,0,0,31,0,0,5,7,0,0.0,0,0,5,7,0,0.0,0,16.2,0.3,-0.92,Dropout,0.0,1.4,0.0,0.0,-11.399999999999991,0,0,1,1
1224,2,39,1,8014,0,19,100.0,1,1,19,1,5,130.0,0,0,1,1,0,1,33,0,0,6,9,5,13.83333333,0,0,6,7,6,12.5,0,9.4,-0.8,-3.12,Graduate,0.8333333333333334,1.5,0.0,0.57638888875,30.0,0,0,1,1
1225,1,1,3,9500,1,1,137.0,1,19,38,7,7,126.5,1,0,0,1,0,1,19,0,0,8,8,8,13.57625,0,0,8,8,8,13.57625,0,9.4,-0.8,-3.12,Graduate,1.0,1.0,0.0,0.6788125,-10.5,0,0,0,0
1226,1,17,1,9238,1,1,153.0,1,38,38,7,7,159.7,1,0,0,1,0,1,18,0,0,6,7,6,15.14285714,0,0,6,6,6,15.83333333,0,12.7,3.7,-1.7,Graduate,1.0,1.1666666666666667,0.0,0.7571428570000001,6.699999999999989,0,0,0,0
1227,1,1,1,9147,1,1,160.0,1,9,19,4,3,151.3,0,0,0,1,0,0,23,0,0,5,8,3,10.66666667,0,0,5,8,5,11.6,0,7.6,2.6,0.32,Graduate,0.6,1.6,0.0,0.3200000001,-8.699999999999989,0,0,0,0
1228,1,17,1,9238,1,1,145.0,1,38,38,5,7,138.0,1,0,0,1,0,0,20,0,0,6,11,5,11.2,0,0,6,6,6,12.0,0,9.4,-0.8,-3.12,Graduate,0.8333333333333334,1.8333333333333333,0.0,0.4666666666666666,-7.0,0,0,0,0
1229,1,1,5,9500,1,1,137.0,1,38,38,4,8,126.5,1,0,0,1,0,0,18,0,0,8,8,8,13.76375,0,0,8,8,8,13.76375,0,9.4,-0.8,-3.12,Graduate,1.0,1.0,0.0,0.6881875,-10.5,0,0,0,0
1230,1,53,1,9085,1,42,140.0,1,1,1,4,3,140.0,1,0,1,1,0,0,21,0,7,9,10,8,13.25,0,4,9,14,5,12.2,0,8.9,1.4,3.51,Enrolled,0.8888888888888888,1.1111111111111112,0.0,0.5888888888888888,0.0,0,0,1,0
1231,1,1,1,9238,1,1,120.0,1,19,38,5,6,112.3,0,0,0,1,0,1,22,0,0,6,10,5,10.71428571,0,0,6,10,5,12.2,0,12.7,3.7,-1.7,Graduate,0.8333333333333334,1.6666666666666667,0.0,0.44642857125,-7.700000000000003,0,0,0,0
1232,1,1,1,9238,1,1,122.0,1,1,19,4,4,127.3,1,0,1,1,0,0,20,0,0,6,6,6,12.16666667,0,0,6,7,6,11.66666667,0,9.4,-0.8,-3.12,Graduate,1.0,1.0,0.0,0.6083333335,5.299999999999997,0,0,1,0
1233,1,7,1,9500,1,3,130.0,1,19,38,4,10,130.0,1,0,0,1,0,0,23,0,1,7,8,6,14.35714286,0,1,7,8,6,14.35714286,0,7.6,2.6,0.32,Graduate,0.8571428571428571,1.1428571428571428,0.0,0.6153061225714286,0.0,0,0,0,0
1234,1,17,2,9773,1,1,133.1,1,3,1,4,5,115.0,1,0,0,1,0,0,19,0,0,6,6,6,12.83333333,0,0,6,6,6,12.66666667,0,16.2,0.3,-0.92,Graduate,1.0,1.0,0.0,0.6416666665,-18.099999999999994,0,0,0,0
1235,1,17,6,9500,1,1,150.0,1,1,37,1,1,131.5,1,0,0,1,0,0,19,0,0,8,8,7,13.92571429,0,0,8,8,7,13.92571429,0,10.8,1.4,1.74,Graduate,0.875,1.0,0.0,0.6092500001875,-18.5,0,0,0,0
1236,1,39,1,9991,0,1,133.1,1,19,38,7,4,125.7,0,0,0,1,0,0,26,0,0,5,9,2,12.0,0,0,5,9,3,11.0,0,10.8,1.4,1.74,Dropout,0.4,1.8,0.0,0.24,-7.3999999999999915,0,0,0,1
1237,1,1,6,9500,1,1,141.0,1,1,37,4,3,126.8,1,0,0,1,0,0,18,0,0,7,7,7,13.44285714,0,0,8,9,8,13.74444444,0,16.2,0.3,-0.92,Graduate,1.0,1.0,0.0,0.672142857,-14.200000000000003,0,0,0,0
1238,1,18,1,9119,1,1,146.0,1,1,37,7,7,132.4,1,0,0,1,1,0,18,0,0,5,5,1,16.0,0,0,5,5,0,0.0,0,9.4,-0.8,-3.12,Dropout,0.2,1.0,0.0,0.16000000000000003,-13.599999999999994,0,0,0,0
1239,1,44,1,9003,1,39,150.0,1,38,37,9,9,150.0,1,0,0,1,1,0,20,0,0,6,8,6,13.125,0,0,6,10,6,13.2,0,16.2,0.3,-0.92,Graduate,1.0,1.3333333333333333,0.0,0.65625,0.0,0,0,0,0
1240,1,1,1,9670,1,1,133.1,1,3,1,4,4,95.0,0,0,0,1,1,0,19,0,0,6,7,0,0.0,0,0,6,6,0,0.0,0,15.5,2.8,-4.06,Dropout,0.0,1.1666666666666667,0.0,0.0,-38.099999999999994,0,0,0,0
1241,1,43,1,9991,0,1,120.0,1,37,37,9,9,128.2,0,0,0,0,1,0,32,0,5,9,9,5,11.4,0,4,4,4,4,11.0,0,10.8,1.4,1.74,Dropout,0.5555555555555556,1.0,0.0,0.3166666666666667,8.199999999999989,0,0,1,1
1242,2,39,1,9130,1,1,150.0,1,19,19,4,4,130.0,0,0,0,0,1,0,31,0,0,4,12,2,11.0,2,0,5,9,3,11.66666667,0,9.4,-0.8,-3.12,Dropout,0.5,3.0,0.5,0.275,-20.0,0,0,1,1
1243,1,39,1,9119,1,19,133.1,1,1,19,4,5,100.0,0,0,0,1,1,0,25,0,0,5,13,1,11.0,0,0,5,11,1,10.0,0,13.9,-0.3,0.79,Enrolled,0.2,2.6,0.0,0.11000000000000001,-33.099999999999994,0,0,0,1
1244,1,42,1,9085,1,39,140.0,1,19,3,9,1,159.9,1,0,0,1,0,0,21,0,2,6,14,5,13.66666667,0,2,6,10,5,13.0,0,16.2,0.3,-0.92,Graduate,0.8333333333333334,2.3333333333333335,0.0,0.5694444445833334,19.900000000000006,0,0,0,0
1245,2,43,1,9991,0,1,140.0,1,37,37,4,9,100.0,0,0,0,0,0,0,31,0,2,6,10,4,11.75,0,0,5,6,1,10.0,0,12.7,3.7,-1.7,Dropout,0.6666666666666666,1.6666666666666667,0.0,0.39166666666666666,-40.0,0,0,1,1
1246,2,39,1,9853,1,1,133.1,1,37,37,5,5,116.5,0,0,0,1,0,0,34,0,0,7,11,1,10.0,0,0,7,7,1,13.0,0,16.2,0.3,-0.92,Dropout,0.14285714285714285,1.5714285714285714,0.0,0.07142857142857142,-16.599999999999994,0,0,0,1
1247,1,1,1,9238,1,1,128.0,1,19,19,9,9,120.0,0,0,0,1,0,1,18,0,0,6,8,6,13.5,0,0,6,9,6,12.83333333,0,11.1,0.6,2.02,Graduate,1.0,1.3333333333333333,0.0,0.675,-8.0,0,0,0,0
1248,1,1,3,9238,1,1,117.0,1,19,19,9,9,117.0,1,0,1,1,0,0,19,0,0,6,0,0,0.0,0,0,6,0,0,0.0,0,12.4,0.5,1.79,Dropout,0.0,0.0,0.0,0.0,0.0,0,0,1,0
1249,1,53,1,9670,1,42,140.0,1,19,37,3,6,140.0,1,0,1,1,0,0,21,0,0,6,12,1,12.0,0,0,6,11,1,11.0,0,8.9,1.4,3.51,Enrolled,0.16666666666666666,2.0,0.0,0.09999999999999999,0.0,0,0,1,0
1250,1,1,2,9853,1,1,124.0,1,38,37,5,3,118.1,1,0,0,0,0,0,18,0,0,6,11,3,13.0,0,0,6,10,5,11.8,0,9.4,-0.8,-3.12,Dropout,0.5,1.8333333333333333,0.0,0.325,-5.900000000000006,0,0,1,0
1251,1,1,1,9254,1,1,158.0,1,19,39,4,8,153.5,1,0,0,1,0,0,20,0,0,6,7,6,14.83333333,0,0,6,6,6,16.0,0,11.1,0.6,2.02,Graduate,1.0,1.1666666666666667,0.0,0.7416666665,-4.5,0,0,0,0
1252,1,43,1,9773,1,1,137.0,1,38,37,9,5,127.9,1,0,0,1,0,0,20,0,0,6,6,6,11.83333333,0,0,6,7,6,12.85714286,0,15.5,2.8,-4.06,Graduate,1.0,1.0,0.0,0.5916666665,-9.099999999999994,0,0,0,0
1253,1,17,3,9670,1,1,123.0,1,38,38,7,8,118.8,1,1,0,1,0,1,18,0,0,6,10,5,12.0,0,0,6,11,5,12.33333333,0,11.1,0.6,2.02,Graduate,0.8333333333333334,1.6666666666666667,0.0,0.5,-4.200000000000003,0,0,0,0
1254,1,1,1,9238,1,1,126.0,1,38,38,7,8,126.7,1,0,0,1,0,0,19,0,0,6,11,4,12.75,0,0,6,7,6,11.33333333,0,7.6,2.6,0.32,Graduate,0.6666666666666666,1.8333333333333333,0.0,0.42499999999999993,0.7000000000000028,0,0,0,0
1255,1,43,1,9085,1,1,170.0,1,19,19,5,1,170.0,1,0,0,1,0,0,19,0,0,5,5,0,0.0,5,0,5,7,4,14.75,1,12.7,3.7,-1.7,Enrolled,0.0,1.0,1.0,0.0,0.0,0,0,0,0
1256,4,39,1,9130,1,1,133.1,1,3,1,5,5,110.0,1,0,0,1,0,1,30,0,0,6,7,0,0.0,0,0,6,16,1,10.0,0,11.1,0.6,2.02,Dropout,0.0,1.1666666666666667,0.0,0.0,-23.099999999999994,0,0,0,1
1257,1,17,1,9238,1,1,115.0,1,19,38,5,5,115.0,1,0,0,1,0,0,19,0,0,6,6,6,12.0,0,0,6,7,6,12.85714286,0,11.1,0.6,2.02,Graduate,1.0,1.0,0.0,0.6,0.0,0,0,0,0
1258,1,1,3,9556,1,1,132.0,1,38,37,7,7,119.0,1,0,0,1,0,0,19,0,0,7,9,7,11.67777778,0,0,8,8,8,13.8,0,12.7,3.7,-1.7,Graduate,1.0,1.2857142857142858,0.0,0.583888889,-13.0,0,0,0,0
1259,1,1,4,9500,1,1,132.0,1,1,37,4,7,121.8,1,0,0,1,0,1,19,0,0,8,8,7,13.6,0,0,8,8,7,13.6,0,12.7,3.7,-1.7,Graduate,0.875,1.0,0.0,0.595,-10.200000000000003,0,0,0,0
1260,1,1,1,9085,1,1,143.0,1,19,38,9,9,133.4,1,0,0,1,0,0,19,0,0,6,7,6,16.0,0,0,6,8,6,15.875,0,12.4,0.5,1.79,Graduate,1.0,1.1666666666666667,0.0,0.8,-9.599999999999994,0,0,0,0
1261,1,1,3,9238,1,1,137.0,1,1,1,3,3,131.4,1,0,0,1,0,0,20,0,0,6,9,5,11.8,0,0,6,7,6,11.5,0,7.6,2.6,0.32,Graduate,0.8333333333333334,1.5,0.0,0.49166666666666675,-5.599999999999994,0,0,0,0
1262,1,42,1,9119,1,1,130.0,1,19,37,9,3,135.0,0,0,1,1,1,0,25,0,0,5,5,0,0.0,0,2,6,7,2,14.0,0,13.9,-0.3,0.79,Dropout,0.0,1.0,0.0,0.0,5.0,0,0,1,1
1263,1,1,2,9773,1,1,121.0,1,19,19,9,9,122.8,0,0,0,1,1,0,19,0,0,6,0,0,0.0,0,0,6,0,0,0.0,0,12.4,0.5,1.79,Dropout,0.0,0.0,0.0,0.0,1.7999999999999972,0,0,0,0
1264,2,39,1,9853,1,1,130.0,1,37,19,7,3,140.0,0,0,1,1,0,1,34,0,0,6,7,6,16.14285714,0,0,6,10,6,16.2,0,9.4,-0.8,-3.12,Graduate,1.0,1.1666666666666667,0.0,0.807142857,10.0,0,0,1,1
1265,1,18,2,9500,1,1,135.0,1,38,37,9,5,125.3,1,0,0,1,0,1,18,0,0,8,8,7,11.78571429,0,0,8,8,7,11.78571429,0,12.7,3.7,-1.7,Graduate,0.875,1.0,0.0,0.5156250001875,-9.700000000000003,0,0,0,0
1266,1,1,6,9500,1,1,137.0,1,1,1,4,5,126.3,1,0,0,1,0,1,18,0,0,8,8,8,13.42375,0,0,8,8,8,13.42375,0,9.4,-0.8,-3.12,Graduate,1.0,1.0,0.0,0.6711875,-10.700000000000003,0,0,0,0
1267,1,1,1,9670,1,1,100.0,1,38,38,9,10,100.0,0,0,0,1,0,0,20,0,0,6,8,6,12.5,0,0,6,10,5,14.16666667,0,11.1,0.6,2.02,Graduate,1.0,1.3333333333333333,0.0,0.625,0.0,0,0,0,0
1268,1,17,2,9500,1,1,127.0,1,19,37,9,7,121.3,1,0,0,1,0,1,20,0,0,8,8,7,12.46428571,0,0,8,8,7,12.46428571,0,10.8,1.4,1.74,Graduate,0.875,1.0,0.0,0.5453124998125001,-5.700000000000003,0,0,0,0
1269,1,53,1,9991,0,1,140.0,1,38,38,191,193,135.0,0,0,1,1,0,0,23,0,6,11,18,8,12.375,0,3,9,15,5,12.6,0,8.9,1.4,3.51,Enrolled,0.7272727272727273,1.6363636363636365,0.0,0.45,-5.0,0,0,1,0
1270,1,39,1,9670,1,1,140.0,1,37,37,6,6,120.0,0,0,0,1,0,0,28,0,0,6,8,1,10.0,0,0,6,9,0,0.0,0,10.8,1.4,1.74,Dropout,0.16666666666666666,1.3333333333333333,0.0,0.08333333333333333,-20.0,0,0,0,1
1271,1,17,1,9773,1,1,121.0,1,37,19,9,10,113.7,0,0,0,1,0,0,18,0,0,6,8,5,12.6,0,0,6,10,6,12.42857143,0,15.5,2.8,-4.06,Enrolled,0.8333333333333334,1.3333333333333333,0.0,0.525,-7.299999999999997,0,0,0,0
1272,1,43,1,9147,1,1,131.0,1,19,38,9,9,129.7,1,0,0,1,0,0,19,0,0,5,5,5,12.6,0,0,5,6,4,12.4,0,16.2,0.3,-0.92,Graduate,1.0,1.0,0.0,0.63,-1.3000000000000114,0,0,0,0
1273,2,1,1,9147,1,1,151.0,1,38,37,9,8,132.1,1,0,0,1,0,0,34,0,0,5,7,2,10.0,0,0,5,6,4,12.0,0,7.6,2.6,0.32,Dropout,0.4,1.4,0.0,0.2,-18.900000000000006,0,0,0,1
1274,2,51,1,9853,1,1,130.0,1,37,37,7,8,120.3,0,0,0,1,0,0,35,0,0,7,7,0,0.0,0,0,6,0,0,0.0,0,8.9,1.4,3.51,Dropout,0.0,1.0,0.0,0.0,-9.700000000000003,0,0,0,1
1275,1,7,1,9991,0,40,120.0,1,37,37,9,7,120.0,0,0,0,1,0,0,32,0,0,5,7,5,11.6,0,0,5,8,5,12.33333333,0,12.4,0.5,1.79,Graduate,1.0,1.4,0.0,0.58,0.0,0,0,0,1
1276,1,17,2,9254,1,1,136.0,1,19,19,4,7,123.1,1,0,0,1,0,0,19,0,0,6,8,6,12.16666667,0,0,6,6,6,13.5,0,11.1,0.6,2.02,Graduate,1.0,1.3333333333333333,0.0,0.6083333335,-12.900000000000006,0,0,0,0
1277,1,17,5,9670,1,1,125.0,1,1,19,9,7,119.4,1,0,0,1,0,0,18,0,0,6,10,4,13.6,0,0,6,7,5,12.66666667,0,11.1,0.6,2.02,Graduate,0.6666666666666666,1.6666666666666667,0.0,0.45333333333333325,-5.599999999999994,0,0,0,0
1278,2,39,1,9147,1,1,133.1,1,37,37,9,9,140.0,0,0,0,0,0,0,35,0,0,5,8,4,12.5,1,0,5,8,5,11.8,0,9.4,-0.8,-3.12,Dropout,0.8,1.6,0.2,0.5,6.900000000000006,0,0,1,1
1279,1,39,1,8014,0,1,133.1,1,1,12,4,5,116.5,0,0,0,1,1,1,24,0,0,6,6,4,12.25,0,0,6,10,4,11.5,0,12.4,0.5,1.79,Enrolled,0.6666666666666666,1.0,0.0,0.4083333333333333,-16.599999999999994,0,0,0,0
1280,1,17,1,9238,1,1,120.0,1,19,37,9,9,113.0,1,0,0,1,0,1,20,0,0,6,7,6,11.71428571,0,0,6,8,6,12.625,0,13.9,-0.3,0.79,Graduate,1.0,1.1666666666666667,0.0,0.5857142855,-7.0,0,0,0,0
1281,1,1,3,9773,1,1,143.0,11,19,19,4,9,133.9,1,0,0,1,1,1,18,1,0,6,7,6,13.5,0,0,6,7,6,13.0,0,16.2,0.3,-0.92,Graduate,1.0,1.1666666666666667,0.0,0.675,-9.099999999999994,0,0,0,0
1282,1,1,3,9500,1,1,133.1,1,38,19,7,9,115.5,1,0,0,1,1,1,20,0,0,8,8,7,13.02428571,0,0,8,8,7,13.02428571,0,10.8,1.4,1.74,Graduate,0.875,1.0,0.0,0.5698124998124999,-17.599999999999994,0,0,0,0
1283,1,17,5,9254,1,1,121.0,1,1,19,4,7,116.5,1,0,0,0,1,0,18,0,0,6,12,0,0.0,0,0,6,0,0,0.0,0,9.4,-0.8,-3.12,Dropout,0.0,2.0,0.0,0.0,-4.5,0,0,1,0
1284,1,1,1,9119,1,1,168.0,1,19,19,4,4,171.2,0,0,0,1,1,1,18,0,0,5,6,5,17.33333333,0,0,5,8,5,18.57142857,0,12.4,0.5,1.79,Graduate,1.0,1.2,0.0,0.8666666664999999,3.1999999999999886,0,0,0,0
1285,1,1,1,9670,1,1,124.0,1,19,37,5,7,119.1,0,0,0,1,1,1,20,0,0,5,7,4,11.0,0,0,5,7,4,11.5,0,9.4,-0.8,-3.12,Graduate,0.8,1.4,0.0,0.44000000000000006,-4.900000000000006,0,0,0,0
1286,1,17,2,9853,1,1,127.0,1,19,38,3,3,121.1,1,0,0,1,1,0,19,0,0,7,10,6,13.66666667,0,0,7,9,6,12.5,0,12.4,0.5,1.79,Dropout,0.8571428571428571,1.4285714285714286,0.0,0.5857142858571428,-5.900000000000006,0,0,0,0
1287,1,1,2,9070,1,1,129.0,1,1,1,4,9,132.9,1,0,0,1,1,1,20,0,0,6,9,6,11.375,0,0,6,6,5,13.8,0,7.6,2.6,0.32,Enrolled,1.0,1.5,0.0,0.56875,3.9000000000000057,0,0,0,0
1288,1,1,1,9238,1,1,137.0,1,19,1,9,9,132.8,0,0,0,1,1,0,19,0,0,6,6,6,12.83333333,0,0,6,8,6,11.83333333,0,10.8,1.4,1.74,Graduate,1.0,1.0,0.0,0.6416666665,-4.199999999999989,0,0,0,0
1289,1,1,1,9773,1,1,120.0,1,36,37,0,0,126.7,1,0,0,1,1,0,20,0,0,6,9,5,12.6,0,0,6,11,4,11.5,0,7.6,2.6,0.32,Graduate,0.8333333333333334,1.5,0.0,0.525,6.700000000000003,0,0,0,0
1290,1,1,1,9500,1,1,110.0,1,19,19,9,7,105.8,1,0,0,1,1,0,22,0,0,7,8,6,14.33333333,0,0,8,9,7,13.77142857,0,11.1,0.6,2.02,Graduate,0.8571428571428571,1.1428571428571428,0.0,0.6142857141428572,-4.200000000000003,0,0,0,0
1291,1,17,2,9119,1,1,120.0,1,1,19,9,8,117.2,0,0,0,1,1,1,18,0,0,5,8,4,13.5,0,0,6,10,6,13.625,0,11.1,0.6,2.02,Enrolled,0.8,1.6,0.0,0.54,-2.799999999999997,0,0,0,0
1292,1,1,1,9500,1,1,143.0,1,38,38,9,9,140.0,0,0,0,1,1,0,19,0,0,8,8,7,14.28571429,0,0,8,8,7,14.28571429,0,12.7,3.7,-1.7,Graduate,0.875,1.0,0.0,0.6250000001875,-3.0,0,0,0,0
1293,1,44,1,9003,1,39,120.0,1,1,19,9,7,120.0,0,0,0,1,1,0,22,0,2,6,15,3,11.75,0,0,6,12,2,10.0,0,13.9,-0.3,0.79,Dropout,0.5,2.5,0.0,0.29375,0.0,0,0,0,0
1294,1,17,5,9119,1,1,124.0,11,4,12,2,9,119.5,1,0,0,1,1,0,20,1,0,5,5,5,14.8,0,0,5,5,5,17.6,0,8.9,1.4,3.51,Graduate,1.0,1.0,0.0,0.74,-4.5,0,0,0,0
1295,2,39,1,9003,1,1,168.0,1,1,41,9,3,153.9,0,0,1,0,1,0,34,0,0,6,7,0,0.0,0,0,6,0,0,0.0,0,12.4,0.5,1.79,Dropout,0.0,1.1666666666666667,0.0,0.0,-14.099999999999994,0,0,1,1
1296,2,39,1,8014,0,19,133.1,1,1,1,4,4,130.0,0,0,0,1,1,0,24,0,0,6,14,1,10.0,0,0,5,5,0,0.0,0,16.2,0.3,-0.92,Dropout,0.16666666666666666,2.3333333333333335,0.0,0.08333333333333333,-3.0999999999999943,0,0,0,0
1297,1,39,2,9670,1,1,150.0,1,34,34,0,0,107.0,1,0,0,1,1,0,26,0,0,5,5,0,0.0,0,0,5,5,0,0.0,0,7.6,2.6,0.32,Dropout,0.0,1.0,0.0,0.0,-43.0,0,0,0,1
1298,1,39,1,9500,1,1,140.0,1,37,37,9,6,132.8,0,0,0,1,1,0,35,0,0,7,10,4,12.6,0,0,7,9,5,12.38,0,12.4,0.5,1.79,Dropout,0.5714285714285714,1.4285714285714286,0.0,0.36,-7.199999999999989,0,0,0,1
1299,1,1,1,9991,0,1,145.0,1,2,37,4,9,127.5,1,0,0,1,1,0,22,0,0,5,9,5,12.42857143,1,0,5,7,5,11.8,0,7.6,2.6,0.32,Graduate,1.0,1.8,0.2,0.6214285715,-17.5,0,0,0,0
1300,1,18,1,9254,1,1,118.0,1,38,38,5,5,123.3,1,0,0,1,1,0,26,0,0,6,10,4,10.0,0,0,6,11,3,12.0,0,9.4,-0.8,-3.12,Enrolled,0.6666666666666666,1.6666666666666667,0.0,0.3333333333333333,5.299999999999997,0,0,0,1
1301,1,17,1,9147,1,1,123.0,1,1,19,3,4,122.0,0,0,0,1,1,0,19,0,0,5,7,3,12.33333333,0,0,5,5,0,0.0,0,8.9,1.4,3.51,Dropout,0.6,1.4,0.0,0.3699999999,-1.0,0,0,0,0
1302,1,1,5,9254,1,1,120.0,1,3,19,3,9,114.8,1,0,0,0,1,0,19,0,0,6,0,0,0.0,0,0,6,0,0,0.0,0,8.9,1.4,3.51,Dropout,0.0,0.0,0.0,0.0,-5.200000000000003,0,0,1,0
1303,1,44,1,171,1,39,140.0,1,3,3,2,2,140.0,0,0,1,1,1,0,20,0,0,0,0,0,0.0,0,0,0,0,0,0.0,0,15.5,2.8,-4.06,Graduate,0.0,0.0,0.0,0.0,0.0,1,0,1,0
1304,1,51,1,9670,1,1,126.0,1,3,3,1,10,111.0,0,0,1,1,1,0,21,0,5,11,12,10,12.1,0,2,8,9,8,13.33333333,0,11.1,0.6,2.02,Graduate,0.9090909090909091,1.0909090909090908,0.0,0.5499999999999999,-15.0,0,0,1,0
1305,1,1,2,9773,1,1,137.0,1,1,19,7,7,133.2,1,0,0,1,0,1,19,0,0,6,7,6,14.71428571,0,0,6,6,6,15.0,0,13.9,-0.3,0.79,Graduate,1.0,1.1666666666666667,0.0,0.7357142855000001,-3.8000000000000114,0,0,0,0
1306,1,1,3,9773,1,1,130.0,1,19,19,9,9,123.0,1,0,0,1,0,0,18,0,0,6,6,6,12.66666667,0,0,6,7,6,12.83333333,0,12.7,3.7,-1.7,Graduate,1.0,1.0,0.0,0.6333333335,-7.0,0,0,0,0
1307,1,53,1,9003,1,42,150.0,1,1,38,8,8,150.0,0,0,0,1,0,1,23,0,7,12,14,12,14.38461538,0,5,10,12,10,13.3,0,8.9,1.4,3.51,Graduate,1.0,1.1666666666666667,0.0,0.7192307689999999,0.0,0,0,0,0
1308,1,17,3,9147,1,1,147.0,1,19,38,5,7,132.3,1,0,0,1,0,1,18,0,0,5,5,5,13.4,0,0,5,6,5,12.2,0,12.7,3.7,-1.7,Graduate,1.0,1.0,0.0,0.67,-14.699999999999989,0,0,0,0
1309,1,18,1,9500,1,1,140.0,1,37,38,5,7,126.0,1,0,0,1,0,0,18,0,0,8,8,7,13.31428571,0,0,8,8,7,13.31428571,0,12.7,3.7,-1.7,Graduate,0.875,1.0,0.0,0.5824999998125,-14.0,0,0,0,0
1310,1,1,3,9500,1,1,132.0,1,38,38,9,9,119.3,1,0,0,1,0,0,19,0,0,8,8,7,11.98857143,0,0,8,8,7,11.98857143,0,10.8,1.4,1.74,Graduate,0.875,1.0,0.0,0.5245000000625001,-12.700000000000003,0,0,0,0
1311,1,53,1,9147,1,42,130.0,1,1,19,143,172,133.8,1,0,0,1,0,0,21,0,6,11,17,11,11.54545455,0,3,9,13,8,12.88888889,0,8.9,1.4,3.51,Graduate,1.0,1.5454545454545454,0.0,0.5772727275,3.8000000000000114,0,0,0,0
1312,1,1,1,9085,1,1,130.0,1,37,37,9,6,126.5,1,0,0,1,0,1,18,0,0,6,13,6,16.46153846,0,0,6,8,6,13.875,0,15.5,2.8,-4.06,Graduate,1.0,2.1666666666666665,0.0,0.823076923,-3.5,0,0,0,0
1313,1,1,1,9773,1,1,151.0,1,38,37,9,5,138.4,1,0,0,1,0,1,24,0,0,6,7,6,13.66666667,0,0,6,6,6,12.83333333,0,10.8,1.4,1.74,Graduate,1.0,1.1666666666666667,0.0,0.6833333335,-12.599999999999994,0,0,0,0
1314,1,1,4,9500,1,1,144.0,1,3,39,2,3,129.0,1,0,0,1,0,0,18,0,0,7,8,7,12.65,0,0,8,9,8,13.41111111,0,16.2,0.3,-0.92,Dropout,1.0,1.1428571428571428,0.0,0.6325000000000001,-15.0,0,0,0,0
1315,1,1,1,9670,1,1,127.0,1,19,1,5,7,118.3,1,0,0,1,0,0,18,0,0,6,7,6,12.33333333,0,0,6,10,3,12.0,0,13.9,-0.3,0.79,Enrolled,1.0,1.1666666666666667,0.0,0.6166666665,-8.700000000000003,0,0,0,0
1316,1,17,2,9500,1,1,131.0,1,19,37,9,7,129.8,1,0,0,1,0,0,20,0,0,7,8,6,14.37,0,0,8,10,7,14.65,0,12.4,0.5,1.79,Graduate,0.8571428571428571,1.1428571428571428,0.0,0.6158571428571428,-1.1999999999999886,0,0,0,0
1317,1,17,2,9085,1,1,123.0,1,1,19,4,9,113.6,1,0,0,1,0,0,19,0,0,5,13,3,12.0,2,0,5,8,4,11.75,0,9.4,-0.8,-3.12,Enrolled,0.6,2.6,0.4,0.36,-9.400000000000006,0,0,0,0
1318,1,1,5,9773,1,1,130.0,1,34,38,0,8,128.3,1,0,0,0,0,1,18,0,0,6,12,3,12.0,0,0,6,15,3,10.66666667,0,7.6,2.6,0.32,Dropout,0.5,2.0,0.0,0.3,-1.6999999999999886,0,0,1,0
1319,1,43,1,9254,1,1,130.0,1,1,19,5,7,130.0,0,0,0,1,0,1,19,0,0,6,11,4,12.0,0,0,6,14,3,11.0,0,10.8,1.4,1.74,Dropout,0.6666666666666666,1.8333333333333333,0.0,0.39999999999999997,0.0,0,0,0,0
1320,1,17,2,9853,1,1,131.0,1,1,38,4,8,121.9,1,0,0,1,0,0,19,0,0,6,10,5,12.6,0,0,6,7,5,11.2,0,10.8,1.4,1.74,Graduate,0.8333333333333334,1.6666666666666667,0.0,0.525,-9.099999999999994,0,0,0,0
1321,1,1,5,9238,1,3,135.0,1,1,38,9,3,129.4,0,0,1,1,0,0,18,0,0,6,6,6,12.16666667,0,0,6,6,6,12.33333333,0,10.8,1.4,1.74,Graduate,1.0,1.0,0.0,0.6083333335,-5.599999999999994,0,0,1,0
1322,1,1,2,9853,1,1,123.0,1,19,1,194,103,115.3,1,0,0,1,0,0,20,0,0,7,8,6,13.5,0,0,7,8,6,14.0,0,11.1,0.6,2.02,Enrolled,0.8571428571428571,1.1428571428571428,0.0,0.5785714285714286,-7.700000000000003,0,0,0,0
1323,1,1,5,9500,1,1,145.0,1,38,38,9,9,125.5,1,0,0,1,0,1,18,0,0,8,8,8,13.76375,0,0,8,8,8,13.76375,0,9.4,-0.8,-3.12,Graduate,1.0,1.0,0.0,0.6881875,-19.5,0,0,0,0
1324,1,17,6,9556,1,1,118.0,1,38,38,5,5,117.8,1,0,0,1,0,1,19,0,0,7,11,6,12.4,0,0,7,8,6,12.8,0,11.1,0.6,2.02,Graduate,0.8571428571428571,1.5714285714285714,0.0,0.5314285714285714,-0.20000000000000284,0,0,0,0
1325,1,17,3,9147,1,1,125.0,1,3,38,2,10,118.7,1,0,0,1,0,0,18,0,0,5,16,4,10.66666667,0,0,5,11,2,12.0,0,13.9,-0.3,0.79,Enrolled,0.8,3.2,0.0,0.42666666680000004,-6.299999999999997,0,0,0,0
1326,1,1,2,9500,1,1,152.0,1,37,37,9,9,139.0,1,0,0,1,0,0,18,0,0,7,7,6,14.33333333,0,0,7,7,6,14.33333333,0,7.6,2.6,0.32,Graduate,0.8571428571428571,1.0,0.0,0.6142857141428572,-13.0,0,0,0,0
1327,1,1,1,9085,1,1,101.0,1,1,37,4,9,98.9,1,0,0,1,0,0,21,0,0,6,12,4,12.5,0,0,6,13,2,12.66666667,0,11.1,0.6,2.02,Enrolled,0.6666666666666666,2.0,0.0,0.41666666666666663,-2.0999999999999943,0,0,0,0
1328,1,17,1,9254,1,1,137.0,1,34,38,0,7,137.7,1,0,1,0,0,0,19,0,0,6,14,1,10.0,0,0,6,13,0,0.0,0,7.6,2.6,0.32,Dropout,0.16666666666666666,2.3333333333333335,0.0,0.08333333333333333,0.6999999999999886,0,0,1,0
1329,1,1,4,9500,1,1,123.0,1,1,1,3,3,113.6,1,0,0,1,0,0,21,0,0,7,8,7,14.69625,0,0,8,9,8,14.62222222,0,12.4,0.5,1.79,Graduate,1.0,1.1428571428571428,0.0,0.7348125,-9.400000000000006,0,0,0,0
1330,1,1,1,9085,1,1,120.0,1,4,1,2,9,113.4,0,0,0,1,0,0,18,0,0,6,14,4,11.5,0,0,6,17,3,13.75,0,11.1,0.6,2.02,Enrolled,0.6666666666666666,2.3333333333333335,0.0,0.3833333333333333,-6.599999999999994,0,0,0,0
1331,1,17,3,9556,1,1,131.0,1,19,38,9,7,128.5,0,0,0,1,0,1,18,0,0,7,9,7,12.85555556,0,0,8,8,8,13.9125,0,12.7,3.7,-1.7,Graduate,1.0,1.2857142857142858,0.0,0.642777778,-2.5,0,0,0,0
1332,1,1,1,9500,1,1,141.0,1,1,1,3,10,142.8,0,0,0,1,0,0,18,0,0,7,7,7,13.7,0,0,8,9,8,13.99444444,0,11.1,0.6,2.02,Graduate,1.0,1.0,0.0,0.6849999999999999,1.8000000000000114,0,0,0,0
1333,1,1,1,9130,1,1,144.0,1,3,1,1,3,137.7,0,0,0,0,0,0,23,0,0,5,9,0,0.0,3,1,5,10,1,12.0,3,10.8,1.4,1.74,Dropout,0.0,1.8,0.6,0.0,-6.300000000000011,0,0,1,0
1334,1,1,1,9238,1,1,107.0,1,19,37,7,7,103.5,1,0,0,1,0,0,20,0,0,6,13,3,11.2,0,0,6,9,4,12.0,0,16.2,0.3,-0.92,Enrolled,0.5,2.1666666666666665,0.0,0.27999999999999997,-3.5,0,0,0,0
1335,1,1,1,9500,1,1,133.0,1,38,38,5,5,123.2,0,0,0,1,0,0,18,0,0,7,7,7,13.28571429,0,0,8,9,8,13.33333333,0,16.2,0.3,-0.92,Graduate,1.0,1.0,0.0,0.6642857145,-9.799999999999997,0,0,0,0
1336,1,17,2,9853,1,1,126.0,1,1,19,2,10,126.0,1,0,0,1,0,0,19,0,0,6,9,5,13.0,0,0,6,8,5,10.4,0,7.6,2.6,0.32,Enrolled,0.8333333333333334,1.5,0.0,0.5416666666666667,0.0,0,0,0,0
1337,1,39,1,9500,1,1,133.1,1,1,38,3,7,121.7,0,0,0,1,0,1,27,0,0,7,8,6,12.6,0,0,7,9,6,11.68571429,0,12.4,0.5,1.79,Enrolled,0.8571428571428571,1.1428571428571428,0.0,0.5399999999999999,-11.399999999999991,0,0,0,1
1338,1,17,1,9147,1,1,147.0,1,37,37,9,6,142.8,1,0,1,0,0,1,19,0,0,5,5,5,12.8,0,0,5,5,4,12.0,0,11.1,0.6,2.02,Enrolled,1.0,1.0,0.0,0.64,-4.199999999999989,0,0,1,0
1339,1,43,1,9130,1,1,120.0,1,1,19,9,9,120.0,1,0,0,1,0,0,21,0,0,6,14,5,11.5,1,0,6,13,5,11.0,1,15.5,2.8,-4.06,Dropout,0.8333333333333334,2.3333333333333335,0.16666666666666666,0.47916666666666663,0.0,0,0,0,0
1340,1,18,1,9500,1,1,130.0,1,37,38,7,8,119.3,1,0,0,1,0,1,19,0,0,8,8,7,11.4,0,0,8,8,7,11.4,0,10.8,1.4,1.74,Graduate,0.875,1.0,0.0,0.49875,-10.700000000000003,0,0,0,0
1341,1,44,1,9238,1,1,120.0,1,37,37,6,9,121.0,0,0,0,1,0,1,21,0,3,6,6,6,12.33333333,0,2,6,8,6,11.33333333,0,13.9,-0.3,0.79,Graduate,1.0,1.0,0.0,0.6166666665,1.0,0,0,0,0
1342,1,1,5,9773,1,1,138.0,1,19,19,9,9,139.4,1,0,0,1,0,0,18,0,0,6,7,5,12.8,0,0,6,10,4,12.2,0,10.8,1.4,1.74,Graduate,0.8333333333333334,1.1666666666666667,0.0,0.5333333333333333,1.4000000000000057,0,0,0,0
1343,1,17,1,9085,1,1,124.0,1,19,38,7,7,113.9,1,0,0,1,0,1,20,0,0,5,8,5,12.0,1,0,5,8,4,15.0,1,12.7,3.7,-1.7,Graduate,1.0,1.6,0.2,0.6,-10.099999999999994,0,0,0,0
1344,1,1,1,9853,1,1,133.0,1,37,37,9,7,124.6,1,0,0,1,0,1,18,0,0,6,8,5,13.0,0,0,6,9,5,13.5,0,9.4,-0.8,-3.12,Graduate,0.8333333333333334,1.3333333333333333,0.0,0.5416666666666667,-8.400000000000006,0,0,0,0
1345,1,17,1,9070,1,1,122.0,1,1,1,4,8,123.8,1,0,1,0,0,1,18,0,0,6,6,6,11.83333333,0,0,6,8,6,11.0,0,12.7,3.7,-1.7,Dropout,1.0,1.0,0.0,0.5916666665,1.7999999999999972,0,0,1,0
1346,1,1,3,9085,1,1,138.0,1,1,3,4,4,126.3,1,0,0,1,0,0,18,0,0,6,8,6,14.0,0,0,6,9,6,13.33333333,0,8.9,1.4,3.51,Graduate,1.0,1.3333333333333333,0.0,0.7,-11.700000000000003,0,0,0,0
1347,1,17,4,9773,1,1,134.0,1,1,1,3,3,120.4,1,0,0,1,0,1,18,0,0,6,6,6,12.33333333,0,0,6,6,6,13.5,0,16.2,0.3,-0.92,Graduate,1.0,1.0,0.0,0.6166666665,-13.599999999999994,0,0,0,0
1348,1,1,3,9500,1,1,128.0,1,1,1,7,7,120.5,1,0,0,1,0,1,19,0,0,7,10,5,13.04,0,0,7,7,7,12.5,0,12.4,0.5,1.79,Enrolled,0.7142857142857143,1.4285714285714286,0.0,0.46571428571428564,-7.5,0,0,0,0
1349,1,53,1,9085,1,42,140.0,1,19,38,8,9,144.9,1,0,1,0,0,0,23,0,7,11,18,11,13.16666667,0,4,9,15,8,13.33333333,0,8.9,1.4,3.51,Enrolled,1.0,1.6363636363636365,0.0,0.6583333335,4.900000000000006,0,0,1,0
1350,1,39,1,9085,1,19,133.1,1,19,19,4,9,139.9,1,0,0,1,0,1,24,0,1,6,7,6,12.5,0,0,6,11,6,12.83333333,0,8.9,1.4,3.51,Graduate,1.0,1.1666666666666667,0.0,0.625,6.800000000000011,0,0,0,0
1351,1,1,1,171,1,1,142.0,1,1,1,3,3,133.3,1,0,0,1,0,0,19,0,0,0,0,0,0.0,0,0,0,0,0,0.0,0,10.8,1.4,1.74,Graduate,0.0,0.0,0.0,0.0,-8.699999999999989,1,0,0,0
1352,1,1,3,9500,1,1,141.0,1,19,19,9,9,126.0,1,0,0,1,0,0,18,0,0,8,8,7,15.65714286,0,0,8,8,7,15.65714286,0,12.7,3.7,-1.7,Graduate,0.875,1.0,0.0,0.685000000125,-15.0,0,0,0,0
1353,1,1,2,9070,1,1,145.0,1,1,19,4,3,133.5,0,0,0,1,0,0,19,0,0,6,6,6,12.16666667,0,0,6,6,6,11.33333333,0,12.7,3.7,-1.7,Graduate,1.0,1.0,0.0,0.6083333335,-11.5,0,0,0,0
1354,1,17,2,9853,1,1,145.0,1,38,19,4,9,127.9,1,0,0,1,0,0,19,0,0,6,0,0,0.0,0,0,6,0,0,0.0,0,10.8,1.4,1.74,Dropout,0.0,0.0,0.0,0.0,-17.099999999999994,0,0,0,0
1355,1,1,1,9238,1,1,108.0,1,1,38,5,8,105.9,0,0,0,1,0,1,20,0,0,6,11,5,10.6,0,0,6,9,5,11.16666667,0,11.1,0.6,2.02,Enrolled,0.8333333333333334,1.8333333333333333,0.0,0.4416666666666667,-2.0999999999999943,0,0,0,0
1356,1,1,1,9085,1,1,132.0,1,1,12,4,5,124.3,0,0,0,1,0,0,20,0,0,6,10,6,13.42857143,0,0,6,11,5,12.66666667,0,13.9,-0.3,0.79,Enrolled,1.0,1.6666666666666667,0.0,0.6714285715,-7.700000000000003,0,0,0,0
1357,1,39,1,9773,1,1,140.0,1,34,37,0,0,102.5,0,0,0,1,0,0,26,0,0,6,8,4,11.75,0,0,6,12,0,0.0,0,7.6,2.6,0.32,Dropout,0.6666666666666666,1.3333333333333333,0.0,0.39166666666666666,-37.5,0,0,0,1
1358,1,39,1,9254,1,19,133.1,1,19,1,9,5,97.0,0,0,1,0,1,0,36,0,0,5,10,0,0.0,0,0,5,5,0,0.0,0,15.5,2.8,-4.06,Dropout,0.0,2.0,0.0,0.0,-36.099999999999994,0,0,1,1
1359,1,17,1,171,1,1,128.0,1,1,1,4,10,134.7,0,0,0,0,1,0,19,0,0,0,0,0,0.0,0,0,0,0,0,0.0,0,10.8,1.4,1.74,Dropout,0.0,0.0,0.0,0.0,6.699999999999989,1,0,1,0
1360,1,42,1,9119,1,1,120.0,1,19,37,9,9,113.8,0,0,0,0,1,0,27,0,0,5,0,0,0.0,0,0,5,0,0,0.0,0,15.5,2.8,-4.06,Dropout,0.0,0.0,0.0,0.0,-6.200000000000003,0,0,1,1
1361,1,1,4,9119,1,1,120.0,1,3,1,123,152,116.9,0,0,0,1,1,0,18,0,0,5,9,1,13.0,0,0,5,5,0,0.0,0,8.9,1.4,3.51,Dropout,0.2,1.8,0.0,0.13,-3.0999999999999943,0,0,0,0
1362,1,1,4,9500,1,1,139.0,1,37,38,9,9,124.0,1,0,0,1,1,1,18,0,0,8,8,7,13.33142857,0,0,8,8,7,13.33142857,0,10.8,1.4,1.74,Graduate,0.875,1.0,0.0,0.5832499999374999,-15.0,0,0,0,0
1363,1,39,1,9070,1,1,139.3,1,38,38,5,5,117.5,0,0,0,1,1,0,28,0,0,6,0,0,0.0,0,0,6,0,0,0.0,0,12.4,0.5,1.79,Dropout,0.0,0.0,0.0,0.0,-21.80000000000001,0,0,0,1
1364,1,44,1,171,1,39,150.0,1,19,1,9,9,154.8,1,0,0,1,1,0,21,0,0,0,0,0,0.0,0,0,0,0,0,0.0,0,12.4,0.5,1.79,Graduate,0.0,0.0,0.0,0.0,4.800000000000011,1,0,0,0
1365,1,1,1,9500,1,1,138.0,1,19,37,4,9,141.0,0,0,0,1,1,0,19,0,0,7,7,6,13.7,0,0,7,7,6,13.7,0,7.6,2.6,0.32,Graduate,0.8571428571428571,1.0,0.0,0.5871428571428571,3.0,0,0,0,0
1366,1,39,1,9670,1,9,133.1,1,6,22,3,3,120.0,0,0,1,0,1,0,26,0,0,5,5,0,0.0,0,0,5,5,0,0.0,5,9.4,-0.8,-3.12,Dropout,0.0,1.0,0.0,0.0,-13.099999999999994,0,0,1,1
1367,1,51,1,9119,1,1,136.0,1,1,19,3,5,133.6,1,0,0,1,1,0,20,0,4,9,12,9,13.45454545,0,2,7,9,6,13.875,0,11.1,0.6,2.02,Dropout,1.0,1.3333333333333333,0.0,0.6727272725,-2.4000000000000057,0,0,0,0
1368,1,1,6,9500,1,1,134.0,1,38,38,9,9,122.0,1,0,0,1,1,0,19,0,0,8,8,7,12.2,0,0,8,8,7,12.2,0,12.7,3.7,-1.7,Graduate,0.875,1.0,0.0,0.53375,-12.0,0,0,0,0
1369,1,1,1,9147,1,1,140.0,1,19,19,7,3,120.0,1,0,0,1,1,0,21,0,0,5,8,3,10.0,0,0,5,10,4,11.0,0,12.7,3.7,-1.7,Dropout,0.6,1.6,0.0,0.3,-20.0,0,0,0,0
1370,1,53,1,9670,1,42,110.0,1,1,19,9,9,114.2,0,0,0,1,1,1,23,0,0,6,7,5,13.0,0,0,6,7,6,12.85714286,0,8.9,1.4,3.51,Graduate,0.8333333333333334,1.1666666666666667,0.0,0.5416666666666667,4.200000000000003,0,0,0,0
1371,1,39,1,8014,0,38,133.1,1,38,37,4,8,95.5,0,0,0,1,1,0,29,0,0,6,11,6,12.0,0,0,6,6,6,14.0,0,11.1,0.6,2.02,Graduate,1.0,1.8333333333333333,0.0,0.6,-37.599999999999994,0,0,0,1
1372,1,1,1,9500,1,1,129.0,1,1,1,9,9,120.0,0,0,0,1,1,0,20,0,0,8,8,7,15.02857143,0,0,8,8,7,15.02857143,0,12.7,3.7,-1.7,Graduate,0.875,1.0,0.0,0.6575000000625,-9.0,0,0,0,0
1373,1,1,1,9238,1,1,116.0,1,1,19,5,9,111.1,0,0,0,1,1,0,18,0,0,6,8,6,12.0,0,0,6,7,6,11.71428571,0,15.5,2.8,-4.06,Graduate,1.0,1.3333333333333333,0.0,0.6,-4.900000000000006,0,0,0,0
1374,1,1,1,9773,1,1,130.0,1,1,38,3,5,128.6,1,0,0,1,1,0,19,0,0,6,8,5,12.0,0,0,6,8,5,12.4,0,9.4,-0.8,-3.12,Graduate,0.8333333333333334,1.3333333333333333,0.0,0.5,-1.4000000000000057,0,0,0,0
1375,1,7,1,9556,1,3,130.0,1,1,37,4,8,130.0,0,0,0,0,1,0,23,0,3,7,7,3,13.66666667,0,3,8,8,3,11.33333333,4,10.8,1.4,1.74,Dropout,0.42857142857142855,1.0,0.0,0.2928571429285714,0.0,0,0,1,0
1376,1,1,1,171,1,1,116.0,1,38,1,5,1,111.1,0,0,0,1,1,0,21,0,0,0,0,0,0.0,0,0,0,0,0,0.0,0,13.9,-0.3,0.79,Dropout,0.0,0.0,0.0,0.0,-4.900000000000006,1,0,0,0
1377,1,17,1,9147,1,1,136.0,1,1,1,9,3,122.7,1,0,0,1,1,0,18,0,0,5,6,5,12.0,0,0,5,7,4,12.5,0,15.5,2.8,-4.06,Enrolled,1.0,1.2,0.0,0.6,-13.299999999999997,0,0,0,0
1378,1,1,1,171,1,1,147.0,1,37,19,7,7,134.4,1,0,0,1,1,1,18,0,0,0,0,0,0.0,0,0,0,0,0,0.0,0,10.8,1.4,1.74,Graduate,0.0,0.0,0.0,0.0,-12.599999999999994,1,0,0,0
1379,1,1,5,9070,1,1,117.0,1,19,37,5,5,131.0,1,0,1,0,1,0,21,0,0,6,6,1,14.0,0,0,6,7,0,0.0,7,9.4,-0.8,-3.12,Dropout,0.16666666666666666,1.0,0.0,0.11666666666666665,14.0,0,0,1,0
1380,1,51,1,9238,1,1,141.0,1,1,1,5,9,125.0,0,0,0,1,1,0,22,0,0,6,6,0,0.0,0,0,6,7,0,0.0,0,11.1,0.6,2.02,Dropout,0.0,1.0,0.0,0.0,-16.0,0,0,0,0
1381,1,18,1,9556,1,1,133.1,1,3,19,2,8,106.0,1,0,0,1,1,0,21,0,0,7,8,7,12.375,0,0,7,11,5,12.58333333,0,8.9,1.4,3.51,Graduate,1.0,1.1428571428571428,0.0,0.61875,-27.099999999999994,0,0,0,0
1382,1,39,1,9500,1,1,133.1,1,38,19,9,9,128.0,1,0,0,0,1,0,32,0,0,7,0,0,0.0,0,0,8,0,0,0.0,0,16.2,0.3,-0.92,Dropout,0.0,0.0,0.0,0.0,-5.099999999999994,0,0,1,1
1383,1,7,1,9003,1,3,120.0,1,1,19,4,1,120.0,1,0,0,1,1,0,27,0,14,18,21,18,11.42105263,0,10,13,16,13,11.07692308,1,15.5,2.8,-4.06,Graduate,1.0,1.1666666666666667,0.0,0.5710526315,0.0,0,0,0,1
1384,1,1,1,9500,1,1,148.0,1,19,38,9,8,134.8,1,0,0,1,1,0,18,0,0,7,7,6,13.35,0,0,7,7,6,13.35,0,7.6,2.6,0.32,Graduate,0.8571428571428571,1.0,0.0,0.5721428571428571,-13.199999999999989,0,0,0,0
1385,1,39,1,9070,1,1,130.0,1,1,1,5,3,112.0,1,0,0,1,1,1,24,0,0,6,6,6,15.0,0,0,6,6,2,16.0,0,15.5,2.8,-4.06,Graduate,1.0,1.0,0.0,0.75,-18.0,0,0,0,0
1386,1,1,1,9130,1,1,120.0,1,19,37,1,9,116.1,1,0,0,1,1,0,22,0,0,5,9,2,10.5,0,0,5,5,0,0.0,0,12.7,3.7,-1.7,Dropout,0.4,1.8,0.0,0.21000000000000002,-3.9000000000000057,0,0,0,0
1387,1,43,1,9130,1,1,120.0,1,2,3,3,2,120.0,1,0,0,0,1,0,22,0,0,6,0,0,0.0,0,0,4,6,0,0.0,2,10.8,1.4,1.74,Dropout,0.0,0.0,0.0,0.0,0.0,0,0,1,0
1388,1,1,3,9147,1,1,133.0,1,37,37,9,5,119.7,1,0,0,1,1,0,19,0,0,5,8,5,13.25,0,0,5,6,5,11.83333333,0,13.9,-0.3,0.79,Graduate,1.0,1.6,0.0,0.6625,-13.299999999999997,0,0,0,0
1389,1,17,6,9119,1,1,129.0,1,37,13,4,90,117.1,1,0,0,1,1,0,19,0,0,5,10,0,0.0,0,0,5,5,0,0.0,0,7.6,2.6,0.32,Dropout,0.0,2.0,0.0,0.0,-11.900000000000006,0,0,0,0
1390,1,1,2,9085,1,1,118.0,1,1,19,3,3,112.4,1,0,0,1,1,0,21,0,0,5,7,4,11.5,0,0,5,15,3,10.6,4,10.8,1.4,1.74,Enrolled,0.8,1.4,0.0,0.45999999999999996,-5.599999999999994,0,0,0,0
1391,1,1,2,9500,1,1,140.0,1,1,1,2,7,131.0,1,0,0,1,0,1,18,0,0,8,8,8,13.88125,0,0,8,8,8,13.88125,0,9.4,-0.8,-3.12,Graduate,1.0,1.0,0.0,0.6940625,-9.0,0,0,0,0
1392,1,1,2,9254,1,1,127.0,1,3,19,3,10,130.9,1,0,0,1,0,0,18,0,0,6,8,6,11.33333333,0,0,6,8,5,12.6,0,9.4,-0.8,-3.12,Graduate,1.0,1.3333333333333333,0.0,0.5666666665,3.9000000000000057,0,0,0,0
1393,1,1,1,171,1,1,131.0,1,19,19,9,9,134.9,1,0,1,1,0,0,20,0,0,0,0,0,0.0,0,0,0,0,0,0.0,0,16.2,0.3,-0.92,Dropout,0.0,0.0,0.0,0.0,3.9000000000000057,1,0,1,0
1394,1,17,1,9238,1,1,132.0,1,1,19,4,9,127.1,1,0,0,1,0,0,19,0,0,6,7,6,12.85714286,0,0,6,7,6,13.66666667,0,13.9,-0.3,0.79,Graduate,1.0,1.1666666666666667,0.0,0.642857143,-4.900000000000006,0,0,0,0
1395,1,17,5,9773,1,1,113.0,1,38,38,191,175,110.2,1,0,1,1,0,0,19,0,0,6,6,5,11.6,0,0,6,6,6,12.5,0,8.9,1.4,3.51,Graduate,0.8333333333333334,1.0,0.0,0.48333333333333334,-2.799999999999997,0,0,1,0
1396,1,17,1,9254,1,1,115.0,1,12,1,9,3,108.7,1,0,0,1,0,1,18,0,0,6,9,5,11.4,0,0,6,6,6,11.33333333,0,12.4,0.5,1.79,Graduate,0.8333333333333334,1.5,0.0,0.4750000000000001,-6.299999999999997,0,0,0,0
1397,1,1,1,9130,1,1,133.1,1,1,1,3,9,138.0,1,0,0,1,0,0,20,0,0,6,11,6,13.33333333,0,0,6,10,6,13.0,0,16.2,0.3,-0.92,Enrolled,1.0,1.8333333333333333,0.0,0.6666666665000001,4.900000000000006,0,0,0,0
1398,1,44,1,9070,1,39,150.0,1,12,37,3,9,147.7,0,0,1,1,0,1,22,0,2,7,7,7,13.57142857,0,5,9,9,9,13.77777778,0,12.4,0.5,1.79,Graduate,1.0,1.0,0.0,0.6785714285,-2.3000000000000114,0,0,1,0
1399,2,39,1,9556,1,19,133.1,1,37,38,9,9,123.0,0,0,0,1,0,0,31,0,0,7,13,6,11.83333333,0,0,7,8,7,12.22857143,0,12.4,0.5,1.79,Graduate,0.8571428571428571,1.8571428571428572,0.0,0.507142857,-10.099999999999994,0,0,0,1
1400,1,17,1,9853,1,1,141.0,1,19,19,9,8,142.8,0,0,0,1,0,1,19,0,0,7,7,7,14.42857143,0,0,7,7,7,14.14285714,0,16.2,0.3,-0.92,Graduate,1.0,1.0,0.0,0.7214285715,1.8000000000000114,0,0,0,0
1401,1,1,2,171,1,1,140.0,1,1,3,3,3,138.3,1,0,0,1,0,0,18,0,0,0,0,0,0.0,0,0,0,0,0,0.0,0,12.4,0.5,1.79,Enrolled,0.0,0.0,0.0,0.0,-1.6999999999999886,1,0,0,0
1402,1,1,2,9254,1,1,136.0,1,38,38,9,7,125.2,1,0,0,1,0,1,18,0,0,6,8,6,12.28571429,0,0,6,9,5,12.4,0,8.9,1.4,3.51,Graduate,1.0,1.3333333333333333,0.0,0.6142857145,-10.799999999999997,0,0,0,0
1403,1,1,1,9085,1,1,140.0,1,12,1,1,90,141.8,0,0,0,1,0,0,21,0,0,5,7,5,14.4,0,0,5,5,5,13.8,0,7.6,2.6,0.32,Graduate,1.0,1.4,0.0,0.72,1.8000000000000114,0,0,0,0
1404,1,17,5,9500,1,1,143.0,1,38,1,9,7,130.6,1,0,0,1,0,1,18,0,0,7,8,7,13.15,0,0,8,9,8,15.06875,0,13.9,-0.3,0.79,Graduate,1.0,1.1428571428571428,0.0,0.6575,-12.400000000000006,0,0,0,0
1405,1,44,1,9147,1,39,130.0,22,2,37,2,8,130.0,0,0,1,0,1,0,25,1,0,5,6,0,0.0,0,0,5,5,0,0.0,0,15.5,2.8,-4.06,Dropout,0.0,1.2,0.0,0.0,0.0,0,0,1,1
1406,1,15,1,9119,1,1,133.1,41,1,3,5,8,100.0,0,0,1,1,1,0,21,1,0,5,5,0,0.0,0,0,6,8,0,0.0,0,11.1,0.6,2.02,Dropout,0.0,1.0,0.0,0.0,-33.099999999999994,0,0,1,0
1407,1,18,2,9500,1,1,129.0,1,38,37,5,5,119.0,1,0,0,1,0,1,19,0,0,8,8,7,12.34285714,0,0,8,8,7,12.34285714,0,10.8,1.4,1.74,Graduate,0.875,1.0,0.0,0.5399999998749999,-10.0,0,0,0,0
1408,1,1,2,9773,1,1,132.0,1,38,1,9,9,124.3,1,0,0,1,0,0,19,0,0,6,6,5,12.2,0,0,6,7,5,10.8,0,10.8,1.4,1.74,Enrolled,0.8333333333333334,1.0,0.0,0.5083333333333333,-7.700000000000003,0,0,0,0
1409,1,17,1,9254,1,1,118.0,1,11,34,5,0,122.2,1,0,0,1,0,0,22,0,0,6,10,4,10.5,0,0,6,14,1,11.0,0,7.6,2.6,0.32,Dropout,0.6666666666666666,1.6666666666666667,0.0,0.35,4.200000000000003,0,0,0,0
1410,1,15,1,9147,1,1,150.0,1,38,1,9,1,150.0,0,0,0,1,1,0,19,0,0,5,5,5,10.6,0,0,5,8,5,11.6,0,12.4,0.5,1.79,Graduate,1.0,1.0,0.0,0.53,0.0,0,0,0,0
1411,1,39,1,8014,0,19,133.1,1,37,37,9,5,135.5,0,0,0,1,0,0,58,0,0,6,6,0,0.0,0,0,6,6,0,0.0,0,11.1,0.6,2.02,Dropout,0.0,1.0,0.0,0.0,2.4000000000000057,0,0,0,1
1412,1,16,2,9238,1,1,122.0,1,19,37,9,7,127.3,1,0,0,1,0,1,19,0,0,6,8,4,11.25,0,0,6,6,6,12.0,0,10.8,1.4,1.74,Graduate,0.6666666666666666,1.3333333333333333,0.0,0.375,5.299999999999997,0,0,0,0
1413,1,43,1,9670,1,1,127.0,22,37,37,9,9,127.0,1,0,0,1,1,0,23,1,3,9,11,6,10.5,0,4,10,10,10,11.7,0,9.4,-0.8,-3.12,Graduate,0.6666666666666666,1.2222222222222223,0.0,0.35,0.0,0,0,0,0
1414,1,1,2,9773,1,1,122.0,1,37,37,9,9,126.9,1,0,0,1,0,1,19,0,0,6,11,4,11.0,0,0,6,11,3,11.66666667,0,9.4,-0.8,-3.12,Enrolled,0.6666666666666666,1.8333333333333333,0.0,0.3666666666666667,4.900000000000006,0,0,0,0
1415,1,18,3,9500,1,1,131.0,1,19,1,4,7,127.5,1,0,0,1,0,0,18,0,0,7,7,7,13.45714286,0,0,8,8,8,14.5125,0,13.9,-0.3,0.79,Graduate,1.0,1.0,0.0,0.672857143,-3.5,0,0,0,0
1416,1,1,2,9085,1,1,130.0,1,19,19,90,90,122.0,0,0,0,1,0,0,20,0,0,5,6,5,12.6,0,0,5,8,4,12.33333333,0,7.6,2.6,0.32,Graduate,1.0,1.2,0.0,0.63,-8.0,0,0,0,0
1417,1,17,5,9085,1,1,130.0,1,19,19,90,7,115.8,0,0,0,0,0,0,18,0,0,6,0,0,0.0,0,0,6,0,0,0.0,0,12.7,3.7,-1.7,Dropout,0.0,0.0,0.0,0.0,-14.200000000000003,0,0,1,0
1418,1,17,1,9670,1,1,130.0,1,3,19,5,5,121.6,0,0,0,1,0,0,18,0,0,6,6,6,13.66666667,0,0,6,8,5,13.6,0,8.9,1.4,3.51,Graduate,1.0,1.0,0.0,0.6833333335,-8.400000000000006,0,0,0,0
1419,1,17,4,9147,1,1,122.0,1,19,19,5,7,116.4,1,0,1,1,0,1,18,0,0,5,5,5,11.6,0,0,5,5,5,11.8,0,11.1,0.6,2.02,Graduate,1.0,1.0,0.0,0.58,-5.599999999999994,0,0,1,0
1420,1,39,1,9130,1,1,114.0,1,38,38,9,10,120.0,0,0,0,1,0,0,24,0,0,6,9,6,12.57142857,0,0,6,10,5,12.83333333,0,11.1,0.6,2.02,Dropout,1.0,1.5,0.0,0.6285714285,6.0,0,0,0,0
1421,1,17,4,9853,1,1,143.0,1,37,37,9,5,127.3,1,0,0,1,0,0,18,0,0,6,7,5,11.8,0,0,6,7,5,11.4,0,10.8,1.4,1.74,Dropout,0.8333333333333334,1.1666666666666667,0.0,0.49166666666666675,-15.700000000000003,0,0,0,0
1422,1,1,3,9147,1,1,127.0,1,1,38,5,7,123.5,1,0,0,1,0,1,19,0,0,5,5,5,11.6,0,0,5,11,3,12.66666667,0,9.4,-0.8,-3.12,Enrolled,1.0,1.0,0.0,0.58,-3.5,0,0,0,0
1423,1,17,3,9238,1,1,141.0,1,19,38,9,7,125.6,1,0,0,1,0,1,19,0,0,6,8,6,11.33333333,0,0,6,6,6,11.83333333,0,8.9,1.4,3.51,Graduate,1.0,1.3333333333333333,0.0,0.5666666665,-15.400000000000006,0,0,0,0
1424,1,1,1,9254,1,1,129.0,1,38,38,6,6,118.5,1,0,0,1,0,0,18,0,0,6,6,6,10.66666667,0,0,6,6,6,11.5,0,7.6,2.6,0.32,Graduate,1.0,1.0,0.0,0.5333333335,-10.5,0,0,0,0
1425,1,1,2,9130,1,1,140.0,1,19,37,9,9,129.5,1,0,0,1,0,0,18,0,0,5,10,4,13.5,1,0,5,5,5,13.4,0,12.7,3.7,-1.7,Enrolled,0.8,2.0,0.2,0.54,-10.5,0,0,0,0
1426,1,1,1,171,1,1,137.0,1,19,19,5,5,134.6,1,0,0,1,0,1,19,0,0,0,0,0,0.0,0,0,0,0,0,0.0,0,10.8,1.4,1.74,Graduate,0.0,0.0,0.0,0.0,-2.4000000000000057,1,0,0,0
1427,1,44,1,9085,1,1,140.0,1,4,4,2,6,140.0,0,0,0,1,0,0,22,0,2,6,9,6,13.33333333,0,1,6,9,4,11.5,0,13.9,-0.3,0.79,Graduate,1.0,1.5,0.0,0.6666666665000001,0.0,0,0,0,0
1428,1,1,1,9254,1,1,143.0,1,2,37,1,1,133.2,1,0,0,1,0,0,19,0,0,6,9,5,13.4,0,0,6,16,2,13.5,0,10.8,1.4,1.74,Enrolled,0.8333333333333334,1.5,0.0,0.5583333333333333,-9.800000000000011,0,0,0,0
1429,3,17,1,9238,1,1,138.0,1,37,37,9,9,133.5,1,0,0,1,0,1,21,0,0,6,8,3,10.2,0,0,6,13,4,12.25,0,12.7,3.7,-1.7,Enrolled,0.5,1.3333333333333333,0.0,0.255,-4.5,0,0,0,0
1430,1,17,1,9773,1,1,120.0,1,19,38,9,7,117.9,1,0,0,1,0,1,21,0,0,6,6,5,13.0,0,0,6,7,6,12.83333333,0,8.9,1.4,3.51,Graduate,0.8333333333333334,1.0,0.0,0.5416666666666667,-2.0999999999999943,0,0,0,0
1431,1,1,3,9500,1,1,144.0,1,38,38,5,7,128.0,1,0,0,1,0,1,18,0,0,8,11,7,12.90857143,0,0,8,11,7,12.90857143,0,10.8,1.4,1.74,Graduate,0.875,1.375,0.0,0.5647500000625,-16.0,0,0,0,0
1432,1,1,5,9853,1,1,123.0,1,1,12,4,9,113.2,1,0,0,1,0,0,20,0,0,6,12,4,12.0,0,0,6,11,1,10.0,0,10.8,1.4,1.74,Dropout,0.6666666666666666,2.0,0.0,0.39999999999999997,-9.799999999999997,0,0,0,0
1433,1,1,3,9254,1,1,129.0,1,37,38,7,7,122.0,1,0,0,1,0,1,18,0,0,6,9,6,10.83333333,0,0,6,8,5,11.0,0,7.6,2.6,0.32,Enrolled,1.0,1.5,0.0,0.5416666665000001,-7.0,0,0,0,0
1434,1,16,3,9070,1,1,152.0,1,1,38,4,8,156.9,1,0,0,1,0,0,19,0,0,6,6,6,15.33333333,0,0,6,9,6,15.83333333,0,12.7,3.7,-1.7,Graduate,1.0,1.0,0.0,0.7666666665,4.900000000000006,0,0,0,0
1435,1,1,2,9500,1,1,130.0,1,1,38,9,9,125.1,1,0,0,1,0,1,18,0,0,7,9,6,12.81666667,0,0,8,11,6,12.875,0,11.1,0.6,2.02,Enrolled,0.8571428571428571,1.2857142857142858,0.0,0.5492857144285714,-4.900000000000006,0,0,0,0
1436,1,15,1,9147,1,1,133.1,41,41,1,3,4,100.0,0,0,1,0,1,0,26,1,6,7,7,6,13.0,0,2,6,6,2,14.0,0,11.1,0.6,2.02,Dropout,0.8571428571428571,1.0,0.0,0.5571428571428572,-33.099999999999994,0,0,1,1
1437,1,15,1,9119,1,1,160.0,32,1,3,143,152,160.0,0,0,1,1,0,0,19,1,0,6,11,2,13.5,1,0,5,11,2,11.0,0,8.9,1.4,3.51,Enrolled,0.3333333333333333,1.8333333333333333,0.16666666666666666,0.225,0.0,0,0,1,0
1438,2,39,1,8014,0,1,140.0,1,37,37,9,9,101.0,0,0,0,1,0,0,35,0,0,6,7,6,12.5,0,0,6,6,6,12.16666667,0,15.5,2.8,-4.06,Graduate,1.0,1.1666666666666667,0.0,0.625,-39.0,0,0,0,1
1439,1,18,1,9670,1,1,133.0,1,1,1,9,9,121.5,1,0,0,1,0,1,19,0,0,6,7,6,13.0,0,0,6,6,6,14.33333333,0,12.4,0.5,1.79,Graduate,1.0,1.1666666666666667,0.0,0.65,-11.5,0,0,0,0
1440,1,1,1,9085,1,1,138.0,1,38,37,9,6,126.8,1,0,0,1,1,0,18,0,0,5,6,4,11.75,0,0,5,10,5,12.57142857,1,10.8,1.4,1.74,Graduate,0.8,1.2,0.0,0.47000000000000003,-11.200000000000003,0,0,0,0
1441,1,1,5,9670,1,1,142.0,1,19,19,7,3,132.9,0,0,0,1,1,0,19,0,0,5,5,4,12.5,0,0,5,5,4,14.25,0,7.6,2.6,0.32,Graduate,0.8,1.0,0.0,0.5,-9.099999999999994,0,0,0,0
1442,1,1,1,171,1,1,115.0,1,1,1,9,9,134.3,1,0,0,1,1,0,25,0,16,17,19,17,11.61111111,0,14,17,22,17,12.05555556,0,12.4,0.5,1.79,Graduate,1.0,1.1176470588235294,0.0,0.5805555554999999,19.30000000000001,0,0,0,1
1443,1,17,6,9254,1,1,125.0,1,1,1,4,3,120.5,1,0,0,1,1,0,18,0,0,6,6,6,14.0,0,0,6,6,6,14.66666667,0,11.1,0.6,2.02,Graduate,1.0,1.0,0.0,0.7,-4.5,0,0,0,0
1444,1,17,1,9003,1,1,170.0,1,1,4,9,5,144.1,1,0,1,0,1,0,26,0,0,6,8,0,0.0,0,0,6,10,0,0.0,0,16.2,0.3,-0.92,Dropout,0.0,1.3333333333333333,0.0,0.0,-25.900000000000006,0,0,1,1
1445,1,43,1,9991,0,1,140.0,1,1,1,6,6,100.0,0,0,0,1,1,0,34,0,0,5,5,5,13.8,0,0,5,6,5,13.83333333,0,9.4,-0.8,-3.12,Graduate,1.0,1.0,0.0,0.6900000000000001,-40.0,0,0,0,1
1446,1,1,2,9254,1,1,110.0,1,4,19,4,3,114.8,1,0,0,0,1,0,18,0,0,5,6,0,0.0,0,0,5,5,0,0.0,0,12.7,3.7,-1.7,Dropout,0.0,1.2,0.0,0.0,4.799999999999997,0,0,1,0
1447,1,1,1,171,1,1,114.0,1,3,29,3,5,111.9,0,0,0,0,1,0,18,0,0,0,0,0,0.0,0,0,0,0,0,0.0,0,9.4,-0.8,-3.12,Dropout,0.0,0.0,0.0,0.0,-2.0999999999999943,1,0,1,0
1448,1,17,3,9119,1,1,138.0,1,1,19,4,3,125.4,1,0,0,1,1,1,18,0,0,5,9,4,12.25,0,0,5,9,3,12.33333333,0,8.9,1.4,3.51,Dropout,0.8,1.8,0.0,0.49000000000000005,-12.599999999999994,0,0,0,0
1449,1,44,1,9003,1,39,140.0,1,37,37,9,4,140.0,0,0,0,1,1,0,20,0,0,6,12,3,11.5,0,0,6,12,3,13.66666667,0,12.4,0.5,1.79,Dropout,0.5,2.0,0.0,0.2875,0.0,0,0,0,0
1450,1,44,1,9070,1,39,140.0,1,1,19,4,4,140.0,0,0,0,1,1,0,25,0,2,7,9,6,12.57142857,0,5,9,9,9,12.55555556,0,16.2,0.3,-0.92,Graduate,0.8571428571428571,1.2857142857142858,0.0,0.5387755101428572,0.0,0,0,0,1
1451,1,17,1,9130,1,1,132.0,1,2,1,4,1,127.8,0,0,0,1,1,0,18,0,0,6,9,6,12.0,0,0,6,10,5,12.16666667,0,11.1,0.6,2.02,Dropout,1.0,1.5,0.0,0.6,-4.200000000000003,0,0,0,0
1452,1,1,1,9003,1,1,148.0,1,19,37,9,9,131.6,1,0,0,1,1,0,19,0,8,12,17,11,12.0,2,4,12,21,12,12.30769231,0,15.5,2.8,-4.06,Graduate,0.9166666666666666,1.4166666666666667,0.16666666666666666,0.5499999999999999,-16.400000000000006,0,0,0,0
1453,1,1,1,171,1,1,132.0,1,1,1,4,1,119.4,1,0,0,1,1,0,20,0,0,0,0,0,0.0,0,0,0,0,0,0.0,0,10.8,1.4,1.74,Dropout,0.0,0.0,0.0,0.0,-12.599999999999994,1,0,0,0
1454,1,18,2,9238,1,1,126.0,1,19,37,5,7,129.9,1,0,0,1,1,1,20,0,1,7,9,6,12.0,0,2,6,6,6,11.16666667,0,10.8,1.4,1.74,Graduate,0.8571428571428571,1.2857142857142858,0.0,0.5142857142857142,3.9000000000000057,0,0,0,0
1455,1,1,1,9119,1,1,121.0,1,3,1,2,3,114.0,0,0,0,1,1,0,20,0,0,5,9,4,11.6,0,0,5,7,4,12.25,2,7.6,2.6,0.32,Enrolled,0.8,1.8,0.0,0.46399999999999997,-7.0,0,0,0,0
1456,1,1,2,9147,1,1,120.0,1,1,37,4,9,113.4,1,0,0,1,1,1,19,0,0,5,5,0,0.0,0,0,5,5,0,0.0,0,11.1,0.6,2.02,Dropout,0.0,1.0,0.0,0.0,-6.599999999999994,0,0,0,0
1457,1,1,1,9147,1,1,123.0,1,1,19,4,5,117.8,0,0,0,1,1,0,20,0,0,5,9,5,12.0,0,0,5,9,4,13.0,0,8.9,1.4,3.51,Enrolled,1.0,1.8,0.0,0.6,-5.200000000000003,0,0,0,0
1458,1,1,6,9500,1,1,122.0,1,1,1,3,7,114.3,1,0,0,1,1,0,18,0,0,7,8,6,13.97666667,0,0,8,12,6,12.04166667,1,11.1,0.6,2.02,Enrolled,0.8571428571428571,1.1428571428571428,0.0,0.5990000001428571,-7.700000000000003,0,0,0,0
1459,1,1,1,9670,1,1,136.0,1,2,38,143,163,129.7,1,0,0,1,1,0,19,0,0,6,10,4,12.5,0,0,6,12,1,10.0,3,16.2,0.3,-0.92,Enrolled,0.6666666666666666,1.6666666666666667,0.0,0.41666666666666663,-6.300000000000011,0,0,0,0
1460,1,18,1,9147,1,1,119.0,1,37,37,7,7,112.0,1,0,0,0,1,0,20,0,0,5,5,0,0.0,0,0,5,0,0,0.0,0,9.4,-0.8,-3.12,Dropout,0.0,1.0,0.0,0.0,-7.0,0,0,1,0
1461,1,39,1,9670,1,1,120.0,1,38,37,7,7,140.0,0,0,0,1,1,0,24,0,0,6,15,4,10.5,0,0,6,16,4,12.5,0,15.5,2.8,-4.06,Dropout,0.6666666666666666,2.5,0.0,0.35,20.0,0,0,0,0
1462,1,44,1,9003,1,39,150.0,1,38,38,9,8,150.0,1,0,0,1,1,0,20,0,0,6,8,5,12.85714286,0,0,6,11,6,12.3,0,16.2,0.3,-0.92,Graduate,0.8333333333333334,1.3333333333333333,0.0,0.5357142858333334,0.0,0,0,0,0
1463,1,1,3,9670,1,1,121.0,1,3,19,2,8,122.4,1,0,0,1,1,0,19,0,0,5,7,3,11.66666667,0,0,5,5,4,12.0,0,9.4,-0.8,-3.12,Enrolled,0.6,1.4,0.0,0.35000000009999993,1.4000000000000057,0,0,0,0
1464,1,51,1,9119,1,1,140.0,1,1,19,4,4,150.0,0,0,0,1,1,0,23,0,0,5,7,2,13.0,0,0,5,11,1,10.0,0,8.9,1.4,3.51,Dropout,0.4,1.4,0.0,0.26,10.0,0,0,0,0
1465,1,17,2,9254,1,1,135.0,1,19,19,4,3,135.0,1,0,0,1,1,0,20,0,0,6,8,6,11.83333333,0,0,6,9,5,10.4,0,7.6,2.6,0.32,Enrolled,1.0,1.3333333333333333,0.0,0.5916666665,0.0,0,0,0,0
1466,1,43,4,8014,0,1,116.0,1,34,34,0,0,116.2,0,0,0,1,1,0,21,0,9,11,11,11,12.45454545,0,3,11,17,8,12.75,0,9.4,-0.8,-3.12,Graduate,1.0,1.0,0.0,0.6227272724999999,0.20000000000000284,0,0,0,0
1467,1,17,2,9119,1,1,120.0,1,10,12,9,9,120.4,1,0,0,1,1,0,20,0,0,5,6,3,11.0,0,0,5,6,0,0.0,0,10.8,1.4,1.74,Dropout,0.6,1.2,0.0,0.33,0.4000000000000057,0,0,0,0
1468,2,17,5,9119,1,1,126.0,1,37,38,4,4,122.9,1,0,0,1,1,0,21,0,0,5,10,4,13.2,0,0,5,7,4,14.25,2,7.6,2.6,0.32,Enrolled,0.8,2.0,0.0,0.5279999999999999,-3.0999999999999943,0,0,0,0
1469,1,1,1,9773,1,1,170.0,1,1,19,9,7,155.0,0,0,0,1,1,1,18,0,0,6,6,6,15.5,0,0,6,6,6,14.16666667,0,11.1,0.6,2.02,Graduate,1.0,1.0,0.0,0.775,-15.0,0,0,0,0
1470,1,1,3,9254,1,1,123.0,1,1,1,4,3,123.4,1,0,0,1,1,0,18,0,0,6,8,6,12.33333333,0,0,6,6,6,13.66666667,0,11.1,0.6,2.02,Graduate,1.0,1.3333333333333333,0.0,0.6166666665,0.4000000000000057,0,0,0,0
1471,1,17,1,9147,1,1,120.0,1,3,38,3,7,124.2,1,0,0,1,1,0,18,0,0,5,13,5,12.0,0,0,5,9,4,11.4,0,13.9,-0.3,0.79,Enrolled,1.0,2.6,0.0,0.6,4.200000000000003,0,0,0,0
1472,1,44,1,9003,1,39,130.0,1,3,3,7,1,130.0,1,0,0,1,1,0,20,0,0,6,12,4,11.6,0,0,6,11,5,11.5,0,15.5,2.8,-4.06,Enrolled,0.6666666666666666,2.0,0.0,0.3866666666666666,0.0,0,0,0,0
1473,1,17,1,9773,1,1,130.0,1,19,38,4,9,126.2,0,0,0,1,1,1,18,0,0,6,7,6,11.33333333,0,0,6,8,6,12.28571429,0,16.2,0.3,-0.92,Graduate,1.0,1.1666666666666667,0.0,0.5666666665,-3.799999999999997,0,0,0,0
1474,1,17,1,9773,1,1,117.0,1,37,37,0,4,120.5,1,0,0,1,1,0,19,0,0,6,12,0,0.0,1,0,6,0,0,0.0,0,9.4,-0.8,-3.12,Dropout,0.0,2.0,0.16666666666666666,0.0,3.5,0,0,0,0
1475,1,17,1,9119,1,1,131.0,1,1,3,9,10,123.7,1,0,0,1,1,0,20,0,0,5,7,4,12.0,0,0,5,8,2,12.5,0,10.8,1.4,1.74,Enrolled,0.8,1.4,0.0,0.48,-7.299999999999997,0,0,0,0
1476,1,17,1,9130,1,1,130.0,1,19,38,4,7,122.5,0,0,0,1,1,0,19,0,0,5,11,4,12.0,1,0,5,9,5,12.6,0,9.4,-0.8,-3.12,Graduate,0.8,2.2,0.2,0.48,-7.5,0,0,0,0
1477,1,39,1,9991,0,1,133.0,1,37,37,9,5,139.2,1,0,1,1,1,0,33,0,0,5,11,2,12.5,0,0,5,9,2,11.5,1,12.7,3.7,-1.7,Dropout,0.4,2.2,0.0,0.25,6.199999999999989,0,0,1,1
1478,1,51,1,171,1,1,128.0,1,2,1,3,3,131.2,1,0,0,1,1,0,21,0,6,12,12,12,13.66666667,0,4,11,16,11,13.0,0,8.9,1.4,3.51,Graduate,1.0,1.0,0.0,0.6833333335,3.1999999999999886,0,0,0,0
1479,2,39,1,9003,1,1,133.1,1,1,19,4,4,120.0,0,0,1,0,1,0,25,0,0,6,17,2,14.5,2,0,6,13,0,0.0,1,15.5,2.8,-4.06,Dropout,0.3333333333333333,2.8333333333333335,0.3333333333333333,0.24166666666666664,-13.099999999999994,0,0,1,1
1480,1,1,1,9085,1,1,123.0,1,1,1,4,9,116.7,1,0,0,1,1,1,20,0,0,6,10,4,13.2,0,0,6,8,0,0.0,0,12.4,0.5,1.79,Dropout,0.6666666666666666,1.6666666666666667,0.0,0.43999999999999995,-6.299999999999997,0,0,0,0
1481,1,53,1,9085,1,42,150.0,1,1,1,9,4,150.0,1,0,0,1,1,1,22,0,1,7,11,5,12.16666667,0,4,8,14,5,14.8,0,8.9,1.4,3.51,Dropout,0.7142857142857143,1.5714285714285714,0.0,0.43452380964285714,0.0,0,0,0,0
1482,4,39,1,9773,1,19,133.1,1,37,37,9,1,117.5,0,0,0,1,0,0,39,0,0,6,10,4,11.25,0,0,6,6,6,11.33333333,0,10.8,1.4,1.74,Graduate,0.6666666666666666,1.6666666666666667,0.0,0.375,-15.599999999999994,0,0,0,1
1483,1,1,2,9670,1,1,140.0,1,3,1,2,6,137.6,1,0,0,1,1,1,21,0,0,6,8,6,15.16666667,0,0,6,7,6,14.42857143,0,8.9,1.4,3.51,Graduate,1.0,1.3333333333333333,0.0,0.7583333335,-2.4000000000000057,0,0,0,0
1484,1,17,1,9254,1,1,126.0,1,1,1,9,9,124.3,0,0,0,1,0,1,19,0,0,6,8,6,11.16666667,0,0,6,7,4,13.4,0,16.2,0.3,-0.92,Graduate,1.0,1.3333333333333333,0.0,0.5583333335,-1.7000000000000028,0,0,0,0
1485,1,39,1,9500,1,19,133.1,1,37,37,9,7,116.0,0,0,0,1,0,1,26,0,0,7,8,6,10.98333333,0,0,7,8,6,10.98333333,0,7.6,2.6,0.32,Graduate,0.8571428571428571,1.1428571428571428,0.0,0.4707142855714286,-17.099999999999994,0,0,0,1
1486,1,18,2,9238,1,1,121.0,1,19,1,4,3,121.4,1,0,0,1,0,1,19,0,0,6,8,4,10.75,0,0,6,11,5,11.5,0,15.5,2.8,-4.06,Graduate,0.6666666666666666,1.3333333333333333,0.0,0.3583333333333333,0.4000000000000057,0,0,0,0
1487,1,53,1,9085,1,42,140.0,1,1,3,4,2,142.8,1,0,0,0,0,1,20,0,7,12,15,11,13.38461538,0,4,9,13,7,14.28571429,0,8.9,1.4,3.51,Graduate,0.9166666666666666,1.25,0.0,0.6134615382499999,2.8000000000000114,0,0,1,0
1488,1,17,1,9670,1,1,133.1,1,1,37,4,9,96.0,1,0,0,1,0,1,25,0,0,6,8,6,11.28571429,0,0,6,10,5,12.2,0,15.5,2.8,-4.06,Enrolled,1.0,1.3333333333333333,0.0,0.5642857145,-37.099999999999994,0,0,0,1
1489,1,43,1,8014,0,1,131.0,1,19,37,8,5,125.0,0,0,0,1,1,0,24,0,0,6,13,0,0.0,3,0,6,6,0,0.0,0,16.2,0.3,-0.92,Dropout,0.0,2.1666666666666665,0.5,0.0,-6.0,0,0,0,0
1490,1,17,6,9119,1,1,124.0,1,19,19,4,0,126.1,1,0,0,1,1,0,20,0,0,5,7,4,13.0,0,0,5,9,5,14.83333333,3,7.6,2.6,0.32,Graduate,0.8,1.4,0.0,0.52,2.0999999999999943,0,0,0,0
1491,2,39,1,9003,1,1,120.0,1,37,37,9,9,155.8,0,0,0,1,1,0,29,0,0,6,9,6,16.11111111,0,0,6,7,6,13.5,0,13.9,-0.3,0.79,Graduate,1.0,1.5,0.0,0.8055555555,35.80000000000001,0,0,0,1
1492,1,1,1,9773,1,1,133.1,1,1,3,9,9,116.0,0,0,0,1,1,0,20,0,0,6,8,6,11.5,0,0,6,8,6,11.0,0,16.2,0.3,-0.92,Graduate,1.0,1.3333333333333333,0.0,0.575,-17.099999999999994,0,0,0,0
1493,1,44,1,9130,1,39,110.0,1,3,4,2,2,110.0,1,0,0,1,1,0,20,0,0,6,15,4,10.75,0,0,6,12,2,10.5,0,13.9,-0.3,0.79,Dropout,0.6666666666666666,2.5,0.0,0.3583333333333333,0.0,0,0,0,0
1494,1,39,1,9670,1,19,133.1,1,19,1,5,8,97.2,1,0,0,1,1,1,24,0,0,6,10,4,11.6,0,0,6,8,5,13.0,0,11.1,0.6,2.02,Graduate,0.6666666666666666,1.6666666666666667,0.0,0.3866666666666666,-35.89999999999999,0,0,0,0
1495,1,39,1,9500,1,19,133.1,1,1,3,2,2,100.0,0,0,1,1,1,0,24,0,0,7,21,0,0.0,3,0,7,7,0,0.0,0,16.2,0.3,-0.92,Dropout,0.0,3.0,0.42857142857142855,0.0,-33.099999999999994,0,0,1,0
1496,1,7,1,9119,1,40,140.0,1,3,1,2,5,140.0,0,0,0,1,1,0,23,0,0,5,5,5,13.8,0,0,5,7,5,14.14285714,0,11.1,0.6,2.02,Graduate,1.0,1.0,0.0,0.6900000000000001,0.0,0,0,0,0
1497,1,43,1,9556,1,1,130.0,1,1,37,5,5,128.0,1,0,0,1,1,0,20,0,0,7,8,7,13.58571429,0,0,8,8,8,14.6875,0,15.5,2.8,-4.06,Graduate,1.0,1.1428571428571428,0.0,0.6792857145,-2.0,0,0,0,0
1498,1,17,2,9670,1,1,110.0,1,1,1,4,10,115.3,1,0,0,1,1,0,19,0,0,6,8,6,13.85714286,0,0,6,8,5,13.0,0,15.5,2.8,-4.06,Graduate,1.0,1.3333333333333333,0.0,0.692857143,5.299999999999997,0,0,0,0
1499,4,39,1,9003,1,1,140.0,1,37,37,9,8,150.0,0,0,0,1,1,0,28,0,0,6,12,5,12.0,0,0,6,10,6,12.33333333,0,11.1,0.6,2.02,Enrolled,0.8333333333333334,2.0,0.0,0.5,10.0,0,0,0,1
1500,1,44,1,9003,1,39,160.0,1,1,38,4,4,160.0,1,0,0,1,1,1,20,0,0,6,9,6,13.44444444,0,0,6,9,5,12.6,0,13.9,-0.3,0.79,Graduate,1.0,1.5,0.0,0.672222222,0.0,0,0,0,0
1501,1,1,1,9070,1,1,138.0,1,38,37,3,3,133.1,0,0,0,1,1,0,18,0,0,6,6,6,14.0,0,0,6,7,6,13.85714286,0,8.9,1.4,3.51,Graduate,1.0,1.0,0.0,0.7,-4.900000000000006,0,0,0,0
1502,1,1,1,9670,1,1,126.0,1,1,1,90,90,119.0,1,0,1,1,1,0,20,0,0,6,10,1,12.0,1,0,6,0,0,0.0,0,10.8,1.4,1.74,Dropout,0.16666666666666666,1.6666666666666667,0.16666666666666666,0.09999999999999999,-7.0,0,0,1,0
1503,2,39,1,9991,0,1,120.0,1,37,19,5,3,156.0,1,0,0,1,1,0,33,0,0,5,5,5,14.2,0,0,5,6,5,13.83333333,0,10.8,1.4,1.74,Graduate,1.0,1.0,0.0,0.71,36.0,0,0,0,1
1504,2,39,1,9500,1,1,130.0,1,37,37,191,183,163.7,0,0,0,1,0,0,35,0,0,7,11,5,13.34,0,0,7,9,5,10.84,0,12.4,0.5,1.79,Enrolled,0.7142857142857143,1.5714285714285714,0.0,0.4764285714285715,33.69999999999999,0,0,0,1
1505,1,39,1,9500,1,40,130.0,1,37,37,9,7,130.0,0,0,0,1,0,0,27,0,3,8,12,7,12.45714286,0,3,8,12,7,12.45714286,0,12.7,3.7,-1.7,Enrolled,0.875,1.5,0.0,0.5450000001249999,0.0,0,0,0,1
1506,1,17,5,9773,1,1,122.0,1,38,38,7,7,123.1,1,0,0,0,0,0,19,0,0,6,12,3,11.0,0,0,6,12,3,12.0,0,9.4,-0.8,-3.12,Dropout,0.5,2.0,0.0,0.275,1.0999999999999943,0,0,1,0
1507,1,39,1,9991,0,1,160.0,41,37,19,9,9,160.0,0,0,0,1,0,1,31,1,0,5,13,4,10.5,0,0,5,10,4,10.5,0,15.5,2.8,-4.06,Enrolled,0.8,2.6,0.0,0.42000000000000004,0.0,0,0,0,1
1508,1,1,1,171,1,1,134.0,1,19,37,7,7,136.1,1,0,0,1,1,0,19,0,0,0,0,0,0.0,0,0,0,0,0,0.0,0,9.4,-0.8,-3.12,Graduate,0.0,0.0,0.0,0.0,2.0999999999999943,1,0,0,0
1509,1,43,1,9070,1,1,134.0,1,19,37,7,7,132.7,1,0,0,1,1,0,22,0,9,13,13,13,14.0,0,7,12,13,12,13.0,0,15.5,2.8,-4.06,Graduate,1.0,1.0,0.0,0.7,-1.3000000000000114,0,0,0,0
1510,1,43,1,9500,1,1,140.0,100,1,1,6,6,128.2,0,0,0,1,0,0,39,1,0,7,0,0,0.0,0,0,8,0,0,0.0,0,12.7,3.7,-1.7,Dropout,0.0,0.0,0.0,0.0,-11.800000000000011,0,0,0,1
1511,1,17,1,9254,1,1,127.0,1,1,1,4,8,126.7,1,0,0,0,1,0,22,0,0,1,1,0,0.0,0,0,6,0,0,0.0,0,12.4,0.5,1.79,Dropout,0.0,1.0,0.0,0.0,-0.29999999999999716,0,0,1,0
1512,2,39,1,9991,0,1,133.1,1,37,19,9,10,150.0,0,0,0,1,1,0,47,0,0,5,8,4,10.0,0,0,5,8,4,12.5,0,9.4,-0.8,-3.12,Enrolled,0.8,1.6,0.0,0.4,16.900000000000006,0,0,0,1
1513,1,17,1,171,1,1,143.0,1,19,37,5,9,156.3,1,0,0,1,1,1,19,0,0,0,0,0,0.0,0,0,0,0,0,0.0,0,11.1,0.6,2.02,Graduate,0.0,0.0,0.0,0.0,13.300000000000011,1,0,0,0
1514,1,10,1,9254,1,1,115.0,24,3,1,9,9,116.1,1,0,0,1,0,0,19,1,0,6,6,6,13.5,0,0,6,6,6,14.33333333,0,12.4,0.5,1.79,Graduate,1.0,1.0,0.0,0.675,1.0999999999999943,0,0,0,0
1515,1,17,1,9500,1,1,131.0,1,19,37,9,9,123.8,1,0,0,1,0,0,19,0,0,7,0,0,0.0,0,0,8,0,0,0.0,0,15.5,2.8,-4.06,Dropout,0.0,0.0,0.0,0.0,-7.200000000000003,0,0,0,0
1516,1,1,1,171,1,1,146.0,1,19,37,9,7,153.0,1,0,0,1,0,1,21,0,15,17,18,17,13.38888889,0,15,17,18,17,14.88888889,0,11.1,0.6,2.02,Graduate,1.0,1.0588235294117647,0.0,0.6694444445000001,7.0,0,0,0,0
1517,1,7,1,9500,1,5,140.0,1,19,1,4,1,140.0,1,0,0,0,0,0,39,0,0,7,0,0,0.0,0,0,8,0,0,0.0,0,12.4,0.5,1.79,Dropout,0.0,0.0,0.0,0.0,0.0,0,0,1,1
1518,1,17,1,171,1,1,135.0,1,19,1,4,1,131.9,1,0,0,1,1,0,19,0,6,12,12,12,13.58333333,0,4,11,12,11,13.58333333,0,8.9,1.4,3.51,Graduate,1.0,1.0,0.0,0.6791666665,-3.0999999999999943,0,0,0,0
1519,1,1,1,171,1,1,133.0,1,37,19,9,8,141.4,0,0,0,1,1,1,20,0,0,0,0,0,0.0,0,0,0,0,0,0.0,0,13.9,-0.3,0.79,Enrolled,0.0,0.0,0.0,0.0,8.400000000000006,1,0,0,0
1520,1,39,1,9147,1,12,133.1,1,1,1,9,4,140.0,1,0,1,0,1,0,24,0,0,5,5,0,0.0,0,0,5,5,0,0.0,0,12.7,3.7,-1.7,Dropout,0.0,1.0,0.0,0.0,6.900000000000006,0,0,1,0
1521,1,39,1,9991,0,1,120.0,1,19,19,9,9,115.0,1,0,0,1,1,0,27,0,0,5,9,1,10.0,0,0,5,5,0,0.0,0,12.7,3.7,-1.7,Dropout,0.2,1.8,0.0,0.1,-5.0,0,0,0,1
1522,2,39,1,9991,0,1,133.1,1,37,37,9,9,168.0,0,0,0,1,1,0,29,0,0,5,5,5,15.2,0,0,5,5,5,15.2,0,11.1,0.6,2.02,Graduate,1.0,1.0,0.0,0.76,34.900000000000006,0,0,0,1
1523,1,17,1,9085,1,1,130.0,1,19,1,9,4,101.3,1,0,0,1,1,0,20,0,0,6,12,4,12.8,0,0,6,17,0,0.0,0,12.4,0.5,1.79,Dropout,0.6666666666666666,2.0,0.0,0.42666666666666664,-28.700000000000003,0,0,0,0
1524,1,1,1,9670,1,1,125.0,1,19,1,7,4,122.6,0,0,0,1,1,0,21,0,0,5,7,5,11.16666667,0,0,5,5,4,11.0,0,9.4,-0.8,-3.12,Dropout,1.0,1.4,0.0,0.5583333335,-2.4000000000000057,0,0,0,0
1525,1,1,1,171,1,1,134.0,1,3,2,2,2,141.7,1,0,0,1,1,0,18,0,0,0,0,0,0.0,0,0,0,0,0,0.0,0,7.6,2.6,0.32,Enrolled,0.0,0.0,0.0,0.0,7.699999999999989,1,0,0,0
1526,1,1,1,9500,1,1,151.0,1,1,1,4,3,132.3,0,0,0,1,1,0,19,0,0,8,9,7,12.82857143,0,0,8,9,7,12.82857143,0,12.7,3.7,-1.7,Graduate,0.875,1.125,0.0,0.5612500000625,-18.69999999999999,0,0,0,0
1527,1,17,1,9773,1,1,112.0,1,1,1,5,1,111.7,0,0,1,0,1,0,19,0,0,6,6,6,12.5,0,0,6,10,4,12.6,0,15.5,2.8,-4.06,Dropout,1.0,1.0,0.0,0.625,-0.29999999999999716,0,0,1,0
1528,1,39,1,9119,1,1,120.0,1,37,37,9,9,98.7,0,0,0,1,1,1,28,0,0,5,12,3,10.0,0,0,5,10,3,12.4,0,12.4,0.5,1.79,Graduate,0.6,2.4,0.0,0.3,-21.299999999999997,0,0,0,1
1529,1,15,1,9254,1,1,140.0,26,19,1,9,7,140.0,1,0,0,0,0,0,21,1,0,6,6,6,11.5,0,0,6,10,4,13.25,0,13.9,-0.3,0.79,Graduate,1.0,1.0,0.0,0.575,0.0,0,0,1,0
1530,1,10,1,9500,1,1,140.0,24,3,3,2,9,140.0,1,0,1,0,0,0,23,1,0,8,11,7,11.32857143,0,0,8,11,7,11.32857143,0,12.7,3.7,-1.7,Dropout,0.875,1.375,0.0,0.49562500006250004,0.0,0,0,1,0
1531,4,39,1,9003,1,1,133.1,1,19,19,9,4,100.7,0,0,0,1,0,0,39,0,0,6,15,2,13.0,2,0,6,13,3,13.0,1,15.5,2.8,-4.06,Enrolled,0.3333333333333333,2.5,0.3333333333333333,0.21666666666666667,-32.39999999999999,0,0,0,1
1532,1,17,3,9500,1,1,143.0,1,38,1,9,5,133.8,1,0,0,1,0,0,18,0,0,7,7,6,13.03333333,0,0,7,7,6,13.03333333,0,7.6,2.6,0.32,Graduate,0.8571428571428571,1.0,0.0,0.5585714284285713,-9.199999999999989,0,0,0,0
1533,2,15,1,9773,1,1,133.1,41,37,37,9,6,100.0,0,0,0,1,0,0,59,1,0,6,8,6,12.16666667,0,0,6,7,4,11.75,0,11.1,0.6,2.02,Graduate,1.0,1.3333333333333333,0.0,0.6083333335,-33.099999999999994,0,0,0,1
1534,1,7,1,9119,1,4,180.0,1,4,3,2,7,180.0,0,0,1,1,1,0,30,0,0,5,6,4,14.5,0,0,5,10,3,16.2,0,13.9,-0.3,0.79,Enrolled,0.8,1.2,0.0,0.58,0.0,0,0,1,1
1535,1,1,1,9085,1,1,136.0,1,1,38,9,9,130.8,1,0,0,1,0,0,18,0,0,5,7,5,14.4,1,0,5,5,5,13.6,0,12.7,3.7,-1.7,Graduate,1.0,1.4,0.2,0.72,-5.199999999999989,0,0,0,0
1536,2,44,1,9991,0,39,140.0,1,37,37,9,9,140.0,0,0,0,1,0,0,41,0,2,6,10,4,12.25,0,3,7,9,6,12.5,0,9.4,-0.8,-3.12,Enrolled,0.6666666666666666,1.6666666666666667,0.0,0.4083333333333333,0.0,0,0,0,1
1537,1,39,1,9500,1,1,130.0,1,37,19,9,8,106.2,1,0,0,1,0,0,27,0,0,7,14,0,0.0,0,0,7,14,0,0.0,0,11.1,0.6,2.02,Dropout,0.0,2.0,0.0,0.0,-23.799999999999997,0,0,0,1
1538,1,1,1,9238,1,1,141.0,1,38,19,9,10,125.6,1,0,0,1,0,1,18,0,0,6,6,6,12.66666667,0,0,6,6,6,12.0,0,9.4,-0.8,-3.12,Graduate,1.0,1.0,0.0,0.6333333335,-15.400000000000006,0,0,0,0
1539,1,18,5,9853,1,1,121.0,1,38,19,7,7,117.5,1,0,1,0,0,0,20,0,0,6,14,2,12.0,0,0,6,14,3,11.66666667,0,10.8,1.4,1.74,Dropout,0.3333333333333333,2.3333333333333335,0.0,0.19999999999999998,-3.5,0,0,1,0
1540,2,39,1,9119,1,3,120.0,1,37,37,4,7,122.5,0,0,0,0,0,0,32,0,0,5,6,0,0.0,0,0,5,5,0,0.0,0,12.7,3.7,-1.7,Dropout,0.0,1.2,0.0,0.0,2.5,0,0,1,1
1541,1,17,1,9147,1,1,129.0,1,38,37,3,5,132.9,1,0,0,1,0,0,19,0,0,5,5,3,11.66666667,0,0,5,10,4,10.8,0,9.4,-0.8,-3.12,Dropout,0.6,1.0,0.0,0.35000000009999993,3.9000000000000057,0,0,0,0
1542,2,39,1,9853,1,12,133.1,1,37,37,7,8,103.0,0,0,0,1,0,0,41,0,0,6,0,0,0.0,0,0,6,0,0,0.0,0,16.2,0.3,-0.92,Dropout,0.0,0.0,0.0,0.0,-30.099999999999994,0,0,0,1
1543,4,17,5,8014,0,1,100.0,1,19,19,90,90,107.0,0,0,0,1,0,0,38,0,0,5,12,1,10.0,0,0,5,10,0,0.0,0,10.8,1.4,1.74,Dropout,0.2,2.4,0.0,0.1,7.0,0,0,0,1
1544,1,7,1,9130,1,2,133.1,6,42,1,4,9,100.0,0,0,0,1,1,0,35,1,0,7,8,0,0.0,1,0,6,9,0,0.0,0,8.9,1.4,3.51,Dropout,0.0,1.1428571428571428,0.14285714285714285,0.0,-33.099999999999994,0,0,0,1
1545,1,39,1,8014,0,1,133.1,1,34,34,0,0,100.0,1,0,0,1,0,0,27,0,0,6,11,4,12.25,0,0,6,16,3,12.0,0,7.6,2.6,0.32,Dropout,0.6666666666666666,1.8333333333333333,0.0,0.4083333333333333,-33.099999999999994,0,0,0,1
1546,1,17,1,9070,1,1,139.0,1,1,37,4,9,131.3,1,0,0,1,0,0,19,0,0,6,10,4,12.0,1,0,6,6,6,12.5,0,7.6,2.6,0.32,Graduate,0.6666666666666666,1.6666666666666667,0.16666666666666666,0.39999999999999997,-7.699999999999989,0,0,0,0
1547,1,18,1,9773,1,1,125.0,1,19,37,9,5,122.2,0,0,0,0,0,0,18,0,0,6,7,5,12.6,0,0,6,6,5,11.8,0,11.1,0.6,2.02,Enrolled,0.8333333333333334,1.1666666666666667,0.0,0.525,-2.799999999999997,0,0,1,0
1548,2,39,1,9991,0,9,133.1,1,34,34,0,0,118.4,0,0,0,0,0,0,39,0,0,5,5,0,0.0,0,0,5,5,0,0.0,0,7.6,2.6,0.32,Dropout,0.0,1.0,0.0,0.0,-14.699999999999989,0,0,1,1
1549,2,7,1,9254,1,2,100.0,1,37,37,9,9,100.0,0,0,0,0,0,0,37,0,0,5,5,0,0.0,0,0,5,10,0,0.0,0,10.8,1.4,1.74,Dropout,0.0,1.0,0.0,0.0,0.0,0,0,1,1
1550,5,39,1,9500,1,1,110.0,1,38,38,9,9,110.0,0,0,0,0,0,0,37,0,0,8,8,0,0.0,1,0,8,8,0,0.0,1,12.7,3.7,-1.7,Dropout,0.0,1.0,0.125,0.0,0.0,0,0,1,1
1551,2,43,1,8014,0,1,133.1,1,34,34,0,0,100.0,0,0,0,1,0,1,35,0,11,16,16,16,12.6875,0,11,13,13,13,12.0,0,9.4,-0.8,-3.12,Graduate,1.0,1.0,0.0,0.634375,-33.099999999999994,0,0,0,1
1552,1,43,1,9147,1,1,123.0,1,37,37,9,9,106.2,0,0,0,1,0,0,49,0,9,13,22,10,10.4,0,4,9,18,6,10.66666667,0,12.7,3.7,-1.7,Graduate,0.7692307692307693,1.6923076923076923,0.0,0.4,-16.799999999999997,0,0,0,1
1553,1,7,1,9147,1,40,110.0,1,37,37,9,9,110.0,0,0,0,1,0,0,52,0,11,15,26,14,10.46666667,0,9,12,16,12,10.92307692,0,13.9,-0.3,0.79,Graduate,0.9333333333333333,1.7333333333333334,0.0,0.4884444446,0.0,0,0,0,1
1554,1,1,2,9085,1,1,130.0,1,1,38,5,5,122.3,1,0,0,1,0,0,18,0,0,5,10,5,14.33333333,2,0,5,8,5,13.0,1,9.4,-0.8,-3.12,Graduate,1.0,2.0,0.4,0.7166666665,-7.700000000000003,0,0,0,0
1555,1,39,1,8014,0,1,133.1,1,37,37,9,9,112.5,0,0,0,1,0,1,30,0,0,7,7,6,14.66666667,1,0,6,7,6,14.33333333,0,10.8,1.4,1.74,Graduate,0.8571428571428571,1.0,0.14285714285714285,0.6285714287142856,-20.599999999999994,0,0,0,1
1556,1,1,2,9500,1,1,97.0,1,1,19,2,7,98.1,1,0,0,1,0,0,21,0,0,7,7,7,12.83571429,0,0,8,8,8,14.23125,0,11.1,0.6,2.02,Graduate,1.0,1.0,0.0,0.6417857145,1.0999999999999943,0,0,0,0
1557,1,1,1,9119,1,1,130.0,1,37,19,9,5,140.2,1,0,0,1,1,0,20,0,0,5,5,0,0.0,0,0,5,0,0,0.0,0,9.4,-0.8,-3.12,Dropout,0.0,1.0,0.0,0.0,10.199999999999989,0,0,0,0
1558,1,17,1,9147,1,1,139.0,1,1,38,6,6,143.6,1,0,1,1,1,0,18,0,0,5,9,0,0.0,0,0,5,5,0,0.0,0,7.6,2.6,0.32,Enrolled,0.0,1.8,0.0,0.0,4.599999999999994,0,0,1,0
1559,1,16,1,171,1,1,150.0,1,37,37,9,9,134.6,1,0,0,1,1,0,19,0,0,0,0,0,0.0,0,0,0,0,0,0.0,0,7.6,2.6,0.32,Dropout,0.0,0.0,0.0,0.0,-15.400000000000006,1,0,0,0
1560,1,1,3,9500,1,1,141.0,1,3,19,2,10,126.8,1,0,0,1,1,0,18,0,0,8,8,8,13.24875,0,0,8,8,8,13.24875,0,9.4,-0.8,-3.12,Graduate,1.0,1.0,0.0,0.6624375,-14.200000000000003,0,0,0,0
1561,1,15,1,33,1,1,133.1,41,2,3,2,4,100.0,0,0,0,1,1,0,20,1,0,7,10,7,12.85714286,0,0,7,7,4,12.75,0,8.9,1.4,3.51,Enrolled,1.0,1.4285714285714286,0.0,0.642857143,-33.099999999999994,0,0,0,0
1562,1,17,1,9130,1,1,137.0,1,38,19,5,7,130.0,1,0,0,1,0,0,21,0,0,6,12,5,13.6,0,0,6,10,4,14.25,0,12.4,0.5,1.79,Enrolled,0.8333333333333334,2.0,0.0,0.5666666666666667,-7.0,0,0,0,0
1563,1,1,4,9147,1,1,116.0,1,1,1,3,4,113.6,1,0,0,1,0,1,22,0,0,5,6,3,14.0,0,0,5,8,5,12.4,0,11.1,0.6,2.02,Graduate,0.6,1.2,0.0,0.42,-2.4000000000000057,0,0,0,0
1564,1,44,1,9130,1,39,140.0,1,19,19,5,5,140.0,1,0,1,0,0,0,20,0,1,6,11,3,12.0,0,0,6,11,2,11.0,0,12.4,0.5,1.79,Enrolled,0.5,1.8333333333333333,0.0,0.3,0.0,0,0,1,0
1565,1,17,4,9085,1,1,106.0,1,37,1,3,9,106.0,0,0,0,1,0,0,20,0,0,6,9,6,13.16666667,0,0,6,8,4,14.0,0,13.9,-0.3,0.79,Enrolled,1.0,1.5,0.0,0.6583333335,0.0,0,0,0,0
1566,1,17,6,9238,1,1,135.0,1,1,19,7,7,126.6,1,0,0,1,0,1,19,0,0,6,8,6,13.625,0,0,6,7,6,12.16666667,0,12.7,3.7,-1.7,Graduate,1.0,1.3333333333333333,0.0,0.68125,-8.400000000000006,0,0,0,0
1567,1,17,5,9500,1,1,144.0,1,19,38,9,5,130.7,1,0,0,1,0,1,18,0,0,7,8,7,14.85,0,0,8,9,8,15.61111111,0,13.9,-0.3,0.79,Graduate,1.0,1.1428571428571428,0.0,0.7424999999999999,-13.300000000000011,0,0,0,0
1568,1,1,2,9147,1,1,108.0,1,1,19,4,4,105.9,1,0,0,1,1,0,21,0,0,5,9,4,10.75,0,0,5,6,5,11.4,0,11.1,0.6,2.02,Graduate,0.8,1.8,0.0,0.43,-2.0999999999999943,0,0,0,0
1569,1,15,1,9556,1,1,137.0,26,19,1,9,4,137.0,0,0,1,1,0,0,19,1,0,7,11,0,0.0,4,0,7,11,2,11.66666667,0,8.9,1.4,3.51,Enrolled,0.0,1.5714285714285714,0.5714285714285714,0.0,0.0,0,0,1,0
1570,1,43,1,9130,1,1,133.1,6,37,37,9,6,100.0,0,0,0,1,0,0,37,1,0,6,0,0,0.0,0,0,6,0,0,0.0,0,13.9,-0.3,0.79,Dropout,0.0,0.0,0.0,0.0,-33.099999999999994,0,0,0,1
1571,2,1,1,8014,0,1,121.0,1,37,37,9,9,114.4,1,0,0,1,0,0,45,0,8,12,14,12,14.0,0,2,7,12,7,13.85714286,0,7.6,2.6,0.32,Enrolled,1.0,1.1666666666666667,0.0,0.7,-6.599999999999994,0,0,0,1
1572,1,39,1,9003,1,19,133.1,1,37,37,9,10,120.0,0,0,1,0,1,0,38,0,0,6,8,0,0.0,0,0,6,10,0,0.0,0,16.2,0.3,-0.92,Dropout,0.0,1.3333333333333333,0.0,0.0,-13.099999999999994,0,0,1,1
1573,6,39,1,9991,0,12,130.0,1,37,37,90,90,119.0,1,0,0,0,1,0,55,0,0,5,5,0,0.0,0,0,5,5,0,0.0,0,7.6,2.6,0.32,Dropout,0.0,1.0,0.0,0.0,-11.0,0,0,1,1
1574,5,39,1,9003,1,1,133.1,1,37,37,9,7,110.0,0,0,1,0,0,0,28,0,0,6,17,5,13.0,0,0,6,11,4,11.75,0,13.9,-0.3,0.79,Dropout,0.8333333333333334,2.8333333333333335,0.0,0.5416666666666667,-23.099999999999994,0,0,1,1
1575,5,7,1,9991,0,2,120.0,1,37,37,6,6,120.0,0,0,0,1,0,0,46,0,6,8,12,8,12.375,0,4,9,11,5,12.4,0,8.9,1.4,3.51,Graduate,1.0,1.5,0.0,0.61875,0.0,0,0,0,1
1576,1,1,4,171,1,1,131.0,1,19,19,4,4,119.8,1,1,0,1,0,0,22,0,0,0,0,0,0.0,0,0,0,0,0,0.0,0,16.2,0.3,-0.92,Graduate,0.0,0.0,0.0,0.0,-11.200000000000003,1,0,0,0
1577,2,39,2,9670,1,19,133.1,1,37,37,9,9,135.6,0,0,0,1,0,0,46,0,0,6,10,5,11.4,0,0,6,9,4,13.75,0,12.4,0.5,1.79,Dropout,0.8333333333333334,1.6666666666666667,0.0,0.4750000000000001,2.5,0,0,0,1
1578,1,39,1,9991,0,1,100.0,1,19,37,5,5,120.7,0,0,0,1,0,0,28,0,0,5,9,4,11.25,0,0,5,7,4,13.0,0,7.6,2.6,0.32,Enrolled,0.8,1.8,0.0,0.45,20.700000000000003,0,0,0,1
1579,1,1,3,9085,1,1,131.0,1,37,19,9,8,136.3,1,0,1,0,0,0,18,0,0,5,7,3,13.0,0,0,5,8,3,12.0,0,7.6,2.6,0.32,Dropout,0.6,1.4,0.0,0.39,5.300000000000011,0,0,1,0
1580,1,16,1,171,1,1,158.0,1,38,37,9,9,164.3,1,0,0,1,1,1,18,0,0,0,0,0,0.0,0,0,0,0,0,0.0,0,10.8,1.4,1.74,Enrolled,0.0,0.0,0.0,0.0,6.300000000000011,1,0,0,0
1581,1,1,1,9773,1,1,146.0,1,37,37,9,7,149.2,1,0,0,1,1,1,21,0,0,6,6,6,13.5,0,0,6,6,6,14.16666667,0,12.7,3.7,-1.7,Graduate,1.0,1.0,0.0,0.675,3.1999999999999886,0,0,0,0
1582,1,16,2,9070,1,1,133.0,1,1,3,4,2,122.5,1,0,0,1,0,0,18,0,0,6,11,1,11.0,1,0,6,11,4,11.0,4,7.6,2.6,0.32,Enrolled,0.16666666666666666,1.8333333333333333,0.16666666666666666,0.09166666666666667,-10.5,0,0,0,0
1583,1,43,1,9991,0,1,120.0,1,19,37,3,9,100.0,0,0,0,1,0,0,34,0,0,5,9,0,0.0,0,0,5,10,1,11.0,0,13.9,-0.3,0.79,Dropout,0.0,1.8,0.0,0.0,-20.0,0,0,0,1
1584,1,17,1,9853,1,1,119.0,1,37,38,9,9,125.0,1,0,0,1,0,1,21,0,0,6,9,5,12.0,0,0,6,8,5,11.2,0,10.8,1.4,1.74,Dropout,0.8333333333333334,1.5,0.0,0.5,6.0,0,0,0,0
1585,1,1,1,9773,1,1,132.0,1,37,19,9,9,131.0,1,0,0,1,0,1,18,0,0,6,8,5,13.0,0,0,6,7,6,13.0,0,15.5,2.8,-4.06,Graduate,0.8333333333333334,1.3333333333333333,0.0,0.5416666666666667,-1.0,0,0,0,0
1586,1,1,1,171,1,1,130.0,1,29,38,9,8,122.0,1,0,0,1,1,0,20,0,0,0,0,0,0.0,0,0,0,0,0,0.0,0,7.6,2.6,0.32,Graduate,0.0,0.0,0.0,0.0,-8.0,1,0,0,0
1587,1,1,1,9147,1,1,132.0,1,38,37,7,7,131.3,1,0,0,1,0,0,18,0,0,5,8,4,12.0,0,0,5,8,4,12.25,0,9.4,-0.8,-3.12,Enrolled,0.8,1.6,0.0,0.48,-0.6999999999999886,0,0,0,0
1588,1,17,2,9119,1,1,133.1,1,1,2,3,3,117.0,1,0,0,1,1,0,21,0,0,5,10,5,11.16666667,0,0,5,10,3,10.8,0,12.4,0.5,1.79,Enrolled,1.0,2.0,0.0,0.5583333335,-16.099999999999994,0,0,0,0
1589,1,17,1,9254,1,1,119.0,1,37,37,5,4,118.0,1,0,0,1,1,0,19,0,0,6,13,2,10.5,0,0,6,11,1,12.0,0,10.8,1.4,1.74,Dropout,0.3333333333333333,2.1666666666666665,0.0,0.175,-1.0,0,0,0,0
1590,1,17,2,8014,0,1,134.0,1,1,19,4,Unknown/not stated,126.0,1,0,0,1,1,0,22,0,0,6,7,6,12.66666667,0,0,6,6,6,12.16666667,0,7.6,2.6,0.32,Graduate,1.0,1.1666666666666667,0.0,0.6333333335,-8.0,0,0,0,0
1591,1,44,1,9003,1,39,120.0,1,1,19,4,7,120.0,0,0,0,1,1,0,23,0,1,6,6,1,11.0,0,0,6,8,0,0.0,0,15.5,2.8,-4.06,Dropout,0.16666666666666666,1.0,0.0,0.09166666666666667,0.0,0,0,0,0
1592,1,17,4,171,1,1,172.0,1,3,1,2,10,155.6,1,0,0,1,1,0,19,0,0,0,0,0,0.0,0,0,0,0,0,0.0,0,9.4,-0.8,-3.12,Dropout,0.0,0.0,0.0,0.0,-16.400000000000006,1,0,0,0
1593,1,1,4,9147,1,1,120.0,1,19,38,5,5,122.8,1,0,0,1,1,0,18,0,0,5,6,4,11.5,0,0,5,12,2,10.33333333,0,10.8,1.4,1.74,Enrolled,0.8,1.2,0.0,0.45999999999999996,2.799999999999997,0,0,0,0
1594,1,1,3,171,1,1,129.0,1,38,37,9,3,127.3,1,0,1,0,1,1,19,0,0,0,0,0,0.0,0,0,0,0,0,0.0,0,9.4,-0.8,-3.12,Dropout,0.0,0.0,0.0,0.0,-1.7000000000000028,1,0,1,0
1595,1,17,1,9147,1,1,118.0,1,1,38,9,9,118.4,1,0,0,1,1,0,19,0,0,5,10,2,10.5,0,0,5,5,4,11.75,0,12.4,0.5,1.79,Enrolled,0.4,2.0,0.0,0.21000000000000002,0.4000000000000057,0,0,0,0
1596,1,1,1,9670,1,1,127.0,1,1,37,4,9,128.1,0,0,0,1,1,0,19,0,0,5,8,4,12.5,0,0,5,6,4,11.0,0,7.6,2.6,0.32,Enrolled,0.8,1.6,0.0,0.5,1.0999999999999943,0,0,0,0
1597,1,1,2,9500,1,1,133.1,1,37,37,9,9,99.0,1,0,0,1,1,0,22,0,0,7,9,6,12.83333333,0,0,8,12,6,12.5,0,16.2,0.3,-0.92,Enrolled,0.8571428571428571,1.2857142857142858,0.0,0.5499999998571429,-34.099999999999994,0,0,0,0
1598,1,1,1,9773,1,1,164.0,1,19,1,9,9,161.2,0,0,0,1,1,1,18,0,0,6,7,6,15.57142857,0,0,6,7,6,16.14285714,0,13.9,-0.3,0.79,Graduate,1.0,1.1666666666666667,0.0,0.7785714285,-2.8000000000000114,0,0,0,0
1599,1,17,1,9238,1,1,136.0,1,37,37,7,7,140.9,1,0,0,1,1,0,18,0,0,6,10,4,12.0,0,0,6,7,5,11.8,0,9.4,-0.8,-3.12,Dropout,0.6666666666666666,1.6666666666666667,0.0,0.39999999999999997,4.900000000000006,0,0,0,0
1600,1,17,1,9773,1,1,117.0,1,38,38,9,9,111.1,0,0,1,1,1,0,19,0,0,6,6,4,11.25,0,0,6,6,3,11.33333333,0,16.2,0.3,-0.92,Dropout,0.6666666666666666,1.0,0.0,0.375,-5.900000000000006,0,0,1,0
1601,1,1,4,171,1,1,131.0,1,1,1,0,3,149.9,1,0,0,1,1,0,18,0,0,0,0,0,0.0,0,0,0,0,0,0.0,0,11.1,0.6,2.02,Graduate,0.0,0.0,0.0,0.0,18.900000000000006,1,0,0,0
1602,1,17,6,9670,1,1,110.0,1,1,19,4,10,111.3,0,0,0,1,1,0,21,0,0,6,10,6,12.28571429,0,0,6,11,4,14.25,0,15.5,2.8,-4.06,Enrolled,1.0,1.6666666666666667,0.0,0.6142857145,1.2999999999999972,0,0,0,0
1603,1,1,2,9254,1,1,125.0,1,1,19,4,1,121.5,1,0,0,1,1,0,18,0,0,6,12,5,11.0,0,0,6,11,3,10.33333333,0,9.4,-0.8,-3.12,Enrolled,0.8333333333333334,2.0,0.0,0.45833333333333337,-3.5,0,0,0,0
1604,1,44,1,9003,1,39,120.0,1,19,38,6,6,120.0,1,0,0,1,1,0,19,0,0,6,8,6,12.14285714,0,0,6,11,5,13.6,0,12.4,0.5,1.79,Graduate,1.0,1.3333333333333333,0.0,0.607142857,0.0,0,0,0,0
1605,1,39,1,9003,1,19,133.1,1,1,19,9,8,120.0,0,0,1,0,1,0,27,0,0,6,11,2,11.5,0,0,6,7,0,0.0,0,8.9,1.4,3.51,Dropout,0.3333333333333333,1.8333333333333333,0.0,0.19166666666666665,-13.099999999999994,0,0,1,1
1606,1,53,1,9003,1,42,130.0,1,38,38,9,9,130.0,1,0,1,1,1,0,20,0,7,12,16,11,12.54545455,0,5,10,12,8,11.625,0,8.9,1.4,3.51,Enrolled,0.9166666666666666,1.3333333333333333,0.0,0.5750000002083334,0.0,0,0,1,0
1607,1,1,5,9254,1,1,101.0,1,3,19,3,9,98.9,1,0,0,1,1,0,20,0,0,6,10,4,13.0,0,0,6,6,6,13.0,0,12.4,0.5,1.79,Graduate,0.6666666666666666,1.6666666666666667,0.0,0.43333333333333335,-2.0999999999999943,0,0,0,0
1608,1,1,6,9500,1,1,141.0,1,4,3,2,1,136.3,1,0,0,1,1,0,18,0,0,8,9,8,12.8875,1,0,8,9,8,12.8875,1,9.4,-0.8,-3.12,Graduate,1.0,1.125,0.125,0.6443749999999999,-4.699999999999989,0,0,0,0
1609,1,17,1,9773,1,1,128.0,1,38,19,9,10,125.2,1,0,0,1,1,0,18,0,0,6,6,6,12.66666667,0,0,6,7,5,13.6,0,12.4,0.5,1.79,Enrolled,1.0,1.0,0.0,0.6333333335,-2.799999999999997,0,0,0,0
1610,1,1,2,9070,1,1,145.0,1,38,19,7,7,130.0,1,0,0,1,1,0,18,0,0,6,7,6,12.83333333,0,0,6,7,6,12.57142857,0,8.9,1.4,3.51,Graduate,1.0,1.1666666666666667,0.0,0.6416666665,-15.0,0,0,0,0
1611,1,1,1,9147,1,1,160.0,1,1,38,4,7,141.5,1,0,0,1,1,0,18,0,0,5,10,3,10.66666667,1,0,5,11,2,12.5,0,9.4,-0.8,-3.12,Dropout,0.6,2.0,0.2,0.3200000001,-18.5,0,0,0,0
1612,1,16,5,9085,1,1,134.0,1,19,37,8,8,123.9,1,0,0,1,1,0,18,0,0,5,11,5,13.0,2,0,5,7,5,12.4,0,9.4,-0.8,-3.12,Enrolled,1.0,2.2,0.4,0.65,-10.099999999999994,0,0,0,0
1613,1,17,2,9500,1,1,125.0,1,19,19,5,5,114.5,1,0,0,1,0,0,18,0,0,7,11,6,11.98333333,0,0,8,12,8,12.28125,0,16.2,0.3,-0.92,Graduate,0.8571428571428571,1.5714285714285714,0.0,0.5135714284285714,-10.5,0,0,0,0
1614,1,39,1,8014,0,15,133.1,1,34,34,0,0,100.0,1,0,0,0,0,0,37,0,0,5,9,0,0.0,0,0,5,5,0,0.0,5,9.4,-0.8,-3.12,Dropout,0.0,1.8,0.0,0.0,-33.099999999999994,0,0,1,1
1615,2,39,1,8014,0,1,120.0,1,38,37,5,3,110.5,0,0,0,1,0,1,36,0,0,6,6,6,11.83333333,0,0,6,6,6,11.5,0,10.8,1.4,1.74,Graduate,1.0,1.0,0.0,0.5916666665,-9.5,0,0,0,1
1616,2,39,1,9085,1,19,133.1,1,19,19,9,5,101.0,1,0,0,1,0,0,26,0,0,6,21,3,12.66666667,0,0,6,15,2,11.0,0,15.5,2.8,-4.06,Dropout,0.5,3.5,0.0,0.31666666675,-32.099999999999994,0,0,0,1
1617,1,1,1,9085,1,1,121.0,1,37,38,6,9,121.0,0,0,0,1,0,0,19,0,0,5,9,4,13.75,1,0,5,8,4,14.5,0,7.6,2.6,0.32,Graduate,0.8,1.8,0.2,0.55,0.0,0,0,0,0
1618,1,39,1,8014,0,1,120.0,1,37,1,7,4,95.0,1,0,0,1,0,0,24,0,0,6,8,5,11.4,0,0,6,8,5,11.8,0,15.5,2.8,-4.06,Dropout,0.8333333333333334,1.3333333333333333,0.0,0.4750000000000001,-25.0,0,0,0,0
1619,1,1,2,9773,1,1,130.0,109,19,1,9,9,126.9,1,0,0,1,0,1,19,1,0,6,8,6,13.16666667,0,0,6,6,6,13.0,0,11.1,0.6,2.02,Dropout,1.0,1.3333333333333333,0.0,0.6583333335,-3.0999999999999943,0,0,0,0
1620,1,42,1,9670,1,1,130.0,1,1,1,9,10,116.3,1,0,0,1,0,1,20,0,3,7,10,6,12.83333333,0,2,8,8,5,11.8,0,12.7,3.7,-1.7,Graduate,0.8571428571428571,1.4285714285714286,0.0,0.5499999998571429,-13.700000000000003,0,0,0,0
1621,1,18,1,9670,1,1,128.0,1,19,3,9,7,120.0,1,0,0,1,0,0,19,0,0,6,8,6,14.125,0,0,6,10,5,14.5,0,11.1,0.6,2.02,Graduate,1.0,1.3333333333333333,0.0,0.70625,-8.0,0,0,0,0
1622,1,1,1,9085,1,1,126.0,1,38,37,9,9,123.6,1,0,0,1,0,0,21,0,0,5,10,3,11.66666667,0,0,5,5,5,13.0,0,10.8,1.4,1.74,Graduate,0.6,2.0,0.0,0.35000000009999993,-2.4000000000000057,0,0,0,0
1623,2,39,1,9556,1,1,120.0,1,37,37,9,4,150.0,0,0,0,0,0,0,50,0,0,7,18,6,10.25,0,0,7,14,4,11.25,0,12.7,3.7,-1.7,Dropout,0.8571428571428571,2.5714285714285716,0.0,0.4392857142857142,30.0,0,0,1,1
1624,2,39,1,9556,1,1,100.0,1,37,37,9,9,120.0,0,0,0,1,0,0,47,0,1,7,16,6,12.51428571,0,0,7,15,4,11.75,0,12.7,3.7,-1.7,Dropout,0.8571428571428571,2.2857142857142856,0.0,0.5363265304285714,20.0,0,0,0,1
1625,1,42,1,9853,1,1,120.0,1,1,19,4,7,111.3,0,0,0,1,0,0,24,0,9,13,17,10,11.5,0,7,13,18,9,10.44444444,0,16.2,0.3,-0.92,Dropout,0.7692307692307693,1.3076923076923077,0.0,0.4423076923076923,-8.700000000000003,0,0,0,0
1626,1,39,1,9991,0,1,110.0,1,37,37,7,10,150.0,0,0,0,0,0,0,48,0,0,5,5,1,10.0,0,0,5,5,0,0.0,0,15.5,2.8,-4.06,Dropout,0.2,1.0,0.0,0.1,40.0,0,0,1,1
1627,1,1,1,9085,1,1,127.0,1,37,2,9,4,123.2,1,0,0,1,0,1,18,0,0,6,7,6,15.71428571,0,0,6,17,5,12.77777778,0,12.4,0.5,1.79,Graduate,1.0,1.1666666666666667,0.0,0.7857142855,-3.799999999999997,0,0,0,0
1628,1,44,1,9991,0,39,130.0,1,37,37,5,5,130.0,1,0,0,1,1,0,32,0,2,6,9,4,12.5,0,3,7,7,4,11.0,0,9.4,-0.8,-3.12,Dropout,0.6666666666666666,1.5,0.0,0.41666666666666663,0.0,0,0,0,1
1629,1,1,1,9670,1,1,141.0,1,19,3,4,0,137.9,1,0,0,0,1,0,20,0,0,5,6,3,12.0,0,0,5,5,4,12.75,0,7.6,2.6,0.32,Dropout,0.6,1.2,0.0,0.36,-3.0999999999999943,0,0,1,0
1630,1,39,1,9119,1,1,120.0,1,37,38,9,8,100.0,0,0,1,1,1,0,24,0,0,5,11,0,0.0,0,0,5,5,0,0.0,0,16.2,0.3,-0.92,Dropout,0.0,2.2,0.0,0.0,-20.0,0,0,1,0
1631,2,39,1,9130,1,19,133.1,1,37,38,9,9,120.0,0,0,0,1,1,0,53,0,0,5,9,4,12.25,2,0,5,8,4,11.75,0,9.4,-0.8,-3.12,Graduate,0.8,1.8,0.4,0.49000000000000005,-13.099999999999994,0,0,0,1
1632,2,39,1,9773,1,19,133.1,1,19,19,9,4,131.0,0,0,1,0,1,0,42,0,0,4,5,0,0.0,0,0,4,4,0,0.0,0,13.9,-0.3,0.79,Dropout,0.0,1.25,0.0,0.0,-2.0999999999999943,0,0,1,1
1633,2,39,1,9991,0,12,133.1,1,37,37,9,9,133.8,1,0,0,1,1,0,52,0,0,5,5,5,13.6,0,0,5,5,5,14.2,0,7.6,2.6,0.32,Graduate,1.0,1.0,0.0,0.6799999999999999,0.700000000000017,0,0,0,1
1634,1,43,1,8014,0,1,130.0,1,38,3,132,122,100.0,0,0,0,1,1,0,54,0,9,13,14,13,13.30769231,0,7,11,12,11,12.81818182,0,12.7,3.7,-1.7,Enrolled,1.0,1.0769230769230769,0.0,0.6653846155,-30.0,0,0,0,1
1635,2,39,1,9991,0,1,110.0,1,37,37,9,10,150.0,0,0,0,1,1,0,49,0,0,5,6,5,12.2,0,0,5,9,5,11.8,0,15.5,2.8,-4.06,Graduate,1.0,1.2,0.0,0.61,40.0,0,0,0,1
1636,1,17,1,9670,1,1,125.0,1,38,37,7,5,126.4,0,0,0,1,1,1,18,0,0,6,7,6,12.28571429,0,0,6,7,6,13.33333333,1,16.2,0.3,-0.92,Graduate,1.0,1.1666666666666667,0.0,0.6142857145,1.4000000000000057,0,0,0,0
1637,2,39,1,9130,1,1,130.0,1,1,19,6,6,154.0,1,0,0,1,1,0,37,0,1,5,12,3,12.0,2,1,5,8,4,13.0,1,10.8,1.4,1.74,Graduate,0.6,2.4,0.4,0.36,24.0,0,0,0,1
1638,1,1,1,9500,1,1,121.0,1,1,1,4,4,114.9,0,0,0,1,1,1,21,0,0,7,9,6,13.34285714,0,0,8,10,7,11.65,0,12.4,0.5,1.79,Graduate,0.8571428571428571,1.2857142857142858,0.0,0.5718367345714285,-6.099999999999994,0,0,0,0
1639,1,39,1,9670,1,9,133.1,1,37,37,5,3,110.0,0,0,1,1,1,0,26,0,0,5,5,0,0.0,0,0,5,5,0,0.0,0,9.4,-0.8,-3.12,Dropout,0.0,1.0,0.0,0.0,-23.099999999999994,0,0,1,1
1640,1,1,1,9070,1,1,147.0,1,3,1,2,3,149.8,1,0,0,1,1,0,20,0,5,12,12,11,14.27272727,0,5,12,12,11,14.81818182,0,16.2,0.3,-0.92,Graduate,0.9166666666666666,1.0,0.0,0.6541666665416667,2.8000000000000114,0,0,0,0
1641,1,1,4,9500,1,1,128.0,1,1,37,4,3,117.9,1,0,0,1,0,1,19,0,0,7,9,7,12.1375,0,0,8,9,8,12.91111111,0,12.4,0.5,1.79,Graduate,1.0,1.2857142857142858,0.0,0.6068749999999999,-10.099999999999994,0,0,0,0
1642,1,1,2,9070,1,1,164.0,1,38,38,9,7,165.8,1,0,0,1,0,0,18,0,0,6,7,6,14.16666667,0,0,6,7,6,14.85714286,0,9.4,-0.8,-3.12,Graduate,1.0,1.1666666666666667,0.0,0.7083333334999999,1.8000000000000114,0,0,0,0
1643,1,17,5,9500,1,1,137.0,1,1,1,4,4,127.6,1,0,0,1,0,0,18,0,0,7,7,7,13.52857143,0,0,8,9,8,14.65555556,0,12.4,0.5,1.79,Graduate,1.0,1.0,0.0,0.6764285715,-9.400000000000006,0,0,0,0
1644,1,17,2,8014,0,1,122.0,1,37,19,9,9,123.8,0,0,0,1,0,0,20,0,0,6,8,5,12.0,0,0,6,8,6,11.0,0,10.8,1.4,1.74,Graduate,0.8333333333333334,1.3333333333333333,0.0,0.5,1.7999999999999972,0,0,0,0
1645,1,17,4,9254,1,1,124.0,1,3,3,3,3,126.1,1,0,0,1,0,0,20,0,0,5,5,5,11.4,0,0,6,11,1,11.0,0,10.8,1.4,1.74,Dropout,1.0,1.0,0.0,0.5700000000000001,2.0999999999999943,0,0,0,0
1646,1,1,2,171,1,1,120.0,1,3,19,4,7,119.7,1,0,0,1,0,0,21,0,0,0,0,0,0.0,0,0,0,0,0,0.0,0,8.9,1.4,3.51,Dropout,0.0,0.0,0.0,0.0,-0.29999999999999716,1,0,0,0
1647,1,1,2,171,1,1,117.0,1,1,19,3,3,121.6,1,0,0,1,0,0,22,0,6,12,12,12,12.91666667,0,4,11,16,11,14.5,0,8.9,1.4,3.51,Graduate,1.0,1.0,0.0,0.6458333334999999,4.599999999999994,0,0,0,0
1648,1,43,1,9500,1,1,140.0,1,1,38,4,7,100.0,0,0,0,1,0,1,18,0,0,7,8,7,13.6375,0,0,8,8,8,14.3875,0,13.9,-0.3,0.79,Graduate,1.0,1.1428571428571428,0.0,0.681875,-40.0,0,0,0,0
1649,1,1,5,9500,1,1,130.0,1,19,37,9,7,127.6,1,0,0,1,0,0,18,0,0,7,10,7,12.9,0,0,8,15,7,12.14285714,0,15.5,2.8,-4.06,Dropout,1.0,1.4285714285714286,0.0,0.645,-2.4000000000000057,0,0,0,0
1650,1,1,1,9500,1,1,138.0,1,1,38,4,9,132.5,1,0,0,1,0,1,19,0,0,8,8,7,14.36,0,0,8,8,7,14.36,0,10.8,1.4,1.74,Graduate,0.875,1.0,0.0,0.62825,-5.5,0,0,0,0
1651,1,1,1,9500,1,1,141.0,1,3,1,9,9,124.3,0,0,0,1,0,0,19,0,0,8,8,7,14.51428571,0,0,8,8,7,14.51428571,0,12.7,3.7,-1.7,Enrolled,0.875,1.0,0.0,0.6349999998125,-16.700000000000003,0,0,0,0
1652,1,1,3,9500,1,1,142.0,1,1,1,4,7,131.0,1,0,0,1,0,0,18,0,0,8,8,7,14.7,0,0,8,8,7,14.7,0,10.8,1.4,1.74,Graduate,0.875,1.0,0.0,0.643125,-11.0,0,0,0,0
1653,1,7,1,9991,0,40,120.0,1,43,3,3,3,120.0,0,0,0,1,0,0,27,0,0,5,5,5,15.2,0,0,5,6,5,14.0,0,11.1,0.6,2.02,Enrolled,1.0,1.0,0.0,0.76,0.0,0,0,0,1
1654,1,1,3,9556,1,1,122.0,1,19,19,3,10,113.3,1,0,0,1,0,1,20,0,0,7,7,7,13.0,0,0,8,8,8,15.0625,0,12.4,0.5,1.79,Graduate,1.0,1.0,0.0,0.65,-8.700000000000003,0,0,0,0
1655,1,1,2,9853,1,1,131.0,1,1,1,2,9,121.9,1,0,0,1,0,0,20,0,0,6,6,6,13.5,0,0,6,6,0,0.0,0,12.7,3.7,-1.7,Dropout,1.0,1.0,0.0,0.675,-9.099999999999994,0,0,0,0
1656,1,1,2,9085,1,1,120.0,1,38,1,9,3,118.3,1,0,0,1,0,0,20,0,0,5,11,5,12.33333333,2,0,5,7,5,12.6,0,9.4,-0.8,-3.12,Graduate,1.0,2.2,0.4,0.6166666665,-1.7000000000000028,0,0,0,0
1657,1,1,1,9147,1,1,131.0,1,3,19,1,4,118.8,0,0,0,1,0,0,19,0,0,5,6,5,13.4,0,0,5,6,5,13.0,0,16.2,0.3,-0.92,Graduate,1.0,1.2,0.0,0.67,-12.200000000000003,0,0,0,0
1658,1,1,2,9085,1,1,130.0,1,37,19,9,8,129.0,0,0,0,1,0,0,20,0,0,5,7,4,11.75,0,0,5,9,2,10.5,0,7.6,2.6,0.32,Enrolled,0.8,1.4,0.0,0.47000000000000003,-1.0,0,0,0,0
1659,1,43,3,171,1,1,120.0,1,37,37,9,9,143.3,1,0,0,1,0,1,20,0,0,0,0,0,0.0,0,0,0,0,0,0.0,0,7.6,2.6,0.32,Graduate,0.0,0.0,0.0,0.0,23.30000000000001,1,0,0,0
1660,1,1,1,171,1,1,136.0,1,3,3,1,2,152.5,1,0,0,1,0,0,20,0,0,0,0,0,0.0,0,0,0,0,0,0.0,0,13.9,-0.3,0.79,Enrolled,0.0,0.0,0.0,0.0,16.5,1,0,0,0
1661,1,53,1,9085,1,42,160.0,1,1,19,4,6,155.7,1,0,0,1,0,0,27,0,7,12,17,11,14.72727273,0,4,9,10,7,14.14285714,0,8.9,1.4,3.51,Graduate,0.9166666666666666,1.4166666666666667,0.0,0.6750000001249999,-4.300000000000011,0,0,0,1
1662,1,1,2,9085,1,1,157.0,1,3,3,5,2,153.9,1,0,0,1,0,0,18,0,0,6,7,6,16.57142857,0,0,6,6,6,15.66666667,0,13.9,-0.3,0.79,Graduate,1.0,1.1666666666666667,0.0,0.8285714284999999,-3.0999999999999943,0,0,0,0
1663,1,1,1,9500,1,1,150.0,1,19,1,4,4,137.8,0,0,0,1,0,0,18,0,0,7,10,7,15.145,0,0,8,8,8,15.7425,0,15.5,2.8,-4.06,Graduate,1.0,1.4285714285714286,0.0,0.75725,-12.199999999999989,0,0,0,0
1664,1,17,1,9500,1,1,148.0,1,1,37,9,7,143.3,0,0,0,1,0,1,18,0,0,7,7,7,13.44285714,0,0,8,8,8,15.075,0,13.9,-0.3,0.79,Graduate,1.0,1.0,0.0,0.672142857,-4.699999999999989,0,0,0,0
1665,1,1,1,9085,1,1,120.0,1,37,37,9,1,123.2,0,0,0,1,0,0,20,0,0,5,8,5,14.16666667,2,0,5,6,4,11.75,2,9.4,-0.8,-3.12,Graduate,1.0,1.6,0.4,0.7083333334999999,3.200000000000003,0,0,0,0
1666,1,1,1,9773,1,1,150.0,1,1,1,4,4,138.1,1,0,0,1,0,0,19,0,0,6,7,6,14.0,0,0,6,7,5,15.0,0,11.1,0.6,2.02,Enrolled,1.0,1.1666666666666667,0.0,0.7,-11.900000000000006,0,0,0,0
1667,1,17,1,9238,1,1,158.0,1,1,1,5,6,140.5,0,0,0,1,0,1,20,0,0,6,9,6,11.33333333,0,0,6,6,6,12.33333333,0,10.8,1.4,1.74,Graduate,1.0,1.5,0.0,0.5666666665,-17.5,0,0,0,0
1668,1,1,4,9500,1,1,145.0,1,3,19,1,5,130.0,1,0,0,1,0,0,18,0,0,8,8,8,13.76125,0,0,8,8,8,13.76125,0,9.4,-0.8,-3.12,Graduate,1.0,1.0,0.0,0.6880625,-15.0,0,0,0,0
1669,1,44,1,9070,1,39,100.0,1,1,38,4,6,104.8,0,0,1,0,0,0,22,0,2,7,9,5,11.6,0,5,9,9,5,10.0,0,12.4,0.5,1.79,Dropout,0.7142857142857143,1.2857142857142858,0.0,0.41428571428571426,4.799999999999997,0,0,1,0
1670,1,17,1,8014,0,1,136.0,1,37,37,5,8,132.5,0,0,1,1,0,1,22,0,1,6,7,4,12.75,0,1,6,8,5,13.0,0,13.9,-0.3,0.79,Graduate,0.6666666666666666,1.1666666666666667,0.0,0.42499999999999993,-3.5,0,0,1,0
1671,1,39,1,9991,0,1,133.1,1,1,1,4,2,127.7,0,0,0,1,0,0,25,0,0,5,12,4,12.5,0,0,5,10,4,11.0,0,13.9,-0.3,0.79,Enrolled,0.8,2.4,0.0,0.5,-5.3999999999999915,0,0,0,1
1672,1,1,1,9085,1,1,148.0,1,19,3,4,2,136.5,0,0,0,1,0,0,19,0,0,6,13,6,15.30769231,0,0,6,9,6,14.0,0,15.5,2.8,-4.06,Graduate,1.0,2.1666666666666665,0.0,0.7653846155,-11.5,0,0,0,0
1673,1,44,1,9130,1,39,130.0,1,3,1,4,1,130.0,1,0,0,0,0,0,21,0,1,6,12,5,13.28571429,0,0,6,10,4,12.0,0,16.2,0.3,-0.92,Dropout,0.8333333333333334,2.0,0.0,0.55357142875,0.0,0,0,1,0
1674,1,39,1,9500,1,40,130.0,1,1,1,4,4,190.0,1,0,0,1,0,0,27,0,1,7,7,7,14.75714286,0,1,8,9,8,14.07777778,0,16.2,0.3,-0.92,Graduate,1.0,1.0,0.0,0.737857143,60.0,0,0,0,1
1675,1,17,4,9500,1,1,136.0,1,1,1,4,9,128.5,1,0,0,1,0,0,18,0,0,7,7,6,12.76666667,0,0,7,7,6,12.76666667,0,7.6,2.6,0.32,Graduate,0.8571428571428571,1.0,0.0,0.5471428572857142,-7.5,0,0,0,0
1676,1,17,3,9254,1,1,122.0,1,1,1,4,4,126.6,0,0,0,0,0,0,18,0,0,5,5,5,10.4,0,0,6,13,0,0.0,0,10.8,1.4,1.74,Dropout,1.0,1.0,0.0,0.52,4.599999999999994,0,0,1,0
1677,1,17,1,9556,1,1,140.0,1,3,3,1,7,131.6,1,0,0,1,1,0,19,0,0,7,0,0,0.0,0,0,7,0,0,0.0,0,11.1,0.6,2.02,Dropout,0.0,0.0,0.0,0.0,-8.400000000000006,0,0,0,0
1678,5,39,1,9991,0,1,110.0,1,1,1,3,3,119.0,0,0,0,1,1,1,35,0,0,5,10,4,10.5,0,0,5,6,5,12.6,0,8.9,1.4,3.51,Graduate,0.8,2.0,0.0,0.42000000000000004,9.0,0,0,0,1
1679,1,17,1,9085,1,1,130.0,1,37,36,4,90,127.6,0,0,0,1,1,0,23,0,0,5,6,4,14.25,0,0,5,6,5,13.4,0,7.6,2.6,0.32,Graduate,0.8,1.2,0.0,0.5700000000000001,-2.4000000000000057,0,0,0,0
1680,1,39,1,9500,1,1,133.1,1,1,37,9,9,100.0,0,0,0,1,1,0,28,0,0,7,11,3,11.91666667,1,0,7,17,0,0.0,0,16.2,0.3,-0.92,Dropout,0.42857142857142855,1.5714285714285714,0.14285714285714285,0.2553571429285714,-33.099999999999994,0,0,0,1
1681,1,1,1,9119,1,1,128.0,1,38,38,9,7,124.5,1,0,0,1,1,0,19,0,0,5,10,3,10.66666667,0,0,5,9,2,14.0,2,7.6,2.6,0.32,Enrolled,0.6,2.0,0.0,0.3200000001,-3.5,0,0,0,0
1682,1,1,1,9773,1,1,117.0,1,1,19,4,4,109.3,0,0,0,1,1,0,19,0,0,6,11,4,12.25,0,0,6,10,3,12.66666667,0,7.6,2.6,0.32,Enrolled,0.6666666666666666,1.8333333333333333,0.0,0.4083333333333333,-7.700000000000003,0,0,0,0
1683,1,1,2,9670,1,1,124.0,1,19,1,9,4,117.7,1,0,1,1,1,0,20,0,0,5,5,4,12.0,0,0,5,6,5,11.6,0,9.4,-0.8,-3.12,Dropout,0.8,1.0,0.0,0.48,-6.299999999999997,0,0,1,0
1684,1,1,1,9670,1,1,124.0,1,2,2,3,3,124.7,1,0,0,1,1,0,21,0,0,5,7,3,11.0,0,0,5,5,4,12.75,0,7.6,2.6,0.32,Dropout,0.6,1.4,0.0,0.33,0.7000000000000028,0,0,0,0
1685,1,17,3,9070,1,1,128.0,1,37,37,5,5,124.5,1,0,0,1,1,0,18,0,0,6,6,6,14.16666667,0,0,6,8,5,13.0,0,10.8,1.4,1.74,Graduate,1.0,1.0,0.0,0.7083333334999999,-3.5,0,0,0,0
1686,1,1,5,9070,1,1,125.0,1,3,3,2,2,140.8,1,0,0,1,1,0,22,0,0,6,6,6,14.66666667,0,0,6,6,6,15.0,0,9.4,-0.8,-3.12,Graduate,1.0,1.0,0.0,0.7333333335,15.800000000000011,0,0,0,0
1687,1,17,3,9085,1,1,121.0,1,38,1,9,9,111.9,1,0,0,1,1,0,21,0,0,5,11,0,0.0,0,0,5,10,5,12.28571429,1,10.8,1.4,1.74,Graduate,0.0,2.2,0.0,0.0,-9.099999999999994,0,0,0,0
1688,1,7,1,9556,1,3,140.0,1,3,3,2,2,140.0,0,0,1,0,1,0,38,0,0,7,8,3,12.66666667,0,0,5,5,0,0.0,0,13.9,-0.3,0.79,Dropout,0.42857142857142855,1.1428571428571428,0.0,0.2714285715,0.0,0,0,1,1
1689,1,1,1,171,1,1,124.0,1,19,1,9,9,121.2,1,0,0,1,1,0,20,0,0,0,0,0,0.0,0,0,0,0,0,0.0,0,10.8,1.4,1.74,Enrolled,0.0,0.0,0.0,0.0,-2.799999999999997,1,0,0,0
1690,1,43,4,171,1,1,136.0,1,37,37,9,9,123.8,1,0,0,1,1,0,19,0,0,0,0,0,0.0,0,0,0,0,0,0.0,0,7.6,2.6,0.32,Dropout,0.0,0.0,0.0,0.0,-12.200000000000003,1,0,0,0
1691,1,7,1,9119,1,1,140.8,1,34,34,0,0,134.0,0,0,0,1,1,0,24,0,0,5,0,0,0.0,0,0,5,0,0,0.0,0,7.6,2.6,0.32,Dropout,0.0,0.0,0.0,0.0,-6.800000000000011,0,0,0,0
1692,1,18,3,9070,1,1,142.0,1,1,37,4,7,130.8,1,0,0,0,1,0,19,0,0,6,0,0,0.0,0,0,6,0,0,0.0,0,12.7,3.7,-1.7,Dropout,0.0,0.0,0.0,0.0,-11.199999999999989,0,0,1,0
1693,1,1,1,9500,1,1,133.0,1,37,38,9,9,130.2,1,0,0,1,1,1,19,0,0,7,7,7,13.7,0,0,8,9,8,14.02222222,0,16.2,0.3,-0.92,Graduate,1.0,1.0,0.0,0.6849999999999999,-2.8000000000000114,0,0,0,0
1694,1,1,1,9147,1,1,131.0,1,3,19,3,10,123.3,0,0,0,1,1,0,19,0,0,5,7,5,11.8,0,0,5,8,4,12.4,2,16.2,0.3,-0.92,Enrolled,1.0,1.4,0.0,0.5900000000000001,-7.700000000000003,0,0,0,0
1695,1,39,1,9119,1,3,130.0,1,3,3,3,10,147.6,0,0,0,1,1,0,31,0,0,5,0,0,0.0,0,0,5,0,0,0.0,0,10.8,1.4,1.74,Dropout,0.0,0.0,0.0,0.0,17.599999999999994,0,0,0,1
1696,1,17,1,9670,1,1,120.0,1,38,37,9,8,113.4,1,0,0,1,1,1,19,0,0,6,6,6,13.33333333,0,0,6,7,6,13.28571429,0,8.9,1.4,3.51,Graduate,1.0,1.0,0.0,0.6666666665000001,-6.599999999999994,0,0,0,0
1697,1,17,1,9070,1,1,141.0,1,19,38,4,5,133.7,1,0,0,1,1,0,22,0,0,6,7,5,11.4,0,0,6,6,6,12.16666667,0,7.6,2.6,0.32,Graduate,0.8333333333333334,1.1666666666666667,0.0,0.4750000000000001,-7.300000000000011,0,0,0,0
1698,1,39,1,9085,1,1,130.0,1,34,1,0,2,128.2,0,0,0,1,1,0,25,0,0,5,5,0,0.0,0,0,5,5,0,0.0,0,7.6,2.6,0.32,Dropout,0.0,1.0,0.0,0.0,-1.8000000000000114,0,0,0,1
1699,1,1,1,9500,1,1,168.0,1,1,1,5,5,161.0,1,0,0,1,1,0,18,0,0,7,7,7,16.14285714,0,0,8,9,0,0.0,0,16.2,0.3,-0.92,Dropout,1.0,1.0,0.0,0.807142857,-7.0,0,0,0,0
1700,1,7,1,9500,1,3,130.0,1,37,37,90,90,130.0,1,0,0,1,1,0,30,0,0,8,8,0,0.0,8,0,8,8,0,0.0,8,9.4,-0.8,-3.12,Dropout,0.0,1.0,1.0,0.0,0.0,0,0,0,1
1701,1,1,1,9500,1,1,156.0,1,38,37,9,9,156.3,0,0,0,1,1,1,18,0,0,8,8,8,15.63375,0,0,8,8,8,15.63375,0,9.4,-0.8,-3.12,Graduate,1.0,1.0,0.0,0.7816875,0.30000000000001137,0,0,0,0
1702,1,1,1,9773,1,1,137.0,1,1,1,5,5,129.3,1,0,0,1,1,0,18,0,0,6,6,6,13.66666667,0,0,6,6,6,14.5,0,12.7,3.7,-1.7,Graduate,1.0,1.0,0.0,0.6833333335,-7.699999999999989,0,0,0,0
1703,1,17,6,9773,1,1,131.0,1,34,34,0,0,129.3,0,0,0,1,1,0,18,0,0,6,0,0,0.0,0,0,6,0,0,0.0,0,7.6,2.6,0.32,Dropout,0.0,0.0,0.0,0.0,-1.6999999999999886,0,0,0,0
1704,1,1,1,9238,1,1,130.0,1,38,38,7,7,136.3,1,0,0,1,1,0,18,0,0,6,8,6,12.5,0,0,6,7,6,11.5,0,10.8,1.4,1.74,Graduate,1.0,1.3333333333333333,0.0,0.625,6.300000000000011,0,0,0,0
1705,1,39,1,9670,1,1,133.1,1,1,19,4,9,140.0,0,0,0,1,1,1,25,0,0,6,8,6,12.28571429,0,0,6,6,6,13.0,0,15.5,2.8,-4.06,Graduate,1.0,1.3333333333333333,0.0,0.6142857145,6.900000000000006,0,0,0,1
1706,1,1,1,9119,1,1,131.0,1,3,1,4,1,135.9,0,0,0,1,1,0,18,0,0,5,10,2,14.0,0,0,5,7,3,11.0,1,7.6,2.6,0.32,Enrolled,0.4,2.0,0.0,0.27999999999999997,4.900000000000006,0,0,0,0
1707,1,1,5,171,1,1,160.0,1,1,1,4,4,139.7,0,0,0,1,1,0,18,0,0,0,0,0,0.0,0,0,0,0,0,0.0,0,12.7,3.7,-1.7,Dropout,0.0,0.0,0.0,0.0,-20.30000000000001,1,0,0,0
1708,1,1,4,9147,1,1,117.0,1,1,38,8,9,117.0,1,0,0,1,1,0,19,0,0,5,5,4,10.75,0,0,5,6,4,12.25,0,12.4,0.5,1.79,Enrolled,0.8,1.0,0.0,0.43,0.0,0,0,0,0
1709,1,39,1,9556,1,19,133.1,1,19,1,7,10,105.0,0,0,0,1,1,0,25,0,0,7,14,4,12.95,1,0,7,11,4,13.125,1,15.5,2.8,-4.06,Dropout,0.5714285714285714,2.0,0.14285714285714285,0.36999999999999994,-28.099999999999994,0,0,0,1
1710,1,1,3,9500,1,1,130.0,1,37,38,9,5,130.5,1,0,0,1,0,0,19,0,0,7,7,6,12.45,0,0,7,7,6,12.45,0,7.6,2.6,0.32,Graduate,0.8571428571428571,1.0,0.0,0.5335714285714285,0.5,0,0,0,0
1711,1,44,1,9991,0,39,130.0,1,37,37,9,9,130.0,0,0,0,1,0,0,31,0,2,6,12,4,12.25,0,3,7,9,7,12.0,0,9.4,-0.8,-3.12,Enrolled,0.6666666666666666,2.0,0.0,0.4083333333333333,0.0,0,0,0,1
1712,1,1,3,9500,1,1,137.0,1,19,19,5,4,131.5,1,0,0,1,0,1,20,0,0,8,8,8,13.38125,0,0,8,8,8,13.38125,0,9.4,-0.8,-3.12,Graduate,1.0,1.0,0.0,0.6690625,-5.5,0,0,0,0
1713,1,42,1,9500,1,1,133.1,41,3,1,3,10,100.0,1,0,0,0,0,0,33,1,1,7,10,5,12.16,0,0,6,7,5,11.34,0,12.4,0.5,1.79,Dropout,0.7142857142857143,1.4285714285714286,0.0,0.4342857142857143,-33.099999999999994,0,0,1,1
1714,1,44,1,9085,1,39,140.0,1,1,3,9,4,140.0,0,0,1,0,0,0,24,0,2,6,11,4,12.5,0,1,6,18,2,11.5,0,12.4,0.5,1.79,Enrolled,0.6666666666666666,1.8333333333333333,0.0,0.41666666666666663,0.0,0,0,1,0
1715,1,17,4,9238,1,1,140.0,1,19,37,9,9,130.2,1,0,0,1,0,1,18,0,0,6,8,6,12.75,0,0,6,10,6,12.16666667,0,12.7,3.7,-1.7,Graduate,1.0,1.3333333333333333,0.0,0.6375,-9.800000000000011,0,0,0,0
1716,1,17,2,9500,1,1,135.0,1,1,19,4,10,133.5,1,0,0,1,0,0,19,0,0,8,8,8,13.3425,0,0,8,8,8,13.3425,0,9.4,-0.8,-3.12,Graduate,1.0,1.0,0.0,0.667125,-1.5,0,0,0,0
1717,1,1,4,9500,1,1,140.0,1,38,38,7,7,133.2,1,0,0,1,0,1,20,0,0,7,10,7,14.175,0,0,8,14,6,13.03125,0,15.5,2.8,-4.06,Graduate,1.0,1.4285714285714286,0.0,0.70875,-6.800000000000011,0,0,0,0
1718,2,39,1,9500,1,1,100.0,1,37,38,4,4,130.0,0,0,0,1,1,1,33,0,0,8,16,1,10.0,1,0,8,16,1,10.0,1,12.7,3.7,-1.7,Enrolled,0.125,2.0,0.125,0.0625,30.0,0,0,0,1
1719,1,39,1,9119,1,1,160.0,1,38,37,7,7,129.0,0,0,0,1,1,0,24,0,0,5,9,0,0.0,0,0,5,8,2,14.5,2,7.6,2.6,0.32,Dropout,0.0,1.8,0.0,0.0,-31.0,0,0,0,0
1720,1,39,1,9991,0,19,133.1,1,2,1,2,4,100.0,0,0,0,1,1,0,24,0,0,5,7,0,0.0,0,0,5,7,0,0.0,0,16.2,0.3,-0.92,Dropout,0.0,1.4,0.0,0.0,-33.099999999999994,0,0,0,0
1721,1,17,1,9085,1,1,128.0,1,38,37,9,9,116.5,1,0,0,1,1,0,18,0,0,5,6,5,12.0,0,0,5,8,5,12.14285714,0,10.8,1.4,1.74,Graduate,1.0,1.2,0.0,0.6,-11.5,0,0,0,0
1722,1,1,2,9254,1,1,121.0,1,37,37,9,9,124.2,1,0,0,1,0,1,18,0,0,6,8,6,10.57142857,0,0,6,9,5,11.4,0,16.2,0.3,-0.92,Graduate,1.0,1.3333333333333333,0.0,0.5285714285,3.200000000000003,0,0,0,0
1723,1,51,1,9085,1,1,127.0,1,3,3,2,8,138.8,1,0,0,1,0,0,22,0,4,12,19,11,14.15384615,0,5,12,20,12,15.42857143,0,8.9,1.4,3.51,Graduate,0.9166666666666666,1.5833333333333333,0.0,0.6487179485416666,11.800000000000011,0,0,0,0
1724,1,1,1,9773,1,1,132.0,1,2,1,9,9,126.4,1,1,0,1,0,1,18,0,0,6,9,6,11.16666667,0,0,6,11,5,12.4,0,10.8,1.4,1.74,Graduate,1.0,1.5,0.0,0.5583333335,-5.599999999999994,0,0,0,0
1725,1,1,1,171,1,1,147.0,1,19,19,3,10,151.9,1,0,0,1,0,0,21,0,13,17,20,17,12.0,0,14,17,18,17,12.66666667,0,11.1,0.6,2.02,Graduate,1.0,1.1764705882352942,0.0,0.6,4.900000000000006,0,0,0,0
1726,2,39,1,9991,0,1,110.0,1,37,37,5,1,120.0,1,0,0,1,0,0,38,0,0,5,11,3,11.33333333,0,0,5,9,4,12.0,0,9.4,-0.8,-3.12,Dropout,0.6,2.2,0.0,0.33999999989999996,10.0,0,0,0,1
1727,1,43,1,9238,1,1,142.0,1,34,34,Unknown/not stated,Unknown/not stated,131.9,0,0,0,1,0,1,29,0,9,16,17,16,12.58823529,0,10,13,14,13,13.35714286,0,9.4,-0.8,-3.12,Graduate,1.0,1.0625,0.0,0.6294117645,-10.099999999999994,0,0,0,1
1728,1,44,1,9130,1,39,130.0,1,38,37,4,9,130.0,1,0,0,1,0,1,20,0,0,6,11,4,12.0,0,0,6,9,4,10.75,0,16.2,0.3,-0.92,Enrolled,0.6666666666666666,1.8333333333333333,0.0,0.39999999999999997,0.0,0,0,0,0
1729,1,17,1,9254,1,1,131.0,1,38,37,4,9,131.7,1,0,0,0,0,0,18,0,0,6,0,0,0.0,0,0,6,0,0,0.0,0,12.7,3.7,-1.7,Dropout,0.0,0.0,0.0,0.0,0.6999999999999886,0,0,1,0
1730,2,43,1,9991,0,1,110.0,1,37,37,9,9,132.5,0,0,0,1,1,0,37,0,7,12,13,12,12.25,0,8,13,13,13,12.84615385,0,9.4,-0.8,-3.12,Graduate,1.0,1.0833333333333333,0.0,0.6125,22.5,0,0,0,1
1731,1,1,3,9147,1,1,128.0,1,3,3,5,10,116.5,0,0,0,1,1,0,20,0,0,5,7,5,11.6,0,0,5,5,5,12.8,0,12.4,0.5,1.79,Graduate,1.0,1.4,0.0,0.58,-11.5,0,0,0,0
1732,1,1,1,9130,1,1,136.0,1,19,19,90,8,133.9,1,0,0,0,1,0,20,0,0,5,7,4,13.0,0,0,5,11,3,12.0,2,10.8,1.4,1.74,Dropout,0.8,1.4,0.0,0.52,-2.0999999999999943,0,0,1,0
1733,2,39,1,9119,1,1,120.0,1,37,38,9,10,145.4,0,0,1,1,1,0,40,0,0,5,11,3,10.66666667,0,0,5,5,2,12.5,0,16.2,0.3,-0.92,Dropout,0.6,2.2,0.0,0.3200000001,25.400000000000006,0,0,1,1
1734,2,39,1,8014,0,1,140.0,1,37,3,9,10,172.0,0,0,0,1,1,0,44,0,5,11,21,9,12.33333333,0,8,11,16,9,11.0,0,12.4,0.5,1.79,Enrolled,0.8181818181818182,1.9090909090909092,0.0,0.5045454544090909,32.0,0,0,0,1
1735,1,1,1,9147,1,1,118.0,1,1,1,9,9,111.0,0,0,0,0,1,0,21,0,0,5,7,2,11.0,0,0,5,9,3,11.42857143,0,10.8,1.4,1.74,Dropout,0.4,1.4,0.0,0.22000000000000003,-7.0,0,0,1,0
1736,1,44,1,9070,1,39,120.0,1,2,19,3,8,120.0,0,0,0,1,1,0,21,0,2,7,10,6,13.42857143,0,5,9,9,8,13.125,0,16.2,0.3,-0.92,Graduate,0.8571428571428571,1.4285714285714286,0.0,0.5755102041428571,0.0,0,0,0,0
1737,1,1,6,9500,1,1,151.0,1,3,1,2,1,129.8,1,0,0,1,1,0,18,0,0,8,10,8,13.05375,2,0,8,10,8,13.05375,2,9.4,-0.8,-3.12,Graduate,1.0,1.25,0.25,0.6526875000000001,-21.19999999999999,0,0,0,0
1738,1,1,5,9500,1,1,130.0,1,1,3,9,10,118.1,1,0,0,1,1,0,18,0,0,7,10,6,12.03571429,0,0,8,9,7,13.75,0,13.9,-0.3,0.79,Enrolled,0.8571428571428571,1.4285714285714286,0.0,0.5158163267142857,-11.900000000000006,0,0,0,0
1739,1,39,1,9003,1,1,140.0,1,3,1,5,9,130.0,0,0,0,1,1,0,27,0,0,6,6,6,14.16666667,0,0,6,7,6,13.83333333,0,11.1,0.6,2.02,Graduate,1.0,1.0,0.0,0.7083333334999999,-10.0,0,0,0,1
1740,2,39,1,9070,1,19,133.1,1,37,37,9,10,126.3,0,0,0,0,1,0,38,0,0,6,6,0,0.0,0,0,6,8,0,0.0,0,10.8,1.4,1.74,Dropout,0.0,1.0,0.0,0.0,-6.799999999999997,0,0,1,1
1741,1,18,1,9130,1,1,146.0,1,3,3,5,2,137.8,0,0,0,1,1,0,18,0,0,6,11,5,13.6,0,0,6,13,3,12.66666667,0,13.9,-0.3,0.79,Dropout,0.8333333333333334,1.8333333333333333,0.0,0.5666666666666667,-8.199999999999989,0,0,0,0
1742,1,17,4,9254,1,1,122.0,1,1,1,4,2,116.1,1,0,0,1,1,0,19,0,0,6,7,5,12.2,0,0,6,12,2,12.0,0,7.6,2.6,0.32,Enrolled,0.8333333333333334,1.1666666666666667,0.0,0.5083333333333333,-5.900000000000006,0,0,0,0
1743,1,1,1,9130,1,1,121.0,1,3,19,2,9,115.4,1,0,0,1,1,0,18,0,0,6,8,6,13.71428571,0,0,6,7,5,13.33333333,0,15.5,2.8,-4.06,Dropout,1.0,1.3333333333333333,0.0,0.6857142855,-5.599999999999994,0,0,0,0
1744,1,43,1,9773,1,1,127.0,1,1,1,9,6,110.0,0,0,1,0,1,0,19,0,0,6,10,3,11.66666667,0,0,6,11,2,10.0,0,16.2,0.3,-0.92,Dropout,0.5,1.6666666666666667,0.0,0.29166666674999997,-17.0,0,0,1,0
1745,1,39,1,9670,1,1,133.1,1,37,37,90,90,97.4,0,0,1,0,1,0,44,0,0,6,9,1,14.0,0,0,6,6,0,0.0,0,12.7,3.7,-1.7,Dropout,0.16666666666666666,1.5,0.0,0.11666666666666665,-35.69999999999999,0,0,1,1
1746,1,44,1,9085,1,39,130.0,1,1,1,4,4,130.0,1,1,0,1,1,0,26,0,2,6,20,4,12.5,0,1,6,16,3,10.0,0,15.5,2.8,-4.06,Dropout,0.6666666666666666,3.3333333333333335,0.0,0.41666666666666663,0.0,0,0,0,1
1747,1,43,1,9130,1,1,156.0,1,19,1,9,4,156.0,0,0,1,0,1,0,24,0,0,6,11,5,11.83333333,0,0,6,11,4,11.5,0,15.5,2.8,-4.06,Dropout,0.8333333333333334,1.8333333333333333,0.0,0.4930555554166667,0.0,0,0,1,0
1748,1,39,1,9003,1,1,130.0,1,19,1,9,6,126.1,1,0,0,0,1,0,27,0,0,6,6,0,0.0,0,0,6,8,0,0.0,0,15.5,2.8,-4.06,Dropout,0.0,1.0,0.0,0.0,-3.9000000000000057,0,0,1,1
1749,1,39,1,9003,1,1,110.0,1,1,1,9,4,120.0,0,0,1,0,1,0,27,0,0,6,0,0,0.0,0,0,6,0,0,0.0,0,13.9,-0.3,0.79,Dropout,0.0,0.0,0.0,0.0,10.0,0,0,1,1
1750,1,43,1,9070,1,1,108.0,1,38,38,7,7,105.2,1,0,0,1,1,0,25,0,11,17,18,13,11.53846154,0,10,15,15,10,12.4,0,12.7,3.7,-1.7,Dropout,0.7647058823529411,1.0588235294117647,0.0,0.4411764706470588,-2.799999999999997,0,0,0,1
1751,1,44,1,9003,1,1,120.0,1,3,2,2,6,120.0,1,0,0,1,1,0,21,0,4,9,14,7,11.28571429,2,2,8,15,4,12.25,0,12.7,3.7,-1.7,Enrolled,0.7777777777777778,1.5555555555555556,0.2222222222222222,0.43888888905555556,0.0,0,0,0,0
1752,1,1,1,171,1,1,150.0,1,38,19,9,9,137.8,1,0,0,1,1,1,19,0,0,0,0,0,0.0,0,0,0,0,0,0.0,0,13.9,-0.3,0.79,Graduate,0.0,0.0,0.0,0.0,-12.199999999999989,1,0,0,0
1753,1,17,2,9070,1,1,152.0,1,39,39,3,3,134.2,1,0,0,1,1,0,20,0,0,6,7,5,11.8,0,0,6,9,4,12.0,0,15.5,2.8,-4.06,Enrolled,0.8333333333333334,1.1666666666666667,0.0,0.49166666666666675,-17.80000000000001,0,0,0,0
1754,1,44,1,9119,1,39,150.0,1,19,3,5,2,150.0,0,0,0,1,1,0,20,0,0,5,16,0,0.0,0,0,5,12,2,10.5,0,12.7,3.7,-1.7,Enrolled,0.0,3.2,0.0,0.0,0.0,0,0,0,0
1755,1,17,5,9119,1,1,123.0,1,3,1,2,9,116.0,1,0,1,0,1,0,20,0,0,5,5,0,0.0,0,0,5,5,0,0.0,0,8.9,1.4,3.51,Dropout,0.0,1.0,0.0,0.0,-7.0,0,0,1,0
1756,1,1,1,9119,1,1,150.0,1,1,1,3,3,143.4,0,0,0,0,1,1,18,0,0,5,5,5,14.2,0,0,5,5,5,14.2,0,8.9,1.4,3.51,Enrolled,1.0,1.0,0.0,0.71,-6.599999999999994,0,0,1,0
1757,1,17,1,171,1,1,145.0,1,4,4,3,3,143.6,0,0,1,1,1,0,19,0,5,12,12,10,12.7,0,4,11,16,10,12.27272727,0,8.9,1.4,3.51,Enrolled,0.8333333333333334,1.0,0.0,0.5291666666666667,-1.4000000000000057,0,0,1,0
1758,1,44,1,9130,1,39,150.0,1,1,37,4,8,150.0,1,0,0,0,0,0,22,0,1,6,10,3,12.66666667,0,0,6,7,0,0.0,0,15.5,2.8,-4.06,Dropout,0.5,1.6666666666666667,0.0,0.31666666675,0.0,0,0,1,0
1759,1,1,4,9670,1,1,125.0,1,4,19,2,5,118.0,1,0,0,1,0,0,19,0,0,6,7,6,14.42857143,0,0,6,8,6,15.0,2,16.2,0.3,-0.92,Graduate,1.0,1.1666666666666667,0.0,0.7214285715,-7.0,0,0,0,0
1760,1,1,4,9500,1,1,117.0,1,1,1,4,7,109.3,1,0,0,1,0,1,18,0,0,7,7,7,13.11714286,0,0,8,9,7,12.6,0,11.1,0.6,2.02,Graduate,1.0,1.0,0.0,0.655857143,-7.700000000000003,0,0,0,0
1761,1,1,2,9238,1,1,121.0,1,19,19,191,171,119.3,1,0,1,1,0,0,20,0,0,6,7,6,12.66666667,0,0,6,7,6,11.83333333,0,8.9,1.4,3.51,Graduate,1.0,1.1666666666666667,0.0,0.6333333335,-1.7000000000000028,0,0,1,0
1762,1,17,1,171,1,1,140.0,41,1,1,5,7,146.3,1,0,0,1,0,1,18,1,0,0,0,0,0.0,0,0,0,0,0,0.0,0,12.7,3.7,-1.7,Dropout,0.0,0.0,0.0,0.0,6.300000000000011,1,0,0,0
1763,1,39,1,9773,1,1,130.0,1,1,19,1,3,161.5,0,0,0,1,1,0,36,0,0,6,7,6,15.28571429,0,0,6,6,6,16.5,0,10.8,1.4,1.74,Graduate,1.0,1.1666666666666667,0.0,0.7642857144999999,31.5,0,0,0,1
1764,1,15,1,9147,1,1,140.0,26,37,2,6,4,140.0,0,0,1,1,1,0,19,1,0,5,12,3,10.5,0,0,5,8,4,11.25,0,12.4,0.5,1.79,Graduate,0.6,2.4,0.0,0.315,0.0,0,0,1,0
1765,1,53,1,9147,1,42,140.0,1,1,1,6,6,142.2,0,0,0,1,1,1,21,0,6,11,11,11,12.63636364,0,3,9,11,9,12.6,0,8.9,1.4,3.51,Graduate,1.0,1.0,0.0,0.6318181820000001,2.1999999999999886,0,0,0,0
1766,1,1,1,9147,1,1,140.0,1,19,38,9,9,129.2,1,0,0,1,0,0,26,0,0,5,6,0,0.0,0,0,5,0,0,0.0,0,15.5,2.8,-4.06,Dropout,0.0,1.2,0.0,0.0,-10.800000000000011,0,0,0,1
1767,1,39,1,9003,1,1,140.0,41,1,1,9,9,100.0,0,0,1,0,0,0,29,1,3,9,9,3,14.33333333,0,1,7,8,1,14.0,0,15.5,2.8,-4.06,Dropout,0.3333333333333333,1.0,0.0,0.2388888888333333,-40.0,0,0,1,1
1768,1,44,1,9254,1,39,170.0,1,19,2,9,3,170.0,0,0,0,0,1,0,26,0,2,8,14,8,15.125,0,1,6,12,6,13.66666667,0,11.1,0.6,2.02,Enrolled,1.0,1.75,0.0,0.75625,0.0,0,0,1,1
1769,1,7,1,9500,1,3,140.0,1,3,19,2,6,140.0,0,0,0,1,1,0,27,0,0,7,0,0,0.0,0,0,8,0,0,0.0,0,12.4,0.5,1.79,Dropout,0.0,0.0,0.0,0.0,0.0,0,0,0,1
1770,1,51,1,9147,1,1,116.0,1,3,3,2,2,115.2,0,0,1,1,1,0,32,0,2,7,16,3,12.0,0,3,8,10,3,10.33333333,0,8.9,1.4,3.51,Enrolled,0.42857142857142855,2.2857142857142856,0.0,0.2571428571428571,-0.7999999999999972,0,0,1,1
1771,1,16,3,9853,1,1,134.0,1,37,19,9,5,121.4,1,0,0,1,0,1,23,0,0,6,10,4,14.25,1,0,6,8,5,12.0,0,7.6,2.6,0.32,Enrolled,0.6666666666666666,1.6666666666666667,0.16666666666666666,0.475,-12.599999999999994,0,0,0,0
1772,1,39,1,9147,1,1,133.1,41,38,38,9,8,134.8,0,0,0,1,0,0,24,1,0,5,12,2,10.5,0,0,5,9,4,10.0,2,16.2,0.3,-0.92,Enrolled,0.4,2.4,0.0,0.21000000000000002,1.700000000000017,0,0,0,0
1773,1,1,2,9773,1,1,140.0,1,1,1,9,9,136.9,1,0,0,1,0,1,19,0,0,6,7,6,13.5,0,0,6,7,6,14.42857143,0,16.2,0.3,-0.92,Graduate,1.0,1.1666666666666667,0.0,0.675,-3.0999999999999943,0,0,0,0
1774,1,42,1,9003,1,1,140.0,1,19,19,4,4,140.0,1,0,0,1,1,0,25,0,0,6,14,5,11.66666667,0,0,6,11,4,12.0,0,15.5,2.8,-4.06,Enrolled,0.8333333333333334,2.3333333333333335,0.0,0.48611111124999995,0.0,0,0,0,1
1775,1,17,6,9254,1,1,108.0,1,1,19,4,5,112.2,1,0,0,1,1,0,19,0,0,6,13,5,10.8,0,0,6,12,3,10.0,0,9.4,-0.8,-3.12,Enrolled,0.8333333333333334,2.1666666666666665,0.0,0.45000000000000007,4.200000000000003,0,0,0,0
1776,1,1,3,9773,1,1,149.0,1,1,3,0,0,148.7,0,0,0,0,1,0,20,0,0,4,4,0,0.0,0,0,4,8,0,0.0,0,10.8,1.4,1.74,Dropout,0.0,1.0,0.0,0.0,-0.30000000000001137,0,0,1,0
1777,2,1,1,9254,1,1,140.0,1,19,38,4,7,133.0,0,0,0,1,1,0,33,0,3,9,11,9,12.8,0,2,7,9,7,11.42857143,0,12.7,3.7,-1.7,Graduate,1.0,1.2222222222222223,0.0,0.64,-7.0,0,0,0,1
1778,2,39,1,9991,0,1,140.0,1,37,12,9,9,150.0,0,0,1,1,1,0,35,0,0,5,6,5,10.8,0,0,5,7,5,12.0,2,9.4,-0.8,-3.12,Dropout,1.0,1.2,0.0,0.54,10.0,0,0,1,1
1779,1,1,1,9147,1,1,133.1,1,37,38,7,7,98.0,1,0,0,1,1,0,23,0,0,5,8,4,11.4,0,0,5,7,4,11.0,0,11.1,0.6,2.02,Graduate,0.8,1.6,0.0,0.45600000000000007,-35.099999999999994,0,0,0,0
1780,1,1,1,9500,1,1,125.0,1,37,19,9,9,122.4,1,0,0,1,1,0,19,0,0,7,7,7,13.72571429,0,0,8,8,8,14.5,0,11.1,0.6,2.02,Graduate,1.0,1.0,0.0,0.6862857145000001,-2.5999999999999943,0,0,0,0
1781,1,1,1,9670,1,1,133.1,1,1,37,9,10,139.0,0,0,0,1,1,0,21,0,0,6,6,5,12.8,0,0,6,9,5,12.25,0,10.8,1.4,1.74,Enrolled,0.8333333333333334,1.0,0.0,0.5333333333333333,5.900000000000006,0,0,0,0
1782,1,1,5,9070,1,1,133.1,1,1,19,3,3,112.0,1,0,0,1,1,1,21,0,0,6,6,6,13.5,0,0,6,6,6,11.16666667,0,11.1,0.6,2.02,Graduate,1.0,1.0,0.0,0.675,-21.099999999999994,0,0,0,0
1783,1,39,1,9500,1,1,130.0,1,37,37,3,7,143.8,0,0,0,1,1,0,27,0,0,8,8,7,15.57,0,0,8,8,7,15.57,0,10.8,1.4,1.74,Dropout,0.875,1.0,0.0,0.6811875,13.800000000000011,0,0,0,1
1784,1,17,3,9147,1,1,122.0,1,3,38,123,171,116.1,1,0,1,1,1,0,19,0,0,5,10,4,11.0,0,0,5,13,2,12.0,0,8.9,1.4,3.51,Enrolled,0.8,2.0,0.0,0.44000000000000006,-5.900000000000006,0,0,1,0
1785,1,7,2,9500,1,3,140.0,1,37,38,9,9,138.0,0,0,0,1,1,0,28,0,0,7,7,7,14.11428571,0,0,8,9,8,15.91111111,0,16.2,0.3,-0.92,Dropout,1.0,1.0,0.0,0.7057142855,-2.0,0,0,0,1
1786,1,43,1,9147,1,1,123.0,1,37,38,7,7,110.0,0,0,0,1,1,0,25,0,0,5,12,3,11.0,1,0,5,12,4,11.5,0,9.4,-0.8,-3.12,Enrolled,0.6,2.4,0.2,0.33,-13.0,0,0,0,1
1787,2,39,1,9238,1,19,133.1,1,37,37,9,4,103.5,0,0,0,1,1,0,42,0,0,6,0,0,0.0,0,0,6,0,0,0.0,0,15.5,2.8,-4.06,Dropout,0.0,0.0,0.0,0.0,-29.599999999999994,0,0,0,1
1788,1,7,1,9991,0,3,140.0,1,37,37,9,9,140.0,0,0,0,1,1,0,27,0,0,5,6,4,13.5,0,0,5,6,4,13.75,0,7.6,2.6,0.32,Graduate,0.8,1.2,0.0,0.54,0.0,0,0,0,1
1789,1,1,1,9070,1,1,116.0,1,3,3,0,1,108.7,1,0,0,1,1,0,23,0,0,6,9,4,11.25,1,0,6,10,0,0.0,4,7.6,2.6,0.32,Dropout,0.6666666666666666,1.5,0.16666666666666666,0.375,-7.299999999999997,0,0,0,0
1790,1,17,3,9254,1,1,118.0,1,19,1,4,4,115.9,1,0,0,1,1,1,18,0,0,6,7,6,12.14285714,0,0,6,8,6,11.33333333,0,8.9,1.4,3.51,Graduate,1.0,1.1666666666666667,0.0,0.607142857,-2.0999999999999943,0,0,0,0
1791,2,39,1,9500,1,1,140.0,1,37,37,9,4,127.3,0,0,0,1,1,0,26,0,0,8,8,7,13.07571429,0,0,8,8,7,13.07571429,0,10.8,1.4,1.74,Graduate,0.875,1.0,0.0,0.5720625001875,-12.700000000000003,0,0,0,1
1792,1,1,4,9147,1,1,146.0,1,3,1,3,10,138.7,0,0,0,1,1,0,18,0,0,5,0,0,0.0,0,0,5,0,0,0.0,0,8.9,1.4,3.51,Dropout,0.0,0.0,0.0,0.0,-7.300000000000011,0,0,0,0
1793,1,39,1,9991,0,1,150.0,1,3,5,2,2,135.8,0,0,1,1,1,0,29,0,1,5,9,3,11.0,0,0,5,11,2,13.5,0,12.7,3.7,-1.7,Dropout,0.6,1.8,0.0,0.33,-14.199999999999989,0,0,1,1
1794,1,17,1,9085,1,1,137.0,1,1,1,4,7,134.6,1,0,0,1,1,0,22,0,0,6,16,0,0.0,0,0,6,7,0,0.0,0,16.2,0.3,-0.92,Dropout,0.0,2.6666666666666665,0.0,0.0,-2.4000000000000057,0,0,0,0
1795,1,43,1,9500,1,1,136.0,1,19,37,173,183,118.4,1,0,0,1,0,0,21,0,0,7,12,4,13.125,0,0,7,8,6,12.33333333,0,13.9,-0.3,0.79,Enrolled,0.5714285714285714,1.7142857142857142,0.0,0.375,-17.599999999999994,0,0,0,0
1796,1,1,3,9500,1,1,134.0,1,38,38,7,9,132.8,1,0,0,1,0,1,19,0,0,8,8,7,13.51285714,0,0,8,8,7,13.51285714,0,10.8,1.4,1.74,Graduate,0.875,1.0,0.0,0.591187499875,-1.1999999999999886,0,0,0,0
1797,1,1,1,9238,1,1,160.0,1,38,37,9,7,155.5,1,0,0,1,0,1,18,0,0,6,7,6,12.83333333,0,0,6,6,6,12.16666667,0,10.8,1.4,1.74,Graduate,1.0,1.1666666666666667,0.0,0.6416666665,-4.5,0,0,0,0
1798,1,1,3,9085,1,1,126.0,1,38,1,9,9,132.0,1,0,0,1,0,1,18,0,0,5,8,3,15.0,2,0,5,9,3,11.66666667,0,9.4,-0.8,-3.12,Dropout,0.6,1.6,0.4,0.44999999999999996,6.0,0,0,0,0
1799,1,39,1,9003,1,19,133.1,1,37,38,4,9,110.0,0,0,1,0,0,0,40,0,0,6,12,5,12.8,0,0,6,16,3,13.33333333,0,11.1,0.6,2.02,Dropout,0.8333333333333334,2.0,0.0,0.5333333333333333,-23.099999999999994,0,0,1,1
1800,1,17,3,9254,1,1,114.0,26,38,3,9,3,127.3,1,0,1,0,0,0,20,1,0,6,14,3,12.33333333,0,0,6,16,0,0.0,0,10.8,1.4,1.74,Dropout,0.5,2.3333333333333335,0.0,0.30833333325,13.299999999999997,0,0,1,0
1801,1,1,3,9500,1,1,139.0,1,3,1,4,1,126.0,1,0,0,1,1,0,18,0,0,8,15,5,12.288,1,0,8,15,5,12.288,1,10.8,1.4,1.74,Dropout,0.625,1.875,0.125,0.384,-13.0,0,0,0,0
1802,1,43,2,8014,0,3,130.0,1,34,34,0,0,130.0,0,0,0,1,1,0,31,0,8,12,21,12,12.33333333,0,6,10,13,7,13.28571429,2,7.6,2.6,0.32,Graduate,1.0,1.75,0.0,0.6166666665,0.0,0,0,0,1
1803,1,1,2,9147,1,1,131.0,1,1,1,9,9,118.8,0,0,0,1,1,1,18,0,0,5,9,4,11.5,0,0,5,5,5,12.8,0,12.4,0.5,1.79,Graduate,0.8,1.8,0.0,0.45999999999999996,-12.200000000000003,0,0,0,0
1804,1,43,2,9670,1,1,130.0,1,19,1,4,4,127.6,1,0,0,1,1,0,22,0,4,6,6,6,11.83333333,0,0,6,11,4,11.14285714,0,10.8,1.4,1.74,Dropout,1.0,1.0,0.0,0.5916666665,-2.4000000000000057,0,0,0,0
1805,1,51,1,9147,1,19,133.1,1,19,19,9,5,112.1,0,0,1,0,1,0,38,0,0,5,5,0,0.0,0,0,5,5,0,0.0,0,8.9,1.4,3.51,Dropout,0.0,1.0,0.0,0.0,-21.0,0,0,1,1
1806,1,43,1,9991,0,3,130.0,1,3,1,2,9,130.0,0,0,0,1,1,0,33,0,0,5,5,0,0.0,0,0,5,5,0,0.0,0,12.7,3.7,-1.7,Dropout,0.0,1.0,0.0,0.0,0.0,0,0,0,1
1807,1,1,3,9119,1,1,117.0,1,1,1,3,5,111.1,0,0,0,1,1,1,19,0,0,5,10,5,11.8,0,0,5,12,3,11.5,0,11.1,0.6,2.02,Enrolled,1.0,2.0,0.0,0.5900000000000001,-5.900000000000006,0,0,0,0
1808,1,17,1,9670,1,1,127.0,1,3,3,1,1,121.4,0,0,0,1,1,0,18,0,0,6,0,0,0.0,0,0,6,0,0,0.0,0,15.5,2.8,-4.06,Dropout,0.0,0.0,0.0,0.0,-5.599999999999994,0,0,0,0
1809,1,1,5,9119,1,1,131.0,1,1,19,4,7,126.8,0,0,0,0,1,1,18,0,0,5,6,5,12.2,0,0,5,8,4,12.0,0,8.9,1.4,3.51,Enrolled,1.0,1.2,0.0,0.61,-4.200000000000003,0,0,1,0
1810,1,51,1,9991,0,1,134.0,1,1,1,5,3,120.6,1,0,0,1,1,0,27,0,2,6,6,6,12.33333333,0,0,5,5,5,13.0,0,11.1,0.6,2.02,Graduate,1.0,1.0,0.0,0.6166666665,-13.400000000000006,0,0,0,1
1811,1,39,1,9254,1,1,130.0,1,37,37,9,9,126.5,0,0,0,1,1,0,26,0,0,6,7,6,12.42857143,0,0,6,6,6,12.83333333,0,7.6,2.6,0.32,Graduate,1.0,1.1666666666666667,0.0,0.6214285715,-3.5,0,0,0,1
1812,1,1,6,9500,1,1,127.0,1,1,19,3,3,120.2,1,0,0,1,0,1,19,0,0,7,7,7,12.76571429,0,0,8,9,8,13.54444444,0,12.4,0.5,1.79,Graduate,1.0,1.0,0.0,0.6382857145,-6.799999999999997,0,0,0,0
1813,2,51,1,9500,1,1,130.0,1,37,37,5,5,120.0,0,0,0,1,1,0,44,0,0,7,11,5,12.1,0,0,7,10,5,12.6,0,11.1,0.6,2.02,Dropout,0.7142857142857143,1.5714285714285714,0.0,0.43214285714285716,-10.0,0,0,0,1
1814,1,1,2,9147,1,1,142.0,1,37,38,9,9,137.5,1,0,0,1,1,0,19,0,0,5,10,5,12.0,0,0,5,9,5,11.5,0,13.9,-0.3,0.79,Graduate,1.0,2.0,0.0,0.6,-4.5,0,0,0,0
1815,1,18,1,9070,1,1,117.0,1,1,37,4,7,127.9,1,0,0,1,1,0,20,0,0,6,6,0,0.0,0,0,6,6,0,0.0,0,9.4,-0.8,-3.12,Dropout,0.0,1.0,0.0,0.0,10.900000000000006,0,0,0,0
1816,1,39,1,9003,1,19,133.1,1,19,37,1,1,140.0,0,0,1,1,1,0,24,0,0,6,10,6,14.88888889,0,0,6,11,6,13.72727273,0,16.2,0.3,-0.92,Enrolled,1.0,1.6666666666666667,0.0,0.7444444445,6.900000000000006,0,0,1,0
1817,4,43,1,9991,0,1,164.0,1,37,37,6,6,131.8,0,0,0,1,0,0,31,0,7,14,19,13,11.35714286,0,9,14,14,13,12.0,1,9.4,-0.8,-3.12,Graduate,0.9285714285714286,1.3571428571428572,0.0,0.5272959185,-32.19999999999999,0,0,0,1
1818,1,43,1,9070,1,1,130.0,1,37,37,9,9,129.0,1,0,0,1,0,0,25,0,0,6,6,6,13.5,0,0,6,6,6,12.5,0,9.4,-0.8,-3.12,Graduate,1.0,1.0,0.0,0.675,-1.0,0,0,0,1
1819,1,17,4,9773,1,1,127.0,1,2,37,9,9,115.8,1,0,1,0,0,0,19,0,0,6,6,0,0.0,0,0,6,0,0,0.0,0,8.9,1.4,3.51,Dropout,0.0,1.0,0.0,0.0,-11.200000000000003,0,0,1,0
1820,1,17,3,9500,1,1,140.0,1,3,2,3,3,126.4,1,0,0,1,0,0,18,0,0,7,7,7,13.88428571,0,0,8,9,8,14.75,0,11.1,0.6,2.02,Dropout,1.0,1.0,0.0,0.6942142855,-13.599999999999994,0,0,0,0
1821,1,43,1,9085,1,1,130.0,1,19,38,4,9,130.0,1,0,0,0,0,0,19,0,0,6,12,5,13.0,0,0,6,12,3,11.66666667,0,13.9,-0.3,0.79,Enrolled,0.8333333333333334,2.0,0.0,0.5416666666666667,0.0,0,0,1,0
1822,1,1,3,9500,1,1,122.0,1,3,1,4,3,114.8,1,0,0,1,0,1,19,0,0,7,11,4,12.65,0,0,7,9,5,11.1,0,12.4,0.5,1.79,Enrolled,0.5714285714285714,1.5714285714285714,0.0,0.36142857142857143,-7.200000000000003,0,0,0,0
1823,1,17,1,9147,1,1,162.0,1,1,38,4,5,138.6,1,0,0,1,0,0,19,0,0,5,10,1,11.0,0,0,5,13,0,0.0,0,12.7,3.7,-1.7,Enrolled,0.2,2.0,0.0,0.11000000000000001,-23.400000000000006,0,0,0,0
1824,1,39,1,9670,1,1,133.1,1,1,1,4,4,112.9,0,0,0,1,0,0,24,0,0,6,12,2,11.66666667,0,0,6,20,2,10.5,6,16.2,0.3,-0.92,Dropout,0.3333333333333333,2.0,0.0,0.19444444449999998,-20.19999999999999,0,0,0,0
1825,1,1,1,9238,1,1,120.0,1,3,3,3,3,111.6,0,0,0,1,0,0,20,0,0,6,6,6,14.5,0,0,6,6,6,12.66666667,0,12.4,0.5,1.79,Graduate,1.0,1.0,0.0,0.725,-8.400000000000006,0,0,0,0
1826,1,17,1,9254,1,1,160.0,1,19,37,5,3,152.0,0,0,0,1,0,0,18,0,0,6,7,6,14.71428571,0,0,6,7,6,14.16666667,0,12.7,3.7,-1.7,Graduate,1.0,1.1666666666666667,0.0,0.7357142855000001,-8.0,0,0,0,0
1827,1,1,1,9238,1,1,141.0,1,38,1,5,7,132.6,0,0,0,1,0,1,18,0,0,6,7,6,13.28571429,0,0,6,6,6,14.33333333,0,12.4,0.5,1.79,Graduate,1.0,1.1666666666666667,0.0,0.6642857145,-8.400000000000006,0,0,0,0
1828,1,17,1,9085,1,1,125.0,1,1,38,4,9,118.4,1,0,0,1,0,0,21,0,0,5,13,3,11.33333333,2,0,5,12,2,10.5,1,9.4,-0.8,-3.12,Enrolled,0.6,2.6,0.4,0.33999999989999996,-6.599999999999994,0,0,0,0
1829,1,7,1,9500,1,3,120.0,1,37,37,4,5,120.0,0,0,1,0,0,0,28,0,0,7,7,0,0.0,7,0,7,7,0,0.0,7,13.9,-0.3,0.79,Dropout,0.0,1.0,1.0,0.0,0.0,0,0,1,1
1830,1,1,1,9147,1,1,128.0,1,38,37,5,6,122.1,0,0,0,1,0,1,18,0,0,5,11,4,11.57142857,0,0,5,9,5,12.0,0,13.9,-0.3,0.79,Enrolled,0.8,2.2,0.0,0.4628571428,-5.900000000000006,0,0,0,0
1831,1,1,1,9853,1,1,162.0,1,37,19,9,8,142.8,0,0,1,1,0,0,18,0,0,6,10,5,13.0,0,0,6,10,4,11.5,0,12.7,3.7,-1.7,Dropout,0.8333333333333334,1.6666666666666667,0.0,0.5416666666666667,-19.19999999999999,0,0,1,0
1832,1,1,1,9238,1,1,130.0,1,1,1,4,4,124.8,0,0,0,1,0,1,18,0,0,6,9,6,11.5,0,0,6,11,5,14.0,0,11.1,0.6,2.02,Graduate,1.0,1.5,0.0,0.575,-5.200000000000003,0,0,0,0
1833,1,17,2,9147,1,1,134.0,1,37,19,9,8,126.3,1,0,0,1,0,1,18,0,0,5,8,5,11.8,0,0,5,10,5,11.6,3,16.2,0.3,-0.92,Graduate,1.0,1.6,0.0,0.5900000000000001,-7.700000000000003,0,0,0,0
1834,1,1,1,9147,1,1,133.1,1,19,19,9,9,119.0,1,0,0,0,0,1,19,0,0,5,7,3,10.66666667,0,0,5,10,3,12.28571429,0,10.8,1.4,1.74,Dropout,0.6,1.4,0.0,0.3200000001,-14.099999999999994,0,0,1,0
1835,1,17,1,9500,1,1,137.0,1,19,38,3,9,124.9,0,0,0,1,0,1,19,0,0,7,11,6,13.8875,0,0,8,9,8,14.86444444,0,15.5,2.8,-4.06,Graduate,0.8571428571428571,1.5714285714285714,0.0,0.5951785714285713,-12.099999999999994,0,0,0,0
1836,1,1,1,9238,1,1,133.1,1,38,38,191,192,118.0,0,0,1,1,0,1,20,0,0,6,7,5,11.4,0,0,6,9,6,11.5,0,8.9,1.4,3.51,Graduate,0.8333333333333334,1.1666666666666667,0.0,0.4750000000000001,-15.099999999999994,0,0,1,0
1837,2,43,1,8014,0,1,110.0,1,37,19,9,3,100.0,0,0,0,1,0,0,34,0,9,11,17,9,12.33333333,0,3,7,12,7,12.14285714,0,9.4,-0.8,-3.12,Graduate,0.8181818181818182,1.5454545454545454,0.0,0.5045454544090909,-10.0,0,0,0,1
1838,2,39,1,9500,1,1,133.1,1,37,37,9,9,109.0,1,0,0,1,0,0,39,0,0,7,8,5,12.16,0,0,7,8,5,12.16,0,7.6,2.6,0.32,Enrolled,0.7142857142857143,1.1428571428571428,0.0,0.4342857142857143,-24.099999999999994,0,0,0,1
1839,1,17,3,9500,1,1,133.0,1,3,19,2,5,130.8,1,0,0,1,0,0,19,0,0,8,8,8,13.4275,0,0,8,8,8,13.4275,0,9.4,-0.8,-3.12,Graduate,1.0,1.0,0.0,0.671375,-2.1999999999999886,0,0,0,0
1840,1,39,1,9070,1,1,130.0,1,1,19,4,4,110.0,1,0,0,1,0,0,24,0,0,6,6,6,15.16666667,0,0,6,6,2,15.5,0,15.5,2.8,-4.06,Graduate,1.0,1.0,0.0,0.7583333335,-20.0,0,0,0,0
1841,1,10,1,9773,1,1,151.0,22,38,37,0,5,151.0,1,0,0,1,0,0,18,1,0,6,12,0,0.0,1,0,6,0,0,0.0,0,9.4,-0.8,-3.12,Dropout,0.0,2.0,0.16666666666666666,0.0,0.0,0,0,0,0
1842,1,17,1,9130,1,1,125.0,1,19,19,3,10,131.0,1,0,0,1,1,0,19,0,0,5,11,2,10.5,2,0,5,9,0,0.0,3,10.8,1.4,1.74,Dropout,0.4,2.2,0.4,0.21000000000000002,6.0,0,0,0,0
1843,1,1,1,9147,1,1,158.0,1,1,38,3,6,155.2,0,0,0,1,1,1,18,0,0,5,5,5,11.8,0,0,5,8,3,11.0,0,9.4,-0.8,-3.12,Graduate,1.0,1.0,0.0,0.5900000000000001,-2.8000000000000114,0,0,0,0
1844,1,1,2,9147,1,1,128.0,1,3,1,3,3,121.0,1,1,1,1,1,0,20,0,0,5,6,5,13.2,0,0,5,10,5,11.4,3,16.2,0.3,-0.92,Enrolled,1.0,1.2,0.0,0.6599999999999999,-7.0,0,0,1,0
1845,1,1,6,9500,1,1,133.0,1,1,1,9,9,119.7,1,1,1,1,1,0,19,0,2,7,8,7,13.075,0,1,8,11,8,12.36111111,0,12.4,0.5,1.79,Graduate,1.0,1.1428571428571428,0.0,0.6537499999999999,-13.299999999999997,0,0,1,0
1846,1,1,1,9130,1,1,138.0,1,3,19,2,4,131.0,1,0,0,1,1,0,19,0,0,6,8,4,11.6,0,0,6,14,2,13.0,0,11.1,0.6,2.02,Dropout,0.6666666666666666,1.3333333333333333,0.0,0.3866666666666666,-7.0,0,0,0,0
1847,1,17,1,9003,1,1,126.0,1,37,3,5,2,116.9,0,0,0,1,1,0,19,0,0,6,10,6,13.66666667,0,0,6,10,4,12.25,0,13.9,-0.3,0.79,Dropout,1.0,1.6666666666666667,0.0,0.6833333335,-9.099999999999994,0,0,0,0
1848,2,39,1,9991,0,1,140.0,1,36,14,9,10,130.0,1,0,0,1,1,0,41,0,0,5,9,4,10.75,0,0,5,7,2,10.0,0,9.4,-0.8,-3.12,Dropout,0.8,1.8,0.0,0.43,-10.0,0,0,0,1
1849,1,1,2,9500,1,1,143.0,1,5,5,2,2,137.8,0,0,0,1,1,0,19,0,0,7,10,6,13.49285714,0,0,8,9,8,12.68888889,0,12.4,0.5,1.79,Graduate,0.8571428571428571,1.4285714285714286,0.0,0.578265306,-5.199999999999989,0,0,0,0
1850,1,43,3,9254,1,1,135.0,1,3,3,2,2,122.1,0,0,0,1,1,0,19,0,0,6,14,3,12.5,0,0,6,9,4,11.0,0,12.7,3.7,-1.7,Enrolled,0.5,2.3333333333333335,0.0,0.3125,-12.900000000000006,0,0,0,0
1851,1,7,1,9500,1,3,120.0,1,1,1,7,10,120.0,1,0,0,0,1,0,23,0,0,7,0,0,0.0,0,0,8,0,0,0.0,0,12.7,3.7,-1.7,Dropout,0.0,0.0,0.0,0.0,0.0,0,0,1,0
1852,1,1,1,9119,1,1,148.0,1,19,38,9,7,133.0,0,0,0,1,1,0,18,0,0,5,12,5,13.28571429,0,0,5,16,5,14.8,0,12.4,0.5,1.79,Dropout,1.0,2.4,0.0,0.6642857145,-15.0,0,0,0,0
1853,1,1,1,9147,1,1,126.0,1,3,19,3,3,115.2,0,0,0,1,1,0,19,0,0,5,6,5,12.6,0,0,5,13,5,11.8,5,16.2,0.3,-0.92,Graduate,1.0,1.2,0.0,0.63,-10.799999999999997,0,0,0,0
1854,1,44,1,9003,1,39,160.0,1,3,3,2,10,160.0,1,0,0,1,1,0,20,0,0,6,7,6,14.0,0,0,6,7,6,14.66666667,0,12.4,0.5,1.79,Graduate,1.0,1.1666666666666667,0.0,0.7,0.0,0,0,0,0
1855,1,39,1,9085,1,1,140.0,1,37,37,90,90,106.3,0,0,1,0,1,0,35,0,0,5,7,2,11.5,0,0,5,8,2,10.5,0,7.6,2.6,0.32,Dropout,0.4,1.4,0.0,0.22999999999999998,-33.7,0,0,1,1
1856,4,39,2,9670,1,19,133.1,1,19,1,90,90,103.0,0,0,0,0,1,0,34,0,0,6,6,0,0.0,0,0,6,9,0,0.0,0,10.8,1.4,1.74,Dropout,0.0,1.0,0.0,0.0,-30.099999999999994,0,0,1,1
1857,1,1,1,9070,1,1,136.0,1,3,3,9,9,136.0,1,0,1,0,0,1,19,0,0,6,6,6,11.83333333,0,0,6,8,6,12.875,0,10.8,1.4,1.74,Graduate,1.0,1.0,0.0,0.5916666665,0.0,0,0,1,0
1858,1,15,1,9238,1,1,150.0,26,19,1,9,9,146.5,1,0,1,0,1,0,22,1,0,6,10,5,11.5,0,0,6,8,5,12.4,0,13.9,-0.3,0.79,Graduate,0.8333333333333334,1.6666666666666667,0.0,0.47916666666666663,-3.5,0,0,1,0
1859,1,17,3,9070,1,1,130.0,1,1,4,4,2,131.4,0,0,0,1,1,0,20,0,0,6,6,6,14.16666667,0,0,6,8,6,12.33333333,0,11.1,0.6,2.02,Graduate,1.0,1.0,0.0,0.7083333334999999,1.4000000000000057,0,0,0,0
1860,2,42,1,9991,0,1,130.0,1,3,2,2,2,130.0,0,0,0,1,1,0,27,0,2,2,2,2,12.5,0,0,5,6,2,12.5,0,12.7,3.7,-1.7,Enrolled,1.0,1.0,0.0,0.625,0.0,0,0,0,1
1861,2,39,1,9119,1,1,110.0,1,19,19,0,5,137.0,0,0,1,1,1,0,30,0,0,5,5,0,0.0,0,0,5,5,0,0.0,0,7.6,2.6,0.32,Dropout,0.0,1.0,0.0,0.0,27.0,0,0,1,1
1862,1,39,1,9119,1,1,110.0,1,1,1,4,4,125.9,0,0,0,1,1,0,34,0,0,5,7,0,0.0,0,0,5,8,1,11.0,0,10.8,1.4,1.74,Enrolled,0.0,1.4,0.0,0.0,15.900000000000006,0,0,0,1
1863,1,1,1,9254,1,1,121.0,1,1,1,5,4,111.9,1,0,0,0,1,0,20,0,0,6,14,2,10.5,0,0,6,16,0,0.0,0,10.8,1.4,1.74,Dropout,0.3333333333333333,2.3333333333333335,0.0,0.175,-9.099999999999994,0,0,1,0
1864,1,17,1,9070,1,1,127.0,1,37,38,9,5,131.2,1,0,0,1,1,0,18,0,0,6,6,6,11.83333333,0,0,6,6,6,13.16666667,0,7.6,2.6,0.32,Graduate,1.0,1.0,0.0,0.5916666665,4.199999999999989,0,0,0,0
1865,1,1,1,9130,1,1,140.0,1,9,19,4,4,131.2,0,0,0,1,1,1,26,0,0,5,9,0,0.0,0,0,5,6,0,0.0,0,7.6,2.6,0.32,Dropout,0.0,1.8,0.0,0.0,-8.800000000000011,0,0,0,1
1866,1,39,1,9991,0,1,130.0,1,1,1,3,7,140.0,0,0,0,1,1,0,26,0,0,5,5,5,12.4,0,0,5,5,5,12.4,0,15.5,2.8,-4.06,Graduate,1.0,1.0,0.0,0.62,10.0,0,0,0,1
1867,1,39,2,9147,1,1,130.0,1,19,19,5,9,121.5,0,0,0,0,1,0,26,0,0,5,5,2,10.5,0,0,5,9,0,0.0,0,10.8,1.4,1.74,Dropout,0.4,1.0,0.0,0.21000000000000002,-8.5,0,0,1,1
1868,1,39,1,9991,0,1,100.0,1,37,37,9,6,153.5,0,0,1,0,1,0,31,0,0,5,9,0,0.0,0,0,5,6,0,0.0,0,12.4,0.5,1.79,Dropout,0.0,1.8,0.0,0.0,53.5,0,0,1,1
1869,1,1,3,171,1,1,139.0,1,37,19,9,8,142.2,1,0,0,1,1,1,20,0,6,12,12,12,14.58333333,0,4,11,14,11,14.33333333,0,8.9,1.4,3.51,Graduate,1.0,1.0,0.0,0.7291666665000001,3.1999999999999886,0,0,0,0
1870,1,1,1,9773,1,1,150.0,1,19,11,0,0,131.1,1,0,0,1,1,0,19,0,0,6,6,6,11.66666667,0,0,6,10,3,12.66666667,0,7.6,2.6,0.32,Graduate,1.0,1.0,0.0,0.5833333334999999,-18.900000000000006,0,0,0,0
1871,1,17,1,9670,1,1,133.1,1,34,3,7,2,130.6,1,0,1,0,1,0,23,0,0,5,5,0,0.0,0,0,5,5,0,0.0,0,7.6,2.6,0.32,Dropout,0.0,1.0,0.0,0.0,-2.5,0,0,1,0
1872,1,1,6,9500,1,1,119.0,1,1,1,4,4,115.0,1,0,0,1,1,1,20,0,0,7,14,1,13.0,0,0,7,15,0,0.0,0,11.1,0.6,2.02,Dropout,0.14285714285714285,2.0,0.0,0.09285714285714286,-4.0,0,0,0,0
1873,1,51,1,9500,1,1,170.0,1,1,1,4,10,125.0,0,0,0,1,1,0,20,0,0,7,7,7,15.66,0,7,10,11,9,15.01111111,0,11.1,0.6,2.02,Graduate,1.0,1.0,0.0,0.783,-45.0,0,0,0,0
1874,1,39,1,8014,0,1,133.1,1,34,34,0,0,97.5,1,0,0,1,1,0,29,0,0,6,10,0,0.0,1,0,5,10,0,0.0,0,7.6,2.6,0.32,Dropout,0.0,1.6666666666666667,0.16666666666666666,0.0,-35.599999999999994,0,0,0,1
1875,1,1,4,9773,1,1,133.0,1,19,19,7,7,134.4,1,0,0,1,1,1,20,0,0,6,6,6,12.16666667,0,0,6,8,4,12.75,0,9.4,-0.8,-3.12,Graduate,1.0,1.0,0.0,0.6083333335,1.4000000000000057,0,0,0,0
1876,1,1,1,9500,1,1,125.0,1,37,37,9,9,118.8,0,0,0,1,1,0,24,0,0,7,7,6,13.3,0,0,7,7,6,13.3,0,7.6,2.6,0.32,Graduate,0.8571428571428571,1.0,0.0,0.57,-6.200000000000003,0,0,0,0
1877,1,39,1,9556,1,19,133.1,1,42,1,3,7,110.5,0,0,0,1,1,0,37,0,0,7,15,0,0.0,0,0,7,13,0,0.0,1,11.1,0.6,2.02,Dropout,0.0,2.142857142857143,0.0,0.0,-22.599999999999994,0,0,0,1
1878,1,1,5,9500,1,1,143.0,1,37,19,4,4,123.3,1,0,0,1,1,0,18,0,0,7,0,0,0.0,0,0,8,0,0,0.0,0,7.6,2.6,0.32,Dropout,0.0,0.0,0.0,0.0,-19.700000000000003,0,0,0,0
1879,1,1,2,171,1,1,127.0,1,2,19,5,5,139.6,1,0,1,0,1,1,18,0,0,0,0,0,0.0,0,0,0,0,0,0.0,0,13.9,-0.3,0.79,Dropout,0.0,0.0,0.0,0.0,12.599999999999994,1,0,1,0
1880,1,17,1,9500,1,1,157.0,1,19,3,4,9,138.8,0,0,0,1,1,0,18,0,0,8,8,7,13.55714286,0,0,8,8,7,13.55714286,0,12.7,3.7,-1.7,Graduate,0.875,1.0,0.0,0.593125000125,-18.19999999999999,0,0,0,0
1881,2,44,1,9119,1,39,160.0,1,37,37,9,9,160.0,0,0,1,1,1,0,41,0,3,7,15,5,14.33333333,0,1,6,16,6,14.63636364,0,12.4,0.5,1.79,Enrolled,0.7142857142857143,2.142857142857143,0.0,0.5119047617857143,0.0,0,0,1,1
1882,1,39,1,9003,1,1,140.0,1,37,37,9,4,140.0,0,0,0,1,1,0,35,0,0,6,16,4,12.0,0,0,6,11,3,10.33333333,0,13.9,-0.3,0.79,Dropout,0.6666666666666666,2.6666666666666665,0.0,0.39999999999999997,0.0,0,0,0,1
1883,1,17,1,9254,1,1,128.0,1,19,38,9,9,118.2,0,0,0,1,0,0,19,0,0,5,5,0,0.0,0,0,6,0,0,0.0,0,8.9,1.4,3.51,Dropout,0.0,1.0,0.0,0.0,-9.799999999999997,0,0,0,0
1884,1,1,1,171,1,1,145.0,1,1,19,10,5,150.6,1,0,0,1,1,0,18,0,0,0,0,0,0.0,0,0,0,0,0,0.0,0,10.8,1.4,1.74,Graduate,0.0,0.0,0.0,0.0,5.599999999999994,1,0,0,0
1885,2,39,1,9500,1,1,133.1,1,37,37,191,172,115.2,0,0,0,1,0,0,48,0,0,7,11,4,11.75,0,0,7,14,3,11.725,0,11.1,0.6,2.02,Enrolled,0.5714285714285714,1.5714285714285714,0.0,0.3357142857142857,-17.89999999999999,0,0,0,1
1886,1,1,1,9500,1,1,132.0,1,19,2,9,3,126.0,1,0,0,1,0,0,19,0,0,7,7,6,12.18333333,0,0,7,7,6,12.18333333,0,7.6,2.6,0.32,Graduate,0.8571428571428571,1.0,0.0,0.522142857,-6.0,0,0,0,0
1887,1,44,1,9003,1,39,160.0,1,37,37,9,7,160.0,1,0,0,0,1,0,30,0,4,9,18,6,11.83333333,0,1,8,21,4,11.0,0,15.5,2.8,-4.06,Dropout,0.6666666666666666,2.0,0.0,0.3944444443333333,0.0,0,0,1,1
1888,2,43,1,9773,1,1,160.0,1,37,37,5,0,160.0,0,0,1,0,1,0,51,0,0,4,4,0,0.0,0,0,4,4,0,0.0,0,12.7,3.7,-1.7,Dropout,0.0,1.0,0.0,0.0,0.0,0,0,1,1
1889,1,10,1,9085,1,1,184.4,22,2,19,2,8,184.4,0,0,0,1,0,0,18,1,0,6,8,6,15.0,0,0,6,10,5,14.33333333,0,11.1,0.6,2.02,Graduate,1.0,1.3333333333333333,0.0,0.75,0.0,0,0,0,0
1890,1,1,1,171,1,1,149.0,1,1,1,9,3,156.0,1,0,0,1,0,0,18,0,0,0,0,0,0.0,0,0,0,0,0,0.0,0,10.8,1.4,1.74,Graduate,0.0,0.0,0.0,0.0,7.0,1,0,0,0
1891,1,1,1,171,1,1,146.0,1,40,43,4,4,150.2,1,0,0,1,0,0,18,0,0,0,0,0,0.0,0,0,0,0,0,0.0,0,11.1,0.6,2.02,Graduate,0.0,0.0,0.0,0.0,4.199999999999989,1,0,0,0
1892,1,1,5,9500,1,1,139.0,1,38,37,7,7,126.3,1,0,0,1,0,1,18,0,0,8,8,8,13.435,0,0,8,8,8,13.435,0,9.4,-0.8,-3.12,Graduate,1.0,1.0,0.0,0.6717500000000001,-12.700000000000003,0,0,0,0
1893,1,1,1,9130,1,1,152.0,1,2,22,4,3,146.1,1,0,0,1,0,0,18,0,0,5,8,4,13.5,2,0,5,9,0,0.0,3,10.8,1.4,1.74,Dropout,0.8,1.6,0.4,0.54,-5.900000000000006,0,0,0,0
1894,1,1,1,171,1,1,147.0,1,2,3,4,8,145.3,1,0,0,1,0,0,18,0,0,0,0,0,0.0,0,0,0,0,0,0.0,0,12.4,0.5,1.79,Enrolled,0.0,0.0,0.0,0.0,-1.6999999999999886,1,0,0,0
1895,1,18,1,171,1,1,121.0,1,1,1,4,3,116.8,1,0,0,1,0,0,23,0,15,17,18,17,11.5,0,16,17,17,17,12.17647059,0,12.4,0.5,1.79,Graduate,1.0,1.0588235294117647,0.0,0.575,-4.200000000000003,0,0,0,0
1896,1,1,1,9070,1,1,124.0,1,19,19,7,9,132.1,1,0,0,1,0,0,19,0,0,6,10,2,10.5,0,0,6,6,3,11.0,0,7.6,2.6,0.32,Enrolled,0.3333333333333333,1.6666666666666667,0.0,0.175,8.099999999999994,0,0,0,0
1897,1,1,1,9085,1,1,105.0,1,19,37,8,8,102.6,0,1,0,1,0,0,21,0,0,6,13,4,12.0,0,0,6,17,2,11.5,0,11.1,0.6,2.02,Enrolled,0.6666666666666666,2.1666666666666665,0.0,0.39999999999999997,-2.4000000000000057,0,0,0,0
1898,1,1,1,9773,1,1,121.0,1,3,3,2,2,112.3,1,0,1,0,0,0,18,0,0,6,7,5,12.2,0,0,6,11,4,11.5,0,11.1,0.6,2.02,Dropout,0.8333333333333334,1.1666666666666667,0.0,0.5083333333333333,-8.700000000000003,0,0,1,0
1899,1,1,1,171,1,1,143.0,1,12,12,4,1,155.3,1,1,0,1,0,0,18,0,0,0,0,0,0.0,0,0,0,0,0,0.0,0,11.1,0.6,2.02,Graduate,0.0,0.0,0.0,0.0,12.300000000000011,1,0,0,0
1900,1,53,1,9085,1,42,150.0,1,3,1,2,8,153.8,1,0,0,1,0,0,21,0,7,11,15,10,14.5,0,4,9,15,8,14.0,0,8.9,1.4,3.51,Graduate,0.9090909090909091,1.3636363636363635,0.0,0.6590909090909091,3.8000000000000114,0,0,0,0
1901,1,43,1,9773,1,1,126.0,1,1,37,3,0,110.0,0,0,1,1,0,0,20,0,0,6,7,6,13.33333333,0,0,6,8,6,12.66666667,0,12.4,0.5,1.79,Graduate,1.0,1.1666666666666667,0.0,0.6666666665000001,-16.0,0,0,1,0
1902,1,42,1,9085,1,1,133.1,1,1,9,4,4,128.2,0,0,0,1,0,0,24,0,5,11,29,9,12.0,6,4,10,21,9,12.55555556,0,9.4,-0.8,-3.12,Graduate,0.8181818181818182,2.6363636363636362,0.5454545454545454,0.4909090909090909,-4.900000000000006,0,0,0,0
1903,1,1,1,9130,1,1,127.0,1,1,1,4,4,120.4,1,0,0,1,0,0,18,0,0,6,9,6,15.125,0,0,6,9,6,14.0,0,13.9,-0.3,0.79,Graduate,1.0,1.5,0.0,0.75625,-6.599999999999994,0,0,0,0
1904,1,17,1,9500,1,1,160.0,1,19,1,4,10,153.0,1,0,0,1,0,0,18,0,0,7,7,6,13.11666667,0,0,7,7,6,13.11666667,0,7.6,2.6,0.32,Graduate,0.8571428571428571,1.0,0.0,0.5621428572857143,-7.0,0,0,0,0
1905,1,1,1,9773,1,1,121.0,1,19,1,7,9,117.9,1,0,0,1,0,0,19,0,0,6,7,6,12.83333333,0,0,6,7,6,11.66666667,0,11.1,0.6,2.02,Graduate,1.0,1.1666666666666667,0.0,0.6416666665,-3.0999999999999943,0,0,0,0
1906,1,44,1,9238,1,39,150.0,1,1,37,4,8,145.6,1,0,0,1,0,1,20,0,3,6,6,6,13.33333333,0,2,6,6,6,14.16666667,0,13.9,-0.3,0.79,Graduate,1.0,1.0,0.0,0.6666666665000001,-4.400000000000006,0,0,0,0
1907,1,1,6,9500,1,1,117.0,1,4,12,5,9,119.8,1,0,0,1,0,0,18,0,0,7,7,7,13.87714286,0,0,8,8,8,15.6625,0,12.4,0.5,1.79,Graduate,1.0,1.0,0.0,0.693857143,2.799999999999997,0,0,0,0
1908,1,1,6,9500,1,1,141.0,1,19,1,9,10,126.8,1,0,0,1,0,0,18,0,0,8,8,7,12.94428571,0,0,8,8,7,12.94428571,0,10.8,1.4,1.74,Graduate,0.875,1.0,0.0,0.5663124998125,-14.200000000000003,0,0,0,0
1909,1,17,1,9853,1,1,112.0,1,2,19,3,9,106.1,1,0,0,1,0,0,19,0,0,6,8,5,12.33333333,0,0,6,8,5,11.0,0,15.5,2.8,-4.06,Enrolled,0.8333333333333334,1.3333333333333333,0.0,0.51388888875,-5.900000000000006,0,0,0,0
1910,1,1,1,9500,1,1,148.0,1,3,3,2,2,137.3,1,0,0,1,0,0,19,0,0,7,7,6,14.26666667,0,0,7,7,6,14.26666667,0,7.6,2.6,0.32,Graduate,0.8571428571428571,1.0,0.0,0.6114285715714285,-10.699999999999989,0,0,0,0
1911,1,1,2,9670,1,1,120.0,1,3,19,4,5,115.5,1,0,0,1,0,0,18,0,0,6,8,5,13.0,0,0,6,8,5,14.0,0,13.9,-0.3,0.79,Graduate,0.8333333333333334,1.3333333333333333,0.0,0.5416666666666667,-4.5,0,0,0,0
1912,1,1,2,9500,1,1,132.0,1,37,37,5,7,127.5,1,0,0,1,0,0,20,0,0,8,8,8,12.48375,0,0,8,8,8,12.48375,0,9.4,-0.8,-3.12,Graduate,1.0,1.0,0.0,0.6241875,-4.5,0,0,0,0
1913,1,1,2,9556,1,1,125.0,1,38,1,9,3,116.3,1,0,0,1,0,0,18,0,0,7,8,7,13.42857143,0,0,8,8,8,15.3125,0,16.2,0.3,-0.92,Graduate,1.0,1.1428571428571428,0.0,0.6714285715,-8.700000000000003,0,0,0,0
1914,2,17,3,8014,0,1,123.0,1,19,37,3,3,113.2,0,0,1,0,0,0,18,0,0,6,9,3,10.66666667,0,0,6,12,0,0.0,0,7.6,2.6,0.32,Dropout,0.5,1.5,0.0,0.26666666675,-9.799999999999997,0,0,1,0
1915,1,1,1,9853,1,1,142.0,1,12,12,9,4,132.6,1,0,0,1,0,0,18,0,0,6,8,5,15.4,0,0,6,7,5,12.2,0,7.6,2.6,0.32,Graduate,0.8333333333333334,1.3333333333333333,0.0,0.6416666666666667,-9.400000000000006,0,0,0,0
1916,1,1,4,9500,1,1,148.0,1,1,37,4,8,132.0,1,0,0,1,0,0,18,0,0,7,7,6,13.45,0,0,7,7,6,13.45,0,7.6,2.6,0.32,Graduate,0.8571428571428571,1.0,0.0,0.5764285714285714,-16.0,0,0,0,0
1917,1,17,5,9500,1,1,136.0,1,19,38,5,8,130.3,1,0,0,1,0,1,18,0,0,7,7,6,12.6,0,0,7,7,6,12.6,0,7.6,2.6,0.32,Graduate,0.8571428571428571,1.0,0.0,0.5399999999999999,-5.699999999999989,0,0,0,0
1918,1,1,4,9500,1,1,123.0,1,19,38,9,10,116.7,1,0,0,1,0,0,20,0,0,7,7,7,12.48571429,0,0,8,12,8,12.9375,0,16.2,0.3,-0.92,Graduate,1.0,1.0,0.0,0.6242857145,-6.299999999999997,0,0,0,0
1919,1,1,2,9070,1,1,135.0,1,19,37,9,9,134.0,1,0,0,1,0,1,22,0,0,6,10,5,10.8,0,0,6,7,5,12.8,0,12.7,3.7,-1.7,Graduate,0.8333333333333334,1.6666666666666667,0.0,0.45000000000000007,-1.0,0,0,0,0
1920,1,43,1,9670,1,1,151.0,1,19,19,1,1,100.0,0,0,1,1,0,0,20,0,0,6,12,5,12.2,0,0,6,8,5,14.6,0,13.9,-0.3,0.79,Enrolled,0.8333333333333334,2.0,0.0,0.5083333333333333,-51.0,0,0,1,0
1921,1,44,1,9085,1,39,140.0,1,1,1,3,7,140.0,1,0,0,1,0,0,20,0,2,6,11,5,14.2,0,0,6,12,2,13.5,0,13.9,-0.3,0.79,Enrolled,0.8333333333333334,1.8333333333333333,0.0,0.5916666666666667,0.0,0,0,0,0
1922,1,1,2,9238,1,1,136.0,1,37,38,9,8,139.2,1,0,0,1,0,0,18,0,0,6,7,6,13.83333333,0,0,6,6,6,14.0,0,9.4,-0.8,-3.12,Graduate,1.0,1.1666666666666667,0.0,0.6916666665,3.1999999999999886,0,0,0,0
1923,1,1,1,9853,1,1,142.0,1,19,1,9,1,132.6,0,0,0,1,0,0,18,0,0,6,8,5,12.8,0,0,6,14,3,10.0,0,9.4,-0.8,-3.12,Enrolled,0.8333333333333334,1.3333333333333333,0.0,0.5333333333333333,-9.400000000000006,0,0,0,0
1924,1,17,3,9147,1,1,142.0,1,37,38,5,1,129.4,0,0,0,1,0,0,18,0,0,5,5,5,13.2,0,0,5,6,4,12.5,0,9.4,-0.8,-3.12,Graduate,1.0,1.0,0.0,0.6599999999999999,-12.599999999999994,0,0,0,0
1925,1,17,1,9670,1,1,127.0,1,1,38,4,7,125.6,0,0,1,1,0,1,18,0,0,6,7,1,14.0,0,0,6,6,0,0.0,0,15.5,2.8,-4.06,Dropout,0.16666666666666666,1.1666666666666667,0.0,0.11666666666666665,-1.4000000000000057,0,0,1,0
1926,1,17,1,9238,1,1,131.0,1,1,1,4,10,129.3,0,0,0,1,0,0,19,0,4,8,8,8,13.875,0,1,6,8,5,14.0,0,11.1,0.6,2.02,Graduate,1.0,1.0,0.0,0.69375,-1.6999999999999886,0,0,0,0
1927,1,1,1,9085,1,1,134.0,1,38,19,9,4,128.4,1,0,0,1,0,1,19,0,0,5,7,5,12.5,0,0,5,8,5,12.71428571,0,10.8,1.4,1.74,Graduate,1.0,1.4,0.0,0.625,-5.599999999999994,0,0,0,0
1928,1,17,2,9773,1,1,142.0,1,19,19,9,9,139.9,0,0,0,1,0,1,18,0,0,6,7,6,13.42857143,0,0,6,6,6,12.5,0,13.9,-0.3,0.79,Graduate,1.0,1.1666666666666667,0.0,0.6714285715,-2.0999999999999943,0,0,0,0
1929,1,1,1,9070,1,1,123.0,1,38,38,9,5,124.8,0,0,0,0,0,1,18,0,0,6,7,5,11.8,0,0,6,7,5,13.0,0,8.9,1.4,3.51,Enrolled,0.8333333333333334,1.1666666666666667,0.0,0.49166666666666675,1.7999999999999972,0,0,1,0
1930,1,17,3,9500,1,1,133.0,1,1,1,9,9,128.5,1,0,0,1,0,1,18,0,0,7,7,7,14.86857143,0,0,8,9,8,15.11111111,0,11.1,0.6,2.02,Graduate,1.0,1.0,0.0,0.7434285715,-4.5,0,0,0,0
1931,1,1,4,9500,1,1,125.0,1,19,1,1,1,117.8,1,0,0,1,0,0,18,0,0,7,10,7,13.03,0,0,8,8,8,13.21875,0,15.5,2.8,-4.06,Graduate,1.0,1.4285714285714286,0.0,0.6515,-7.200000000000003,0,0,0,0
1932,1,17,1,9670,1,1,120.0,1,38,38,5,7,115.1,1,0,0,1,0,0,19,0,0,6,7,6,14.57142857,0,0,6,7,6,12.33333333,0,12.4,0.5,1.79,Graduate,1.0,1.1666666666666667,0.0,0.7285714285,-4.900000000000006,0,0,0,0
1933,1,17,2,9238,1,1,125.0,1,19,19,3,3,118.0,1,0,0,1,0,0,18,0,0,6,9,5,11.0,0,0,6,9,4,11.25,0,8.9,1.4,3.51,Graduate,0.8333333333333334,1.5,0.0,0.45833333333333337,-7.0,0,0,0,0
1934,1,39,1,9500,1,19,133.1,1,19,37,9,4,120.0,0,0,0,1,0,1,25,0,0,8,8,8,13.3675,0,0,8,8,8,13.3675,0,9.4,-0.8,-3.12,Graduate,1.0,1.0,0.0,0.6683749999999999,-13.099999999999994,0,0,0,1
1935,1,1,4,9500,1,1,133.1,1,19,38,9,9,119.6,1,0,0,1,0,1,19,0,0,7,7,6,12.80833333,0,0,8,11,7,12.82571429,0,12.4,0.5,1.79,Graduate,0.8571428571428571,1.0,0.0,0.5489285712857143,-13.5,0,0,0,0
1936,1,17,6,9500,1,1,143.0,1,1,38,3,3,133.2,1,0,0,1,0,0,18,0,0,7,7,7,13.91857143,0,0,8,9,8,13.8875,0,11.1,0.6,2.02,Graduate,1.0,1.0,0.0,0.6959285715,-9.800000000000011,0,0,0,0
1937,1,17,1,9130,1,1,147.0,1,4,1,2,10,141.8,1,0,0,1,0,0,19,0,0,6,8,6,13.0,0,0,6,9,4,12.8,0,13.9,-0.3,0.79,Graduate,1.0,1.3333333333333333,0.0,0.65,-5.199999999999989,0,0,0,0
1938,2,1,1,9500,1,1,142.0,1,19,38,4,5,130.3,0,0,0,1,0,0,18,0,0,7,7,6,13.68333333,0,0,7,7,6,13.68333333,0,7.6,2.6,0.32,Graduate,0.8571428571428571,1.0,0.0,0.5864285712857142,-11.699999999999989,0,0,0,0
1939,1,39,1,9085,1,1,150.0,1,19,19,4,10,100.0,0,0,0,1,0,0,24,0,1,6,11,5,13.0,0,1,6,12,1,12.0,0,13.9,-0.3,0.79,Dropout,0.8333333333333334,1.8333333333333333,0.0,0.5416666666666667,-50.0,0,0,0,0
1940,1,1,2,9773,1,1,124.0,1,3,3,3,4,114.6,1,0,0,1,0,0,21,0,0,6,8,5,12.8,0,0,6,7,5,11.2,0,11.1,0.6,2.02,Graduate,0.8333333333333334,1.3333333333333333,0.0,0.5333333333333333,-9.400000000000006,0,0,0,0
1941,1,1,2,9254,1,1,136.0,1,1,1,9,4,123.4,1,0,0,1,0,1,18,0,0,6,9,6,13.57142857,0,0,6,6,6,12.16666667,0,8.9,1.4,3.51,Graduate,1.0,1.5,0.0,0.6785714285,-12.599999999999994,0,0,0,0
1942,1,1,1,9238,1,1,116.0,1,38,38,9,6,116.4,1,0,0,1,0,0,18,0,0,6,6,6,13.16666667,0,0,6,6,6,13.16666667,0,8.9,1.4,3.51,Graduate,1.0,1.0,0.0,0.6583333335,0.4000000000000057,0,0,0,0
1943,2,1,1,9070,1,1,127.0,1,12,19,9,9,123.2,0,0,0,1,0,1,20,0,0,6,6,6,15.0,0,0,6,6,6,14.5,0,11.1,0.6,2.02,Graduate,1.0,1.0,0.0,0.75,-3.799999999999997,0,0,0,0
1944,1,1,1,9070,1,1,117.0,1,4,19,3,5,123.7,1,0,0,1,0,0,19,0,0,6,6,6,12.66666667,0,0,6,8,5,11.4,0,12.4,0.5,1.79,Graduate,1.0,1.0,0.0,0.6333333335,6.700000000000003,0,0,0,0
1945,1,1,2,9773,1,1,116.0,1,1,19,4,7,127.6,1,0,0,1,0,1,19,0,0,6,7,6,13.85714286,0,0,6,7,6,13.14285714,0,13.9,-0.3,0.79,Dropout,1.0,1.1666666666666667,0.0,0.692857143,11.599999999999994,0,0,0,0
1946,1,1,4,9500,1,1,129.0,1,37,37,9,9,117.1,1,0,0,1,0,0,30,0,0,7,7,7,14.69285714,0,0,8,8,8,14.9625,0,12.4,0.5,1.79,Graduate,1.0,1.0,0.0,0.734642857,-11.900000000000006,0,0,0,1
1947,1,1,1,9500,1,1,157.0,1,19,38,5,3,149.3,0,0,0,1,0,0,18,0,0,8,8,8,14.035,0,0,8,8,8,14.035,0,9.4,-0.8,-3.12,Graduate,1.0,1.0,0.0,0.70175,-7.699999999999989,0,0,0,0
1948,1,17,1,9085,1,1,135.0,1,1,19,4,10,125.6,1,0,0,1,0,0,18,0,0,5,8,4,11.0,1,0,5,8,3,14.0,0,12.7,3.7,-1.7,Graduate,0.8,1.6,0.2,0.44000000000000006,-9.400000000000006,0,0,0,0
1949,1,1,1,9773,1,1,139.0,1,38,38,9,9,145.0,1,0,0,1,0,1,18,0,0,6,6,6,13.33333333,0,0,6,6,6,13.33333333,0,9.4,-0.8,-3.12,Graduate,1.0,1.0,0.0,0.6666666665000001,6.0,0,0,0,0
1950,1,18,1,9500,1,1,115.0,1,38,37,5,5,115.0,0,0,0,1,0,0,20,0,0,7,13,6,11.7725,0,0,8,9,7,12.33,0,15.5,2.8,-4.06,Graduate,0.8571428571428571,1.8571428571428572,0.0,0.5045357142857143,0.0,0,0,0,0
1951,1,1,1,9254,1,1,123.0,1,38,38,4,7,114.3,0,0,0,1,0,0,19,0,0,6,0,0,0.0,0,0,6,0,0,0.0,0,11.1,0.6,2.02,Dropout,0.0,0.0,0.0,0.0,-8.700000000000003,0,0,0,0
1952,1,43,2,9254,1,1,140.0,1,19,19,9,9,126.0,1,0,0,1,0,0,19,0,0,6,0,0,0.0,0,0,6,12,0,0.0,0,10.8,1.4,1.74,Dropout,0.0,0.0,0.0,0.0,-14.0,0,0,0,0
1953,1,1,1,171,1,1,138.0,1,19,37,7,7,124.0,1,0,0,0,0,0,19,0,0,0,0,0,0.0,0,0,0,0,0,0.0,0,10.8,1.4,1.74,Dropout,0.0,0.0,0.0,0.0,-14.0,1,0,1,0
1954,1,1,4,9254,1,1,132.0,1,1,38,5,6,122.6,1,0,0,1,0,1,18,0,0,6,7,6,12.28571429,0,0,6,6,6,12.0,0,8.9,1.4,3.51,Graduate,1.0,1.1666666666666667,0.0,0.6142857145,-9.400000000000006,0,0,0,0
1955,1,1,4,9500,1,1,140.0,1,3,19,2,3,133.8,1,0,0,1,0,0,17,0,0,8,14,5,12.46,0,0,8,14,5,12.46,0,10.8,1.4,1.74,Enrolled,0.625,1.75,0.0,0.389375,-6.199999999999989,0,0,0,0
1956,1,18,1,9853,1,1,117.0,1,19,38,4,0,113.5,1,0,0,1,0,0,19,0,0,7,10,6,12.16666667,0,0,7,9,6,13.16666667,0,12.4,0.5,1.79,Graduate,0.8571428571428571,1.4285714285714286,0.0,0.5214285715714285,-3.5,0,0,0,0
1957,1,1,4,9238,1,1,125.0,1,19,1,4,5,122.6,1,1,0,1,0,0,18,0,0,6,9,5,11.83333333,0,0,6,8,2,11.5,0,13.9,-0.3,0.79,Enrolled,0.8333333333333334,1.5,0.0,0.4930555554166667,-2.4000000000000057,0,0,0,0
1958,1,7,1,9500,1,3,140.0,1,37,37,4,4,140.0,0,0,0,1,0,0,25,0,0,8,8,7,14.80571429,0,0,8,8,7,14.80571429,0,10.8,1.4,1.74,Graduate,0.875,1.0,0.0,0.6477500001875,0.0,0,0,0,1
1959,1,1,1,9238,1,1,133.1,1,12,38,4,9,107.0,1,0,0,1,0,0,19,0,0,6,11,5,10.6,0,0,6,10,6,11.71428571,0,11.1,0.6,2.02,Dropout,0.8333333333333334,1.8333333333333333,0.0,0.4416666666666667,-26.099999999999994,0,0,0,0
1960,1,53,1,9085,1,42,130.0,1,19,1,9,9,130.0,1,0,1,0,0,0,24,0,7,9,9,8,13.125,0,4,9,13,6,13.0,0,8.9,1.4,3.51,Enrolled,0.8888888888888888,1.0,0.0,0.5833333333333333,0.0,0,0,1,0
1961,1,1,1,9238,1,1,134.0,1,1,1,4,9,124.2,1,0,1,1,0,1,19,0,0,6,6,6,12.83333333,0,0,6,6,6,12.66666667,0,9.4,-0.8,-3.12,Graduate,1.0,1.0,0.0,0.6416666665,-9.799999999999997,0,0,1,0
1962,1,18,1,9500,1,1,128.0,1,19,1,9,4,125.8,0,0,0,1,0,1,20,0,0,8,8,0,0.0,8,0,8,8,0,0.0,8,9.4,-0.8,-3.12,Enrolled,0.0,1.0,1.0,0.0,-2.200000000000003,0,0,0,0
1963,1,1,1,9670,1,1,115.0,1,1,1,5,4,108.0,1,0,0,1,0,1,20,0,0,6,9,5,13.0,0,0,6,6,5,13.8,0,12.4,0.5,1.79,Graduate,0.8333333333333334,1.5,0.0,0.5416666666666667,-7.0,0,0,0,0
1964,1,1,2,9500,1,1,119.0,1,1,1,4,4,115.2,1,0,0,1,0,1,20,0,0,7,8,7,12.725,0,0,8,8,8,13.7125,0,13.9,-0.3,0.79,Graduate,1.0,1.1428571428571428,0.0,0.63625,-3.799999999999997,0,0,0,0
1965,1,17,1,9085,1,1,131.0,1,1,3,4,1,129.3,1,0,0,1,0,0,19,0,0,5,10,4,11.25,1,0,5,10,3,10.33333333,0,12.7,3.7,-1.7,Graduate,0.8,2.0,0.2,0.45,-1.6999999999999886,0,0,0,0
1966,1,7,1,9003,1,4,120.0,1,3,1,2,4,120.0,1,0,0,1,0,0,31,0,8,12,12,11,13.81818182,0,4,12,16,12,13.46153846,0,15.5,2.8,-4.06,Graduate,0.9166666666666666,1.0,0.0,0.6333333334166666,0.0,0,0,0,1
1967,1,1,1,9085,1,1,120.0,1,1,19,3,4,116.7,0,0,0,1,0,0,20,0,0,5,12,3,12.33333333,2,0,5,8,3,13.0,1,9.4,-0.8,-3.12,Graduate,0.6,2.4,0.4,0.3699999999,-3.299999999999997,0,0,0,0
1968,1,1,3,9085,1,1,135.0,1,3,2,4,3,121.0,1,0,0,1,0,0,18,0,0,5,14,3,12.33333333,2,0,5,8,5,11.6,0,9.4,-0.8,-3.12,Enrolled,0.6,2.8,0.4,0.3699999999,-14.0,0,0,0,0
1969,1,17,1,9853,1,1,146.0,1,1,1,3,4,128.2,0,0,1,1,0,0,18,0,0,6,8,4,13.25,0,0,6,10,3,10.66666667,0,12.7,3.7,-1.7,Enrolled,0.6666666666666666,1.3333333333333333,0.0,0.44166666666666665,-17.80000000000001,0,0,1,0
1970,1,1,4,9670,1,1,133.0,1,1,2,4,7,121.1,1,0,0,1,0,0,18,0,0,6,7,6,13.66666667,0,0,6,9,5,15.4,0,13.9,-0.3,0.79,Graduate,1.0,1.1666666666666667,0.0,0.6833333335,-11.900000000000006,0,0,0,0
1971,1,51,1,9238,1,1,122.0,1,19,3,5,2,112.6,0,0,1,1,0,0,20,0,5,11,18,8,12.625,0,4,10,10,3,11.0,0,11.1,0.6,2.02,Enrolled,0.7272727272727273,1.6363636363636365,0.0,0.4590909090909091,-9.400000000000006,0,0,1,0
1972,1,17,1,9085,1,1,128.0,1,2,19,2,4,123.3,1,0,0,1,0,1,20,0,0,6,6,6,14.83333333,0,0,6,8,6,12.14285714,0,8.9,1.4,3.51,Graduate,1.0,1.0,0.0,0.7416666665,-4.700000000000003,0,0,0,0
1973,1,17,2,9670,1,1,129.0,1,19,19,5,4,129.4,0,0,0,1,0,1,19,0,0,6,7,5,11.2,0,0,6,10,5,13.125,0,10.8,1.4,1.74,Dropout,0.8333333333333334,1.1666666666666667,0.0,0.4666666666666666,0.4000000000000057,0,0,0,0
1974,1,17,1,9147,1,1,122.0,1,19,19,4,6,119.9,0,0,0,1,0,1,21,0,0,5,6,5,11.4,0,0,5,6,5,12.2,0,12.7,3.7,-1.7,Graduate,1.0,1.2,0.0,0.5700000000000001,-2.0999999999999943,0,0,0,0
1975,1,1,4,9500,1,1,140.0,1,1,12,3,10,131.6,1,0,0,1,0,0,18,0,0,7,8,7,13.135,0,0,8,9,8,13.24444444,0,12.4,0.5,1.79,Graduate,1.0,1.1428571428571428,0.0,0.65675,-8.400000000000006,0,0,0,0
1976,1,51,1,9070,1,1,143.0,1,1,1,4,4,120.0,1,0,0,1,0,0,21,0,3,10,10,10,13.0,0,5,11,11,10,11.4,0,11.1,0.6,2.02,Dropout,1.0,1.0,0.0,0.65,-23.0,0,0,0,0
1977,1,1,4,9500,1,1,118.0,1,19,19,3,3,110.0,1,0,0,1,0,0,19,0,0,7,12,4,12.85,0,0,7,7,7,12.62142857,0,11.1,0.6,2.02,Enrolled,0.5714285714285714,1.7142857142857142,0.0,0.3671428571428571,-8.0,0,0,0,0
1978,1,44,1,9238,1,39,140.0,1,1,19,191,102,143.0,0,0,0,1,0,0,20,0,3,6,6,6,13.5,0,2,6,9,5,12.5,0,13.9,-0.3,0.79,Graduate,1.0,1.0,0.0,0.675,3.0,0,0,0,0
1979,1,44,1,9085,1,1,140.0,1,1,2,3,3,140.0,0,0,0,1,0,0,20,0,0,6,7,6,14.28571429,0,0,6,9,3,13.0,0,13.9,-0.3,0.79,Enrolled,1.0,1.1666666666666667,0.0,0.7142857145,0.0,0,0,0,0
1980,1,1,1,9670,1,1,123.0,1,12,1,9,9,119.2,1,0,0,1,0,1,18,0,0,6,8,5,13.5,0,0,6,6,6,14.5,0,12.4,0.5,1.79,Graduate,0.8333333333333334,1.3333333333333333,0.0,0.5625000000000001,-3.799999999999997,0,0,0,0
1981,1,1,1,9147,1,1,140.0,1,19,19,9,9,124.3,1,0,0,1,0,1,18,0,0,5,8,4,10.75,0,0,5,5,5,13.0,0,12.4,0.5,1.79,Graduate,0.8,1.6,0.0,0.43,-15.700000000000003,0,0,0,0
1982,1,17,1,9238,1,1,116.0,1,19,19,7,7,111.1,1,0,0,1,0,1,18,0,0,6,9,6,11.33333333,0,0,6,9,6,11.83333333,0,8.9,1.4,3.51,Graduate,1.0,1.5,0.0,0.5666666665,-4.900000000000006,0,0,0,0
1983,1,43,1,9085,1,39,150.0,1,38,37,6,6,150.0,1,0,0,1,0,1,21,0,2,7,15,3,13.0,2,1,5,12,5,13.28571429,1,10.8,1.4,1.74,Graduate,0.42857142857142855,2.142857142857143,0.2857142857142857,0.2785714285714286,0.0,0,0,0,0
1984,1,1,1,9500,1,1,147.0,1,38,19,5,8,147.3,0,0,0,1,0,0,18,0,0,7,7,6,13.96666667,0,0,7,7,6,13.96666667,0,7.6,2.6,0.32,Graduate,0.8571428571428571,1.0,0.0,0.5985714287142857,0.30000000000001137,0,0,0,0
1985,1,1,1,9500,1,1,162.0,1,19,1,5,5,147.5,1,0,0,1,0,1,18,0,0,8,8,8,14.14125,0,0,8,8,8,14.14125,0,9.4,-0.8,-3.12,Graduate,1.0,1.0,0.0,0.7070624999999999,-14.5,0,0,0,0
1986,1,17,2,9254,1,1,108.0,1,37,37,9,7,108.0,1,0,0,1,0,1,20,0,0,6,10,4,11.6,0,0,6,10,4,11.75,0,12.7,3.7,-1.7,Graduate,0.6666666666666666,1.6666666666666667,0.0,0.3866666666666666,0.0,0,0,0,0
1987,2,42,1,9500,1,2,130.0,1,37,37,9,9,130.0,0,0,0,1,0,1,32,0,0,8,8,8,14.6625,0,0,8,8,8,14.6625,0,9.4,-0.8,-3.12,Graduate,1.0,1.0,0.0,0.733125,0.0,0,0,0,1
1988,2,39,1,9991,0,1,140.0,1,37,37,9,10,130.0,0,0,0,1,0,0,34,0,0,5,5,0,0.0,0,0,5,5,0,0.0,0,9.4,-0.8,-3.12,Enrolled,0.0,1.0,0.0,0.0,-10.0,0,0,0,1
1989,1,1,2,9500,1,1,116.0,1,19,37,3,3,109.0,1,0,0,1,0,1,23,0,0,7,8,6,12.99333333,0,0,8,9,8,12.66875,0,11.1,0.6,2.02,Graduate,0.8571428571428571,1.1428571428571428,0.0,0.5568571427142858,-7.0,0,0,0,0
1990,1,1,5,9670,1,1,120.0,1,4,1,4,10,112.0,1,0,0,1,0,0,18,0,0,6,10,4,11.25,0,0,6,11,5,12.2,0,8.9,1.4,3.51,Enrolled,0.6666666666666666,1.6666666666666667,0.0,0.375,-8.0,0,0,0,0
1991,1,17,1,8014,0,1,132.0,1,37,19,5,5,121.2,0,0,0,1,0,0,18,0,0,6,8,5,12.2,0,0,6,10,5,12.8,0,10.8,1.4,1.74,Graduate,0.8333333333333334,1.3333333333333333,0.0,0.5083333333333333,-10.799999999999997,0,0,0,0
1992,1,43,1,171,1,2,140.0,1,37,37,9,9,140.0,1,0,0,1,0,0,34,0,0,0,0,0,0.0,0,0,0,0,0,0.0,0,10.8,1.4,1.74,Dropout,0.0,0.0,0.0,0.0,0.0,1,0,0,1
1993,1,39,1,8014,0,1,120.0,100,1,1,4,7,119.5,0,0,1,1,0,0,25,1,2,6,6,6,11.33333333,0,0,6,6,4,11.75,0,8.9,1.4,3.51,Enrolled,1.0,1.0,0.0,0.5666666665,-0.5,0,0,1,1
1994,1,1,1,9147,1,1,136.0,1,37,38,193,181,125.9,0,0,0,1,0,0,21,0,0,5,7,5,12.2,0,0,5,7,5,11.8,0,11.1,0.6,2.02,Graduate,1.0,1.4,0.0,0.61,-10.099999999999994,0,0,0,0
1995,1,1,1,9254,1,1,133.0,1,19,9,0,0,121.5,1,0,0,1,0,1,20,0,0,6,12,0,0.0,0,0,6,12,0,0.0,0,7.6,2.6,0.32,Dropout,0.0,2.0,0.0,0.0,-11.5,0,0,0,0
1996,1,1,5,9238,1,1,126.0,1,30,19,0,2,121.5,1,0,0,1,0,0,18,0,0,6,8,6,11.33333333,0,0,6,6,6,11.66666667,0,7.6,2.6,0.32,Graduate,1.0,1.3333333333333333,0.0,0.5666666665,-4.5,0,0,0,0
1997,1,17,1,9085,1,1,142.0,1,3,37,4,8,132.4,1,0,0,1,0,0,18,0,0,6,8,6,13.85714286,0,0,6,15,6,13.1,0,12.4,0.5,1.79,Graduate,1.0,1.3333333333333333,0.0,0.692857143,-9.599999999999994,0,0,0,0
1998,1,17,1,9773,1,1,121.0,1,37,37,9,9,122.4,0,0,0,1,0,0,18,0,0,6,7,6,12.85714286,0,0,6,6,6,13.33333333,0,13.9,-0.3,0.79,Graduate,1.0,1.1666666666666667,0.0,0.642857143,1.4000000000000057,0,0,0,0
1999,1,39,1,8014,0,1,134.0,1,37,38,4,7,110.0,1,0,0,1,0,0,24,0,0,6,10,1,10.0,0,0,6,12,0,0.0,0,9.4,-0.8,-3.12,Dropout,0.16666666666666666,1.6666666666666667,0.0,0.08333333333333333,-24.0,0,0,0,0
2000,1,51,1,9147,1,1,140.0,1,19,19,9,7,120.4,0,0,1,0,0,0,32,0,14,15,17,14,10.21428571,0,13,13,13,13,11.38461538,0,16.2,0.3,-0.92,Graduate,0.9333333333333333,1.1333333333333333,0.0,0.47666666646666667,-19.599999999999994,0,0,1,1
2001,1,39,1,9254,1,1,133.1,1,1,1,9,6,105.0,1,0,1,0,0,0,24,0,0,6,14,6,11.28571429,0,0,6,16,3,10.33333333,0,8.9,1.4,3.51,Dropout,1.0,2.3333333333333335,0.0,0.5642857145,-28.099999999999994,0,0,1,0
2002,1,1,1,9238,1,1,157.0,1,38,37,9,5,137.8,0,0,0,1,0,1,18,0,0,6,6,6,13.83333333,0,0,6,7,0,0.0,0,15.5,2.8,-4.06,Dropout,1.0,1.0,0.0,0.6916666665,-19.19999999999999,0,0,0,0
2003,1,51,1,9254,1,1,120.0,1,38,38,9,9,118.0,0,0,0,1,0,0,28,0,0,6,8,6,12.85714286,0,0,6,8,5,12.6,0,8.9,1.4,3.51,Graduate,1.0,1.3333333333333333,0.0,0.642857143,-2.0,0,0,0,1
2004,1,17,5,9853,1,1,134.0,1,19,38,4,8,122.1,1,0,0,1,0,1,18,0,0,6,8,6,11.66666667,0,0,6,9,4,12.0,0,10.8,1.4,1.74,Dropout,1.0,1.3333333333333333,0.0,0.5833333334999999,-11.900000000000006,0,0,0,0
2005,1,7,1,9853,1,3,140.0,1,34,34,0,0,140.0,1,0,0,0,0,0,24,0,0,6,12,0,0.0,0,0,5,10,0,0.0,0,9.4,-0.8,-3.12,Dropout,0.0,2.0,0.0,0.0,0.0,0,0,1,0
2006,1,1,1,9085,1,1,133.0,1,1,37,4,10,143.2,0,0,0,1,0,0,19,0,0,5,7,5,14.4,0,0,5,6,5,13.2,0,7.6,2.6,0.32,Graduate,1.0,1.4,0.0,0.72,10.199999999999989,0,0,0,0
2007,2,39,1,8014,0,1,146.0,1,37,37,9,8,120.5,0,0,0,1,0,0,44,0,0,6,6,6,14.83333333,0,0,6,6,6,14.16666667,0,10.8,1.4,1.74,Graduate,1.0,1.0,0.0,0.7416666665,-25.5,0,0,0,1
2008,1,16,3,9085,1,1,130.0,1,37,37,9,2,119.5,1,0,0,1,0,1,18,0,0,6,14,6,14.33333333,0,0,6,9,6,12.0,0,15.5,2.8,-4.06,Graduate,1.0,2.3333333333333335,0.0,0.7166666665,-10.5,0,0,0,0
2009,1,1,1,171,1,1,151.0,1,37,37,9,7,147.5,1,0,0,1,0,0,18,0,0,0,0,0,0.0,0,0,0,0,0,0.0,0,7.6,2.6,0.32,Graduate,0.0,0.0,0.0,0.0,-3.5,1,0,0,0
2010,1,1,6,9773,1,1,133.1,1,1,1,90,90,129.6,0,0,0,1,0,0,22,0,0,6,0,0,0.0,0,0,6,0,0,0.0,0,7.6,2.6,0.32,Dropout,0.0,0.0,0.0,0.0,-3.5,0,0,0,0
2011,1,18,1,9853,1,1,132.0,1,37,37,9,5,126.1,0,0,0,1,0,1,18,0,0,7,9,6,12.33333333,0,0,7,7,6,12.66666667,0,11.1,0.6,2.02,Graduate,0.8571428571428571,1.2857142857142858,0.0,0.5285714284285714,-5.900000000000006,0,0,0,0
2012,2,39,1,9991,0,1,110.0,1,37,37,9,4,160.0,0,0,0,1,0,0,44,0,0,5,5,5,11.8,0,0,5,5,5,12.4,0,15.5,2.8,-4.06,Graduate,1.0,1.0,0.0,0.5900000000000001,50.0,0,0,0,1
2013,5,39,1,9853,1,19,133.1,1,38,1,5,3,105.5,0,0,1,1,0,0,33,0,0,6,7,5,13.2,0,0,6,7,5,10.6,0,7.6,2.6,0.32,Dropout,0.8333333333333334,1.1666666666666667,0.0,0.5499999999999999,-27.599999999999994,0,0,1,1
2014,2,39,1,9853,1,1,110.0,1,37,37,9,9,95.5,0,0,1,0,0,0,32,0,0,6,6,0,0.0,0,0,5,10,0,0.0,0,10.8,1.4,1.74,Dropout,0.0,1.0,0.0,0.0,-14.5,0,0,1,1
2015,2,39,1,9003,1,1,133.1,1,19,19,4,4,107.5,0,0,0,0,0,0,35,0,0,6,0,0,0.0,0,0,6,0,0,0.0,0,15.5,2.8,-4.06,Dropout,0.0,0.0,0.0,0.0,-25.599999999999994,0,0,1,1
2016,1,1,1,9238,1,1,105.0,1,19,19,6,6,106.1,1,0,0,1,0,0,20,0,0,6,6,6,11.5,0,0,6,7,6,13.28571429,0,11.1,0.6,2.02,Graduate,1.0,1.0,0.0,0.575,1.0999999999999943,0,0,0,0
2017,1,39,1,9254,1,1,160.0,1,3,1,6,6,116.3,1,0,0,1,0,0,24,0,0,6,8,5,12.6,0,0,6,7,5,12.2,0,9.4,-0.8,-3.12,Graduate,0.8333333333333334,1.3333333333333333,0.0,0.525,-43.7,0,0,0,0
2018,1,1,1,9500,1,1,144.0,1,38,1,9,10,137.4,0,0,0,1,0,0,19,0,0,7,7,7,13.54285714,0,0,8,9,8,14.22222222,0,16.2,0.3,-0.92,Graduate,1.0,1.0,0.0,0.677142857,-6.599999999999994,0,0,0,0
2019,1,1,1,9254,1,1,100.0,1,19,19,5,5,101.8,1,0,0,1,0,0,21,0,0,6,8,5,11.6,0,0,6,6,5,13.0,0,12.4,0.5,1.79,Enrolled,0.8333333333333334,1.3333333333333333,0.0,0.48333333333333334,1.7999999999999972,0,0,0,0
2020,1,1,2,9773,1,1,143.0,1,1,1,4,9,144.1,1,0,0,1,1,1,19,0,0,6,7,6,13.66666667,0,0,6,6,6,13.83333333,0,12.7,3.7,-1.7,Graduate,1.0,1.1666666666666667,0.0,0.6833333335,1.0999999999999943,0,0,0,0
2021,1,42,1,9003,1,1,160.0,1,19,1,9,5,107.8,1,0,0,0,1,0,27,0,0,6,10,0,0.0,0,0,6,8,0,0.0,0,15.5,2.8,-4.06,Dropout,0.0,1.6666666666666667,0.0,0.0,-52.2,0,0,1,1
2022,1,39,1,9853,1,1,140.0,1,19,1,9,4,128.2,0,0,0,0,0,0,30,0,0,6,0,0,0.0,0,0,6,0,0,0.0,0,12.7,3.7,-1.7,Dropout,0.0,0.0,0.0,0.0,-11.800000000000011,0,0,1,1
2023,1,17,4,171,1,1,133.1,1,38,38,9,9,117.0,1,0,0,1,1,0,21,0,0,0,0,0,0.0,0,0,0,0,0,0.0,0,10.8,1.4,1.74,Dropout,0.0,0.0,0.0,0.0,-16.099999999999994,1,0,0,0
2024,1,1,1,9070,1,1,116.0,1,1,12,5,8,110.4,1,0,0,1,1,0,19,0,0,6,6,6,11.5,0,0,6,8,6,12.28571429,0,8.9,1.4,3.51,Graduate,1.0,1.0,0.0,0.575,-5.599999999999994,0,0,0,0
2025,2,39,1,9991,0,1,120.0,1,37,37,9,10,170.0,0,0,0,1,0,0,34,0,0,5,12,2,11.5,0,0,5,9,4,11.75,0,9.4,-0.8,-3.12,Enrolled,0.4,2.4,0.0,0.22999999999999998,50.0,0,0,0,1
2026,1,43,1,9500,1,1,141.0,1,4,19,4,10,100.0,0,0,0,1,1,0,18,0,0,7,7,7,11.82857143,0,0,8,10,7,12.9125,0,13.9,-0.3,0.79,Graduate,1.0,1.0,0.0,0.5914285715,-41.0,0,0,0,0
2027,1,1,1,171,1,1,110.0,1,3,2,3,3,117.0,1,0,0,1,1,0,21,0,0,0,0,0,0.0,0,0,0,0,0,0.0,0,9.4,-0.8,-3.12,Graduate,0.0,0.0,0.0,0.0,7.0,1,0,0,0
2028,1,1,2,171,1,1,127.0,1,3,39,1,3,133.5,1,0,0,1,1,0,17,0,0,0,0,0,0.0,0,0,0,0,0,0.0,0,15.5,2.8,-4.06,Enrolled,0.0,0.0,0.0,0.0,6.5,1,0,0,0
2029,1,1,1,9500,1,1,132.0,1,19,37,4,9,128.0,1,0,0,1,0,1,19,0,0,7,7,6,12.96666667,0,0,7,7,6,12.96666667,0,7.6,2.6,0.32,Graduate,0.8571428571428571,1.0,0.0,0.5557142858571428,-4.0,0,0,0,0
2030,1,1,1,9773,1,1,135.0,1,37,38,9,6,122.1,1,0,0,1,1,0,18,0,0,6,6,6,13.83333333,0,0,6,6,6,13.66666667,0,12.7,3.7,-1.7,Graduate,1.0,1.0,0.0,0.6916666665,-12.900000000000006,0,0,0,0
2031,1,17,2,9500,1,1,135.0,1,19,19,9,10,133.4,1,0,0,1,0,0,19,0,0,7,7,7,14.12571429,0,0,8,8,8,14.36875,0,11.1,0.6,2.02,Graduate,1.0,1.0,0.0,0.7062857145,-1.5999999999999943,0,0,0,0
2032,4,39,1,9254,1,1,140.0,1,38,37,9,9,112.0,0,0,1,1,0,0,45,0,4,10,12,5,12.16666667,4,2,8,8,0,0.0,2,12.7,3.7,-1.7,Dropout,0.5,1.2,0.4,0.30416666675,-28.0,0,0,1,1
2033,1,39,1,9085,1,1,133.1,1,19,37,9,6,130.0,1,0,0,1,0,0,26,0,0,6,17,6,12.66666667,0,0,6,21,4,12.25,0,15.5,2.8,-4.06,Graduate,1.0,2.8333333333333335,0.0,0.6333333335,-3.0999999999999943,0,0,0,1
2034,2,39,2,9991,0,1,100.0,1,37,37,9,9,100.0,1,0,0,1,1,0,51,0,0,4,4,0,0.0,0,0,5,0,0,0.0,0,12.7,3.7,-1.7,Dropout,0.0,1.0,0.0,0.0,0.0,0,0,0,1
2035,2,39,1,9773,1,19,133.1,1,37,37,6,6,162.0,0,0,1,1,1,1,49,0,0,6,8,6,12.28571429,0,0,6,7,6,14.16666667,0,10.8,1.4,1.74,Graduate,1.0,1.3333333333333333,0.0,0.6142857145,28.900000000000006,0,0,1,1
2036,1,42,1,9500,1,1,100.0,1,3,19,2,8,153.0,0,0,0,1,1,0,22,0,3,6,7,3,14.5,0,4,7,8,4,14.375,0,15.5,2.8,-4.06,Enrolled,0.5,1.1666666666666667,0.0,0.3625,53.0,0,0,0,0
2037,1,17,1,9147,1,1,137.0,1,1,37,5,9,131.4,1,0,0,1,1,0,22,0,0,5,8,2,10.0,0,0,5,7,1,10.0,0,7.6,2.6,0.32,Dropout,0.4,1.6,0.0,0.2,-5.599999999999994,0,0,0,0
2038,2,7,1,9130,1,3,120.0,1,3,3,1,1,128.2,0,0,0,1,0,0,33,0,1,5,11,2,11.5,1,1,5,8,2,12.0,0,9.4,-0.8,-3.12,Dropout,0.4,2.2,0.2,0.22999999999999998,8.199999999999989,0,0,0,1
2039,1,10,1,9670,1,1,148.9,22,37,37,9,9,148.9,0,0,0,1,0,0,20,1,0,5,6,5,11.6,0,0,5,6,4,11.5,0,9.4,-0.8,-3.12,Graduate,1.0,1.2,0.0,0.58,0.0,0,0,0,0
2040,1,1,4,9238,1,1,134.0,1,38,19,7,7,128.4,1,0,0,1,0,1,18,0,0,6,6,6,12.5,0,0,6,6,6,11.66666667,0,10.8,1.4,1.74,Graduate,1.0,1.0,0.0,0.625,-5.599999999999994,0,0,0,0
2041,1,1,5,9853,1,1,128.0,1,38,37,9,9,120.3,1,0,1,0,0,0,20,0,0,6,9,3,11.66666667,0,0,6,10,2,11.0,0,10.8,1.4,1.74,Dropout,0.5,1.5,0.0,0.29166666674999997,-7.700000000000003,0,0,1,0
2042,2,57,1,9991,0,1,133.1,41,38,37,4,6,100.0,0,0,0,1,0,0,37,1,5,10,11,7,13.42857143,0,5,10,11,10,11.6,0,8.9,1.4,3.51,Graduate,0.7,1.1,0.0,0.47000000005,-33.099999999999994,0,0,0,1
2043,1,1,1,9254,1,1,131.0,2,37,1,9,3,126.1,1,0,0,1,1,0,18,1,0,6,6,6,13.66666667,0,0,6,6,6,13.5,0,7.6,2.6,0.32,Graduate,1.0,1.0,0.0,0.6833333335,-4.900000000000006,0,0,0,0
2044,1,1,3,9254,1,1,118.0,1,1,19,9,9,111.7,1,0,0,1,0,0,19,0,0,6,6,6,12.5,0,0,6,6,6,12.16666667,0,12.4,0.5,1.79,Graduate,1.0,1.0,0.0,0.625,-6.299999999999997,0,0,0,0
2045,1,44,1,9085,1,39,140.0,1,1,19,3,3,140.0,1,0,0,1,0,0,21,0,2,6,7,6,13.0,0,1,6,15,4,12.8,0,12.4,0.5,1.79,Graduate,1.0,1.1666666666666667,0.0,0.65,0.0,0,0,0,0
2046,1,1,2,9500,1,1,133.0,1,19,1,9,1,122.2,0,0,0,1,0,0,20,0,0,7,9,6,12.78333333,0,0,8,9,7,12.84285714,0,13.9,-0.3,0.79,Graduate,0.8571428571428571,1.2857142857142858,0.0,0.5478571427142856,-10.799999999999997,0,0,0,0
2047,1,1,2,9500,1,1,126.0,1,37,1,7,7,118.7,1,0,0,1,0,0,19,0,0,7,0,0,0.0,0,0,8,0,0,0.0,0,13.9,-0.3,0.79,Dropout,0.0,0.0,0.0,0.0,-7.299999999999997,0,0,0,0
2048,1,17,2,9556,1,1,125.0,1,38,19,7,7,121.5,1,0,0,1,0,0,20,0,0,7,13,4,13.5,0,0,7,11,4,11.225,0,11.1,0.6,2.02,Dropout,0.5714285714285714,1.8571428571428572,0.0,0.38571428571428573,-3.5,0,0,0,0
2049,1,17,4,9500,1,1,138.0,1,3,1,2,5,134.5,1,0,0,1,0,0,18,0,0,7,7,7,13.45714286,0,0,8,8,8,15.125,0,13.9,-0.3,0.79,Graduate,1.0,1.0,0.0,0.672857143,-3.5,0,0,0,0
2050,1,1,4,9500,1,1,140.0,1,1,19,9,7,127.0,1,0,0,1,0,0,19,0,0,8,8,7,13.44285714,0,0,8,8,7,13.44285714,0,12.7,3.7,-1.7,Graduate,0.875,1.0,0.0,0.588124999875,-13.0,0,0,0,0
2051,1,1,1,9238,1,1,124.0,1,37,38,9,3,114.2,0,0,0,1,0,0,18,0,0,6,13,4,11.0,0,0,6,12,5,10.83333333,0,15.5,2.8,-4.06,Graduate,0.6666666666666666,2.1666666666666665,0.0,0.3666666666666667,-9.799999999999997,0,0,0,0
2052,1,17,1,9238,1,1,133.0,1,38,38,7,7,125.3,1,0,0,1,0,1,18,0,0,6,6,6,11.33333333,0,0,6,7,6,12.28571429,0,15.5,2.8,-4.06,Graduate,1.0,1.0,0.0,0.5666666665,-7.700000000000003,0,0,0,0
2053,1,1,2,9773,1,1,127.0,1,1,19,4,5,120.4,1,0,0,1,0,0,18,0,0,5,7,2,10.0,0,0,1,1,0,0.0,0,12.7,3.7,-1.7,Dropout,0.4,1.4,0.0,0.2,-6.599999999999994,0,0,0,0
2054,1,1,6,9500,1,1,138.0,1,1,38,3,9,123.0,1,0,0,1,0,0,19,0,0,7,10,5,13.44,0,0,7,8,6,13.06666667,0,12.4,0.5,1.79,Enrolled,0.7142857142857143,1.4285714285714286,0.0,0.48,-15.0,0,0,0,0
2055,1,1,2,9556,1,1,142.0,1,1,19,4,5,130.5,1,0,0,1,0,1,18,0,0,7,8,7,12.21428571,0,0,8,8,8,14.0625,0,16.2,0.3,-0.92,Graduate,1.0,1.1428571428571428,0.0,0.6107142855000001,-11.5,0,0,0,0
2056,1,1,1,9070,1,1,130.0,41,37,19,9,8,125.5,1,0,0,1,0,1,19,1,0,6,6,6,14.16666667,0,0,6,6,6,13.5,0,11.1,0.6,2.02,Graduate,1.0,1.0,0.0,0.7083333334999999,-4.5,0,0,0,0
2057,1,53,1,9003,1,42,130.0,1,1,19,9,7,133.8,0,0,1,1,0,1,24,0,7,12,13,12,12.84615385,0,5,11,13,11,12.63636364,0,8.9,1.4,3.51,Graduate,1.0,1.0833333333333333,0.0,0.6423076925,3.8000000000000114,0,0,1,0
2058,1,44,1,9085,1,39,150.0,1,37,37,9,9,150.0,0,0,0,1,0,0,20,0,2,6,8,6,13.0,0,1,6,18,2,12.0,0,12.4,0.5,1.79,Enrolled,1.0,1.3333333333333333,0.0,0.65,0.0,0,0,0,0
2059,1,1,1,9147,1,1,127.0,1,1,19,5,7,130.5,1,0,0,1,0,1,21,0,0,5,6,5,12.8,1,0,5,7,4,11.25,0,9.4,-0.8,-3.12,Graduate,1.0,1.2,0.2,0.64,3.5,0,0,0,0
2060,1,44,1,9085,1,39,140.0,1,38,37,4,10,140.0,0,0,1,0,0,0,20,0,1,6,13,4,13.0,0,1,6,11,5,12.0,0,16.2,0.3,-0.92,Dropout,0.6666666666666666,2.1666666666666665,0.0,0.43333333333333335,0.0,0,0,1,0
2061,1,17,6,9500,1,1,126.0,1,19,37,3,9,119.4,1,0,0,1,0,1,19,0,0,7,7,7,13.37142857,0,0,8,9,8,13.66666667,0,16.2,0.3,-0.92,Graduate,1.0,1.0,0.0,0.6685714285000001,-6.599999999999994,0,0,0,0
2062,1,17,5,9556,1,1,139.0,1,19,19,9,8,121.3,1,0,0,1,0,1,19,0,0,7,8,7,13.38571429,0,0,8,8,8,13.3875,0,10.8,1.4,1.74,Graduate,1.0,1.1428571428571428,0.0,0.6692857145,-17.700000000000003,0,0,0,0
2063,1,1,3,9500,1,1,141.0,1,1,1,9,9,126.3,1,0,0,1,0,0,18,0,0,8,8,7,13.32857143,0,0,8,8,7,13.32857143,0,12.7,3.7,-1.7,Graduate,0.875,1.0,0.0,0.5831250000625,-14.700000000000003,0,0,0,0
2064,1,1,1,9085,1,1,120.0,1,38,38,4,7,111.6,1,0,0,1,0,0,19,0,0,6,12,5,14.0,0,0,6,14,5,11.0,0,16.2,0.3,-0.92,Graduate,0.8333333333333334,2.0,0.0,0.5833333333333334,-8.400000000000006,0,0,0,0
2065,1,17,4,9147,1,1,120.0,1,38,19,9,9,111.3,1,0,0,1,0,0,21,0,0,5,5,5,12.6,0,0,5,5,5,13.2,0,8.9,1.4,3.51,Graduate,1.0,1.0,0.0,0.63,-8.700000000000003,0,0,0,0
2066,1,1,2,9853,1,1,134.0,1,1,38,9,8,122.5,1,0,0,1,0,1,19,0,0,6,7,6,14.0,0,0,6,6,6,15.0,0,15.5,2.8,-4.06,Graduate,1.0,1.1666666666666667,0.0,0.7,-11.5,0,0,0,0
2067,1,1,5,9254,1,1,128.0,1,19,1,7,10,116.5,1,0,0,1,0,1,18,0,0,6,7,6,13.42857143,0,0,6,6,6,12.66666667,0,8.9,1.4,3.51,Graduate,1.0,1.1666666666666667,0.0,0.6714285715,-11.5,0,0,0,0
2068,1,17,5,9070,1,1,133.0,1,4,1,4,4,132.0,1,1,0,1,0,1,17,0,0,6,6,6,13.0,0,0,6,6,6,12.5,0,15.5,2.8,-4.06,Graduate,1.0,1.0,0.0,0.65,-1.0,0,0,0,0
2069,1,18,4,9853,1,1,123.0,1,19,38,4,10,123.7,1,0,0,1,0,0,19,0,0,6,8,5,12.66666667,0,0,6,8,5,11.0,0,15.5,2.8,-4.06,Enrolled,0.8333333333333334,1.3333333333333333,0.0,0.5277777779166667,0.7000000000000028,0,0,0,0
2070,1,17,6,9147,1,1,118.0,1,37,1,9,7,117.0,1,0,0,0,1,0,23,0,0,5,9,3,10.0,1,0,5,9,3,12.33333333,0,9.4,-0.8,-3.12,Dropout,0.6,1.8,0.2,0.3,-1.0,0,0,1,0
2071,1,1,1,9670,1,1,113.0,1,1,37,1,10,116.5,1,0,0,1,0,0,19,0,0,6,7,6,12.83333333,0,0,6,10,6,11.77777778,0,8.9,1.4,3.51,Graduate,1.0,1.1666666666666667,0.0,0.6416666665,3.5,0,0,0,0
2072,1,1,1,9500,1,1,135.0,1,19,3,9,4,121.5,1,0,0,1,0,0,18,0,0,7,7,6,12.91666667,0,0,7,7,6,12.91666667,0,7.6,2.6,0.32,Graduate,0.8571428571428571,1.0,0.0,0.5535714287142857,-13.5,0,0,0,0
2073,1,1,1,9670,1,1,133.1,1,38,38,5,9,105.0,1,0,0,1,0,0,20,0,0,6,9,6,13.28571429,0,0,6,8,5,13.8,0,15.5,2.8,-4.06,Graduate,1.0,1.5,0.0,0.6642857145,-28.099999999999994,0,0,0,0
2074,1,1,3,9085,1,1,130.0,1,1,19,9,9,121.3,1,0,0,1,0,1,19,0,0,5,6,5,14.6,0,0,5,5,5,13.8,0,10.8,1.4,1.74,Graduate,1.0,1.2,0.0,0.73,-8.700000000000003,0,0,0,0
2075,1,1,1,9238,1,1,135.0,1,19,38,3,9,136.1,1,0,0,1,0,1,18,0,0,6,6,6,14.0,0,0,6,6,6,13.66666667,0,12.4,0.5,1.79,Graduate,1.0,1.0,0.0,0.7,1.0999999999999943,0,0,0,0
2076,1,17,2,9238,1,1,133.0,1,37,37,9,4,123.6,0,0,0,1,0,1,19,0,0,6,7,6,14.14285714,0,0,6,6,6,15.0,0,13.9,-0.3,0.79,Graduate,1.0,1.1666666666666667,0.0,0.707142857,-9.400000000000006,0,0,0,0
2077,1,1,4,9238,1,1,123.0,1,38,1,4,10,129.0,1,0,0,1,0,0,19,0,0,6,8,6,11.66666667,0,0,6,6,6,12.33333333,0,10.8,1.4,1.74,Graduate,1.0,1.3333333333333333,0.0,0.5833333334999999,6.0,0,0,0,0
2078,1,17,1,9500,1,1,145.0,1,19,37,4,8,136.8,1,0,0,1,0,0,18,0,0,8,9,8,14.3775,1,0,8,9,8,14.3775,1,9.4,-0.8,-3.12,Graduate,1.0,1.125,0.125,0.7188749999999999,-8.199999999999989,0,0,0,0
2079,1,17,2,9500,1,1,146.0,1,3,3,3,6,133.4,1,0,0,1,0,0,18,0,0,7,8,7,12.5,0,0,8,9,7,13.04285714,0,13.9,-0.3,0.79,Graduate,1.0,1.1428571428571428,0.0,0.625,-12.599999999999994,0,0,0,0
2080,1,1,5,9500,1,1,144.0,1,38,38,7,7,136.0,1,0,0,1,0,1,19,0,0,7,7,6,14.15,0,0,7,7,6,14.15,0,7.6,2.6,0.32,Graduate,0.8571428571428571,1.0,0.0,0.6064285714285714,-8.0,0,0,0,0
2081,1,1,1,9500,1,1,144.0,1,38,37,9,9,125.8,0,0,0,1,0,1,19,0,0,8,12,7,12.47142857,0,0,8,12,7,12.47142857,0,12.7,3.7,-1.7,Graduate,0.875,1.5,0.0,0.5456249999375,-18.200000000000003,0,0,0,0
2082,1,1,1,9500,1,1,131.0,1,4,4,2,1,120.5,0,0,0,1,0,0,19,0,0,7,7,6,14.15,0,0,7,7,6,14.15,0,7.6,2.6,0.32,Graduate,0.8571428571428571,1.0,0.0,0.6064285714285714,-10.5,0,0,0,0
2083,1,1,2,9500,1,1,141.0,1,37,37,9,8,130.2,1,0,0,1,0,0,21,0,0,7,11,7,14.07222222,0,0,8,8,8,14.0475,0,15.5,2.8,-4.06,Graduate,1.0,1.5714285714285714,0.0,0.7036111110000001,-10.800000000000011,0,0,0,0
2084,1,1,3,9773,1,1,138.0,1,3,1,2,3,135.9,1,0,0,1,0,0,18,0,0,6,7,6,14.85714286,0,0,6,6,6,14.66666667,0,13.9,-0.3,0.79,Graduate,1.0,1.1666666666666667,0.0,0.7428571429999999,-2.0999999999999943,0,0,0,0
2085,1,1,1,9773,1,1,127.0,1,19,37,9,9,116.5,0,0,0,1,0,1,19,0,0,6,7,6,14.28571429,0,0,6,6,6,13.16666667,0,11.1,0.6,2.02,Graduate,1.0,1.1666666666666667,0.0,0.7142857145,-10.5,0,0,0,0
2086,1,1,4,9773,1,1,124.0,1,19,37,Unknown/not stated,90,124.0,0,0,0,0,0,0,18,0,0,4,4,0,0.0,0,0,4,4,0,0.0,0,12.7,3.7,-1.7,Dropout,0.0,1.0,0.0,0.0,0.0,0,0,1,0
2087,1,7,1,8014,0,3,140.0,1,1,1,4,4,140.0,0,0,0,1,0,0,30,0,0,6,0,0,0.0,0,0,6,0,0,0.0,0,10.8,1.4,1.74,Dropout,0.0,0.0,0.0,0.0,0.0,0,0,0,1
2088,1,17,1,9130,1,1,157.0,1,3,2,3,6,150.9,1,0,0,1,0,0,18,0,0,6,8,6,15.0,0,0,6,8,5,15.16666667,0,13.9,-0.3,0.79,Dropout,1.0,1.3333333333333333,0.0,0.75,-6.099999999999994,0,0,0,0
2089,1,1,3,9500,1,1,129.0,1,19,19,4,8,127.3,1,0,0,1,0,1,20,0,0,7,7,6,12.63333333,0,0,7,7,6,12.63333333,0,7.6,2.6,0.32,Graduate,0.8571428571428571,1.0,0.0,0.5414285712857142,-1.7000000000000028,0,0,0,0
2090,1,39,1,9670,1,19,133.1,1,1,1,4,7,100.0,0,0,1,0,0,0,25,0,0,5,5,5,11.2,0,0,5,5,5,12.6,0,9.4,-0.8,-3.12,Dropout,1.0,1.0,0.0,0.5599999999999999,-33.099999999999994,0,0,1,1
2091,1,1,5,9500,1,1,142.0,1,38,37,5,7,128.8,1,0,0,1,0,0,18,0,0,7,7,6,14.23333333,0,0,7,7,6,14.23333333,0,7.6,2.6,0.32,Graduate,0.8571428571428571,1.0,0.0,0.6099999998571428,-13.199999999999989,0,0,0,0
2092,5,1,3,9085,1,1,133.0,1,19,19,4,7,119.7,1,0,0,1,0,0,21,0,0,5,13,5,12.2,2,0,5,10,3,11.33333333,1,9.4,-0.8,-3.12,Enrolled,1.0,2.6,0.4,0.61,-13.299999999999997,0,0,0,0
2093,1,1,1,9500,1,1,156.0,1,5,4,2,1,140.8,0,0,0,1,0,0,18,0,0,8,8,7,15.7,0,0,8,8,7,15.7,0,12.7,3.7,-1.7,Graduate,0.875,1.0,0.0,0.6868749999999999,-15.199999999999989,0,0,0,0
2094,1,1,1,9500,1,1,151.0,1,37,37,9,9,138.0,1,0,0,1,0,0,18,0,0,7,7,6,15.2,0,0,7,7,6,15.2,0,7.6,2.6,0.32,Graduate,0.8571428571428571,1.0,0.0,0.6514285714285714,-13.0,0,0,0,0
2095,1,17,1,9853,1,1,135.0,1,3,3,2,2,132.9,1,0,0,0,0,0,29,0,0,6,9,6,16.33333333,0,0,6,8,5,15.6,0,12.7,3.7,-1.7,Dropout,1.0,1.5,0.0,0.8166666665,-2.0999999999999943,0,0,1,1
2096,1,43,1,9130,1,1,140.0,1,3,3,2,2,140.0,0,0,0,1,0,0,20,0,10,17,29,14,12.5625,4,7,12,24,12,12.85714286,1,15.5,2.8,-4.06,Graduate,0.8235294117647058,1.7058823529411764,0.23529411764705882,0.5172794117647059,0.0,0,0,0,0
2097,1,7,1,9500,1,3,140.0,1,3,1,4,4,140.0,0,0,0,1,0,0,26,0,0,7,0,0,0.0,0,0,8,0,0,0.0,0,13.9,-0.3,0.79,Dropout,0.0,0.0,0.0,0.0,0.0,0,0,0,1
2098,1,1,2,9238,1,1,100.0,1,38,1,7,7,99.3,1,0,0,1,0,0,21,0,0,6,8,5,12.4,0,0,6,6,6,12.0,0,12.4,0.5,1.79,Graduate,0.8333333333333334,1.3333333333333333,0.0,0.5166666666666667,-0.7000000000000028,0,0,0,0
2099,1,18,1,9500,1,1,126.0,1,37,19,5,5,119.3,0,0,0,1,0,1,19,0,0,8,9,8,13.78125,1,0,8,9,8,13.78125,1,9.4,-0.8,-3.12,Graduate,1.0,1.125,0.125,0.6890625,-6.700000000000003,0,0,0,0
2100,1,17,2,9254,1,1,123.0,1,19,19,5,5,113.2,1,0,1,1,0,0,19,0,0,6,10,6,12.16666667,0,0,6,8,5,11.66666667,0,16.2,0.3,-0.92,Dropout,1.0,1.6666666666666667,0.0,0.6083333335,-9.799999999999997,0,0,1,0
2101,1,17,1,9773,1,1,133.1,1,38,38,9,5,117.0,0,0,0,1,0,0,21,0,0,6,8,5,11.8,0,0,6,8,5,11.83333333,0,15.5,2.8,-4.06,Enrolled,0.8333333333333334,1.3333333333333333,0.0,0.49166666666666675,-16.099999999999994,0,0,0,0
2102,1,18,1,8014,0,1,137.0,1,1,1,4,3,123.0,0,0,1,1,0,0,20,0,0,6,13,4,10.8,0,0,6,15,4,12.0,0,16.2,0.3,-0.92,Graduate,0.6666666666666666,2.1666666666666665,0.0,0.36,-14.0,0,0,1,0
2103,1,1,6,9500,1,1,138.0,1,37,37,9,8,127.2,1,0,0,1,0,1,18,0,0,7,8,7,13.26,0,0,8,8,8,14.28625,0,15.5,2.8,-4.06,Graduate,1.0,1.1428571428571428,0.0,0.663,-10.799999999999997,0,0,0,0
2104,1,1,2,9773,1,1,128.0,1,34,19,3,0,141.0,1,0,0,0,0,0,20,0,0,6,10,4,12.0,0,0,6,15,3,10.66666667,0,7.6,2.6,0.32,Dropout,0.6666666666666666,1.6666666666666667,0.0,0.39999999999999997,13.0,0,0,1,0
2105,1,1,1,9238,1,1,136.0,1,19,38,9,9,121.7,0,1,0,1,0,1,20,0,0,6,9,6,11.875,0,0,6,7,6,14.42857143,0,16.2,0.3,-0.92,Graduate,1.0,1.5,0.0,0.59375,-14.299999999999997,0,0,0,0
2106,1,43,1,9500,1,1,127.0,1,19,19,4,7,121.1,0,0,0,1,0,1,18,0,0,7,11,5,12.16,0,0,7,7,2,13.4,0,16.2,0.3,-0.92,Enrolled,0.7142857142857143,1.5714285714285714,0.0,0.4342857142857143,-5.900000000000006,0,0,0,0
2107,1,16,1,9070,1,1,145.0,1,1,1,3,3,146.1,1,0,0,1,0,0,18,0,0,6,6,1,15.0,0,0,6,7,4,12.5,0,9.4,-0.8,-3.12,Enrolled,0.16666666666666666,1.0,0.0,0.125,1.0999999999999943,0,0,0,0
2108,1,1,1,9773,1,1,140.0,1,37,37,9,9,142.5,1,0,0,1,0,0,18,0,0,6,6,6,13.33333333,0,0,6,9,5,13.2,0,9.4,-0.8,-3.12,Graduate,1.0,1.0,0.0,0.6666666665000001,2.5,0,0,0,0
2109,1,17,1,9085,1,1,138.0,1,2,19,2,9,126.8,1,0,0,1,0,0,18,0,0,5,12,2,11.5,0,0,5,12,3,11.8,2,10.8,1.4,1.74,Enrolled,0.4,2.4,0.0,0.22999999999999998,-11.200000000000003,0,0,0,0
2110,1,44,1,9085,1,39,150.0,1,3,3,2,2,150.0,1,0,0,1,0,0,22,0,2,6,7,6,14.42857143,0,1,6,9,5,13.0,0,13.9,-0.3,0.79,Graduate,1.0,1.1666666666666667,0.0,0.7214285715,0.0,0,0,0,0
2111,1,44,3,9085,1,39,150.0,1,1,19,4,1,150.0,1,0,0,1,0,0,19,0,0,5,10,1,13.0,1,0,5,8,3,15.33333333,0,12.7,3.7,-1.7,Enrolled,0.2,2.0,0.2,0.13,0.0,0,0,0,0
2112,1,17,1,9003,1,1,131.0,1,19,1,9,2,134.5,1,0,0,1,0,1,19,0,0,6,7,6,15.0,0,0,6,8,6,14.33333333,0,12.4,0.5,1.79,Graduate,1.0,1.1666666666666667,0.0,0.75,3.5,0,0,0,0
2113,1,1,2,9556,1,1,136.0,1,19,19,9,9,129.5,1,0,0,1,0,0,18,0,0,7,9,7,15.15555556,0,0,8,8,8,16.8,0,12.7,3.7,-1.7,Graduate,1.0,1.2857142857142858,0.0,0.757777778,-6.5,0,0,0,0
2114,1,1,1,9238,1,1,117.0,1,38,38,175,183,113.2,1,0,1,1,0,0,20,0,0,6,8,6,10.66666667,0,0,6,7,6,11.85714286,0,11.1,0.6,2.02,Graduate,1.0,1.3333333333333333,0.0,0.5333333335,-3.799999999999997,0,0,1,0
2115,1,17,1,9853,1,1,158.0,1,38,37,5,5,140.2,1,0,0,1,0,0,18,0,0,6,9,5,11.0,0,0,6,9,4,11.25,0,10.8,1.4,1.74,Dropout,0.8333333333333334,1.5,0.0,0.45833333333333337,-17.80000000000001,0,0,0,0
2116,1,17,2,9670,1,1,129.0,1,1,19,5,5,119.2,1,0,0,1,0,0,21,0,0,6,0,0,0.0,0,0,6,0,0,0.0,0,8.9,1.4,3.51,Dropout,0.0,0.0,0.0,0.0,-9.799999999999997,0,0,0,0
2117,1,1,1,9238,1,1,140.0,1,1,19,4,4,140.7,0,0,0,1,0,0,19,0,0,6,7,6,12.28571429,0,0,6,7,6,12.0,0,12.4,0.5,1.79,Graduate,1.0,1.1666666666666667,0.0,0.6142857145,0.6999999999999886,0,0,0,0
2118,1,1,5,9500,1,1,141.0,1,38,38,9,9,142.3,1,0,0,1,0,0,18,0,0,8,8,8,12.82875,0,0,8,8,8,12.82875,0,9.4,-0.8,-3.12,Dropout,1.0,1.0,0.0,0.6414375,1.3000000000000114,0,0,0,0
2119,1,1,4,9773,1,1,132.0,11,12,12,90,4,129.9,1,0,0,1,0,0,18,1,0,6,6,6,12.66666667,0,0,6,8,5,14.4,0,7.6,2.6,0.32,Graduate,1.0,1.0,0.0,0.6333333335,-2.0999999999999943,0,0,0,0
2120,1,17,1,171,1,1,133.0,1,1,1,6,7,134.8,1,0,0,1,0,0,18,0,0,0,0,0,0.0,0,0,0,0,0,0.0,0,12.4,0.5,1.79,Enrolled,0.0,0.0,0.0,0.0,1.8000000000000114,1,0,0,0
2121,1,17,1,9085,1,1,109.0,1,19,19,4,9,104.1,1,0,1,0,0,1,21,0,0,6,16,2,13.0,0,0,6,8,0,0.0,0,15.5,2.8,-4.06,Dropout,0.3333333333333333,2.6666666666666665,0.0,0.21666666666666667,-4.900000000000006,0,0,1,0
2122,1,1,1,9147,1,1,135.0,1,1,38,5,5,122.4,0,0,1,1,0,0,19,0,0,5,10,5,10.875,0,0,5,8,4,12.4,0,13.9,-0.3,0.79,Graduate,1.0,2.0,0.0,0.54375,-12.599999999999994,0,0,1,0
2123,1,1,1,9147,1,1,122.0,1,37,37,9,7,120.6,1,0,0,1,0,1,19,0,0,5,5,5,12.8,0,0,5,8,5,11.6,0,9.4,-0.8,-3.12,Graduate,1.0,1.0,0.0,0.64,-1.4000000000000057,0,0,0,0
2124,1,17,3,9238,1,1,118.0,1,1,19,4,10,112.4,1,0,0,1,0,0,19,0,0,6,10,5,11.28571429,0,0,6,7,0,0.0,0,16.2,0.3,-0.92,Dropout,0.8333333333333334,1.6666666666666667,0.0,0.47023809541666667,-5.599999999999994,0,0,0,0
2125,1,1,1,171,1,1,174.0,1,5,3,3,3,157.9,0,0,0,1,0,0,18,0,0,0,0,0,0.0,0,0,0,0,0,0.0,0,13.9,-0.3,0.79,Graduate,0.0,0.0,0.0,0.0,-16.099999999999994,1,0,0,0
2126,1,43,1,9254,1,1,142.0,1,38,38,9,9,125.9,0,0,0,1,0,1,19,0,0,6,0,0,0.0,0,0,6,11,1,10.0,0,10.8,1.4,1.74,Dropout,0.0,0.0,0.0,0.0,-16.099999999999994,0,0,0,0
2127,1,17,2,9500,1,1,131.0,1,38,1,5,7,118.4,1,0,0,1,0,1,20,0,0,7,9,6,13.76666667,0,0,8,9,8,13.74444444,0,16.2,0.3,-0.92,Dropout,0.8571428571428571,1.2857142857142858,0.0,0.590000000142857,-12.599999999999994,0,0,0,0
2128,1,1,3,9500,1,1,139.0,1,18,18,1,1,130.8,1,0,0,0,0,0,18,0,0,8,9,6,12.75833333,1,0,8,9,6,12.75833333,1,9.4,-0.8,-3.12,Dropout,0.75,1.125,0.125,0.478437499875,-8.199999999999989,0,0,1,0
2129,1,1,1,171,1,1,170.0,1,19,19,8,8,176.7,1,0,0,1,0,1,19,0,0,0,0,0,0.0,0,0,0,0,0,0.0,0,11.1,0.6,2.02,Dropout,0.0,0.0,0.0,0.0,6.699999999999989,1,0,0,0
2130,1,1,1,9070,1,1,182.0,1,19,1,5,7,156.8,1,0,0,1,0,0,18,0,0,6,6,6,12.66666667,0,0,6,8,6,13.25,0,10.8,1.4,1.74,Graduate,1.0,1.0,0.0,0.6333333335,-25.19999999999999,0,0,0,0
2131,1,1,1,9085,1,1,125.0,1,19,37,3,7,126.8,0,0,0,1,0,0,18,0,0,6,13,6,12.0,0,0,6,16,4,12.75,0,11.1,0.6,2.02,Enrolled,1.0,2.1666666666666665,0.0,0.6,1.7999999999999972,0,0,0,0
2132,1,1,1,9238,1,1,142.0,1,1,37,5,7,128.0,0,0,0,1,0,1,19,0,0,6,8,6,12.25,0,0,6,8,6,12.0,0,16.2,0.3,-0.92,Graduate,1.0,1.3333333333333333,0.0,0.6125,-14.0,0,0,0,0
2133,1,1,2,9147,1,1,119.0,1,19,37,4,5,113.8,1,0,0,1,0,0,20,0,0,5,8,3,11.33333333,0,0,5,8,5,12.2,0,7.6,2.6,0.32,Graduate,0.6,1.6,0.0,0.33999999989999996,-5.200000000000003,0,0,0,0
2134,1,17,5,9500,1,1,128.0,1,1,1,4,5,120.8,1,0,0,1,0,1,19,0,0,7,9,7,13.50714286,0,0,8,12,8,13.05,0,16.2,0.3,-0.92,Graduate,1.0,1.2857142857142858,0.0,0.675357143,-7.200000000000003,0,0,0,0
2135,1,1,3,9500,1,1,150.0,1,19,38,1,1,130.8,1,0,0,1,0,0,18,0,0,8,8,7,13.61428571,0,0,8,8,7,13.61428571,0,12.7,3.7,-1.7,Graduate,0.875,1.0,0.0,0.5956249998125001,-19.19999999999999,0,0,0,0
2136,1,39,1,9254,1,1,133.1,1,19,1,4,1,101.0,0,0,1,1,0,0,25,0,0,6,6,0,0.0,0,0,6,6,0,0.0,0,15.5,2.8,-4.06,Dropout,0.0,1.0,0.0,0.0,-32.099999999999994,0,0,1,1
2137,1,17,5,9070,1,1,131.0,1,37,37,9,9,126.1,1,0,0,0,0,0,18,0,0,6,9,4,11.5,1,0,6,6,6,12.16666667,0,7.6,2.6,0.32,Graduate,0.6666666666666666,1.5,0.16666666666666666,0.3833333333333333,-4.900000000000006,0,0,1,0
2138,1,1,5,9773,1,1,118.0,1,38,19,9,9,113.8,1,0,0,1,0,0,19,0,0,6,7,6,12.33333333,0,0,6,7,6,12.5,0,8.9,1.4,3.51,Graduate,1.0,1.1666666666666667,0.0,0.6166666665,-4.200000000000003,0,0,0,0
2139,1,17,2,9556,1,1,122.0,1,19,38,4,8,118.3,1,0,0,1,0,1,19,0,0,7,7,7,11.97142857,0,0,8,8,8,14.4375,0,15.5,2.8,-4.06,Graduate,1.0,1.0,0.0,0.5985714285,-3.700000000000003,0,0,0,0
2140,1,1,1,9147,1,1,116.0,1,19,19,5,8,127.9,0,0,1,0,0,1,20,0,0,5,12,2,13.0,1,0,5,13,2,11.5,0,9.4,-0.8,-3.12,Dropout,0.4,2.4,0.2,0.26,11.900000000000006,0,0,1,0
2141,1,17,5,9500,1,1,137.0,1,1,1,5,4,131.1,1,0,0,1,0,0,18,0,0,7,9,7,12.38571429,0,0,8,9,7,12.72857143,0,13.9,-0.3,0.79,Enrolled,1.0,1.2857142857142858,0.0,0.6192857144999999,-5.900000000000006,0,0,0,0
2142,1,17,4,9085,1,1,128.0,1,38,37,4,9,117.9,1,0,0,1,0,0,20,0,0,5,12,2,13.5,0,0,5,12,5,11.28571429,1,10.8,1.4,1.74,Graduate,0.4,2.4,0.0,0.27,-10.099999999999994,0,0,0,0
2143,1,17,1,9238,1,1,123.0,1,1,1,9,9,115.7,1,0,0,1,0,0,21,0,0,6,8,6,12.16666667,0,0,6,7,6,13.28571429,0,11.1,0.6,2.02,Graduate,1.0,1.3333333333333333,0.0,0.6083333335,-7.299999999999997,0,0,0,0
2144,1,1,2,171,1,1,133.1,1,3,1,2,3,141.0,1,0,0,1,0,0,19,0,0,0,0,0,0.0,0,0,0,0,0,0.0,0,12.7,3.7,-1.7,Graduate,0.0,0.0,0.0,0.0,7.900000000000006,1,0,0,0
2145,2,39,1,8014,0,12,110.0,1,37,37,7,9,120.0,0,0,0,1,0,0,42,0,0,6,6,6,11.66666667,0,0,6,6,6,13.66666667,0,10.8,1.4,1.74,Graduate,1.0,1.0,0.0,0.5833333334999999,10.0,0,0,0,1
2146,1,17,1,9130,1,1,143.0,1,3,3,2,2,131.8,1,0,1,0,0,0,18,0,0,6,9,5,12.4,0,0,6,12,5,14.16666667,0,8.9,1.4,3.51,Enrolled,0.8333333333333334,1.5,0.0,0.5166666666666667,-11.199999999999989,0,0,1,0
2147,1,1,1,9070,1,1,150.0,1,37,37,9,6,131.1,0,0,0,1,0,1,19,0,0,6,7,5,13.4,0,0,6,6,6,12.83333333,0,15.5,2.8,-4.06,Graduate,0.8333333333333334,1.1666666666666667,0.0,0.5583333333333333,-18.900000000000006,0,0,0,0
2148,1,1,6,9254,1,1,129.0,1,38,19,9,5,117.8,1,0,0,1,0,0,18,0,0,6,11,6,12.0,0,0,6,11,4,12.5,0,8.9,1.4,3.51,Graduate,1.0,1.8333333333333333,0.0,0.6,-11.200000000000003,0,0,0,0
2149,1,10,1,9085,1,1,140.0,1,19,19,4,5,140.0,1,0,0,1,0,0,21,0,0,5,6,5,14.2,0,0,5,5,5,14.8,0,10.8,1.4,1.74,Graduate,1.0,1.2,0.0,0.71,0.0,0,0,0,0
2150,1,1,1,9238,1,1,133.1,1,38,37,5,5,108.0,0,0,0,1,0,1,20,0,0,6,8,6,12.125,0,0,6,7,6,14.42857143,0,16.2,0.3,-0.92,Graduate,1.0,1.3333333333333333,0.0,0.60625,-25.099999999999994,0,0,0,0
2151,1,1,1,9853,1,1,132.0,1,1,19,3,3,122.9,1,0,0,1,0,0,20,0,0,7,7,7,13.85714286,0,0,7,7,7,13.28571429,0,11.1,0.6,2.02,Graduate,1.0,1.0,0.0,0.692857143,-9.099999999999994,0,0,0,0
2152,1,44,1,9085,1,39,130.0,1,3,1,2,9,130.0,1,0,0,1,0,0,21,0,1,6,13,3,11.75,0,1,6,13,5,12.33333333,0,12.4,0.5,1.79,Enrolled,0.5,2.1666666666666665,0.0,0.29375,0.0,0,0,0,0
2153,1,1,4,9500,1,1,137.0,1,38,37,7,7,126.0,1,0,0,1,0,0,19,0,0,7,9,7,14.28333333,0,0,8,9,8,13.12555556,0,15.5,2.8,-4.06,Graduate,1.0,1.2857142857142858,0.0,0.7141666664999999,-11.0,0,0,0,0
2154,1,42,1,9238,1,1,133.1,1,1,19,4,9,134.0,0,0,0,1,0,0,21,0,10,13,21,11,13.27272727,0,6,11,13,9,13.0,0,7.6,2.6,0.32,Graduate,0.8461538461538461,1.6153846153846154,0.0,0.561538461423077,0.9000000000000057,0,0,0,0
2155,1,1,1,9070,1,1,143.0,1,38,19,151,193,134.3,1,1,0,1,0,0,19,0,0,6,6,6,14.66666667,0,0,6,7,6,15.14285714,0,8.9,1.4,3.51,Graduate,1.0,1.0,0.0,0.7333333335,-8.699999999999989,0,0,0,0
2156,1,1,1,9500,1,1,148.0,1,19,19,9,9,138.7,0,0,0,1,0,1,19,0,0,7,10,7,15.115,0,0,8,10,8,15.092,0,15.5,2.8,-4.06,Graduate,1.0,1.4285714285714286,0.0,0.75575,-9.300000000000011,0,0,0,0
2157,1,17,2,171,1,1,137.0,1,1,1,4,1,143.3,1,0,0,1,0,0,18,0,0,0,0,0,0.0,0,0,0,0,0,0.0,0,9.4,-0.8,-3.12,Enrolled,0.0,0.0,0.0,0.0,6.300000000000011,1,0,0,0
2158,1,44,1,9085,1,39,160.0,1,37,19,9,10,160.0,1,0,0,1,0,0,22,0,1,6,13,6,15.0,0,1,6,7,6,13.14285714,0,16.2,0.3,-0.92,Graduate,1.0,2.1666666666666665,0.0,0.75,0.0,0,0,0,0
2159,1,1,2,9853,1,1,112.0,1,3,1,3,5,111.0,0,0,0,1,0,0,21,0,0,6,8,5,13.2,0,0,6,9,5,14.33333333,0,9.4,-0.8,-3.12,Graduate,0.8333333333333334,1.3333333333333333,0.0,0.5499999999999999,-1.0,0,0,0,0
2160,1,17,4,9254,1,1,133.0,1,37,37,5,8,128.5,1,0,0,1,0,1,18,0,0,6,14,2,11.0,0,0,6,14,3,10.33333333,0,7.6,2.6,0.32,Dropout,0.3333333333333333,2.3333333333333335,0.0,0.18333333333333335,-4.5,0,0,0,0
2161,1,1,4,9500,1,1,142.0,1,1,3,1,2,133.0,0,0,0,1,0,1,20,0,0,8,8,7,14.56571429,0,0,8,8,7,14.56571429,0,10.8,1.4,1.74,Graduate,0.875,1.0,0.0,0.6372500001875,-9.0,0,0,0,0
2162,1,17,2,9670,1,1,123.0,1,34,37,0,0,114.6,1,0,1,0,0,0,18,0,0,5,8,3,12.0,0,0,5,6,4,10.75,0,7.6,2.6,0.32,Dropout,0.6,1.6,0.0,0.36,-8.400000000000006,0,0,1,0
2163,1,17,1,9238,1,1,103.0,1,19,37,7,9,104.1,0,0,0,1,0,0,20,0,0,6,6,0,0.0,0,0,5,5,0,0.0,0,8.9,1.4,3.51,Dropout,0.0,1.0,0.0,0.0,1.0999999999999943,0,0,0,0
2164,1,17,4,9500,1,1,140.0,1,1,1,3,3,127.6,1,0,0,1,0,0,23,0,0,7,7,6,13.79666667,0,0,8,11,7,13.775,0,12.4,0.5,1.79,Graduate,0.8571428571428571,1.0,0.0,0.5912857144285714,-12.400000000000006,0,0,0,0
2165,1,1,2,9773,1,1,159.0,1,1,1,3,3,151.0,1,0,0,1,0,0,18,0,0,6,6,6,14.83333333,0,0,6,6,6,15.33333333,0,12.7,3.7,-1.7,Graduate,1.0,1.0,0.0,0.7416666665,-8.0,0,0,0,0
2166,1,44,1,9238,1,39,140.0,1,1,1,9,3,135.7,1,0,0,1,0,0,20,0,3,6,6,6,12.83333333,0,2,6,6,6,13.83333333,0,12.4,0.5,1.79,Graduate,1.0,1.0,0.0,0.6416666665,-4.300000000000011,0,0,0,0
2167,1,17,1,9500,1,1,148.0,1,38,37,5,9,137.8,1,0,0,1,0,1,18,0,0,8,8,7,14.96285714,0,0,8,8,7,14.96285714,0,10.8,1.4,1.74,Graduate,0.875,1.0,0.0,0.654624999875,-10.199999999999989,0,0,0,0
2168,1,1,6,9147,1,1,112.0,1,38,38,9,9,117.3,1,0,0,1,0,0,20,0,0,5,8,4,12.0,0,0,5,8,5,11.2,0,11.1,0.6,2.02,Graduate,0.8,1.6,0.0,0.48,5.299999999999997,0,0,0,0
2169,1,18,2,9500,1,1,131.0,1,1,3,3,2,121.2,1,0,0,1,0,0,18,0,0,7,8,7,12.4,0,0,8,9,8,12.8,0,16.2,0.3,-0.92,Graduate,1.0,1.1428571428571428,0.0,0.62,-9.799999999999997,0,0,0,0
2170,1,17,1,9670,1,1,145.0,1,3,3,2,1,129.3,1,0,0,1,0,0,20,0,0,6,7,6,15.57142857,0,0,6,6,6,17.16666667,0,16.2,0.3,-0.92,Graduate,1.0,1.1666666666666667,0.0,0.7785714285,-15.699999999999989,0,0,0,0
2171,1,1,5,9500,1,1,133.1,1,1,1,5,8,123.0,1,0,0,1,0,0,19,0,0,8,8,7,13.71428571,0,0,8,8,7,13.71428571,0,12.7,3.7,-1.7,Graduate,0.875,1.0,0.0,0.5999999998125001,-10.099999999999994,0,0,0,0
2172,1,44,1,9085,1,39,140.0,1,1,19,4,4,140.0,0,0,0,1,0,0,21,0,2,6,9,6,13.14285714,0,0,6,9,6,12.16666667,0,13.9,-0.3,0.79,Graduate,1.0,1.5,0.0,0.657142857,0.0,0,0,0,0
2173,2,7,1,9070,1,43,140.0,1,37,1,9,7,140.0,0,0,0,1,0,0,33,0,0,6,7,6,15.0,0,0,6,8,3,11.0,0,11.1,0.6,2.02,Graduate,1.0,1.1666666666666667,0.0,0.75,0.0,0,0,0,1
2174,1,1,1,9085,1,1,150.0,1,12,2,4,2,144.6,0,0,1,0,0,0,24,0,0,5,6,1,13.0,0,0,5,5,0,0.0,0,7.6,2.6,0.32,Dropout,0.2,1.2,0.0,0.13,-5.400000000000006,0,0,1,0
2175,1,43,1,9238,1,1,120.0,1,1,38,4,3,118.3,0,0,0,1,0,1,20,0,8,11,12,11,12.0,0,6,11,14,11,12.75,0,13.9,-0.3,0.79,Graduate,1.0,1.0909090909090908,0.0,0.6,-1.7000000000000028,0,0,0,0
2176,1,1,1,171,1,1,156.0,1,19,38,9,1,153.6,1,0,0,1,0,0,18,0,0,0,0,0,0.0,0,0,0,0,0,0.0,0,9.4,-0.8,-3.12,Graduate,0.0,0.0,0.0,0.0,-2.4000000000000057,1,0,0,0
2177,1,1,4,9070,1,1,167.0,1,1,1,7,3,158.3,1,0,0,1,0,0,18,0,0,6,6,6,15.16666667,0,0,6,6,6,14.16666667,0,15.5,2.8,-4.06,Graduate,1.0,1.0,0.0,0.7583333335,-8.699999999999989,0,0,0,0
2178,1,43,1,8014,0,6,133.1,1,34,34,0,0,100.0,0,0,1,1,0,0,29,0,1,6,9,4,12.0,0,1,6,13,2,10.5,0,7.6,2.6,0.32,Dropout,0.6666666666666666,1.5,0.0,0.39999999999999997,-33.099999999999994,0,0,1,1
2179,1,17,1,9500,1,1,147.0,1,1,1,5,5,134.9,0,1,0,1,0,0,18,0,0,7,7,7,13.64285714,0,0,8,11,8,14.77272727,0,16.2,0.3,-0.92,Graduate,1.0,1.0,0.0,0.682142857,-12.099999999999994,0,0,0,0
2180,1,1,3,9773,1,1,129.0,1,38,37,5,5,142.0,1,0,0,1,0,0,19,0,0,6,8,6,12.66666667,0,0,6,7,6,12.71428571,0,9.4,-0.8,-3.12,Graduate,1.0,1.3333333333333333,0.0,0.6333333335,13.0,0,0,0,0
2181,1,17,1,171,1,1,136.0,1,38,38,7,7,127.3,1,0,0,1,0,0,19,0,0,0,0,0,0.0,0,0,0,0,0,0.0,0,15.5,2.8,-4.06,Dropout,0.0,0.0,0.0,0.0,-8.700000000000003,1,0,0,0
2182,1,17,1,9238,1,1,128.0,1,19,19,5,4,116.5,0,0,0,1,0,1,18,0,0,6,8,5,10.8,0,0,6,9,6,10.5,0,12.4,0.5,1.79,Graduate,0.8333333333333334,1.3333333333333333,0.0,0.45000000000000007,-11.5,0,0,0,0
2183,1,43,1,9500,1,1,140.0,1,19,19,7,7,138.6,0,0,0,1,0,1,19,0,0,7,9,6,14.25,0,0,8,11,8,13.06363636,0,16.2,0.3,-0.92,Graduate,0.8571428571428571,1.2857142857142858,0.0,0.6107142857142857,-1.4000000000000057,0,0,0,0
2184,1,42,1,9853,1,1,141.0,1,37,19,9,3,133.0,0,0,0,1,0,0,20,0,6,14,22,12,12.15384615,0,5,12,18,10,12.9,0,10.8,1.4,1.74,Dropout,0.8571428571428571,1.5714285714285714,0.0,0.5208791207142857,-8.0,0,0,0,0
2185,1,17,2,9238,1,1,133.0,1,2,1,3,4,136.2,1,0,0,1,0,0,19,0,0,6,14,1,11.5,0,0,6,12,2,10.5,0,7.6,2.6,0.32,Enrolled,0.16666666666666666,2.3333333333333335,0.0,0.09583333333333333,3.1999999999999886,0,0,0,0
2186,1,17,1,9254,1,1,125.0,1,19,19,7,5,118.0,1,0,0,1,0,1,19,0,0,6,10,4,12.25,0,0,6,9,3,12.33333333,0,9.4,-0.8,-3.12,Graduate,0.6666666666666666,1.6666666666666667,0.0,0.4083333333333333,-7.0,0,0,0,0
2187,1,1,1,9070,1,1,124.0,1,19,37,4,4,126.8,0,0,0,1,0,1,18,0,1,6,8,6,12.0,1,0,6,12,5,11.14285714,0,13.9,-0.3,0.79,Enrolled,1.0,1.3333333333333333,0.16666666666666666,0.6,2.799999999999997,0,0,0,0
2188,1,1,6,9500,1,1,140.0,1,19,38,5,7,128.5,1,0,0,1,0,1,18,0,0,8,8,8,13.40375,0,0,8,8,8,13.40375,0,9.4,-0.8,-3.12,Graduate,1.0,1.0,0.0,0.6701875,-11.5,0,0,0,0
2189,1,17,1,9254,1,1,140.0,1,3,1,2,3,129.9,0,0,0,1,0,1,19,0,0,6,15,6,11.33333333,0,0,6,9,3,12.66666667,0,9.4,-0.8,-3.12,Graduate,1.0,2.5,0.0,0.5666666665,-10.099999999999994,0,0,0,0
2190,1,17,4,9773,1,1,137.0,1,1,1,5,5,125.8,0,0,1,1,1,0,20,0,0,6,7,5,12.2,0,0,6,6,6,12.33333333,0,12.7,3.7,-1.7,Dropout,0.8333333333333334,1.1666666666666667,0.0,0.5083333333333333,-11.200000000000003,0,0,1,0
2191,1,17,1,171,1,1,144.0,1,37,37,9,6,129.3,1,0,0,1,1,1,18,0,0,0,0,0,0.0,0,0,0,0,0,0.0,0,7.6,2.6,0.32,Enrolled,0.0,0.0,0.0,0.0,-14.699999999999989,1,0,0,0
2192,1,1,6,9500,1,1,138.0,1,4,19,2,3,124.7,1,0,0,1,1,0,18,0,0,7,0,0,0.0,0,0,8,0,0,0.0,0,16.2,0.3,-0.92,Dropout,0.0,0.0,0.0,0.0,-13.299999999999997,0,0,0,0
2193,1,39,1,9003,1,1,130.0,1,3,1,2,4,154.9,0,0,1,0,1,0,35,0,0,6,8,5,16.16666667,0,0,6,10,4,16.0,0,8.9,1.4,3.51,Dropout,0.8333333333333334,1.3333333333333333,0.0,0.6736111112500001,24.900000000000006,0,0,1,1
2194,1,17,1,9119,1,1,142.0,1,19,38,9,7,127.3,0,0,0,1,1,0,18,0,0,5,10,3,11.0,0,0,5,6,3,11.0,1,16.2,0.3,-0.92,Enrolled,0.6,2.0,0.0,0.33,-14.700000000000003,0,0,0,0
2195,1,1,1,171,1,1,136.0,1,37,19,5,8,129.0,1,0,0,1,1,1,19,0,0,0,0,0,0.0,0,0,0,0,0,0.0,0,13.9,-0.3,0.79,Graduate,0.0,0.0,0.0,0.0,-7.0,1,0,0,0
2196,1,1,2,9773,1,1,133.1,1,38,19,4,7,98.0,1,0,0,1,1,1,19,0,0,6,8,4,12.0,0,0,6,8,6,12.28571429,0,15.5,2.8,-4.06,Enrolled,0.6666666666666666,1.3333333333333333,0.0,0.39999999999999997,-35.099999999999994,0,0,0,0
2197,1,17,2,9147,1,1,130.0,1,1,38,5,7,122.0,1,0,0,1,1,0,20,0,0,5,8,2,10.5,0,0,5,11,4,12.25,0,10.8,1.4,1.74,Enrolled,0.4,1.6,0.0,0.21000000000000002,-8.0,0,0,0,0
2198,1,43,1,9070,1,1,117.0,1,1,1,4,7,112.5,1,0,0,1,1,0,19,0,3,6,7,3,11.66666667,0,1,6,13,4,10.33333333,0,13.9,-0.3,0.79,Enrolled,0.5,1.1666666666666667,0.0,0.29166666674999997,-4.5,0,0,0,0
2199,1,1,3,9147,1,1,136.0,1,38,38,9,9,127.3,1,0,0,1,1,0,19,0,0,5,8,3,11.0,0,0,5,7,2,10.0,0,12.7,3.7,-1.7,Dropout,0.6,1.6,0.0,0.33,-8.700000000000003,0,0,0,0
2200,1,39,2,9556,1,1,133.1,1,1,1,9,10,100.5,0,0,0,1,1,0,24,0,0,7,18,0,0.0,0,0,7,13,0,0.0,1,11.1,0.6,2.02,Dropout,0.0,2.5714285714285716,0.0,0.0,-32.599999999999994,0,0,0,0
2201,1,39,1,8014,0,1,140.0,1,37,37,9,7,122.0,1,0,1,0,1,0,29,0,0,6,11,4,12.5,0,0,6,7,0,0.0,0,12.4,0.5,1.79,Dropout,0.6666666666666666,1.8333333333333333,0.0,0.41666666666666663,-18.0,0,0,1,1
2202,1,39,1,9500,1,1,150.0,1,38,3,9,1,140.0,0,0,0,1,1,0,24,0,0,7,11,7,11.29444444,0,0,8,22,2,12.6,0,15.5,2.8,-4.06,Graduate,1.0,1.5714285714285714,0.0,0.564722222,-10.0,0,0,0,0
2203,1,17,2,9254,1,1,121.0,1,19,38,6,6,116.1,1,0,0,1,1,0,19,0,0,6,8,5,11.2,0,0,6,11,4,12.5,0,15.5,2.8,-4.06,Graduate,0.8333333333333334,1.3333333333333333,0.0,0.4666666666666666,-4.900000000000006,0,0,0,0
2204,2,7,1,171,1,3,120.0,1,19,19,9,9,130.0,1,0,0,1,1,0,37,0,0,0,0,0,0.0,0,0,0,0,0,0.0,0,7.6,2.6,0.32,Dropout,0.0,0.0,0.0,0.0,10.0,1,0,0,1
2205,1,5,2,9070,1,1,143.0,1,1,1,4,10,146.2,1,0,0,1,1,0,18,0,0,6,7,5,13.2,0,0,6,6,5,11.8,0,16.2,0.3,-0.92,Graduate,0.8333333333333334,1.1666666666666667,0.0,0.5499999999999999,3.1999999999999886,0,0,0,0
2206,1,44,1,9119,1,39,180.0,1,1,1,9,8,180.0,0,0,0,1,1,1,20,0,3,7,12,6,14.14285714,0,1,6,10,6,14.125,0,12.4,0.5,1.79,Enrolled,0.8571428571428571,1.7142857142857142,0.0,0.6061224488571428,0.0,0,0,0,0
2207,1,1,5,9147,1,1,132.0,1,39,39,3,3,127.8,1,0,0,0,1,0,18,0,0,5,0,0,0.0,0,0,5,0,0,0.0,0,11.1,0.6,2.02,Dropout,0.0,0.0,0.0,0.0,-4.200000000000003,0,0,1,0
2208,1,43,1,9147,1,1,130.0,1,37,19,9,8,130.8,0,0,0,1,1,0,22,0,0,5,5,0,0.0,0,0,5,9,3,13.33333333,2,16.2,0.3,-0.92,Enrolled,0.0,1.0,0.0,0.0,0.8000000000000114,0,0,0,0
2209,1,17,2,9147,1,1,133.1,1,38,38,4,7,109.0,1,0,0,1,1,1,22,0,0,5,7,3,12.33333333,0,0,5,9,3,10.57142857,0,10.8,1.4,1.74,Enrolled,0.6,1.4,0.0,0.3699999999,-24.099999999999994,0,0,0,0
2210,1,1,5,9773,1,1,131.0,1,1,38,9,5,132.4,1,0,1,0,1,0,18,0,0,6,6,0,0.0,0,0,6,0,0,0.0,0,11.1,0.6,2.02,Dropout,0.0,1.0,0.0,0.0,1.4000000000000057,0,0,1,0
2211,1,1,3,9500,1,1,149.0,1,1,1,4,4,129.3,1,0,0,1,1,0,18,0,0,8,8,7,13.1,0,0,8,8,7,13.1,0,12.7,3.7,-1.7,Graduate,0.875,1.0,0.0,0.573125,-19.69999999999999,0,0,0,0
2212,1,1,1,9070,1,1,124.0,1,37,37,9,9,125.4,1,0,0,1,1,0,19,0,0,6,6,6,13.5,0,0,6,6,6,13.16666667,0,9.4,-0.8,-3.12,Graduate,1.0,1.0,0.0,0.675,1.4000000000000057,0,0,0,0
2213,1,1,1,9119,1,1,126.0,1,38,19,5,5,130.2,0,0,0,1,1,0,19,0,0,5,7,5,10.2,0,0,5,8,3,12.0,0,10.8,1.4,1.74,Enrolled,1.0,1.4,0.0,0.51,4.199999999999989,0,0,0,0
2214,1,1,1,9238,1,1,140.0,1,19,38,9,9,132.0,0,0,0,1,1,0,19,0,0,6,10,5,11.57142857,0,0,6,10,3,13.0,0,16.2,0.3,-0.92,Dropout,0.8333333333333334,1.6666666666666667,0.0,0.4821428570833333,-8.0,0,0,0,0
2215,1,44,1,9003,1,39,170.0,1,19,19,9,7,170.0,1,0,1,1,1,0,21,0,0,6,7,6,15.28571429,0,0,6,6,6,15.16666667,0,12.4,0.5,1.79,Graduate,1.0,1.1666666666666667,0.0,0.7642857144999999,0.0,0,0,1,0
2216,1,1,2,9773,1,1,133.0,1,3,1,2,4,130.2,0,0,0,1,1,0,19,0,0,6,9,5,12.6,0,6,10,16,8,11.0,1,8.9,1.4,3.51,Enrolled,0.8333333333333334,1.5,0.0,0.525,-2.8000000000000114,0,0,0,0
2217,1,18,2,9556,1,1,126.0,1,3,3,2,2,115.5,0,0,0,1,1,0,18,0,0,7,11,6,13.43333333,0,0,7,10,4,13.6,0,8.9,1.4,3.51,Graduate,0.8571428571428571,1.5714285714285714,0.0,0.5757142855714285,-10.5,0,0,0,0
2218,1,16,2,9147,1,1,129.0,1,19,19,4,9,127.6,1,0,0,1,1,0,19,0,0,5,8,5,11.6,0,0,5,9,3,11.0,0,10.8,1.4,1.74,Dropout,1.0,1.6,0.0,0.58,-1.4000000000000057,0,0,0,0
2219,1,7,1,9773,1,43,140.0,1,19,1,4,8,140.0,0,0,0,1,1,0,25,0,0,6,6,6,14.66666667,0,0,6,6,6,13.5,0,11.1,0.6,2.02,Graduate,1.0,1.0,0.0,0.7333333335,0.0,0,0,0,1
2220,1,1,1,9070,1,1,130.0,1,37,1,9,8,120.2,1,0,0,1,1,0,22,0,0,6,9,6,14.66666667,0,0,6,12,6,14.66666667,0,12.7,3.7,-1.7,Graduate,1.0,1.5,0.0,0.7333333335,-9.799999999999997,0,0,0,0
2221,1,39,1,9500,1,1,130.0,1,1,1,4,9,150.0,0,0,0,1,1,0,24,0,0,8,8,7,12.74285714,0,0,8,8,7,12.74285714,0,12.7,3.7,-1.7,Graduate,0.875,1.0,0.0,0.557499999875,20.0,0,0,0,0
2222,1,1,2,9500,1,1,99.0,1,1,3,5,10,100.0,1,0,0,1,1,0,19,0,0,7,9,7,11.975,0,0,8,9,7,13.12857143,0,13.9,-0.3,0.79,Graduate,1.0,1.2857142857142858,0.0,0.59875,1.0,0,0,0,0
2223,1,43,1,9119,1,1,146.0,1,3,1,2,3,100.0,0,0,0,1,1,0,18,0,0,5,9,4,12.25,0,0,5,11,3,11.66666667,0,13.9,-0.3,0.79,Enrolled,0.8,1.8,0.0,0.49000000000000005,-46.0,0,0,0,0
2224,1,17,1,171,1,1,129.0,1,38,37,4,6,128.0,0,0,0,0,1,0,20,0,0,0,0,0,0.0,0,0,0,0,0,0.0,0,9.4,-0.8,-3.12,Dropout,0.0,0.0,0.0,0.0,-1.0,1,0,1,0
2225,1,1,2,9500,1,1,132.0,1,19,19,9,7,128.0,1,0,0,1,1,1,19,0,0,8,8,7,14.93571429,0,0,8,8,7,14.93571429,0,10.8,1.4,1.74,Graduate,0.875,1.0,0.0,0.6534375001875,-4.0,0,0,0,0
2226,1,43,3,9254,1,1,110.0,1,37,37,9,9,107.2,1,0,0,1,1,0,19,0,1,6,16,2,10.5,0,0,6,15,4,10.0,0,7.6,2.6,0.32,Dropout,0.3333333333333333,2.6666666666666665,0.0,0.175,-2.799999999999997,0,0,0,0
2227,1,1,1,9670,1,1,116.0,1,3,3,3,3,110.1,1,0,0,1,1,0,19,0,0,6,9,5,13.33333333,0,0,6,6,5,13.0,0,12.4,0.5,1.79,Graduate,0.8333333333333334,1.5,0.0,0.5555555554166668,-5.900000000000006,0,0,0,0
2228,1,43,1,9003,1,1,119.0,1,37,37,9,6,119.0,0,0,1,1,1,0,23,0,0,6,6,0,0.0,0,0,6,8,0,0.0,0,15.5,2.8,-4.06,Dropout,0.0,1.0,0.0,0.0,0.0,0,0,1,0
2229,2,39,1,9773,1,1,120.0,1,37,38,9,3,155.5,0,0,0,1,1,0,47,0,0,6,12,5,13.8,0,0,6,13,4,14.0,0,12.7,3.7,-1.7,Dropout,0.8333333333333334,2.0,0.0,0.5750000000000001,35.5,0,0,0,1
2230,1,1,1,9070,1,1,117.0,1,1,1,3,9,118.4,0,0,0,1,1,0,19,0,0,6,6,6,11.83333333,0,0,6,8,4,10.75,2,16.2,0.3,-0.92,Graduate,1.0,1.0,0.0,0.5916666665,1.4000000000000057,0,0,0,0
2231,1,1,4,171,1,1,137.0,1,1,38,4,8,141.2,1,0,0,1,1,0,19,0,0,0,0,0,0.0,0,0,0,0,0,0.0,0,11.1,0.6,2.02,Graduate,0.0,0.0,0.0,0.0,4.199999999999989,1,0,0,0
2232,1,1,1,171,1,1,124.0,1,3,3,2,2,119.1,1,0,0,1,1,0,18,0,0,0,0,0,0.0,0,0,0,0,0,0.0,0,16.2,0.3,-0.92,Dropout,0.0,0.0,0.0,0.0,-4.900000000000006,1,0,0,0
2233,1,43,1,9147,1,1,151.0,1,1,3,1,1,111.0,0,0,0,1,1,0,28,0,0,5,9,2,10.0,0,0,5,9,0,0.0,0,15.5,2.8,-4.06,Dropout,0.4,1.8,0.0,0.2,-40.0,0,0,0,1
2234,1,43,1,9254,1,6,138.6,1,34,34,0,0,138.6,1,0,0,1,1,0,20,0,0,6,10,4,11.5,0,0,6,11,3,11.66666667,0,7.6,2.6,0.32,Dropout,0.6666666666666666,1.6666666666666667,0.0,0.3833333333333333,0.0,0,0,0,0
2235,1,17,2,9254,1,1,118.0,1,19,19,5,7,121.2,0,0,0,1,1,1,18,0,0,6,12,3,10.66666667,0,0,6,9,4,12.0,0,15.5,2.8,-4.06,Enrolled,0.5,2.0,0.0,0.26666666675,3.200000000000003,0,0,0,0
2236,1,1,1,171,1,1,136.0,1,19,19,4,8,150.4,1,0,0,1,1,1,21,0,0,0,0,0,0.0,0,0,0,0,0,0.0,0,12.4,0.5,1.79,Graduate,0.0,0.0,0.0,0.0,14.400000000000006,1,0,0,0
2237,1,1,1,9254,1,1,123.0,1,38,19,9,4,117.8,0,0,0,1,1,0,19,0,0,6,10,4,12.75,0,0,6,12,2,13.0,0,10.8,1.4,1.74,Enrolled,0.6666666666666666,1.6666666666666667,0.0,0.42499999999999993,-5.200000000000003,0,0,0,0
2238,1,39,1,9254,1,19,133.1,1,38,37,4,5,102.5,0,0,1,0,1,0,24,0,0,6,7,0,0.0,0,0,6,7,0,0.0,0,16.2,0.3,-0.92,Dropout,0.0,1.1666666666666667,0.0,0.0,-30.599999999999994,0,0,1,0
2239,1,39,1,9130,1,1,130.0,1,19,1,191,144,110.0,0,0,0,1,1,0,24,0,0,6,11,6,11.33333333,0,0,6,12,3,11.33333333,0,16.2,0.3,-0.92,Enrolled,1.0,1.8333333333333333,0.0,0.5666666665,-20.0,0,0,0,0
2240,1,39,1,9085,1,12,133.1,1,38,19,9,8,138.3,1,0,1,0,1,0,25,0,0,6,6,0,0.0,0,0,6,6,0,0.0,0,8.9,1.4,3.51,Enrolled,0.0,1.0,0.0,0.0,5.200000000000017,0,0,1,1
2241,1,39,1,9254,1,1,150.0,1,3,1,3,4,122.3,0,0,0,1,1,0,28,0,0,6,10,6,13.0,0,0,6,8,5,12.2,0,13.9,-0.3,0.79,Graduate,1.0,1.6666666666666667,0.0,0.65,-27.700000000000003,0,0,0,1
2242,2,39,1,9991,0,1,130.0,1,37,37,9,9,127.8,0,0,0,1,1,0,37,0,0,5,7,4,10.75,0,0,5,7,3,11.33333333,0,7.6,2.6,0.32,Enrolled,0.8,1.4,0.0,0.43,-2.200000000000003,0,0,0,1
2243,1,43,1,9119,1,1,128.0,1,1,38,4,7,100.0,0,0,0,1,1,0,19,0,0,5,8,5,12.0,0,0,5,12,2,10.5,0,13.9,-0.3,0.79,Enrolled,1.0,1.6,0.0,0.6,-28.0,0,0,0,0
2244,1,17,4,9500,1,1,133.0,1,38,37,5,7,126.4,1,0,0,1,1,1,18,0,0,7,7,7,13.46285714,0,0,8,8,8,13.90625,0,11.1,0.6,2.02,Graduate,1.0,1.0,0.0,0.673142857,-6.599999999999994,0,0,0,0
2245,1,39,1,9254,1,19,133.1,1,37,37,90,90,100.0,0,0,0,1,1,0,48,0,0,6,13,3,10.0,0,0,6,15,1,10.0,0,7.6,2.6,0.32,Dropout,0.5,2.1666666666666665,0.0,0.25,-33.099999999999994,0,0,0,1
2246,1,17,4,9238,1,1,129.0,1,37,37,9,8,117.1,1,0,0,1,1,0,21,0,0,6,6,6,12.33333333,0,0,6,7,6,13.66666667,0,8.9,1.4,3.51,Graduate,1.0,1.0,0.0,0.6166666665,-11.900000000000006,0,0,0,0
2247,1,17,1,9500,1,1,128.0,1,1,1,4,5,124.7,0,0,0,1,1,1,19,0,0,7,11,6,12.52857143,0,0,7,10,6,12.41666667,0,15.5,2.8,-4.06,Enrolled,0.8571428571428571,1.5714285714285714,0.0,0.5369387755714286,-3.299999999999997,0,0,0,0
2248,1,43,2,9500,1,1,136.0,1,19,1,9,10,124.1,0,0,0,1,1,1,21,0,0,8,8,0,0.0,8,0,8,8,0,0.0,8,9.4,-0.8,-3.12,Enrolled,0.0,1.0,1.0,0.0,-11.900000000000006,0,0,0,0
2249,1,44,1,9119,1,1,130.0,1,37,12,9,8,129.4,1,0,1,0,1,0,23,0,0,5,6,0,0.0,0,0,5,7,0,0.0,0,13.9,-0.3,0.79,Dropout,0.0,1.2,0.0,0.0,-0.5999999999999943,0,0,1,0
2250,1,1,1,9130,1,1,141.0,1,1,1,4,10,138.9,1,0,0,1,1,0,18,0,0,5,5,5,13.6,0,0,5,6,4,13.25,1,10.8,1.4,1.74,Graduate,1.0,1.0,0.0,0.6799999999999999,-2.0999999999999943,0,0,0,0
2251,1,44,1,9238,1,39,140.0,1,1,1,4,3,138.6,0,0,0,1,1,0,22,0,3,6,7,6,12.33333333,0,2,6,6,2,14.0,0,13.9,-0.3,0.79,Dropout,1.0,1.1666666666666667,0.0,0.6166666665,-1.4000000000000057,0,0,0,0
2252,1,16,1,171,1,1,122.0,1,19,37,9,7,133.9,1,0,0,1,1,0,25,0,9,13,16,10,11.45454545,0,5,11,13,7,12.25,0,12.4,0.5,1.79,Dropout,0.7692307692307693,1.2307692307692308,0.0,0.4405594403846154,11.900000000000006,0,0,0,1
2253,1,7,1,9085,1,40,140.0,1,5,3,2,2,140.0,0,0,1,1,1,0,27,0,8,13,13,8,13.5,2,5,11,12,5,14.4,0,11.1,0.6,2.02,Dropout,0.6153846153846154,1.0,0.15384615384615385,0.4153846153846154,0.0,0,0,1,1
2254,1,39,1,9119,1,12,133.1,1,34,34,0,0,95.1,0,0,0,0,1,0,49,0,0,5,5,0,0.0,0,0,5,6,0,0.0,0,10.8,1.4,1.74,Dropout,0.0,1.0,0.0,0.0,-38.0,0,0,1,1
2255,1,39,1,9991,0,1,120.0,1,19,37,5,5,128.2,0,0,0,0,1,0,31,0,0,5,5,2,11.0,0,0,5,0,0,0.0,0,12.7,3.7,-1.7,Dropout,0.4,1.0,0.0,0.22000000000000003,8.199999999999989,0,0,1,1
2256,1,39,1,9254,1,1,133.1,1,37,37,9,6,121.5,0,0,0,1,1,0,54,0,0,6,9,6,13.71428571,0,0,6,13,5,14.33333333,0,16.2,0.3,-0.92,Dropout,1.0,1.5,0.0,0.6857142855,-11.599999999999994,0,0,0,1
2257,1,7,1,33,1,40,120.0,1,38,37,5,6,120.0,1,0,1,0,1,0,25,0,18,21,26,21,12.36363636,0,12,16,21,12,12.25,1,11.1,0.6,2.02,Dropout,1.0,1.2380952380952381,0.0,0.6181818179999999,0.0,0,0,1,1
2258,1,44,1,9003,1,39,130.0,1,5,3,2,2,130.0,0,0,0,1,1,0,20,0,1,7,13,3,10.66666667,0,0,6,14,2,11.5,0,15.5,2.8,-4.06,Enrolled,0.42857142857142855,1.8571428571428572,0.0,0.22857142864285712,0.0,0,0,0,0
2259,1,7,1,9070,1,3,120.0,1,4,4,2,2,120.0,0,0,0,1,1,0,28,0,0,6,9,2,12.0,0,0,6,10,3,12.66666667,0,12.7,3.7,-1.7,Dropout,0.3333333333333333,1.5,0.0,0.19999999999999998,0.0,0,0,0,1
2260,2,39,1,8014,0,19,133.1,1,37,37,9,6,107.0,0,0,0,1,1,0,41,0,1,7,7,7,12.85714286,0,0,6,6,6,13.16666667,0,12.7,3.7,-1.7,Graduate,1.0,1.0,0.0,0.642857143,-26.099999999999994,0,0,0,1
2261,1,1,2,9670,1,1,122.0,1,1,19,4,4,116.1,0,0,0,1,1,1,19,0,0,6,10,6,13.125,0,0,6,9,6,12.71428571,0,11.1,0.6,2.02,Enrolled,1.0,1.6666666666666667,0.0,0.65625,-5.900000000000006,0,0,0,0
2262,1,43,1,9147,1,1,123.0,1,1,1,4,4,114.4,0,0,0,1,1,0,22,0,0,5,6,0,0.0,0,0,5,8,2,11.5,0,15.5,2.8,-4.06,Dropout,0.0,1.2,0.0,0.0,-8.599999999999994,0,0,0,0
2263,1,1,1,9254,1,1,178.0,1,2,1,2,3,157.7,0,0,0,1,1,0,34,0,0,6,13,2,13.5,0,0,6,6,0,0.0,0,15.5,2.8,-4.06,Dropout,0.3333333333333333,2.1666666666666665,0.0,0.225,-20.30000000000001,0,0,0,1
2264,1,39,1,9003,1,1,130.0,1,38,38,9,9,150.0,0,0,1,0,1,0,28,0,5,11,14,11,15.09090909,0,5,10,11,10,15.0,0,11.1,0.6,2.02,Dropout,1.0,1.2727272727272727,0.0,0.7545454545,20.0,0,0,1,1
2265,1,1,1,9853,1,1,110.0,1,37,37,9,4,114.3,1,0,0,1,1,0,42,0,0,6,9,5,12.4,0,0,6,10,5,11.8,0,7.6,2.6,0.32,Enrolled,0.8333333333333334,1.5,0.0,0.5166666666666667,4.299999999999997,0,0,0,1
2266,1,18,1,9085,1,1,106.0,1,1,19,3,5,104.6,0,0,0,0,1,0,21,0,0,6,10,5,14.0,0,0,6,11,4,14.8,0,11.1,0.6,2.02,Enrolled,0.8333333333333334,1.6666666666666667,0.0,0.5833333333333334,-1.4000000000000057,0,0,1,0
2267,1,7,1,9003,1,3,140.0,1,39,39,9,4,140.0,0,0,0,1,1,0,50,0,2,6,8,2,13.5,0,1,6,9,1,13.0,0,15.5,2.8,-4.06,Dropout,0.3333333333333333,1.3333333333333333,0.0,0.225,0.0,0,0,0,1
2268,1,1,4,9147,1,1,108.0,1,3,1,3,4,109.1,1,0,0,1,1,0,19,0,0,5,5,0,0.0,0,0,5,5,0,0.0,0,12.4,0.5,1.79,Dropout,0.0,1.0,0.0,0.0,1.0999999999999943,0,0,0,0
2269,1,43,1,9500,1,1,120.0,1,3,4,2,4,120.6,0,0,0,1,1,0,18,0,0,7,12,4,12.65,0,0,7,10,3,10.66666667,0,16.2,0.3,-0.92,Dropout,0.5714285714285714,1.7142857142857142,0.0,0.36142857142857143,0.5999999999999943,0,0,0,0
2270,2,39,1,9991,0,1,100.0,1,37,37,1,1,161.9,0,0,0,1,1,0,59,0,0,5,7,0,0.0,0,0,5,7,0,0.0,0,16.2,0.3,-0.92,Dropout,0.0,1.4,0.0,0.0,61.900000000000006,0,0,0,1
2271,2,7,1,9991,0,3,140.0,1,34,34,Unknown/not stated,Unknown/not stated,140.0,1,0,0,0,1,0,33,0,0,5,5,0,0.0,0,0,5,5,0,0.0,0,7.6,2.6,0.32,Dropout,0.0,1.0,0.0,0.0,0.0,0,0,1,1
2272,1,17,2,9070,1,1,133.1,1,37,38,9,10,178.0,1,0,0,1,1,1,23,0,0,6,8,6,13.33333333,0,0,6,7,5,12.8,0,9.4,-0.8,-3.12,Graduate,1.0,1.3333333333333333,0.0,0.6666666665000001,44.900000000000006,0,0,0,0
2273,2,39,1,9991,0,19,133.1,1,37,1,5,5,138.3,0,0,0,1,1,0,44,0,0,5,9,3,11.33333333,0,0,5,8,5,11.14285714,0,13.9,-0.3,0.79,Dropout,0.6,1.8,0.0,0.33999999989999996,5.200000000000017,0,0,0,1
2274,2,1,4,8014,0,1,140.0,1,34,34,0,0,128.0,1,0,0,1,1,0,37,0,0,6,0,0,0.0,0,0,6,0,0,0.0,0,9.4,-0.8,-3.12,Dropout,0.0,0.0,0.0,0.0,-12.0,0,0,0,1
2275,2,39,1,171,1,19,100.0,1,37,37,9,9,139.0,0,0,0,1,1,0,36,0,0,0,0,0,0.0,0,0,0,0,0,0.0,0,10.8,1.4,1.74,Dropout,0.0,0.0,0.0,0.0,39.0,1,0,0,1
2276,1,1,2,9991,0,1,123.0,1,1,3,4,2,113.2,0,0,0,0,1,0,22,0,0,5,7,3,11.66666667,0,0,5,8,2,10.5,2,7.6,2.6,0.32,Dropout,0.6,1.4,0.0,0.35000000009999993,-9.799999999999997,0,0,1,0
2277,2,39,1,8014,0,19,133.1,1,37,37,6,6,139.0,0,0,0,1,1,0,49,0,0,6,8,6,12.16666667,0,0,6,8,6,14.42857143,0,12.4,0.5,1.79,Graduate,1.0,1.3333333333333333,0.0,0.6083333335,5.900000000000006,0,0,0,1
2278,1,51,1,9773,1,1,135.0,1,1,42,5,3,110.0,1,0,0,1,1,0,23,0,0,6,7,6,13.33333333,0,0,6,6,4,12.75,0,11.1,0.6,2.02,Graduate,1.0,1.1666666666666667,0.0,0.6666666665000001,-25.0,0,0,0,0
2279,1,1,1,9070,1,1,132.0,1,1,1,4,9,136.6,1,0,0,1,1,0,19,0,0,6,7,5,11.4,0,0,6,10,3,11.0,3,7.6,2.6,0.32,Enrolled,0.8333333333333334,1.1666666666666667,0.0,0.4750000000000001,4.599999999999994,0,0,0,0
2280,2,43,1,8014,0,1,120.0,1,37,37,5,5,161.1,0,0,0,1,1,0,47,0,0,6,9,6,12.14285714,0,0,6,6,0,0.0,0,16.2,0.3,-0.92,Dropout,1.0,1.5,0.0,0.607142857,41.099999999999994,0,0,0,1
2281,1,43,1,9003,1,1,130.0,1,1,2,4,2,130.0,0,0,0,1,1,0,28,0,9,18,36,17,13.05882353,1,6,12,15,12,12.30769231,0,15.5,2.8,-4.06,Graduate,0.9444444444444444,2.0,0.05555555555555555,0.6166666666944444,0.0,0,0,0,1
2282,1,44,1,9003,1,39,140.0,1,1,38,9,6,140.0,0,0,0,1,1,0,21,0,0,6,13,4,11.75,0,0,6,15,4,10.5,0,15.5,2.8,-4.06,Enrolled,0.6666666666666666,2.1666666666666665,0.0,0.39166666666666666,0.0,0,0,0,0
2283,1,1,1,9254,1,1,133.1,1,38,1,9,9,121.0,0,0,1,0,1,0,21,0,0,6,9,5,11.83333333,0,0,6,8,5,10.0,0,8.9,1.4,3.51,Dropout,0.8333333333333334,1.5,0.0,0.4930555554166667,-12.099999999999994,0,0,1,0
2284,1,43,1,9238,1,39,120.0,1,2,1,1,2,118.6,0,0,0,1,1,0,21,0,9,11,14,10,12.4,0,6,10,13,10,11.8,0,13.9,-0.3,0.79,Graduate,0.9090909090909091,1.2727272727272727,0.0,0.5636363636363636,-1.4000000000000057,0,0,0,0
2285,1,1,1,9070,1,1,140.0,1,19,38,4,4,138.3,0,0,0,1,1,0,20,0,1,6,8,6,13.42857143,1,0,6,12,4,11.5,0,13.9,-0.3,0.79,Enrolled,1.0,1.3333333333333333,0.16666666666666666,0.6714285715,-1.6999999999999886,0,0,0,0
2286,2,42,1,9147,1,1,133.1,1,37,37,9,9,115.8,0,0,0,0,1,0,49,0,0,5,5,0,0.0,0,0,5,9,0,0.0,0,10.8,1.4,1.74,Dropout,0.0,1.0,0.0,0.0,-17.299999999999997,0,0,1,1
2287,1,39,1,9991,0,1,120.0,1,19,37,6,8,160.0,0,0,0,1,1,0,40,0,0,5,5,5,11.0,0,0,5,5,5,13.4,0,15.5,2.8,-4.06,Graduate,1.0,1.0,0.0,0.55,40.0,0,0,0,1
2288,1,17,1,9254,1,1,125.0,1,1,1,3,3,114.5,0,0,0,1,1,1,22,0,0,6,8,6,13.625,0,0,6,8,6,14.42857143,0,11.1,0.6,2.02,Graduate,1.0,1.3333333333333333,0.0,0.68125,-10.5,0,0,0,0
2289,1,42,1,9119,1,1,136.0,1,1,37,5,5,117.5,0,0,0,1,1,0,19,0,2,5,6,4,11.8,0,0,5,7,2,11.5,0,15.5,2.8,-4.06,Enrolled,0.8,1.2,0.0,0.4720000000000001,-18.5,0,0,0,0
2290,1,39,1,9991,0,1,133.1,1,3,38,2,7,121.7,0,0,0,1,1,0,31,0,0,5,5,0,0.0,0,0,5,7,0,0.0,0,13.9,-0.3,0.79,Dropout,0.0,1.0,0.0,0.0,-11.399999999999991,0,0,0,1
2291,1,42,1,9119,1,1,120.0,1,5,5,2,2,115.0,0,0,0,1,1,0,30,0,1,6,9,2,15.0,0,1,6,7,2,13.5,0,15.5,2.8,-4.06,Dropout,0.3333333333333333,1.5,0.0,0.25,-5.0,0,0,0,1
2292,1,1,1,9238,1,1,127.0,1,37,37,5,10,125.3,0,0,0,1,1,0,19,0,0,6,9,5,10.8,0,0,6,11,5,11.0,0,7.6,2.6,0.32,Graduate,0.8333333333333334,1.5,0.0,0.45000000000000007,-1.7000000000000028,0,0,0,0
2293,1,18,1,9147,1,1,131.0,1,34,34,90,90,131.0,0,0,0,1,1,0,22,0,0,5,11,3,13.66666667,0,0,5,10,3,11.33333333,0,9.4,-0.8,-3.12,Dropout,0.6,2.2,0.0,0.4100000001,0.0,0,0,0,0
2294,1,1,1,9773,1,1,127.0,1,19,37,9,9,126.3,0,0,0,1,1,0,19,0,0,6,8,6,12.83333333,0,0,6,8,6,13.33333333,0,15.5,2.8,-4.06,Graduate,1.0,1.3333333333333333,0.0,0.6416666665,-0.7000000000000028,0,0,0,0
2295,1,17,1,171,1,1,132.0,1,1,37,4,9,127.1,0,0,0,0,1,0,21,0,0,0,0,0,0.0,0,0,0,0,0,0.0,0,7.6,2.6,0.32,Dropout,0.0,0.0,0.0,0.0,-4.900000000000006,1,0,1,0
2296,1,17,3,9670,1,1,137.0,1,1,38,4,7,138.4,0,0,0,1,1,0,19,0,0,6,8,6,15.125,0,0,6,7,6,13.42857143,0,11.1,0.6,2.02,Graduate,1.0,1.3333333333333333,0.0,0.75625,1.4000000000000057,0,0,0,0
2297,1,43,2,9147,1,1,126.0,1,1,19,3,3,100.0,1,0,0,1,1,0,22,0,0,5,11,0,0.0,0,0,5,7,1,10.0,1,16.2,0.3,-0.92,Dropout,0.0,2.2,0.0,0.0,-26.0,0,0,0,0
2298,1,1,1,9238,1,1,136.0,1,4,5,2,2,126.2,0,0,0,1,1,0,22,0,0,6,10,5,11.4,0,0,6,8,5,11.0,0,10.8,1.4,1.74,Graduate,0.8333333333333334,1.6666666666666667,0.0,0.4750000000000001,-9.799999999999997,0,0,0,0
2299,1,1,1,9238,1,1,124.0,1,1,1,4,4,118.8,0,0,0,1,1,0,19,0,0,6,12,4,12.25,0,0,6,9,6,11.0,0,9.4,-0.8,-3.12,Graduate,0.6666666666666666,2.0,0.0,0.4083333333333333,-5.200000000000003,0,0,0,0
2300,1,39,1,9254,1,39,137.0,1,1,1,5,10,124.5,0,0,0,0,1,0,26,0,0,6,0,0,0.0,0,0,6,0,0,0.0,0,16.2,0.3,-0.92,Dropout,0.0,0.0,0.0,0.0,-12.5,0,0,1,1
2301,1,44,1,9119,1,39,140.0,1,5,41,3,2,140.0,0,0,0,1,1,0,23,0,3,7,12,3,14.0,0,1,6,12,1,14.0,0,12.4,0.5,1.79,Enrolled,0.42857142857142855,1.7142857142857142,0.0,0.3,0.0,0,0,0,0
2302,1,17,1,9070,1,1,131.0,1,19,19,7,7,125.1,0,0,0,1,1,0,18,0,0,6,7,6,12.33333333,0,0,6,10,5,10.8,4,16.2,0.3,-0.92,Enrolled,1.0,1.1666666666666667,0.0,0.6166666665,-5.900000000000006,0,0,0,0
2303,1,1,1,9147,1,1,130.0,1,37,37,9,9,118.8,0,0,1,1,1,1,22,0,0,5,8,5,10.66666667,0,0,5,11,2,11.0,0,15.5,2.8,-4.06,Enrolled,1.0,1.6,0.0,0.5333333335,-11.200000000000003,0,0,1,0
2304,1,18,5,9119,1,1,136.0,1,3,2,2,3,125.2,1,0,0,1,1,0,19,0,0,5,9,5,11.83333333,0,0,5,9,5,14.71428571,0,12.4,0.5,1.79,Enrolled,1.0,1.8,0.0,0.5916666665,-10.799999999999997,0,0,0,0
2305,1,17,1,9147,1,1,133.1,1,1,19,4,8,95.0,0,0,0,1,1,0,20,0,0,5,14,0,0.0,0,0,5,5,0,0.0,0,11.1,0.6,2.02,Dropout,0.0,2.8,0.0,0.0,-38.099999999999994,0,0,0,0
2306,1,1,3,9070,1,1,110.0,1,37,37,9,9,107.6,1,0,0,1,1,1,22,0,0,6,6,6,11.66666667,0,0,6,6,6,12.16666667,0,7.6,2.6,0.32,Enrolled,1.0,1.0,0.0,0.5833333334999999,-2.4000000000000057,0,0,0,0
2307,1,7,1,9130,1,3,140.0,1,2,38,2,3,140.0,1,0,0,0,1,0,18,0,2,5,7,2,13.0,0,0,5,5,0,0.0,0,12.7,3.7,-1.7,Dropout,0.4,1.4,0.0,0.26,0.0,0,0,1,0
2308,4,43,2,9991,0,38,133.1,1,3,1,2,9,125.4,0,0,0,1,1,0,39,0,0,2,5,0,0.0,0,0,4,4,0,0.0,0,10.8,1.4,1.74,Dropout,0.0,2.5,0.0,0.0,-7.699999999999989,0,0,0,1
2309,1,1,1,9500,1,1,141.0,1,19,1,90,90,128.0,0,0,0,1,1,0,18,0,0,8,8,0,0.0,3,0,8,8,0,0.0,3,10.8,1.4,1.74,Dropout,0.0,1.0,0.375,0.0,-13.0,0,0,0,0
2310,1,17,3,9119,1,1,130.0,1,1,38,3,3,129.3,0,0,0,1,1,1,18,0,0,5,5,5,13.0,0,0,5,5,5,14.2,0,8.9,1.4,3.51,Graduate,1.0,1.0,0.0,0.65,-0.6999999999999886,0,0,0,0
2311,1,1,1,9238,1,1,160.0,1,19,38,9,9,152.0,0,0,0,1,1,1,19,0,0,6,7,6,13.85714286,0,0,6,6,6,14.0,0,13.9,-0.3,0.79,Graduate,1.0,1.1666666666666667,0.0,0.692857143,-8.0,0,0,0,0
2312,1,1,1,9500,1,1,140.0,1,1,19,9,9,128.8,0,0,0,1,1,0,18,0,0,7,7,6,13.39166667,0,0,8,8,8,12.4875,0,12.4,0.5,1.79,Graduate,0.8571428571428571,1.0,0.0,0.5739285715714285,-11.199999999999989,0,0,0,0
2313,1,1,1,9147,1,1,150.0,1,34,19,0,4,152.8,1,0,0,1,1,1,18,0,0,5,7,4,12.75,0,0,5,5,0,0.0,0,7.6,2.6,0.32,Dropout,0.8,1.4,0.0,0.51,2.8000000000000114,0,0,0,0
2314,1,44,1,9130,1,39,150.0,1,37,37,6,6,150.0,1,0,0,1,1,0,22,0,0,5,7,4,14.5,0,0,5,5,5,14.6,0,10.8,1.4,1.74,Graduate,0.8,1.4,0.0,0.58,0.0,0,0,0,0
2315,1,1,1,9238,1,1,133.1,1,1,1,3,4,112.0,0,0,0,1,1,0,19,0,0,6,7,6,12.16666667,0,0,6,6,6,12.16666667,0,12.4,0.5,1.79,Graduate,1.0,1.1666666666666667,0.0,0.6083333335,-21.099999999999994,0,0,0,0
2316,1,1,1,9130,1,1,152.0,1,19,37,9,8,135.6,1,0,0,1,1,0,18,0,0,5,5,5,15.4,0,0,5,5,5,15.6,0,12.7,3.7,-1.7,Dropout,1.0,1.0,0.0,0.77,-16.400000000000006,0,0,0,0
2317,1,39,1,9119,1,19,133.1,1,1,1,4,3,134.4,0,0,1,0,1,0,31,0,0,5,9,2,13.33333333,0,0,5,9,2,16.0,4,16.2,0.3,-0.92,Dropout,0.4,1.8,0.0,0.26666666660000005,1.3000000000000114,0,0,1,1
2318,1,39,1,9991,0,1,130.0,1,3,1,3,3,120.5,0,0,0,1,1,0,28,0,0,5,5,0,0.0,0,0,5,5,0,0.0,0,12.7,3.7,-1.7,Dropout,0.0,1.0,0.0,0.0,-9.5,0,0,0,1
2319,1,1,1,9070,1,1,148.0,1,1,1,4,8,141.4,0,0,0,1,1,0,19,0,0,6,0,0,0.0,0,0,6,0,0,0.0,0,15.5,2.8,-4.06,Dropout,0.0,0.0,0.0,0.0,-6.599999999999994,0,0,0,0
2320,1,17,1,9254,1,1,148.0,1,1,1,4,8,145.2,0,0,0,1,1,0,20,0,0,6,7,6,13.71428571,0,0,6,8,6,14.71428571,0,16.2,0.3,-0.92,Graduate,1.0,1.1666666666666667,0.0,0.6857142855,-2.8000000000000114,0,0,0,0
2321,4,39,1,9238,1,1,130.0,1,19,3,9,2,140.0,0,0,0,1,1,0,50,0,0,6,7,4,12.25,0,0,6,7,0,0.0,0,8.9,1.4,3.51,Dropout,0.6666666666666666,1.1666666666666667,0.0,0.4083333333333333,10.0,0,0,0,1
2322,1,43,1,9070,1,1,160.0,1,1,2,4,2,100.0,0,0,0,1,1,0,38,0,1,6,9,5,16.0,1,0,6,11,4,16.5,0,13.9,-0.3,0.79,Enrolled,0.8333333333333334,1.5,0.16666666666666666,0.6666666666666667,-60.0,0,0,0,1
2323,2,39,1,9991,0,1,130.0,1,37,37,9,9,140.0,1,0,0,1,1,0,31,0,0,5,8,1,11.0,0,0,5,5,1,13.0,0,9.4,-0.8,-3.12,Dropout,0.2,1.6,0.0,0.11000000000000001,10.0,0,0,0,1
2324,1,39,1,9500,1,1,110.0,1,1,37,9,9,126.0,1,0,0,1,1,0,27,0,0,7,7,7,14.08571429,0,0,7,7,7,14.08571429,0,7.6,2.6,0.32,Enrolled,1.0,1.0,0.0,0.7042857145,16.0,0,0,0,1
2325,1,18,1,9238,1,1,122.0,1,1,3,9,2,112.6,1,0,0,1,1,0,21,0,0,6,9,6,10.16666667,0,0,6,10,6,10.5,0,12.7,3.7,-1.7,Graduate,1.0,1.5,0.0,0.5083333335,-9.400000000000006,0,0,0,0
2326,2,39,1,9119,1,1,110.0,1,37,37,9,9,106.8,0,0,0,1,1,0,34,0,0,5,8,1,10.0,0,0,5,9,0,0.0,0,8.9,1.4,3.51,Dropout,0.2,1.6,0.0,0.1,-3.200000000000003,0,0,0,1
2327,1,51,1,9119,1,1,129.0,1,2,37,2,9,121.6,1,0,0,1,1,0,19,0,0,5,10,0,0.0,0,0,5,7,1,10.0,0,7.6,2.6,0.32,Enrolled,0.0,2.0,0.0,0.0,-7.400000000000006,0,0,0,0
2328,2,39,1,9991,0,1,110.0,1,37,37,1,4,120.0,1,0,0,0,1,0,40,0,0,5,10,2,10.5,0,0,5,5,3,10.66666667,0,9.4,-0.8,-3.12,Dropout,0.4,2.0,0.0,0.21000000000000002,10.0,0,0,1,1
2329,1,1,1,171,1,1,170.0,1,38,19,9,2,160.6,1,0,0,1,1,1,18,0,0,0,0,0,0.0,0,0,0,0,0,0.0,0,12.7,3.7,-1.7,Graduate,0.0,0.0,0.0,0.0,-9.400000000000006,1,0,0,0
2330,2,39,1,9070,1,12,110.0,1,37,38,5,10,130.0,0,0,1,0,1,1,46,0,0,6,6,0,0.0,0,0,6,6,0,0.0,0,15.5,2.8,-4.06,Dropout,0.0,1.0,0.0,0.0,20.0,0,0,1,1
2331,1,43,5,8014,0,1,110.0,1,34,34,0,0,110.0,0,0,0,1,1,0,37,0,0,6,12,0,0.0,0,0,5,10,0,0.0,0,7.6,2.6,0.32,Dropout,0.0,2.0,0.0,0.0,0.0,0,0,0,1
2332,1,39,1,9003,1,1,133.1,1,19,37,9,7,110.0,1,0,0,1,1,0,31,0,0,6,8,0,0.0,0,0,6,10,0,0.0,0,16.2,0.3,-0.92,Dropout,0.0,1.3333333333333333,0.0,0.0,-23.099999999999994,0,0,0,1
2333,1,39,1,9003,1,1,133.1,1,1,19,4,10,145.8,0,0,0,1,1,0,34,0,0,6,15,5,13.33333333,0,0,6,15,5,12.4,0,12.4,0.5,1.79,Graduate,0.8333333333333334,2.5,0.0,0.5555555554166668,12.700000000000017,0,0,0,1
2334,1,1,6,171,1,1,126.0,1,10,10,4,4,130.2,1,0,0,1,1,1,18,0,0,0,0,0,0.0,0,0,0,0,0,0.0,0,9.4,-0.8,-3.12,Dropout,0.0,0.0,0.0,0.0,4.199999999999989,1,0,0,0
2335,1,1,1,9670,1,1,137.0,1,38,37,9,9,122.3,0,0,0,1,1,1,18,0,0,6,7,6,13.57142857,0,0,6,6,6,14.33333333,0,12.4,0.5,1.79,Graduate,1.0,1.1666666666666667,0.0,0.6785714285,-14.700000000000003,0,0,0,0
2336,1,17,4,9070,1,1,117.0,1,1,1,3,3,125.4,1,0,0,1,1,1,19,0,0,6,6,6,12.83333333,0,0,6,7,6,11.16666667,0,11.1,0.6,2.02,Graduate,1.0,1.0,0.0,0.6416666665,8.400000000000006,0,0,0,0
2337,1,43,1,9991,0,1,100.0,1,37,19,9,4,130.0,0,0,0,1,1,0,40,0,1,5,6,4,10.25,0,3,8,18,5,11.2,5,15.5,2.8,-4.06,Dropout,0.8,1.2,0.0,0.41,30.0,0,0,0,1
2338,1,39,1,9130,1,1,120.0,1,1,38,9,9,150.0,0,0,0,1,1,0,25,0,0,6,6,0,0.0,0,0,6,6,0,0.0,0,12.4,0.5,1.79,Dropout,0.0,1.0,0.0,0.0,30.0,0,0,0,1
2339,1,17,5,9119,1,1,126.0,1,38,38,5,9,116.9,1,0,1,1,1,0,20,0,0,5,5,4,14.5,0,0,6,8,3,13.33333333,0,11.1,0.6,2.02,Dropout,0.8,1.0,0.0,0.58,-9.099999999999994,0,0,1,0
2340,1,17,1,9119,1,1,122.0,1,19,19,9,9,114.7,0,0,0,1,1,0,20,0,0,5,6,5,15.8,0,0,5,8,5,13.71428571,0,11.1,0.6,2.02,Enrolled,1.0,1.2,0.0,0.79,-7.299999999999997,0,0,0,0
2341,1,39,1,9003,1,1,111.0,1,37,37,9,10,95.8,1,0,0,0,1,0,43,0,0,6,0,0,0.0,0,0,6,0,0,0.0,0,15.5,2.8,-4.06,Dropout,0.0,0.0,0.0,0.0,-15.200000000000003,0,0,1,1
2342,1,17,4,9119,1,1,139.0,1,37,19,9,4,133.1,1,0,0,1,1,0,18,0,0,5,8,4,12.5,0,0,5,7,3,14.66666667,1,7.6,2.6,0.32,Enrolled,0.8,1.6,0.0,0.5,-5.900000000000006,0,0,0,0
2343,1,43,1,9003,1,1,150.0,1,2,4,4,1,150.0,0,0,0,1,1,0,35,0,16,18,22,18,11.66666667,0,12,13,13,12,11.5,1,15.5,2.8,-4.06,Graduate,1.0,1.2222222222222223,0.0,0.5833333334999999,0.0,0,0,0,1
2344,1,17,2,9991,0,1,116.0,1,37,19,9,4,118.5,0,0,0,1,1,0,23,0,0,5,6,4,13.0,0,0,5,5,5,13.0,0,7.6,2.6,0.32,Graduate,0.8,1.2,0.0,0.52,2.5,0,0,0,0
2345,1,17,1,9500,1,1,130.0,1,3,3,2,2,131.1,0,0,0,1,1,0,19,0,0,7,8,7,12.12142857,0,0,9,12,8,11.50625,0,12.4,0.5,1.79,Graduate,1.0,1.1428571428571428,0.0,0.6060714285000001,1.0999999999999943,0,0,0,0
2346,1,53,1,9085,1,42,150.0,1,1,19,3,8,150.3,1,0,0,1,1,1,21,0,7,11,15,9,14.22222222,0,4,9,15,7,13.75,0,8.9,1.4,3.51,Graduate,0.8181818181818182,1.3636363636363635,0.0,0.5818181817272727,0.30000000000001137,0,0,0,0
2347,1,43,1,9670,1,1,132.0,1,3,19,4,8,120.5,0,0,0,1,1,0,19,0,0,6,17,4,12.5,0,0,6,8,4,13.25,0,13.9,-0.3,0.79,Enrolled,0.6666666666666666,2.8333333333333335,0.0,0.41666666666666663,-11.5,0,0,0,0
2348,1,18,1,9119,1,1,108.0,1,1,1,4,3,105.6,1,0,0,1,1,0,20,0,0,5,7,5,12.16666667,0,0,5,7,5,15.28571429,0,12.4,0.5,1.79,Graduate,1.0,1.4,0.0,0.6083333335,-2.4000000000000057,0,0,0,0
2349,1,39,1,9670,1,1,133.1,1,19,19,3,3,125.3,0,1,0,1,1,1,30,0,0,6,0,0,0.0,0,0,6,0,0,0.0,0,12.4,0.5,1.79,Dropout,0.0,0.0,0.0,0.0,-7.799999999999997,0,0,0,1
2350,4,39,1,9254,1,1,120.0,1,37,19,9,9,131.0,1,0,0,1,1,0,44,0,0,6,6,6,12.66666667,0,0,6,6,6,11.5,0,12.4,0.5,1.79,Graduate,1.0,1.0,0.0,0.6333333335,11.0,0,0,0,1
2351,1,18,1,9500,1,1,146.0,1,19,3,4,9,127.0,0,0,0,1,1,0,19,0,0,8,8,7,13.61428571,0,0,8,8,7,13.61428571,0,12.7,3.7,-1.7,Graduate,0.875,1.0,0.0,0.5956249998125001,-19.0,0,0,0,0
2352,1,44,1,9130,1,39,150.0,1,2,1,3,6,150.0,1,0,0,1,1,0,22,0,11,18,32,12,12.85714286,1,8,12,15,10,14.3,0,16.2,0.3,-0.92,Graduate,0.6666666666666666,1.7777777777777777,0.05555555555555555,0.42857142866666664,0.0,0,0,0,0
2353,1,1,1,9130,1,1,160.0,1,3,3,1,2,149.2,0,0,0,1,1,0,18,0,0,5,7,4,14.0,0,0,5,5,5,14.2,0,7.6,2.6,0.32,Graduate,0.8,1.4,0.0,0.5599999999999999,-10.800000000000011,0,0,0,0
2354,1,17,1,9670,1,1,125.0,1,37,37,9,9,121.5,1,0,0,1,1,1,21,0,0,6,8,4,14.75,0,0,6,6,5,11.8,0,12.7,3.7,-1.7,Graduate,0.6666666666666666,1.3333333333333333,0.0,0.4916666666666667,-3.5,0,0,0,0
2355,1,1,2,9085,1,1,125.0,1,37,19,90,90,137.3,0,0,0,1,1,0,18,0,0,6,0,0,0.0,0,0,6,0,0,0.0,0,7.6,2.6,0.32,Dropout,0.0,0.0,0.0,0.0,12.300000000000011,0,0,0,0
2356,1,17,4,9670,1,1,122.0,1,3,1,2,3,119.6,1,0,0,1,1,0,18,0,0,6,8,6,13.625,0,0,6,7,6,14.28571429,0,11.1,0.6,2.02,Graduate,1.0,1.3333333333333333,0.0,0.68125,-2.4000000000000057,0,0,0,0
2357,1,1,1,171,1,1,138.0,1,1,1,4,3,141.5,0,0,0,1,1,0,19,0,0,0,0,0,0.0,0,0,0,0,0,0.0,0,7.6,2.6,0.32,Graduate,0.0,0.0,0.0,0.0,3.5,1,0,0,0
2358,1,44,1,9003,1,39,150.0,1,1,38,6,6,150.0,1,0,0,1,1,0,21,0,0,6,12,4,11.8,0,0,6,11,4,11.875,0,16.2,0.3,-0.92,Dropout,0.6666666666666666,2.0,0.0,0.39333333333333337,0.0,0,0,0,0
2359,1,39,1,9003,1,1,140.0,1,3,3,2,2,110.0,0,0,0,1,1,0,31,0,0,6,8,6,15.125,0,0,6,10,6,14.6,0,16.2,0.3,-0.92,Graduate,1.0,1.3333333333333333,0.0,0.75625,-30.0,0,0,0,1
2360,1,17,5,9254,1,1,113.0,1,1,1,2,3,110.2,1,0,0,1,1,0,21,0,0,6,10,4,11.5,0,0,6,10,2,10.5,0,9.4,-0.8,-3.12,Dropout,0.6666666666666666,1.6666666666666667,0.0,0.3833333333333333,-2.799999999999997,0,0,0,0
2361,1,39,1,9119,1,1,139.0,1,19,19,9,7,110.3,0,0,1,1,1,0,24,0,0,5,12,1,10.0,0,0,5,11,1,11.0,0,8.9,1.4,3.51,Enrolled,0.2,2.4,0.0,0.1,-28.700000000000003,0,0,1,0
2362,1,42,1,9773,1,1,133.1,1,19,6,4,3,120.0,0,0,0,1,1,0,27,0,0,4,8,0,0.0,0,0,5,10,0,0.0,0,9.4,-0.8,-3.12,Dropout,0.0,2.0,0.0,0.0,-13.099999999999994,0,0,0,1
2363,1,1,5,9147,1,1,118.0,1,19,19,9,9,114.2,1,0,0,1,1,0,20,0,0,5,9,3,10.33333333,0,0,5,6,5,12.8,0,12.4,0.5,1.79,Graduate,0.6,1.8,0.0,0.3099999999,-3.799999999999997,0,0,0,0
2364,1,44,1,9119,1,39,140.0,1,1,19,4,5,140.0,1,0,0,1,1,0,22,0,0,5,9,0,0.0,0,0,5,6,2,11.66666667,0,10.8,1.4,1.74,Enrolled,0.0,1.8,0.0,0.0,0.0,0,0,0,0
2365,1,1,1,9003,1,1,144.0,1,19,19,9,9,132.8,0,0,0,1,1,1,19,0,0,6,9,4,12.0,2,0,6,10,4,12.5,0,15.5,2.8,-4.06,Enrolled,0.6666666666666666,1.5,0.3333333333333333,0.39999999999999997,-11.199999999999989,0,0,0,0
2366,1,18,1,9773,1,1,125.0,1,1,1,4,7,121.5,1,0,0,1,1,0,19,0,0,6,6,6,13.83333333,0,0,6,6,6,14.5,0,8.9,1.4,3.51,Graduate,1.0,1.0,0.0,0.6916666665,-3.5,0,0,0,0
2367,1,1,1,171,1,1,131.0,1,1,1,7,4,127.2,1,0,1,1,1,0,23,0,13,17,19,13,12.15384615,0,10,17,28,11,11.90909091,1,11.1,0.6,2.02,Enrolled,0.7647058823529411,1.1176470588235294,0.0,0.4647058822058823,-3.799999999999997,0,0,1,0
2368,1,17,1,9130,1,1,131.0,1,12,12,2,8,128.2,1,0,0,1,1,0,18,0,0,6,7,6,14.0,0,0,6,8,6,13.66666667,0,12.4,0.5,1.79,Graduate,1.0,1.1666666666666667,0.0,0.7,-2.8000000000000114,0,0,0,0
2369,1,1,1,9773,1,1,140.0,1,3,2,4,6,133.4,1,0,0,0,1,0,29,0,0,6,8,6,16.5,0,0,6,6,5,13.8,0,11.1,0.6,2.02,Enrolled,1.0,1.3333333333333333,0.0,0.825,-6.599999999999994,0,0,1,1
2370,1,39,1,9130,1,1,133.1,1,1,19,4,5,120.0,1,0,0,1,1,0,29,0,0,5,11,1,18.0,2,0,5,10,3,13.33333333,2,10.8,1.4,1.74,Dropout,0.2,2.2,0.4,0.18000000000000002,-13.099999999999994,0,0,0,1
2371,1,44,1,9003,1,1,140.0,1,1,1,4,5,140.0,0,0,0,1,1,0,20,0,0,6,11,6,11.28571429,0,0,6,12,5,11.77777778,0,16.2,0.3,-0.92,Enrolled,1.0,1.8333333333333333,0.0,0.5642857145,0.0,0,0,0,0
2372,1,1,5,171,1,1,139.0,1,19,3,9,2,136.9,1,0,0,1,1,1,19,0,0,0,0,0,0.0,0,0,0,0,0,0.0,0,9.4,-0.8,-3.12,Graduate,0.0,0.0,0.0,0.0,-2.0999999999999943,1,0,0,0
2373,1,17,3,171,1,1,125.0,1,3,39,2,5,117.0,1,1,0,1,1,0,22,0,0,0,0,0,0.0,0,0,0,0,0,0.0,0,10.8,1.4,1.74,Enrolled,0.0,0.0,0.0,0.0,-8.0,1,0,0,0
2374,1,1,2,9670,1,1,117.0,1,3,1,3,5,110.7,1,0,0,1,1,0,20,0,0,6,10,5,14.0,0,0,6,10,6,12.0,0,11.1,0.6,2.02,Enrolled,0.8333333333333334,1.6666666666666667,0.0,0.5833333333333334,-6.299999999999997,0,0,0,0
2375,1,39,1,9130,1,1,150.0,1,19,19,9,5,160.0,1,0,0,1,1,0,24,0,0,5,13,4,13.75,1,0,5,9,3,12.0,0,9.4,-0.8,-3.12,Enrolled,0.8,2.6,0.2,0.55,10.0,0,0,0,0
2376,1,1,1,9670,1,1,95.0,1,37,37,5,8,95.0,0,0,0,0,1,0,21,0,0,6,9,4,13.25,0,0,6,6,5,11.0,0,12.7,3.7,-1.7,Dropout,0.6666666666666666,1.5,0.0,0.44166666666666665,0.0,0,0,1,0
2377,1,39,1,9147,1,1,150.0,1,37,1,7,3,148.8,0,0,0,1,1,1,25,0,0,5,7,4,14.25,0,0,5,7,4,14.75,0,12.7,3.7,-1.7,Graduate,0.8,1.4,0.0,0.5700000000000001,-1.1999999999999886,0,0,0,1
2378,1,39,1,9147,1,1,120.0,1,37,37,9,9,110.0,0,0,0,0,1,0,32,0,0,5,9,0,0.0,1,0,5,5,0,0.0,0,9.4,-0.8,-3.12,Dropout,0.0,1.8,0.2,0.0,-10.0,0,0,1,1
2379,1,43,1,9991,0,1,136.0,1,3,4,2,2,133.9,0,0,0,0,1,0,26,0,8,12,12,8,11.25,0,3,8,8,3,11.33333333,0,7.6,2.6,0.32,Dropout,0.6666666666666666,1.0,0.0,0.375,-2.0999999999999943,0,0,1,1
2380,1,1,1,9130,1,1,133.0,1,2,37,9,7,125.7,1,0,0,1,1,1,18,0,0,6,7,6,13.5,0,0,6,8,6,12.5,0,12.4,0.5,1.79,Graduate,1.0,1.1666666666666667,0.0,0.675,-7.299999999999997,0,0,0,0
2381,1,17,1,9254,1,1,125.0,1,1,19,4,7,116.6,0,0,0,1,1,1,19,0,0,6,8,5,12.66666667,0,0,6,10,6,12.85714286,0,16.2,0.3,-0.92,Graduate,0.8333333333333334,1.3333333333333333,0.0,0.5277777779166667,-8.400000000000006,0,0,0,0
2382,1,1,3,9070,1,1,127.0,1,19,38,5,7,141.0,1,0,0,1,1,1,19,0,0,6,6,6,15.16666667,0,0,6,6,6,12.33333333,0,12.4,0.5,1.79,Graduate,1.0,1.0,0.0,0.7583333335,14.0,0,0,0,0
2383,1,7,1,9119,1,40,130.0,1,1,1,4,4,130.0,0,0,0,1,1,0,27,0,4,6,6,6,13.16666667,0,2,5,7,5,15.14285714,0,11.1,0.6,2.02,Dropout,1.0,1.0,0.0,0.6583333335,0.0,0,0,0,1
2384,1,53,1,9003,1,1,130.0,1,19,1,9,9,130.0,0,0,1,1,1,0,21,0,7,12,20,10,11.8,0,5,12,15,9,11.44444444,0,8.9,1.4,3.51,Enrolled,0.8333333333333334,1.6666666666666667,0.0,0.49166666666666675,0.0,0,0,1,0
2385,1,17,1,9119,1,1,127.0,1,19,1,4,5,115.8,0,0,0,1,1,0,20,0,0,5,10,4,11.5,0,0,5,11,0,0.0,0,13.9,-0.3,0.79,Enrolled,0.8,2.0,0.0,0.45999999999999996,-11.200000000000003,0,0,0,0
2386,1,44,1,9070,1,39,140.0,1,19,38,4,0,140.0,1,0,0,1,1,0,21,0,0,6,6,6,14.5,0,0,6,8,6,11.33333333,0,12.4,0.5,1.79,Graduate,1.0,1.0,0.0,0.725,0.0,0,0,0,0
2387,1,1,5,9773,1,1,125.0,1,37,3,5,2,126.1,1,0,0,1,1,0,22,0,0,6,10,5,13.4,0,0,6,12,3,10.66666667,0,9.4,-0.8,-3.12,Enrolled,0.8333333333333334,1.6666666666666667,0.0,0.5583333333333333,1.0999999999999943,0,0,0,0
2388,1,1,1,171,1,1,135.0,1,1,38,5,7,137.5,1,0,1,0,1,0,19,0,0,0,0,0,0.0,0,0,0,0,0,0.0,0,12.7,3.7,-1.7,Graduate,0.0,0.0,0.0,0.0,2.5,1,0,1,0
2389,1,17,4,9147,1,1,132.0,1,38,19,5,5,120.8,1,0,0,1,1,1,18,0,0,5,8,4,10.8,0,0,5,10,2,12.5,0,11.1,0.6,2.02,Dropout,0.8,1.6,0.0,0.43200000000000005,-11.200000000000003,0,0,0,0
2390,1,39,2,9238,1,1,110.0,1,19,1,5,5,136.5,0,0,0,1,1,0,28,0,0,5,6,0,0.0,0,0,5,5,0,0.0,0,13.9,-0.3,0.79,Dropout,0.0,1.2,0.0,0.0,26.5,0,0,0,1
2391,2,39,1,9003,1,1,130.0,1,1,37,9,1,122.0,0,0,1,0,1,0,25,0,3,10,23,6,11.42857143,0,2,7,15,4,12.0,1,15.5,2.8,-4.06,Dropout,0.6,2.3,0.0,0.3428571429,-8.0,0,0,1,1
2392,1,43,1,9003,1,1,130.0,1,37,1,5,4,130.0,0,0,0,1,1,0,25,0,8,14,24,8,12.5,2,6,13,23,10,11.6,0,15.5,2.8,-4.06,Dropout,0.5714285714285714,1.7142857142857142,0.14285714285714285,0.3571428571428571,0.0,0,0,0,1
2393,1,1,1,9147,1,1,135.0,1,38,19,9,5,126.3,0,0,0,1,1,0,18,0,0,5,11,2,13.5,0,0,5,11,3,12.33333333,0,8.9,1.4,3.51,Enrolled,0.4,2.2,0.0,0.27,-8.700000000000003,0,0,0,0
2394,1,1,1,9254,1,1,133.1,1,4,19,4,5,98.0,0,0,0,1,1,0,26,0,0,6,6,0,0.0,0,0,6,12,0,0.0,0,10.8,1.4,1.74,Dropout,0.0,1.0,0.0,0.0,-35.099999999999994,0,0,0,1
2395,1,17,3,9147,1,1,135.0,1,37,37,6,5,121.0,1,0,0,1,1,1,18,0,0,5,8,5,12.75,0,0,5,7,5,11.5,0,13.9,-0.3,0.79,Graduate,1.0,1.6,0.0,0.6375,-14.0,0,0,0,0
2396,1,43,1,9773,1,1,128.0,1,19,38,9,7,124.2,1,0,0,1,1,0,22,0,0,6,17,3,11.33333333,3,0,6,14,3,12.33333333,0,15.5,2.8,-4.06,Enrolled,0.5,2.8333333333333335,0.5,0.28333333325,-3.799999999999997,0,0,0,0
2397,1,39,1,9003,1,1,140.0,1,1,3,4,5,130.0,0,0,0,1,1,0,25,0,0,6,8,0,0.0,0,0,6,10,0,0.0,0,16.2,0.3,-0.92,Dropout,0.0,1.3333333333333333,0.0,0.0,-10.0,0,0,0,1
2398,1,1,2,9773,1,1,135.0,1,3,1,4,4,136.1,1,0,0,1,1,0,19,0,0,6,9,5,11.4,0,0,6,13,5,12.4,0,8.9,1.4,3.51,Enrolled,0.8333333333333334,1.5,0.0,0.4750000000000001,1.0999999999999943,0,0,0,0
2399,1,17,2,9773,1,1,131.0,1,3,19,2,3,132.8,1,0,0,1,1,0,19,0,0,6,7,6,14.42857143,0,0,6,7,6,14.57142857,0,13.9,-0.3,0.79,Graduate,1.0,1.1666666666666667,0.0,0.7214285715,1.8000000000000114,0,0,0,0
2400,1,17,1,9500,1,1,131.0,1,1,1,5,5,126.3,0,0,0,1,1,0,19,0,0,7,9,7,12.49285714,0,0,8,10,8,11.7125,0,16.2,0.3,-0.92,Graduate,1.0,1.2857142857142858,0.0,0.624642857,-4.700000000000003,0,0,0,0
2401,4,39,1,8014,0,19,100.0,1,1,37,9,1,111.5,0,0,0,1,1,0,45,0,2,8,10,4,11.5,0,2,8,13,4,11.0,0,10.8,1.4,1.74,Dropout,0.5,1.25,0.0,0.2875,11.5,0,0,0,1
2402,2,39,1,9991,0,1,140.0,1,37,37,9,9,118.2,0,0,0,1,1,0,52,0,0,5,7,5,11.2,0,0,5,6,5,12.8,1,7.6,2.6,0.32,Graduate,1.0,1.4,0.0,0.5599999999999999,-21.799999999999997,0,0,0,1
2403,1,1,1,9147,1,1,124.0,1,19,19,9,3,115.6,1,0,0,0,1,0,20,0,0,5,9,3,12.0,1,0,5,7,3,11.0,0,9.4,-0.8,-3.12,Dropout,0.6,1.8,0.2,0.36,-8.400000000000006,0,0,1,0
2404,1,1,1,9500,1,1,130.0,1,38,37,5,10,117.8,1,0,0,1,1,0,19,0,0,8,8,7,15.88571429,0,0,8,8,7,15.88571429,0,10.8,1.4,1.74,Graduate,0.875,1.0,0.0,0.6950000001875,-12.200000000000003,0,0,0,0
2405,1,1,1,9500,1,1,142.0,1,1,38,9,9,127.0,0,0,1,0,1,0,21,0,0,7,12,4,12.94,0,0,7,12,4,11.58,0,12.4,0.5,1.79,Dropout,0.5714285714285714,1.7142857142857142,0.0,0.3697142857142857,-15.0,0,0,1,0
2406,2,39,1,8014,0,1,150.0,1,37,37,9,9,140.0,0,0,0,0,1,0,35,0,0,6,6,6,14.0,0,0,6,6,6,14.16666667,0,9.4,-0.8,-3.12,Graduate,1.0,1.0,0.0,0.7,-10.0,0,0,1,1
2407,2,39,1,171,1,12,110.0,1,37,37,7,7,106.0,1,0,0,1,1,0,36,0,0,0,0,0,0.0,0,0,0,0,0,0.0,0,7.6,2.6,0.32,Graduate,0.0,0.0,0.0,0.0,-4.0,1,0,0,1
2408,4,39,1,9500,1,19,110.0,1,37,38,5,5,151.0,0,0,1,0,1,0,47,0,0,7,7,0,0.0,7,0,8,8,0,0.0,8,15.5,2.8,-4.06,Dropout,0.0,1.0,1.0,0.0,41.0,0,0,1,1
2409,1,18,1,9991,0,1,112.0,1,43,40,2,2,106.4,0,0,0,1,1,0,22,0,0,5,0,0,0.0,0,0,5,0,0,0.0,0,8.9,1.4,3.51,Dropout,0.0,0.0,0.0,0.0,-5.599999999999994,0,0,0,0
2410,2,39,1,9991,0,1,100.0,1,37,37,9,9,125.3,1,0,0,1,1,0,41,0,0,5,8,4,11.25,0,0,5,8,3,11.0,1,7.6,2.6,0.32,Dropout,0.8,1.6,0.0,0.45,25.299999999999997,0,0,0,1
2411,1,7,1,9119,1,3,130.0,1,34,34,90,90,130.0,0,0,0,1,1,0,26,0,0,5,5,0,0.0,0,0,5,6,0,0.0,0,10.8,1.4,1.74,Dropout,0.0,1.0,0.0,0.0,0.0,0,0,0,1
2412,2,39,1,8014,0,1,133.1,1,34,34,90,90,116.0,0,0,0,0,0,0,51,0,0,6,13,4,11.25,0,0,6,12,0,0.0,1,10.8,1.4,1.74,Dropout,0.6666666666666666,2.1666666666666665,0.0,0.375,-17.099999999999994,0,0,1,1
2413,2,39,2,9991,0,1,150.0,1,37,37,9,9,120.0,0,0,0,1,0,0,43,0,0,5,11,3,10.66666667,0,1,5,10,4,12.5,0,9.4,-0.8,-3.12,Enrolled,0.6,2.2,0.0,0.3200000001,-30.0,0,0,0,1
2414,2,39,2,8014,0,1,100.0,1,34,34,0,0,100.0,1,0,0,1,0,0,41,0,0,6,9,5,11.8,0,1,6,10,3,10.66666667,1,7.6,2.6,0.32,Graduate,0.8333333333333334,1.5,0.0,0.49166666666666675,0.0,0,0,0,1
2415,1,43,2,9147,1,1,130.0,1,34,37,9,9,118.5,1,0,0,1,1,0,23,0,5,10,19,8,11.625,1,4,10,16,10,11.18181818,3,7.6,2.6,0.32,Graduate,0.8,1.9,0.1,0.4650000000000001,-11.5,0,0,0,0
2416,1,43,2,9238,1,1,129.0,1,34,30,0,5,118.9,1,0,0,1,1,0,22,0,0,6,11,0,0.0,0,0,5,10,0,0.0,0,9.4,-0.8,-3.12,Dropout,0.0,1.8333333333333333,0.0,0.0,-10.099999999999994,0,0,0,0
2417,1,17,2,9070,1,1,127.0,1,37,37,9,9,119.3,1,1,0,1,1,1,25,0,0,6,8,4,10.25,0,0,6,6,4,11.25,0,12.7,3.7,-1.7,Dropout,0.6666666666666666,1.3333333333333333,0.0,0.3416666666666666,-7.700000000000003,0,0,0,1
2418,1,43,1,9991,0,1,140.0,1,37,37,9,9,135.8,1,0,0,1,1,0,25,0,14,15,16,15,10.8,0,13,14,14,14,11.35714286,0,9.4,-0.8,-3.12,Graduate,1.0,1.0666666666666667,0.0,0.54,-4.199999999999989,0,0,0,1
2419,1,53,1,171,1,42,130.0,1,1,19,9,9,130.0,1,0,0,0,1,1,22,0,5,12,15,11,12.54545455,0,4,11,16,11,12.66666667,0,8.9,1.4,3.51,Graduate,0.9166666666666666,1.25,0.0,0.5750000002083334,0.0,0,0,1,0
2420,1,39,1,9003,1,1,133.1,6,1,1,192,144,129.8,0,0,0,1,1,0,24,1,0,7,7,7,13.57142857,0,0,6,9,5,13.4,0,8.9,1.4,3.51,Enrolled,1.0,1.0,0.0,0.6785714285,-3.299999999999983,0,0,0,0
2421,1,39,1,9085,1,2,140.0,1,38,38,9,10,150.0,0,0,0,1,1,0,47,0,0,6,0,0,0.0,0,0,6,0,0,0.0,0,16.2,0.3,-0.92,Dropout,0.0,0.0,0.0,0.0,10.0,0,0,0,1
2422,2,39,1,9991,0,19,133.1,1,37,37,5,5,111.9,1,0,0,1,1,0,41,0,0,5,5,0,0.0,0,0,5,5,0,0.0,0,7.6,2.6,0.32,Dropout,0.0,1.0,0.0,0.0,-21.19999999999999,0,0,0,1
2423,1,39,1,9003,1,1,120.0,1,37,37,9,9,150.1,1,0,0,1,1,0,43,0,0,6,9,6,14.77777778,0,0,6,11,5,12.2,0,13.9,-0.3,0.79,Graduate,1.0,1.5,0.0,0.7388888889999999,30.099999999999994,0,0,0,1
2424,1,39,1,9003,1,1,133.1,1,1,37,9,8,130.0,0,0,0,1,1,0,29,0,0,3,4,0,0.0,0,0,4,8,0,0.0,0,16.2,0.3,-0.92,Dropout,0.0,1.3333333333333333,0.0,0.0,-3.0999999999999943,0,0,0,1
2425,1,39,2,9119,1,1,120.0,1,37,37,5,5,128.0,0,0,0,1,1,0,30,0,0,2,2,0,0.0,0,0,2,2,0,0.0,0,7.6,2.6,0.32,Dropout,0.0,1.0,0.0,0.0,8.0,0,0,0,1
2426,1,39,2,9147,1,38,133.1,1,19,38,9,9,102.5,0,0,0,0,1,0,26,0,0,4,4,0,0.0,0,0,5,0,0,0.0,0,12.7,3.7,-1.7,Dropout,0.0,1.0,0.0,0.0,-30.599999999999994,0,0,1,1
2427,1,39,2,9991,0,1,133.1,1,19,38,9,9,102.5,0,0,0,0,1,0,27,0,0,5,10,0,0.0,0,0,5,5,0,0.0,0,15.5,2.8,-4.06,Dropout,0.0,2.0,0.0,0.0,-30.599999999999994,0,0,1,1
2428,2,39,2,9670,1,1,100.0,1,37,37,9,9,110.0,0,0,0,1,1,1,36,0,0,5,5,5,11.4,0,0,5,7,5,11.6,0,9.4,-0.8,-3.12,Graduate,1.0,1.0,0.0,0.5700000000000001,10.0,0,0,0,1
2429,1,39,1,9003,1,19,133.1,1,1,19,4,10,114.0,0,0,0,1,1,0,29,0,3,9,13,6,11.66666667,0,2,7,10,6,10.85714286,0,15.5,2.8,-4.06,Dropout,0.6666666666666666,1.4444444444444444,0.0,0.38888888899999996,-19.099999999999994,0,0,0,1
2430,1,42,1,9119,1,1,120.0,1,34,34,0,0,128.2,1,0,0,1,1,0,35,0,6,10,12,7,11.28571429,0,2,8,8,5,13.0,0,9.4,-0.8,-3.12,Dropout,0.7,1.2,0.0,0.39500000015,8.199999999999989,0,0,0,1
2431,1,1,1,9773,1,1,128.0,1,38,38,6,3,116.5,0,0,0,1,1,1,18,0,0,6,12,4,11.5,0,0,6,10,5,12.6,0,10.8,1.4,1.74,Graduate,0.6666666666666666,2.0,0.0,0.3833333333333333,-11.5,0,0,0,0
2432,1,1,1,9991,0,1,172.0,1,38,37,9,9,149.3,0,0,0,1,1,1,24,0,0,5,5,5,16.0,0,0,5,5,5,16.0,0,8.9,1.4,3.51,Graduate,1.0,1.0,0.0,0.8,-22.69999999999999,0,0,0,0
2433,1,1,3,9773,1,1,146.0,1,38,38,9,7,134.1,1,0,0,1,1,1,18,0,0,6,6,6,12.5,0,0,6,7,6,12.66666667,0,10.8,1.4,1.74,Dropout,1.0,1.0,0.0,0.625,-11.900000000000006,0,0,0,0
2434,1,17,4,9119,1,1,135.0,1,38,37,5,7,126.6,1,0,0,1,1,0,18,0,0,5,7,4,12.0,0,0,5,10,3,13.0,3,7.6,2.6,0.32,Enrolled,0.8,1.4,0.0,0.48,-8.400000000000006,0,0,0,0
2435,2,43,1,9085,1,1,160.0,1,37,37,9,7,120.0,0,0,0,1,1,0,21,0,0,5,11,0,0.0,2,0,5,11,3,11.66666667,1,9.4,-0.8,-3.12,Enrolled,0.0,2.2,0.4,0.0,-40.0,0,0,0,0
2436,1,42,1,9119,1,1,150.0,1,38,37,5,8,133.5,1,0,0,1,1,0,21,0,0,5,10,5,13.0,0,0,5,10,5,12.6,0,9.4,-0.8,-3.12,Graduate,1.0,2.0,0.0,0.65,-16.5,0,0,0,0
2437,1,39,1,9003,1,1,130.0,1,1,3,2,6,110.0,0,0,0,1,1,0,32,0,8,18,27,13,13.71428571,1,7,12,18,12,12.08333333,0,15.5,2.8,-4.06,Graduate,0.7222222222222222,1.5,0.05555555555555555,0.49523809508333333,-20.0,0,0,0,1
2438,1,1,4,9119,1,1,111.0,1,37,37,9,5,107.5,1,0,0,1,1,1,22,0,0,5,9,3,12.33333333,0,0,6,14,3,12.5,0,11.1,0.6,2.02,Dropout,0.6,1.8,0.0,0.3699999999,-3.5,0,0,0,0
2439,1,7,1,9003,1,3,130.0,1,1,38,9,7,130.0,1,0,0,0,1,0,32,0,11,17,31,11,12.72727273,4,10,12,24,10,12.7,1,15.5,2.8,-4.06,Dropout,0.6470588235294118,1.8235294117647058,0.23529411764705882,0.41176470597058823,0.0,0,0,1,1
2440,1,43,1,9670,1,6,170.0,1,34,34,0,0,111.6,0,0,0,1,1,0,35,0,1,5,5,1,14.0,0,0,5,5,0,0.0,0,9.4,-0.8,-3.12,Dropout,0.2,1.0,0.0,0.13999999999999999,-58.400000000000006,0,0,0,1
2441,1,18,3,9147,1,1,133.1,1,1,38,4,7,101.0,1,0,0,0,1,0,23,0,0,5,0,0,0.0,0,0,5,0,0,0.0,0,8.9,1.4,3.51,Dropout,0.0,0.0,0.0,0.0,-32.099999999999994,0,0,1,0
2442,1,39,1,8014,0,1,100.0,1,37,37,6,6,108.3,0,0,0,1,1,0,39,0,0,6,8,5,11.4,0,1,6,12,3,11.0,1,7.6,2.6,0.32,Enrolled,0.8333333333333334,1.3333333333333333,0.0,0.4750000000000001,8.299999999999997,0,0,0,1
2443,2,43,1,9670,1,1,120.0,1,34,34,0,0,128.2,0,0,0,1,1,0,35,0,0,5,5,0,0.0,0,0,5,5,1,10.0,0,9.4,-0.8,-3.12,Dropout,0.0,1.0,0.0,0.0,8.199999999999989,0,0,0,1
2444,2,39,1,9003,1,3,110.0,1,3,19,4,6,150.0,0,0,0,1,1,0,32,0,0,6,8,6,18.875,0,6,12,14,12,17.69230769,0,16.2,0.3,-0.92,Graduate,1.0,1.3333333333333333,0.0,0.94375,40.0,0,0,0,1
2445,1,1,1,9853,1,1,133.1,1,34,34,0,0,142.8,0,0,0,1,1,0,20,0,0,6,12,0,0.0,0,0,6,12,0,0.0,0,7.6,2.6,0.32,Dropout,0.0,2.0,0.0,0.0,9.700000000000017,0,0,0,0
2446,1,39,1,9500,1,1,120.0,1,37,37,9,9,100.0,0,0,0,1,1,0,34,0,0,7,15,6,11.33333333,0,0,7,16,4,12.6,0,16.2,0.3,-0.92,Enrolled,0.8571428571428571,2.142857142857143,0.0,0.48571428557142854,-20.0,0,0,0,1
2447,1,7,1,9991,0,40,150.0,1,37,37,6,6,150.0,1,0,0,1,1,0,44,0,3,7,9,7,13.5,0,0,5,6,5,16.2,0,8.9,1.4,3.51,Dropout,1.0,1.2857142857142858,0.0,0.675,0.0,0,0,0,1
2448,2,39,1,9254,1,19,133.1,1,37,19,9,10,156.5,0,0,0,1,1,0,53,0,7,11,12,2,15.0,7,4,9,10,3,10.0,4,16.2,0.3,-0.92,Graduate,0.18181818181818182,1.0909090909090908,0.6363636363636364,0.13636363636363635,23.400000000000006,0,0,0,1
2449,1,39,1,9119,1,19,120.0,1,37,37,9,4,98.6,0,0,1,0,1,0,28,0,0,5,10,0,0.0,0,0,5,7,0,0.0,0,12.4,0.5,1.79,Dropout,0.0,2.0,0.0,0.0,-21.400000000000006,0,0,1,1
2450,1,7,1,9991,0,3,130.0,1,37,37,9,9,130.0,0,0,0,1,1,0,31,0,9,9,9,9,14.22222222,0,5,5,5,5,12.8,0,12.7,3.7,-1.7,Dropout,1.0,1.0,0.0,0.711111111,0.0,0,0,0,1
2451,1,1,1,171,1,1,130.0,1,1,38,5,9,118.1,0,0,1,0,1,0,18,0,0,0,0,0,0.0,0,0,0,0,0,0.0,0,9.4,-0.8,-3.12,Enrolled,0.0,0.0,0.0,0.0,-11.900000000000006,1,0,1,0
2452,1,39,1,9003,1,1,100.0,1,1,3,9,10,120.0,0,0,1,0,1,0,44,0,2,7,14,4,12.0,2,0,6,16,0,0.0,1,15.5,2.8,-4.06,Dropout,0.5714285714285714,2.0,0.2857142857142857,0.3428571428571428,20.0,0,0,1,1
2453,1,1,1,9085,1,1,142.0,1,1,1,9,9,127.7,1,0,0,1,1,0,19,0,0,5,9,5,12.6,1,0,5,8,4,12.0,0,12.7,3.7,-1.7,Graduate,1.0,1.8,0.2,0.63,-14.299999999999997,0,0,0,0
2454,1,15,1,171,1,1,130.0,26,1,1,2,9,130.0,0,0,0,1,1,0,21,1,6,12,12,12,15.08333333,0,4,11,15,11,13.08333333,0,8.9,1.4,3.51,Enrolled,1.0,1.0,0.0,0.7541666665,0.0,0,0,0,0
2455,1,18,1,9119,1,1,148.0,1,3,19,3,5,147.7,0,0,0,1,1,1,18,0,0,5,5,0,0.0,0,0,5,5,0,0.0,0,9.4,-0.8,-3.12,Dropout,0.0,1.0,0.0,0.0,-0.30000000000001137,0,0,0,0
2456,1,44,1,9003,1,39,170.0,1,19,19,5,5,170.0,1,0,0,1,1,0,20,0,0,6,8,6,14.5,0,0,6,10,6,15.3,0,16.2,0.3,-0.92,Graduate,1.0,1.3333333333333333,0.0,0.725,0.0,0,0,0,0
2457,1,39,1,9070,1,1,110.0,1,37,37,7,7,110.2,0,0,0,1,1,0,55,0,0,6,6,6,14.5,0,0,6,6,6,13.5,0,11.1,0.6,2.02,Graduate,1.0,1.0,0.0,0.725,0.20000000000000284,0,0,0,1
2458,1,1,1,9147,1,1,166.0,1,19,37,4,8,146.4,0,0,0,1,1,0,27,0,0,5,12,3,10.0,0,0,5,12,1,13.0,0,7.6,2.6,0.32,Enrolled,0.6,2.4,0.0,0.3,-19.599999999999994,0,0,0,1
2459,1,17,2,9119,1,1,135.0,1,12,19,5,5,121.0,0,0,0,1,1,0,19,0,0,5,0,0,0.0,0,0,5,0,0,0.0,0,12.4,0.5,1.79,Dropout,0.0,0.0,0.0,0.0,-14.0,0,0,0,0
2460,1,1,1,9147,1,1,133.0,1,19,37,9,9,129.9,0,0,0,1,1,0,18,0,0,5,5,5,11.6,0,0,5,5,5,13.2,0,12.4,0.5,1.79,Graduate,1.0,1.0,0.0,0.58,-3.0999999999999943,0,0,0,0
2461,2,39,1,9773,1,1,133.1,1,37,37,7,4,132.0,0,0,0,1,1,0,43,0,0,6,10,4,11.75,0,0,6,7,0,0.0,0,15.5,2.8,-4.06,Dropout,0.6666666666666666,1.6666666666666667,0.0,0.39166666666666666,-1.0999999999999943,0,0,0,1
2462,1,18,3,9254,1,1,121.0,1,19,19,9,6,125.9,1,0,0,1,1,0,18,0,0,6,0,0,0.0,0,0,6,0,0,0.0,0,13.9,-0.3,0.79,Dropout,0.0,0.0,0.0,0.0,4.900000000000006,0,0,0,0
2463,1,1,1,171,1,1,159.0,1,3,3,2,2,165.7,1,0,0,1,1,0,18,0,0,0,0,0,0.0,0,0,0,0,0,0.0,0,9.4,-0.8,-3.12,Dropout,0.0,0.0,0.0,0.0,6.699999999999989,1,0,0,0
2464,1,17,5,9254,1,1,130.0,1,37,38,9,9,122.7,1,0,1,1,1,1,20,0,0,6,7,0,0.0,0,0,6,6,0,0.0,0,8.9,1.4,3.51,Dropout,0.0,1.1666666666666667,0.0,0.0,-7.299999999999997,0,0,1,0
2465,2,39,1,9991,0,1,121.0,1,37,19,9,9,141.4,0,0,1,0,1,0,29,0,0,5,7,4,11.25,0,0,5,8,4,11.8,0,10.8,1.4,1.74,Dropout,0.8,1.4,0.0,0.45,20.400000000000006,0,0,1,1
2466,1,39,1,9130,1,19,133.1,1,37,37,9,10,156.4,1,0,1,1,1,0,44,0,0,6,9,5,11.57142857,0,0,6,11,0,0.0,0,13.9,-0.3,0.79,Dropout,0.8333333333333334,1.5,0.0,0.4821428570833333,23.30000000000001,0,0,1,1
2467,1,1,1,9119,1,1,146.0,1,37,37,9,9,148.5,1,0,0,1,1,0,18,0,0,5,7,4,10.0,0,0,5,8,1,16.0,0,10.8,1.4,1.74,Enrolled,0.8,1.4,0.0,0.4,2.5,0,0,0,0
2468,1,44,1,9003,1,39,140.0,1,37,37,9,1,140.0,0,0,0,1,1,1,20,0,0,6,11,5,13.83333333,0,0,6,13,6,12.3,0,15.5,2.8,-4.06,Enrolled,0.8333333333333334,1.8333333333333333,0.0,0.57638888875,0.0,0,0,0,0
2469,1,43,1,9070,1,1,125.0,1,38,37,8,7,131.7,1,0,0,1,1,0,20,0,3,6,6,4,12.75,0,3,9,12,3,12.66666667,0,12.4,0.5,1.79,Dropout,0.6666666666666666,1.0,0.0,0.42499999999999993,6.699999999999989,0,0,0,0
2470,2,39,2,9147,1,1,120.0,1,37,37,9,9,104.7,1,0,0,1,1,0,36,0,0,4,4,0,0.0,0,0,5,9,0,0.0,0,10.8,1.4,1.74,Dropout,0.0,1.0,0.0,0.0,-15.299999999999997,0,0,0,1
2471,1,44,1,9130,1,39,150.0,1,5,1,2,5,150.0,1,0,0,1,1,0,19,0,1,6,13,5,11.6,0,1,6,12,2,11.0,0,13.9,-0.3,0.79,Enrolled,0.8333333333333334,2.1666666666666665,0.0,0.48333333333333334,0.0,0,0,0,0
2472,2,39,1,9085,1,19,110.0,1,37,37,90,90,110.0,0,0,0,0,1,0,29,0,0,5,5,0,0.0,0,0,5,5,0,0.0,0,12.7,3.7,-1.7,Dropout,0.0,1.0,0.0,0.0,0.0,0,0,1,1
2473,1,1,1,9670,1,1,120.0,1,1,1,9,9,129.1,1,0,0,1,1,0,18,0,0,6,6,4,11.25,0,0,6,10,3,10.33333333,0,10.8,1.4,1.74,Dropout,0.6666666666666666,1.0,0.0,0.375,9.099999999999994,0,0,0,0
2474,1,39,1,9003,1,1,133.1,1,1,1,1,6,120.0,0,0,0,0,1,0,24,0,0,6,0,0,0.0,0,0,6,0,0,0.0,0,13.9,-0.3,0.79,Dropout,0.0,0.0,0.0,0.0,-13.099999999999994,0,0,1,0
2475,1,1,1,9773,1,1,133.1,1,3,19,2,5,127.0,0,0,0,1,1,0,20,0,0,6,6,6,14.33333333,0,0,6,7,6,15.0,0,15.5,2.8,-4.06,Graduate,1.0,1.0,0.0,0.7166666665,-6.099999999999994,0,0,0,0
2476,2,39,1,8014,0,19,133.1,1,19,37,9,9,151.5,0,0,1,0,1,0,45,0,0,6,7,0,0.0,0,0,5,5,0,0.0,0,16.2,0.3,-0.92,Dropout,0.0,1.1666666666666667,0.0,0.0,18.400000000000006,0,0,1,1
2477,1,43,2,9500,1,1,130.0,1,38,37,4,4,126.8,1,0,0,1,1,1,28,0,18,23,23,20,13.5,3,18,23,23,20,13.5,3,7.6,2.6,0.32,Graduate,0.8695652173913043,1.0,0.13043478260869565,0.5869565217391305,-3.200000000000003,0,0,0,1
2478,1,1,1,9254,1,1,160.0,1,19,38,9,9,140.8,1,0,0,1,1,0,23,0,0,6,8,6,12.66666667,0,0,6,10,5,12.2,0,7.6,2.6,0.32,Enrolled,1.0,1.3333333333333333,0.0,0.6333333335,-19.19999999999999,0,0,0,0
2479,1,1,1,9500,1,1,128.0,1,1,19,4,7,125.6,1,0,0,1,1,0,18,0,0,7,7,7,12.44428571,0,0,8,11,7,11.34714286,0,12.4,0.5,1.79,Graduate,1.0,1.0,0.0,0.6222142855,-2.4000000000000057,0,0,0,0
2480,1,1,2,9147,1,1,140.0,1,19,19,9,4,127.8,1,0,0,1,1,0,23,0,0,5,7,3,10.66666667,1,0,5,7,3,11.33333333,0,9.4,-0.8,-3.12,Dropout,0.6,1.4,0.2,0.3200000001,-12.200000000000003,0,0,0,0
2481,1,43,1,171,1,1,120.0,1,3,3,2,2,120.0,1,0,0,1,1,0,22,0,0,0,0,0,0.0,0,0,0,0,0,0.0,0,7.6,2.6,0.32,Enrolled,0.0,0.0,0.0,0.0,0.0,1,0,0,0
2482,1,1,1,9070,1,1,140.0,1,19,19,5,5,131.3,0,0,0,1,1,1,22,0,1,6,6,6,12.66666667,0,1,6,6,5,12.4,0,12.4,0.5,1.79,Graduate,1.0,1.0,0.0,0.6333333335,-8.699999999999989,0,0,0,0
2483,1,39,1,9991,0,12,120.0,1,37,38,5,5,155.7,0,0,0,1,1,0,33,0,0,5,5,5,13.2,0,0,5,6,5,14.83333333,0,10.8,1.4,1.74,Graduate,1.0,1.0,0.0,0.6599999999999999,35.69999999999999,0,0,0,1
2484,1,53,1,9003,1,42,130.0,1,1,38,9,6,128.5,0,0,0,1,1,0,21,0,7,12,20,10,12.7,0,5,12,14,11,12.18181818,0,8.9,1.4,3.51,Graduate,0.8333333333333334,1.6666666666666667,0.0,0.5291666666666667,-1.5,0,0,0,0
2485,2,39,1,9147,1,1,100.0,1,37,37,9,5,170.0,0,0,0,1,1,0,45,0,0,5,6,5,14.83333333,0,0,5,5,5,14.8,0,15.5,2.8,-4.06,Graduate,1.0,1.2,0.0,0.7416666665,70.0,0,0,0,1
2486,2,39,1,9003,1,1,133.1,1,37,37,9,9,100.0,0,0,0,0,1,0,44,0,4,10,10,4,11.5,0,1,7,8,1,12.0,0,15.5,2.8,-4.06,Dropout,0.4,1.0,0.0,0.22999999999999998,-33.099999999999994,0,0,1,1
2487,4,39,1,9670,1,1,110.0,1,19,19,90,Unknown/not stated,107.2,0,0,0,1,1,0,42,0,0,6,0,0,0.0,0,0,6,0,0,0.0,0,12.7,3.7,-1.7,Dropout,0.0,0.0,0.0,0.0,-2.799999999999997,0,0,0,1
2488,1,18,1,9147,1,1,147.0,1,19,1,9,7,139.3,1,0,0,1,1,0,20,0,0,5,0,0,0.0,0,0,5,0,0,0.0,0,12.4,0.5,1.79,Dropout,0.0,0.0,0.0,0.0,-7.699999999999989,0,0,0,0
2489,1,17,6,9147,1,1,133.0,1,19,38,5,6,123.2,1,0,0,1,1,0,20,0,0,5,7,3,12.66666667,1,0,5,12,2,12.5,0,9.4,-0.8,-3.12,Enrolled,0.6,1.4,0.2,0.38000000009999996,-9.799999999999997,0,0,0,0
2490,1,1,2,9254,1,1,137.0,1,1,38,2,8,122.3,1,0,0,1,1,1,20,0,0,6,7,6,14.71428571,0,0,6,6,6,12.5,0,8.9,1.4,3.51,Graduate,1.0,1.1666666666666667,0.0,0.7357142855000001,-14.700000000000003,0,0,0,0
2491,1,17,2,9773,1,1,124.0,1,1,1,4,4,127.9,1,0,0,1,1,0,20,0,0,6,11,3,13.66666667,0,0,6,13,4,10.25,0,9.4,-0.8,-3.12,Enrolled,0.5,1.8333333333333333,0.0,0.34166666675,3.9000000000000057,0,0,0,0
2492,1,1,2,9147,1,1,128.0,1,1,1,9,6,120.3,0,0,0,1,1,0,19,0,0,5,9,5,10.8,0,0,5,13,2,13.5,0,8.9,1.4,3.51,Enrolled,1.0,1.8,0.0,0.54,-7.700000000000003,0,0,0,0
2493,1,51,1,8014,0,1,120.0,1,1,1,4,4,128.5,0,0,1,0,1,0,26,0,2,8,13,4,10.5,0,5,10,16,7,10.42857143,0,12.4,0.5,1.79,Dropout,0.5,1.625,0.0,0.2625,8.5,0,0,1,1
2494,2,39,1,9003,1,1,133.1,1,37,37,8,7,150.0,0,0,0,1,1,0,31,0,0,6,10,6,15.0,0,0,6,11,5,12.5,0,13.9,-0.3,0.79,Graduate,1.0,1.6666666666666667,0.0,0.75,16.900000000000006,0,0,0,1
2495,1,1,1,9773,1,1,142.0,1,1,19,9,9,136.1,0,0,1,1,1,1,19,0,0,6,6,6,12.66666667,0,0,6,6,6,14.0,0,16.2,0.3,-0.92,Graduate,1.0,1.0,0.0,0.6333333335,-5.900000000000006,0,0,1,0
2496,1,39,1,9773,1,19,100.0,1,37,37,0,0,128.0,1,0,0,1,1,0,28,0,0,6,7,6,13.16666667,0,0,6,6,6,13.66666667,0,7.6,2.6,0.32,Graduate,1.0,1.1666666666666667,0.0,0.6583333335,28.0,0,0,0,1
2497,1,1,1,171,1,1,149.0,1,19,37,9,9,158.1,1,0,0,1,1,1,20,0,0,0,0,0,0.0,0,0,0,0,0,0.0,0,10.8,1.4,1.74,Graduate,0.0,0.0,0.0,0.0,9.099999999999994,1,0,0,0
2498,2,1,2,8014,0,1,110.0,1,37,1,9,10,108.7,1,0,0,1,0,0,43,0,0,6,6,6,13.0,0,0,6,6,6,12.5,0,9.4,-0.8,-3.12,Graduate,1.0,1.0,0.0,0.65,-1.2999999999999972,0,0,0,1
2499,1,39,1,171,1,19,133.1,101,1,19,2,7,110.0,0,0,0,1,1,1,25,1,0,0,0,0,0.0,0,0,0,0,0,0.0,0,15.5,2.8,-4.06,Dropout,0.0,0.0,0.0,0.0,-23.099999999999994,1,0,0,1
2500,1,39,1,9238,1,19,133.1,1,37,37,9,9,120.0,0,1,1,1,0,0,40,0,0,6,13,2,10.0,0,0,6,10,1,15.0,0,16.2,0.3,-0.92,Dropout,0.3333333333333333,2.1666666666666665,0.0,0.16666666666666666,-13.099999999999994,0,0,1,1
2501,1,44,1,9085,1,39,150.0,6,5,4,1,1,150.0,0,0,0,1,0,0,20,1,2,6,7,6,13.33333333,0,1,6,16,5,13.375,0,12.4,0.5,1.79,Graduate,1.0,1.1666666666666667,0.0,0.6666666665000001,0.0,0,0,0,0
2502,2,39,1,8014,0,12,133.1,1,37,37,9,1,113.0,0,0,0,1,0,0,46,0,0,6,13,3,12.33333333,0,0,6,6,6,13.33333333,0,11.1,0.6,2.02,Graduate,0.5,2.1666666666666665,0.0,0.30833333325,-20.099999999999994,0,0,0,1
2503,1,51,1,33,1,1,121.0,1,19,37,5,7,118.6,0,0,0,1,0,0,26,0,14,21,23,20,13.18181818,0,10,14,18,14,11.64285714,0,8.9,1.4,3.51,Graduate,0.9523809523809523,1.0952380952380953,0.0,0.6277056276190476,-2.4000000000000057,0,0,0,1
2504,2,39,1,9500,1,1,133.1,1,3,1,5,5,148.8,0,0,0,1,0,1,34,0,0,7,7,6,12.51333333,0,0,8,9,7,13.07142857,0,12.4,0.5,1.79,Graduate,0.8571428571428571,1.0,0.0,0.5362857141428571,15.700000000000017,0,0,0,1
2505,1,18,3,9853,1,1,122.0,1,38,37,9,5,120.3,1,0,0,1,0,0,19,0,0,6,0,0,0.0,0,0,6,0,0,0.0,0,10.8,1.4,1.74,Dropout,0.0,0.0,0.0,0.0,-1.7000000000000028,0,0,0,0
2506,1,1,6,9500,1,1,143.0,1,19,19,9,9,127.0,1,0,0,1,0,1,18,0,0,8,8,7,13.58571429,0,0,8,8,7,13.58571429,0,12.7,3.7,-1.7,Graduate,0.875,1.0,0.0,0.5943750001875,-16.0,0,0,0,0
2507,1,1,1,9556,1,1,123.0,1,19,19,4,9,113.8,1,0,0,1,0,0,18,0,0,7,9,7,11.15555556,0,0,8,10,8,11.425,0,12.7,3.7,-1.7,Graduate,1.0,1.2857142857142858,0.0,0.557777778,-9.200000000000003,0,0,0,0
2508,1,39,1,8014,0,1,120.0,1,38,37,9,7,108.0,0,0,0,1,1,1,37,0,1,7,9,6,11.85714286,0,1,6,7,5,12.0,0,13.9,-0.3,0.79,Graduate,0.8571428571428571,1.2857142857142858,0.0,0.5081632654285714,-12.0,0,0,0,1
2509,1,17,1,171,1,1,114.0,1,19,38,9,7,129.1,0,0,0,1,1,1,23,0,0,0,0,0,0.0,0,0,0,0,0,0.0,0,9.4,-0.8,-3.12,Graduate,0.0,0.0,0.0,0.0,15.099999999999994,1,0,0,0
2510,1,43,1,9070,1,1,114.0,1,19,38,9,7,135.9,0,0,0,1,1,0,26,0,9,14,14,14,14.0,0,7,13,13,13,13.61538462,0,15.5,2.8,-4.06,Graduate,1.0,1.0,0.0,0.7,21.900000000000006,0,0,0,1
2511,1,10,2,9773,1,1,154.4,22,19,38,3,5,154.4,1,0,0,0,0,0,18,1,0,6,8,5,12.0,0,0,6,0,0,0.0,0,10.8,1.4,1.74,Dropout,0.8333333333333334,1.3333333333333333,0.0,0.5,0.0,0,0,1,0
2512,1,15,1,9500,1,1,190.0,108,3,2,122,4,190.0,1,0,0,1,0,0,18,1,0,7,15,4,11.575,0,0,7,10,5,12.42,0,12.4,0.5,1.79,Enrolled,0.5714285714285714,2.142857142857143,0.0,0.3307142857142857,0.0,0,0,0,0
2513,1,17,4,9500,1,1,136.0,1,3,3,2,2,132.5,1,0,0,1,0,0,19,0,0,7,8,7,13.19857143,0,0,8,8,8,13.0625,0,11.1,0.6,2.02,Graduate,1.0,1.1428571428571428,0.0,0.6599285715,-3.5,0,0,0,0
2514,1,10,2,9085,1,1,163.3,22,19,1,4,9,163.3,0,0,0,1,0,0,18,1,0,6,10,6,13.5,0,0,6,12,6,12.0,0,12.4,0.5,1.79,Graduate,1.0,1.6666666666666667,0.0,0.675,0.0,0,0,0,0
2515,1,1,1,9670,1,1,126.0,1,1,3,4,3,122.5,1,0,0,1,0,0,19,0,0,6,6,6,13.33333333,0,0,6,8,5,12.8,0,8.9,1.4,3.51,Dropout,1.0,1.0,0.0,0.6666666665000001,-3.5,0,0,0,0
2516,1,17,4,9119,1,1,122.0,62,1,1,191,171,121.0,1,0,0,1,1,0,20,1,0,5,10,4,14.25,0,0,5,14,1,10.0,0,8.9,1.4,3.51,Enrolled,0.8,2.0,0.0,0.5700000000000001,-1.0,0,0,0,0
2517,1,17,1,9070,1,1,137.0,1,1,1,1,5,131.8,0,0,0,1,0,1,22,0,0,6,7,6,12.16666667,0,0,6,9,4,12.0,0,9.4,-0.8,-3.12,Graduate,1.0,1.1666666666666667,0.0,0.6083333335,-5.199999999999989,0,0,0,0
2518,1,1,3,9500,1,1,139.0,1,19,1,9,5,135.0,1,0,0,1,0,1,18,0,0,8,8,7,12.21428571,0,0,8,8,7,12.21428571,0,12.7,3.7,-1.7,Graduate,0.875,1.0,0.0,0.5343749998125,-4.0,0,0,0,0
2519,1,17,1,9254,1,1,142.0,1,19,39,5,4,141.7,0,0,0,1,0,1,18,0,0,6,8,6,12.66666667,0,0,6,6,6,13.0,0,13.9,-0.3,0.79,Graduate,1.0,1.3333333333333333,0.0,0.6333333335,-0.30000000000001137,0,0,0,0
2520,1,1,3,9773,1,1,133.1,1,38,38,5,5,131.3,1,0,0,1,0,1,18,0,0,6,7,6,12.28571429,0,0,6,6,6,13.5,0,8.9,1.4,3.51,Graduate,1.0,1.1666666666666667,0.0,0.6142857145,-1.799999999999983,0,0,0,0
2521,1,1,6,9254,1,1,126.0,1,38,37,5,7,123.9,1,0,0,1,0,1,18,0,0,6,7,6,13.0,0,0,6,6,6,13.0,0,12.4,0.5,1.79,Graduate,1.0,1.1666666666666667,0.0,0.65,-2.0999999999999943,0,0,0,0
2522,1,1,2,9254,1,1,131.0,1,4,3,7,4,126.1,1,0,0,1,0,0,18,0,0,6,8,6,12.14285714,0,0,6,6,6,11.16666667,0,8.9,1.4,3.51,Graduate,1.0,1.3333333333333333,0.0,0.607142857,-4.900000000000006,0,0,0,0
2523,1,17,6,9500,1,1,131.0,1,1,19,7,7,126.5,1,0,0,1,0,1,19,0,0,7,8,7,13.87571429,0,0,8,9,7,13.08571429,0,11.1,0.6,2.02,Graduate,1.0,1.1428571428571428,0.0,0.6937857144999999,-4.5,0,0,0,0
2524,1,17,1,9853,1,1,108.0,1,19,1,5,5,107.3,0,0,0,1,0,0,20,0,0,6,0,0,0.0,0,0,6,0,0,0.0,0,15.5,2.8,-4.06,Dropout,0.0,0.0,0.0,0.0,-0.7000000000000028,0,0,0,0
2525,1,17,4,9238,1,1,133.1,1,1,19,9,5,95.0,1,0,0,1,0,1,19,0,0,6,12,6,11.66666667,0,0,6,7,0,0.0,0,15.5,2.8,-4.06,Dropout,1.0,2.0,0.0,0.5833333334999999,-38.099999999999994,0,0,0,0
2526,1,1,2,9085,1,1,122.0,1,3,1,4,7,116.1,1,0,0,1,0,0,18,0,0,6,13,6,13.15384615,0,0,6,12,3,11.0,0,15.5,2.8,-4.06,Graduate,1.0,2.1666666666666665,0.0,0.6576923075,-5.900000000000006,0,0,0,0
2527,1,1,4,9070,1,1,143.0,1,1,1,9,7,134.6,1,0,0,1,0,1,18,0,0,6,6,6,14.5,0,0,6,6,6,12.83333333,0,12.4,0.5,1.79,Dropout,1.0,1.0,0.0,0.725,-8.400000000000006,0,0,0,0
2528,1,17,6,9500,1,1,135.0,1,19,19,7,7,128.0,1,0,0,1,0,1,18,0,0,7,7,7,14.44142857,0,0,8,8,8,13.65625,0,11.1,0.6,2.02,Graduate,1.0,1.0,0.0,0.7220714285,-7.0,0,0,0,0
2529,1,17,2,9773,1,1,148.0,1,3,38,2,6,144.2,1,0,0,1,0,0,18,0,0,6,6,6,15.16666667,0,0,6,7,6,14.28571429,0,12.4,0.5,1.79,Graduate,1.0,1.0,0.0,0.7583333335,-3.8000000000000114,0,0,0,0
2530,1,17,1,9147,1,1,134.0,1,19,38,4,8,129.5,0,0,0,1,0,1,18,0,0,5,5,5,11.6,0,0,5,12,4,12.625,0,10.8,1.4,1.74,Graduate,1.0,1.0,0.0,0.58,-4.5,0,0,0,0
2531,1,17,1,9773,1,1,122.0,1,1,1,4,7,116.8,1,0,1,1,0,0,18,0,0,6,6,6,11.66666667,0,0,6,6,6,12.33333333,0,16.2,0.3,-0.92,Graduate,1.0,1.0,0.0,0.5833333334999999,-5.200000000000003,0,0,1,0
2532,1,44,1,9003,1,39,160.0,1,37,38,9,6,160.0,0,0,0,1,0,1,20,0,0,6,8,6,12.625,0,0,6,10,6,13.2,0,16.2,0.3,-0.92,Graduate,1.0,1.3333333333333333,0.0,0.63125,0.0,0,0,0,0
2533,1,16,2,9238,1,1,126.0,1,38,37,3,5,127.1,1,0,0,1,0,1,19,0,0,6,14,3,12.66666667,0,0,6,7,6,11.0,0,9.4,-0.8,-3.12,Graduate,0.5,2.3333333333333335,0.0,0.31666666675,1.0999999999999943,0,0,0,0
2534,1,17,1,9130,1,1,138.0,1,2,19,2,6,126.3,1,0,0,1,0,1,18,0,0,6,7,6,12.83333333,1,0,6,8,6,13.0,0,8.9,1.4,3.51,Enrolled,1.0,1.1666666666666667,0.16666666666666666,0.6416666665,-11.700000000000003,0,0,0,0
2535,1,1,1,9238,1,1,115.0,1,38,38,8,7,112.9,1,0,0,1,0,1,19,0,0,6,7,6,11.85714286,0,0,6,8,6,13.14285714,0,12.4,0.5,1.79,Graduate,1.0,1.1666666666666667,0.0,0.592857143,-2.0999999999999943,0,0,0,0
2536,1,17,2,9853,1,1,141.0,1,3,1,1,5,130.2,1,0,0,1,0,0,19,0,0,6,8,5,11.4,1,0,6,7,4,10.75,0,12.7,3.7,-1.7,Enrolled,0.8333333333333334,1.3333333333333333,0.16666666666666666,0.4750000000000001,-10.800000000000011,0,0,0,0
2537,1,43,1,9130,1,1,100.0,41,3,4,3,2,100.0,0,0,0,1,0,0,19,1,0,5,10,5,14.85714286,2,0,5,7,5,15.14285714,0,9.4,-0.8,-3.12,Enrolled,1.0,2.0,0.4,0.7428571429999999,0.0,0,0,0,0
2538,1,1,1,9670,1,1,130.0,1,19,19,7,7,121.6,0,0,0,1,0,0,19,0,0,6,7,6,14.71428571,0,0,6,6,6,15.83333333,0,12.4,0.5,1.79,Graduate,1.0,1.1666666666666667,0.0,0.7357142855000001,-8.400000000000006,0,0,0,0
2539,1,15,1,9670,1,1,130.0,26,42,1,2,7,130.0,0,1,1,1,0,0,20,1,0,6,6,6,13.5,0,0,6,9,5,13.0,0,8.9,1.4,3.51,Graduate,1.0,1.0,0.0,0.675,0.0,0,0,1,0
2540,1,18,1,9130,1,1,135.0,1,38,19,9,5,121.7,1,0,0,1,0,1,18,0,0,5,7,4,11.5,0,0,5,5,5,12.4,0,10.8,1.4,1.74,Graduate,0.8,1.4,0.0,0.45999999999999996,-13.299999999999997,0,0,0,0
2541,1,7,1,9147,1,3,120.0,1,1,39,4,7,120.0,0,0,0,1,0,0,33,0,2,5,9,2,14.0,0,0,5,5,0,0.0,0,12.4,0.5,1.79,Dropout,0.4,1.8,0.0,0.27999999999999997,0.0,0,0,0,1
2542,1,1,1,9853,1,1,148.0,1,19,19,4,5,143.5,0,0,0,1,0,1,19,0,0,7,8,6,12.83333333,0,0,6,6,0,0.0,0,13.9,-0.3,0.79,Dropout,0.8571428571428571,1.1428571428571428,0.0,0.5499999998571429,-4.5,0,0,0,0
2543,1,17,2,9556,1,1,136.0,1,1,1,9,9,128.3,0,0,0,1,0,1,18,0,0,7,7,7,13.42857143,0,0,8,8,8,14.75,0,15.5,2.8,-4.06,Graduate,1.0,1.0,0.0,0.6714285715,-7.699999999999989,0,0,0,0
2544,1,17,1,9070,1,1,108.0,1,19,1,4,3,111.9,0,0,0,1,0,0,19,0,0,6,0,0,0.0,0,0,6,0,0,0.0,0,8.9,1.4,3.51,Dropout,0.0,0.0,0.0,0.0,3.9000000000000057,0,0,0,0
2545,1,44,1,9003,1,39,140.0,1,38,38,6,3,140.0,0,0,0,1,0,0,19,0,0,6,18,3,11.66666667,0,0,6,14,4,11.5,0,15.5,2.8,-4.06,Enrolled,0.5,3.0,0.0,0.29166666674999997,0.0,0,0,0,0
2546,1,1,3,9773,1,1,153.0,1,3,1,2,8,137.6,1,0,0,1,0,0,18,0,0,6,6,6,16.0,0,0,6,7,6,14.33333333,0,12.4,0.5,1.79,Graduate,1.0,1.0,0.0,0.8,-15.400000000000006,0,0,0,0
2547,1,1,1,9238,1,1,135.0,1,19,19,9,5,135.0,1,0,0,1,0,0,20,0,0,6,6,6,13.83333333,0,0,6,6,6,11.83333333,0,10.8,1.4,1.74,Graduate,1.0,1.0,0.0,0.6916666665,0.0,0,0,0,0
2548,1,1,5,9500,1,1,146.0,1,19,37,7,7,133.8,1,0,0,1,0,0,19,0,0,8,9,8,13.2325,1,0,8,9,8,13.2325,1,9.4,-0.8,-3.12,Graduate,1.0,1.125,0.125,0.661625,-12.199999999999989,0,0,0,0
2549,1,1,2,9773,1,1,130.0,1,19,19,9,9,126.9,1,0,0,1,1,1,18,0,0,6,6,6,14.0,0,0,6,6,6,14.16666667,0,9.4,-0.8,-3.12,Graduate,1.0,1.0,0.0,0.7,-3.0999999999999943,0,0,0,0
2550,1,17,2,9254,1,1,113.0,1,1,2,5,3,106.7,1,0,1,1,1,1,19,0,0,6,14,2,10.0,0,0,6,6,0,0.0,0,13.9,-0.3,0.79,Dropout,0.3333333333333333,2.3333333333333335,0.0,0.16666666666666666,-6.299999999999997,0,0,1,0
2551,1,43,1,8014,0,1,145.7,22,37,37,9,9,145.7,1,0,0,1,0,0,25,1,8,16,16,15,13.33333333,0,11,13,13,11,12.27272727,0,13.9,-0.3,0.79,Graduate,0.9375,1.0,0.0,0.6249999998437501,0.0,0,0,0,1
2552,1,17,3,9070,1,1,145.0,1,3,3,4,4,153.1,1,0,0,1,0,1,20,0,0,6,6,6,12.5,0,0,6,6,6,14.33333333,0,12.7,3.7,-1.7,Enrolled,1.0,1.0,0.0,0.625,8.099999999999994,0,0,0,0
2553,1,1,1,8014,0,1,126.0,1,38,37,5,5,118.7,0,0,0,1,0,0,19,0,0,6,6,6,12.5,0,0,6,6,6,11.5,0,12.7,3.7,-1.7,Graduate,1.0,1.0,0.0,0.625,-7.299999999999997,0,0,0,0
2554,1,17,1,9991,0,1,160.0,1,34,34,0,0,161.8,1,0,1,1,1,0,33,0,0,5,8,2,10.5,0,0,5,5,0,0.0,0,7.6,2.6,0.32,Dropout,0.4,1.6,0.0,0.21000000000000002,1.8000000000000114,0,0,1,1
2555,1,18,4,9119,1,1,134.0,1,19,38,194,175,124.9,1,0,1,1,1,0,18,0,0,5,11,3,10.66666667,0,0,5,9,3,11.33333333,0,8.9,1.4,3.51,Enrolled,0.6,2.2,0.0,0.3200000001,-9.099999999999994,0,0,1,0
2556,1,1,1,9119,1,1,163.0,1,19,37,5,8,150.8,1,0,0,1,1,0,18,0,0,5,9,4,10.5,0,0,5,11,2,10.5,3,7.6,2.6,0.32,Enrolled,0.8,1.8,0.0,0.42000000000000004,-12.199999999999989,0,0,0,0
2557,1,15,1,9147,1,1,130.0,26,1,1,2,3,130.0,0,0,0,1,0,0,19,1,0,5,10,4,12.0,0,0,5,6,5,11.4,0,11.1,0.6,2.02,Graduate,0.8,2.0,0.0,0.48,0.0,0,0,0,0
2558,1,1,2,171,1,1,165.0,1,3,3,2,2,163.6,1,0,0,1,0,0,18,0,0,0,0,0,0.0,0,0,0,0,0,0.0,0,12.4,0.5,1.79,Enrolled,0.0,0.0,0.0,0.0,-1.4000000000000057,1,0,0,0
2559,1,43,1,9147,1,1,142.0,1,38,19,141,171,115.0,0,0,0,1,0,0,19,0,0,5,11,5,11.5,0,0,5,9,2,10.66666667,0,13.9,-0.3,0.79,Enrolled,1.0,2.2,0.0,0.575,-27.0,0,0,0,0
2560,1,1,1,9773,1,1,156.0,1,19,1,5,10,136.8,1,0,0,1,0,0,18,0,0,6,6,6,14.0,0,0,6,6,6,13.5,0,11.1,0.6,2.02,Dropout,1.0,1.0,0.0,0.7,-19.19999999999999,0,0,0,0
2561,1,17,5,9853,1,1,141.0,1,3,19,2,7,130.9,1,0,0,1,0,0,18,0,0,6,7,6,13.5,0,0,6,8,5,12.6,0,7.6,2.6,0.32,Graduate,1.0,1.1666666666666667,0.0,0.675,-10.099999999999994,0,0,0,0
2562,1,1,3,9500,1,1,143.0,1,19,37,7,7,127.0,1,0,0,1,0,0,18,0,0,8,8,8,13.07375,0,0,8,8,8,13.07375,0,9.4,-0.8,-3.12,Graduate,1.0,1.0,0.0,0.6536875,-16.0,0,0,0,0
2563,2,39,1,9500,1,19,133.1,1,38,38,2,10,120.0,0,0,0,1,0,0,37,0,0,7,9,2,10.75,0,0,7,9,0,0.0,0,16.2,0.3,-0.92,Dropout,0.2857142857142857,1.2857142857142858,0.0,0.15357142857142855,-13.099999999999994,0,0,0,1
2564,1,1,1,9238,1,1,133.0,1,38,1,2,4,126.0,0,0,0,1,0,0,20,0,0,6,11,1,12.0,0,0,5,10,0,0.0,0,9.4,-0.8,-3.12,Enrolled,0.16666666666666666,1.8333333333333333,0.0,0.09999999999999999,-7.0,0,0,0,0
2565,1,1,1,9254,1,1,172.0,41,37,37,5,5,153.8,1,0,0,1,0,1,20,1,0,6,6,6,14.0,0,0,6,6,6,13.33333333,0,10.8,1.4,1.74,Graduate,1.0,1.0,0.0,0.7,-18.19999999999999,0,0,0,0
2566,1,15,1,9238,1,1,140.0,26,19,19,9,6,140.0,0,0,0,1,1,0,21,1,0,6,7,6,12.33333333,0,0,6,7,6,13.42857143,0,11.1,0.6,2.02,Graduate,1.0,1.1666666666666667,0.0,0.6166666665,0.0,0,0,0,0
2567,1,17,1,9500,1,1,142.0,1,38,1,5,4,136.6,0,0,0,1,0,1,18,0,0,7,7,7,13.46428571,0,0,8,9,8,14.78888889,0,12.4,0.5,1.79,Graduate,1.0,1.0,0.0,0.6732142855000001,-5.400000000000006,0,0,0,0
2568,1,39,1,8014,0,1,140.0,1,19,1,9,8,105.0,0,0,0,1,0,0,26,0,0,6,14,3,10.66666667,1,0,6,9,5,11.2,0,15.5,2.8,-4.06,Enrolled,0.5,2.3333333333333335,0.16666666666666666,0.26666666675,-35.0,0,0,0,1
2569,1,39,1,9147,1,12,133.1,1,37,37,9,7,139.4,0,0,1,1,0,0,41,0,0,5,6,5,11.6,0,0,5,8,5,12.2,0,7.6,2.6,0.32,Enrolled,1.0,1.2,0.0,0.58,6.300000000000011,0,0,1,1
2570,1,1,2,9773,1,1,148.0,1,19,1,3,9,140.0,1,0,0,1,0,1,18,0,0,6,6,6,13.66666667,0,0,6,6,6,14.66666667,0,16.2,0.3,-0.92,Graduate,1.0,1.0,0.0,0.6833333335,-8.0,0,0,0,0
2571,1,1,4,9500,1,1,137.0,1,19,37,9,7,130.8,0,0,1,1,0,0,18,0,0,8,9,8,14.4025,1,0,8,9,8,14.4025,1,9.4,-0.8,-3.12,Graduate,1.0,1.125,0.125,0.720125,-6.199999999999989,0,0,1,0
2572,1,1,1,9500,1,1,143.0,1,38,38,9,9,138.8,1,0,0,1,0,0,31,0,0,7,9,7,15.46875,0,0,8,8,8,16.3875,0,11.1,0.6,2.02,Graduate,1.0,1.2857142857142858,0.0,0.7734375,-4.199999999999989,0,0,0,1
2573,1,1,1,9238,1,1,133.1,1,1,1,4,10,110.0,0,0,1,1,0,0,23,0,0,6,8,6,12.625,0,0,6,6,6,14.16666667,0,12.7,3.7,-1.7,Graduate,1.0,1.3333333333333333,0.0,0.63125,-23.099999999999994,0,0,1,0
2574,1,1,4,9500,1,1,138.0,1,37,19,9,9,127.8,1,0,0,1,0,0,19,0,0,7,7,6,14.98333333,0,0,7,7,6,14.98333333,0,7.6,2.6,0.32,Graduate,0.8571428571428571,1.0,0.0,0.6421428570000001,-10.200000000000003,0,0,0,0
2575,1,16,3,9773,1,1,138.0,1,37,38,4,9,134.2,1,0,0,1,0,1,20,0,0,6,6,6,15.0,0,0,6,6,6,13.0,0,11.1,0.6,2.02,Graduate,1.0,1.0,0.0,0.75,-3.8000000000000114,0,0,0,0
2576,2,39,1,8014,0,1,150.0,1,37,37,7,5,143.0,0,0,0,1,0,0,40,0,5,9,9,9,15.88888889,0,3,7,7,7,14.14285714,0,12.7,3.7,-1.7,Graduate,1.0,1.0,0.0,0.7944444445000001,-7.0,0,0,0,1
2577,1,44,1,9085,1,39,120.0,1,37,37,9,9,120.0,1,0,1,1,0,0,32,0,0,6,14,4,11.5,0,0,6,14,3,11.0,0,16.2,0.3,-0.92,Dropout,0.6666666666666666,2.3333333333333335,0.0,0.3833333333333333,0.0,0,0,1,1
2578,1,1,4,9254,1,1,110.0,1,37,37,9,7,113.2,1,0,0,1,0,0,24,0,0,6,14,2,10.5,0,0,6,11,1,10.0,0,10.8,1.4,1.74,Dropout,0.3333333333333333,2.3333333333333335,0.0,0.175,3.200000000000003,0,0,0,0
2579,1,17,4,9500,1,1,146.0,1,19,37,5,8,135.8,1,0,0,1,0,0,18,0,0,7,7,6,13.98333333,0,0,7,7,6,13.98333333,0,7.6,2.6,0.32,Graduate,0.8571428571428571,1.0,0.0,0.5992857141428571,-10.199999999999989,0,0,0,0
2580,1,1,1,9238,1,1,148.0,1,37,37,9,9,143.5,0,0,0,1,0,0,18,0,0,6,6,6,13.0,0,0,6,6,6,12.83333333,0,10.8,1.4,1.74,Graduate,1.0,1.0,0.0,0.65,-4.5,0,0,0,0
2581,1,1,1,9238,1,1,145.0,1,19,37,4,7,148.9,1,0,0,1,0,1,18,0,0,6,6,6,13.66666667,0,0,6,6,6,13.0,0,10.8,1.4,1.74,Graduate,1.0,1.0,0.0,0.6833333335,3.9000000000000057,0,0,0,0
2582,1,39,1,9003,1,1,133.1,1,38,38,4,7,115.6,1,0,0,0,0,0,27,0,0,6,8,0,0.0,0,0,6,8,0,0.0,0,15.5,2.8,-4.06,Dropout,0.0,1.3333333333333333,0.0,0.0,-17.5,0,0,1,1
2583,1,1,1,9147,1,1,160.0,1,38,37,9,5,159.3,0,0,0,1,0,0,18,0,0,5,5,5,14.4,0,0,5,5,5,15.4,0,7.6,2.6,0.32,Graduate,1.0,1.0,0.0,0.72,-0.6999999999999886,0,0,0,0
2584,1,39,1,9991,0,1,150.0,1,19,37,9,8,138.5,0,0,0,1,0,0,26,0,0,5,10,4,12.0,0,0,5,9,4,11.25,0,12.7,3.7,-1.7,Enrolled,0.8,2.0,0.0,0.48,-11.5,0,0,0,1
2585,1,1,1,9853,1,1,130.0,1,19,12,9,4,133.2,1,0,0,1,0,0,19,0,0,6,6,6,14.16666667,0,0,6,7,6,13.66666667,0,7.6,2.6,0.32,Graduate,1.0,1.0,0.0,0.7083333334999999,3.1999999999999886,0,0,0,0
2586,1,17,2,8014,0,1,120.0,1,37,34,0,0,117.6,1,0,0,1,0,0,19,0,0,6,8,5,12.2,0,0,6,7,6,12.0,0,7.6,2.6,0.32,Graduate,0.8333333333333334,1.3333333333333333,0.0,0.5083333333333333,-2.4000000000000057,0,0,0,0
2587,1,18,2,9147,1,1,115.0,1,1,37,5,5,108.7,1,0,0,1,0,0,21,0,0,5,8,3,12.0,1,0,5,9,3,12.66666667,0,9.4,-0.8,-3.12,Enrolled,0.6,1.6,0.2,0.36,-6.299999999999997,0,0,0,0
2588,1,1,4,9147,1,1,133.1,1,1,19,4,6,106.0,1,0,0,1,0,0,24,0,0,5,11,2,10.5,0,0,5,14,1,11.0,0,12.7,3.7,-1.7,Enrolled,0.4,2.2,0.0,0.21000000000000002,-27.099999999999994,0,0,0,0
2589,1,17,1,9853,1,1,120.0,1,37,37,9,10,122.6,0,0,0,1,0,0,20,0,0,6,8,3,12.33333333,0,0,6,11,2,10.5,0,12.7,3.7,-1.7,Dropout,0.5,1.3333333333333333,0.0,0.30833333325,2.5999999999999943,0,0,0,0
2590,1,1,4,9853,1,1,134.0,1,19,1,5,9,127.4,1,0,0,1,0,0,18,0,0,6,7,5,12.2,0,0,6,7,5,12.2,0,10.8,1.4,1.74,Enrolled,0.8333333333333334,1.1666666666666667,0.0,0.5083333333333333,-6.599999999999994,0,0,0,0
2591,1,39,1,9003,1,1,133.1,1,19,19,9,9,100.0,0,0,0,1,0,0,30,0,0,6,6,0,0.0,0,0,6,6,0,0.0,0,11.1,0.6,2.02,Dropout,0.0,1.0,0.0,0.0,-33.099999999999994,0,0,0,1
2592,1,1,1,9853,1,1,133.1,1,19,37,9,9,95.0,1,0,1,0,0,0,22,0,0,7,10,6,11.5,0,0,7,8,6,13.16666667,0,11.1,0.6,2.02,Enrolled,0.8571428571428571,1.4285714285714286,0.0,0.49285714285714277,-38.099999999999994,0,0,1,0
2593,1,7,1,9147,1,3,130.0,1,37,19,9,8,130.0,0,0,0,1,0,0,21,0,4,9,9,9,10.88888889,0,3,10,18,10,11.61538462,0,10.8,1.4,1.74,Graduate,1.0,1.0,0.0,0.5444444445000001,0.0,0,0,0,0
2594,1,39,1,9556,1,1,120.0,1,19,19,4,5,122.8,0,0,0,1,0,0,26,0,0,7,12,6,12.16666667,0,0,8,8,8,11.675,0,13.9,-0.3,0.79,Dropout,0.8571428571428571,1.7142857142857142,0.0,0.5214285715714285,2.799999999999997,0,0,0,1
2595,1,17,1,9147,1,1,115.0,1,19,19,7,7,115.0,1,0,0,1,0,0,23,0,0,5,7,2,10.0,1,0,5,9,1,12.0,0,9.4,-0.8,-3.12,Enrolled,0.4,1.4,0.2,0.2,0.0,0,0,0,0
2596,1,17,1,9070,1,1,135.0,1,19,37,5,9,145.9,0,0,0,1,0,1,18,0,0,6,6,6,12.66666667,0,0,6,6,6,12.16666667,0,16.2,0.3,-0.92,Graduate,1.0,1.0,0.0,0.6333333335,10.900000000000006,0,0,0,0
2597,1,1,1,9070,1,1,133.1,1,1,37,5,9,143.0,1,0,1,1,0,0,21,0,0,6,9,5,11.4,0,0,6,8,5,12.2,0,12.7,3.7,-1.7,Dropout,0.8333333333333334,1.5,0.0,0.4750000000000001,9.900000000000006,0,0,1,0
2598,1,43,1,171,1,1,145.0,1,19,38,9,9,100.0,0,0,0,1,0,1,18,0,0,0,0,0,0.0,0,0,0,0,0,0.0,0,13.9,-0.3,0.79,Dropout,0.0,0.0,0.0,0.0,-45.0,1,0,0,0
2599,1,17,3,9085,1,1,130.0,1,19,37,5,5,121.3,1,0,0,1,0,0,21,0,0,5,14,2,13.0,2,0,5,8,4,12.0,1,9.4,-0.8,-3.12,Enrolled,0.4,2.8,0.4,0.26,-8.700000000000003,0,0,0,0
2600,1,17,3,9853,1,1,118.0,1,38,38,7,7,121.2,1,0,0,1,0,0,18,0,0,6,8,5,13.4,0,0,6,7,5,12.0,0,7.6,2.6,0.32,Enrolled,0.8333333333333334,1.3333333333333333,0.0,0.5583333333333333,3.200000000000003,0,0,0,0
2601,1,17,3,9853,1,1,138.0,1,37,37,5,9,125.1,1,1,0,1,0,1,19,0,0,6,6,6,13.5,0,0,6,8,5,12.8,0,12.7,3.7,-1.7,Dropout,1.0,1.0,0.0,0.675,-12.900000000000006,0,0,0,0
2602,1,17,1,9254,1,1,122.0,1,1,1,4,9,112.9,1,0,0,1,0,0,22,0,0,6,14,4,12.25,0,0,6,11,3,11.33333333,0,7.6,2.6,0.32,Enrolled,0.6666666666666666,2.3333333333333335,0.0,0.4083333333333333,-9.099999999999994,0,0,0,0
2603,1,1,3,9238,1,1,126.0,1,38,19,5,8,120.8,1,0,0,1,0,0,19,0,0,6,7,6,12.28571429,0,0,6,7,6,12.83333333,0,12.4,0.5,1.79,Graduate,1.0,1.1666666666666667,0.0,0.6142857145,-5.200000000000003,0,0,0,0
2604,1,1,5,9085,1,1,121.0,1,38,37,9,8,114.0,1,0,0,0,0,0,19,0,0,5,12,0,0.0,4,0,5,8,0,0.0,1,9.4,-0.8,-3.12,Dropout,0.0,2.4,0.8,0.0,-7.0,0,0,1,0
2605,1,17,1,9238,1,1,152.0,1,37,37,7,5,132.1,1,0,0,1,0,0,19,0,0,6,10,2,10.5,0,0,6,11,1,13.0,0,9.4,-0.8,-3.12,Dropout,0.3333333333333333,1.6666666666666667,0.0,0.175,-19.900000000000006,0,0,0,0
2606,2,44,1,9085,1,39,160.0,1,37,37,192,192,160.0,0,0,0,1,0,0,27,0,0,5,12,3,14.0,2,0,5,8,5,12.0,1,9.4,-0.8,-3.12,Graduate,0.6,2.4,0.4,0.42,0.0,0,0,0,1
2607,1,10,1,9085,1,1,134.0,1,37,37,5,5,134.0,1,0,0,1,0,0,22,0,2,5,7,5,14.2,0,0,5,10,5,12.2,0,12.7,3.7,-1.7,Graduate,1.0,1.4,0.0,0.71,0.0,0,0,0,0
2608,1,1,1,9773,1,1,128.0,1,37,1,9,7,124.2,1,0,0,1,0,0,18,0,0,6,8,5,13.0,0,0,6,7,6,13.14285714,0,15.5,2.8,-4.06,Dropout,0.8333333333333334,1.3333333333333333,0.0,0.5416666666666667,-3.799999999999997,0,0,0,0
2609,1,17,4,9254,1,1,125.0,1,38,38,5,5,115.6,1,0,0,1,0,0,20,0,0,6,6,6,11.0,0,0,6,8,4,12.75,0,9.4,-0.8,-3.12,Graduate,1.0,1.0,0.0,0.55,-9.400000000000006,0,0,0,0
2610,2,43,1,9991,0,1,130.0,1,37,37,9,9,128.2,0,0,0,1,0,0,34,0,3,8,9,3,11.0,0,2,7,7,2,10.0,0,9.4,-0.8,-3.12,Dropout,0.375,1.125,0.0,0.20625000000000002,-1.8000000000000114,0,0,0,1
2611,1,17,2,9500,1,1,138.0,1,1,38,5,8,132.8,1,0,0,1,0,0,18,0,0,7,9,6,12.38571429,0,0,8,9,8,13.75555556,0,13.9,-0.3,0.79,Graduate,0.8571428571428571,1.2857142857142858,0.0,0.5308163267142856,-5.199999999999989,0,0,0,0
2612,1,17,2,9773,1,1,121.0,1,1,1,5,5,123.1,1,0,0,1,1,0,20,0,0,6,12,4,14.75,0,0,6,7,4,12.25,0,9.4,-0.8,-3.12,Graduate,0.6666666666666666,2.0,0.0,0.4916666666666667,2.0999999999999943,0,0,0,0
2613,1,1,1,9130,1,1,134.0,41,1,19,5,5,125.6,1,0,0,1,0,0,20,1,0,5,6,5,16.16666667,0,0,5,6,5,15.83333333,0,12.7,3.7,-1.7,Graduate,1.0,1.2,0.0,0.8083333335,-8.400000000000006,0,0,0,0
2614,1,39,1,9991,0,1,130.0,1,1,38,4,9,115.0,0,0,0,1,1,0,25,0,0,5,7,0,0.0,0,0,5,8,0,0.0,0,16.2,0.3,-0.92,Dropout,0.0,1.4,0.0,0.0,-15.0,0,0,0,1
2615,1,1,4,9119,1,1,126.0,1,3,19,2,9,123.6,1,0,0,1,1,0,18,0,0,5,6,5,12.4,0,0,5,9,3,13.0,0,8.9,1.4,3.51,Dropout,1.0,1.2,0.0,0.62,-2.4000000000000057,0,0,0,0
2616,1,1,1,9130,1,1,148.0,1,1,1,9,9,141.7,0,0,0,0,1,0,18,0,0,6,8,5,11.6,0,0,6,11,4,13.0,0,8.9,1.4,3.51,Dropout,0.8333333333333334,1.3333333333333333,0.0,0.48333333333333334,-6.300000000000011,0,0,1,0
2617,1,17,1,9853,1,1,160.0,1,19,38,5,7,139.0,1,0,0,1,0,1,18,0,0,6,8,5,12.2,0,0,6,13,0,0.0,0,9.4,-0.8,-3.12,Dropout,0.8333333333333334,1.3333333333333333,0.0,0.5083333333333333,-21.0,0,0,0,0
2618,1,17,1,9254,1,1,118.0,1,1,19,5,4,118.0,0,0,0,1,0,1,19,0,0,6,7,5,11.0,0,0,6,7,5,12.8,0,12.4,0.5,1.79,Graduate,0.8333333333333334,1.1666666666666667,0.0,0.45833333333333337,0.0,0,0,0,0
2619,1,17,2,9853,1,1,150.0,1,38,19,5,5,142.0,1,0,0,1,0,1,19,0,0,6,8,6,12.33333333,0,0,6,7,5,12.4,0,10.8,1.4,1.74,Dropout,1.0,1.3333333333333333,0.0,0.6166666665,-8.0,0,0,0,0
2620,1,44,1,9238,1,1,140.0,1,1,1,5,5,143.4,0,0,0,1,0,1,21,0,3,6,6,6,14.83333333,0,2,6,7,6,12.57142857,0,13.9,-0.3,0.79,Graduate,1.0,1.0,0.0,0.7416666665,3.4000000000000057,0,0,0,0
2621,1,42,1,9070,1,1,100.0,1,3,2,2,2,115.9,0,0,0,1,0,0,29,0,9,10,15,9,11.55555556,0,7,11,17,10,11.9,0,9.4,-0.8,-3.12,Enrolled,0.9,1.5,0.0,0.5200000002,15.900000000000006,0,0,0,1
2622,1,1,1,9070,1,1,110.0,1,1,37,9,9,105.1,1,0,0,1,0,1,20,0,0,6,6,6,12.0,0,0,6,6,6,11.83333333,0,12.4,0.5,1.79,Graduate,1.0,1.0,0.0,0.6,-4.900000000000006,0,0,0,0
2623,1,51,1,8014,0,42,140.0,1,19,37,134,193,138.0,1,0,1,1,0,1,21,0,13,13,13,11,12.72727273,0,9,11,11,10,12.6,0,8.9,1.4,3.51,Graduate,0.8461538461538461,1.0,0.0,0.538461538576923,-2.0,0,0,1,0
2624,1,43,1,9991,0,1,133.1,41,37,37,9,8,114.7,0,0,0,1,0,0,34,1,2,2,2,2,10.5,0,1,1,1,1,11.0,0,10.8,1.4,1.74,Dropout,1.0,1.0,0.0,0.525,-18.39999999999999,0,0,0,1
2625,1,1,4,9773,1,1,140.0,22,1,37,3,9,130.5,1,0,0,1,0,0,20,1,0,6,6,6,12.33333333,0,0,6,6,6,12.0,0,12.7,3.7,-1.7,Graduate,1.0,1.0,0.0,0.6166666665,-9.5,0,0,0,0
2626,1,39,1,9991,0,1,110.0,1,37,37,9,9,134.3,0,0,0,1,1,0,24,0,0,5,10,0,0.0,0,0,5,7,1,12.0,0,10.8,1.4,1.74,Dropout,0.0,2.0,0.0,0.0,24.30000000000001,0,0,0,0
2627,1,1,1,9500,1,1,148.0,1,1,1,4,3,137.5,0,0,0,1,1,0,18,0,0,7,7,7,14.84285714,0,0,8,9,8,14.38888889,0,16.2,0.3,-0.92,Graduate,1.0,1.0,0.0,0.7421428569999999,-10.5,0,0,0,0
2628,1,1,1,9500,1,1,137.0,1,1,19,4,4,125.3,0,0,0,1,1,0,19,0,0,7,7,7,12.2,0,0,7,7,7,12.2,0,7.6,2.6,0.32,Enrolled,1.0,1.0,0.0,0.61,-11.700000000000003,0,0,0,0
2629,1,1,1,9147,1,1,120.0,1,1,19,7,7,111.3,0,0,0,1,1,1,18,0,0,5,10,4,10.8,0,0,5,10,4,11.75,0,15.5,2.8,-4.06,Enrolled,0.8,2.0,0.0,0.43200000000000005,-8.700000000000003,0,0,0,0
2630,1,39,9,9991,0,1,120.0,1,38,38,9,5,144.8,0,0,0,1,1,0,28,0,0,5,7,4,12.75,0,0,5,7,5,14.33333333,0,10.8,1.4,1.74,Enrolled,0.8,1.4,0.0,0.51,24.80000000000001,0,0,0,1
2631,1,39,1,9991,0,1,130.0,1,1,1,9,7,152.1,0,0,0,1,1,0,28,0,0,5,13,2,11.0,0,0,5,12,1,12.0,0,11.1,0.6,2.02,Dropout,0.4,2.6,0.0,0.22000000000000003,22.099999999999994,0,0,0,1
2632,1,17,1,9254,1,1,132.0,1,38,38,0,5,126.1,0,0,0,1,1,0,20,0,0,6,9,4,10.75,0,0,6,12,0,0.0,0,7.6,2.6,0.32,Dropout,0.6666666666666666,1.5,0.0,0.3583333333333333,-5.900000000000006,0,0,0,0
2633,1,43,1,9500,1,1,130.0,1,1,1,7,4,136.0,1,0,0,1,1,0,22,0,0,8,9,8,12.55375,1,0,8,9,8,12.55375,1,9.4,-0.8,-3.12,Graduate,1.0,1.125,0.125,0.6276875000000001,6.0,0,0,0,0
2634,1,1,4,9500,1,1,128.0,1,19,1,4,4,124.3,1,0,0,1,1,0,19,0,0,8,8,7,12.66571429,0,0,8,8,7,12.66571429,0,10.8,1.4,1.74,Graduate,0.875,1.0,0.0,0.5541250001875,-3.700000000000003,0,0,0,0
2635,1,1,1,9670,1,1,132.0,1,1,19,7,5,129.9,1,0,0,1,1,0,20,0,0,6,10,6,12.71428571,0,0,6,8,4,13.0,0,12.4,0.5,1.79,Enrolled,1.0,1.6666666666666667,0.0,0.6357142855,-2.0999999999999943,0,0,0,0
2636,1,39,2,9556,1,1,133.1,1,3,1,2,4,136.1,0,0,0,1,1,0,26,0,0,7,7,2,11.75,0,0,5,10,0,0.0,0,12.4,0.5,1.79,Dropout,0.2857142857142857,1.0,0.0,0.16785714285714284,3.0,0,0,0,1
2637,1,1,2,9254,1,1,120.0,1,37,37,9,9,115.1,1,0,0,0,1,0,21,0,0,6,11,3,11.0,0,0,6,14,0,0.0,0,9.4,-0.8,-3.12,Dropout,0.5,1.8333333333333333,0.0,0.275,-4.900000000000006,0,0,1,0
2638,1,16,2,171,1,1,145.0,1,3,3,2,2,143.6,1,0,0,1,1,0,18,0,0,0,0,0,0.0,0,0,0,0,0,0.0,0,12.4,0.5,1.79,Graduate,0.0,0.0,0.0,0.0,-1.4000000000000057,1,0,0,0
2639,1,17,1,9147,1,1,127.0,1,37,38,9,7,115.8,1,0,0,1,1,0,18,0,0,5,5,5,13.4,0,0,5,6,5,12.2,0,11.1,0.6,2.02,Graduate,1.0,1.0,0.0,0.67,-11.200000000000003,0,0,0,0
2640,1,1,2,171,1,1,135.0,1,19,19,4,7,149.0,1,0,0,1,1,0,22,0,14,17,21,17,12.57894737,0,15,17,20,17,12.11764706,0,11.1,0.6,2.02,Graduate,1.0,1.2352941176470589,0.0,0.6289473685,14.0,0,0,0,0
2641,2,39,1,9119,1,19,133.1,1,37,37,9,9,100.0,0,0,0,1,1,0,36,0,0,5,0,0,0.0,0,0,5,0,0,0.0,0,16.2,0.3,-0.92,Dropout,0.0,0.0,0.0,0.0,-33.099999999999994,0,0,0,1
2642,1,1,1,9773,1,1,125.0,1,38,38,9,9,133.4,1,0,0,1,1,1,20,0,0,6,8,6,12.0,0,0,6,8,6,11.5,0,13.9,-0.3,0.79,Graduate,1.0,1.3333333333333333,0.0,0.6,8.400000000000006,0,0,0,0
2643,1,17,5,9670,1,1,127.0,1,3,4,2,2,122.8,0,0,0,1,1,0,20,0,0,6,6,3,12.33333333,0,0,6,9,0,0.0,0,10.8,1.4,1.74,Dropout,0.5,1.0,0.0,0.30833333325,-4.200000000000003,0,0,0,0
2644,1,39,1,9991,0,1,133.1,1,37,1,5,4,151.2,0,0,0,1,1,0,25,0,0,5,11,4,11.5,0,0,5,11,3,13.5,0,12.4,0.5,1.79,Dropout,0.8,2.2,0.0,0.45999999999999996,18.099999999999994,0,0,0,1
2645,1,39,1,9003,1,1,150.0,1,37,19,6,4,137.0,0,0,0,1,1,0,35,0,1,6,7,5,12.8,0,1,6,11,5,13.83333333,0,15.5,2.8,-4.06,Graduate,0.8333333333333334,1.1666666666666667,0.0,0.5333333333333333,-13.0,0,0,0,1
2646,1,1,1,171,1,1,133.1,1,1,37,7,7,118.0,0,0,0,1,1,0,22,0,0,0,0,0,0.0,0,0,0,0,0,0.0,0,11.1,0.6,2.02,Dropout,0.0,0.0,0.0,0.0,-15.099999999999994,1,0,0,0
2647,1,43,1,9070,1,1,150.0,1,3,39,3,7,126.4,0,0,0,1,1,0,26,0,5,7,8,7,13.28571429,0,3,8,11,7,12.14285714,0,12.4,0.5,1.79,Enrolled,1.0,1.1428571428571428,0.0,0.6642857145,-23.599999999999994,0,0,0,1
2648,1,44,1,9003,1,39,130.0,1,38,38,9,5,130.0,0,0,1,0,1,0,20,0,0,6,16,4,11.8,0,0,6,15,2,12.0,0,16.2,0.3,-0.92,Dropout,0.6666666666666666,2.6666666666666665,0.0,0.39333333333333337,0.0,0,0,1,0
2649,1,43,1,8014,0,12,133.1,1,37,1,9,10,112.5,0,0,0,1,1,0,50,0,6,13,13,6,11.33333333,0,2,11,11,2,13.5,0,16.2,0.3,-0.92,Dropout,0.46153846153846156,1.0,0.0,0.2615384614615385,-20.599999999999994,0,0,0,1
2650,1,1,1,9500,1,1,125.0,1,19,38,9,8,118.3,0,0,0,1,1,0,20,0,0,8,12,5,12.002,1,0,8,12,5,12.002,1,10.8,1.4,1.74,Dropout,0.625,1.5,0.125,0.3750625000000001,-6.700000000000003,0,0,0,0
2651,1,1,1,9500,1,1,127.0,1,3,1,2,8,121.4,0,0,0,1,1,0,20,0,0,7,10,5,13.97666667,0,0,8,9,8,13.22222222,0,12.4,0.5,1.79,Enrolled,0.7142857142857143,1.4285714285714286,0.0,0.4991666667857143,-5.599999999999994,0,0,0,0
2652,1,7,1,9003,1,3,140.0,1,3,19,2,10,140.0,0,0,0,0,1,0,35,0,0,6,10,5,15.2,0,1,6,9,1,11.0,0,15.5,2.8,-4.06,Dropout,0.8333333333333334,1.6666666666666667,0.0,0.6333333333333334,0.0,0,0,1,1
2653,1,1,1,9670,1,1,110.0,1,3,19,4,5,109.0,0,0,0,1,1,1,19,0,0,6,7,6,13.14285714,0,0,6,8,6,14.16666667,0,15.5,2.8,-4.06,Graduate,1.0,1.1666666666666667,0.0,0.657142857,-1.0,0,0,0,0
2654,2,39,2,9147,1,1,133.1,1,37,37,5,7,110.0,0,0,0,1,1,0,43,0,0,5,14,0,0.0,1,0,5,5,0,0.0,0,9.4,-0.8,-3.12,Dropout,0.0,2.8,0.2,0.0,-23.099999999999994,0,0,0,1
2655,1,17,5,9500,1,1,124.0,1,3,38,2,1,119.8,0,0,0,1,1,0,19,0,0,8,11,7,13.86714286,0,0,8,11,7,13.86714286,0,10.8,1.4,1.74,Graduate,0.875,1.375,0.0,0.606687500125,-4.200000000000003,0,0,0,0
2656,1,39,1,9500,1,1,114.0,1,37,37,9,9,130.0,0,0,0,1,1,0,25,0,0,8,11,6,12.675,0,0,8,11,6,12.675,0,12.7,3.7,-1.7,Graduate,0.75,1.375,0.0,0.4753125,16.0,0,0,0,1
2657,1,16,1,171,1,1,155.0,1,1,3,5,10,167.3,1,0,0,1,1,0,19,0,0,0,0,0,0.0,0,0,0,0,0,0.0,0,13.9,-0.3,0.79,Graduate,0.0,0.0,0.0,0.0,12.300000000000011,1,0,0,0
2658,1,17,2,9853,1,1,114.0,1,1,19,9,9,111.9,1,0,0,1,1,1,20,0,0,6,6,6,12.0,0,0,6,7,6,12.5,0,7.6,2.6,0.32,Enrolled,1.0,1.0,0.0,0.6,-2.0999999999999943,0,0,0,0
2659,1,1,1,171,1,1,133.1,1,38,37,5,5,136.0,1,0,0,1,1,0,22,0,0,0,0,0,0.0,0,0,0,0,0,0.0,0,12.7,3.7,-1.7,Dropout,0.0,0.0,0.0,0.0,2.9000000000000057,1,0,0,0
2660,1,1,1,9254,1,1,125.0,1,37,37,3,3,124.0,0,0,0,1,1,1,19,0,0,6,7,6,11.0,0,0,6,6,5,12.2,0,11.1,0.6,2.02,Dropout,1.0,1.1666666666666667,0.0,0.55,-1.0,0,0,0,0
2661,2,39,1,9991,0,1,120.0,1,19,37,3,9,132.9,0,0,0,1,1,0,32,0,0,5,11,4,10.75,0,0,5,11,4,11.33333333,0,13.9,-0.3,0.79,Dropout,0.8,2.2,0.0,0.43,12.900000000000006,0,0,0,1
2662,2,39,1,9773,1,38,100.0,1,37,37,9,7,154.0,1,0,0,1,1,0,57,0,0,6,7,5,14.2,0,0,6,6,6,14.16666667,0,9.4,-0.8,-3.12,Graduate,0.8333333333333334,1.1666666666666667,0.0,0.5916666666666667,54.0,0,0,0,1
2663,1,1,1,9500,1,1,133.1,1,1,19,3,5,115.0,0,0,0,0,1,0,20,0,0,7,11,4,12.6,0,0,7,7,4,11.575,0,16.2,0.3,-0.92,Dropout,0.5714285714285714,1.5714285714285714,0.0,0.36,-18.099999999999994,0,0,1,0
2664,1,39,1,9991,0,1,120.0,1,1,1,5,5,96.0,1,0,0,0,1,0,38,0,0,5,5,0,0.0,0,0,5,5,0,0.0,0,8.9,1.4,3.51,Dropout,0.0,1.0,0.0,0.0,-24.0,0,0,1,1
2665,2,39,1,9991,0,1,120.0,1,37,3,9,3,168.2,0,0,0,1,1,0,45,0,0,5,6,5,14.0,0,0,5,6,5,14.16666667,0,12.4,0.5,1.79,Graduate,1.0,1.2,0.0,0.7,48.19999999999999,0,0,0,1
2666,2,39,1,9773,1,1,110.0,1,37,37,9,10,140.0,0,0,1,0,1,0,43,0,0,6,16,2,10.0,0,0,6,12,4,12.25,0,10.8,1.4,1.74,Dropout,0.3333333333333333,2.6666666666666665,0.0,0.16666666666666666,30.0,0,0,1,1
2667,1,17,4,9070,1,1,144.0,1,38,1,9,9,137.4,1,0,0,1,1,0,19,0,0,6,6,6,13.83333333,0,0,6,8,6,13.125,0,10.8,1.4,1.74,Graduate,1.0,1.0,0.0,0.6916666665,-6.599999999999994,0,0,0,0
2668,2,39,1,9991,0,19,133.1,1,19,19,4,4,150.0,0,0,0,0,1,0,49,0,0,5,8,2,11.0,0,0,5,5,1,11.0,0,15.5,2.8,-4.06,Dropout,0.4,1.6,0.0,0.22000000000000003,16.900000000000006,0,0,1,1
2669,2,39,1,9500,1,19,133.1,1,37,38,9,7,100.5,1,0,0,1,1,0,43,0,0,8,8,7,11.63571429,0,0,8,8,7,11.63571429,0,10.8,1.4,1.74,Enrolled,0.875,1.0,0.0,0.5090625001875,-32.599999999999994,0,0,0,1
2670,1,39,1,8014,0,1,133.1,1,37,38,9,9,148.5,0,0,0,1,1,0,34,0,0,6,6,4,12.25,0,0,5,5,0,0.0,0,11.1,0.6,2.02,Dropout,0.6666666666666666,1.0,0.0,0.4083333333333333,15.400000000000006,0,0,0,1
2671,1,17,5,9119,1,1,138.0,1,19,19,5,5,123.3,1,0,1,1,1,0,18,0,0,5,9,4,12.5,0,0,5,11,5,11.28571429,0,12.4,0.5,1.79,Enrolled,0.8,1.8,0.0,0.5,-14.700000000000003,0,0,1,0
2672,2,39,1,9991,0,1,120.0,1,38,38,1,4,138.7,0,0,0,1,1,0,43,0,0,5,5,5,13.8,0,0,5,6,5,13.66666667,0,10.8,1.4,1.74,Graduate,1.0,1.0,0.0,0.6900000000000001,18.69999999999999,0,0,0,1
2673,1,1,2,9254,1,1,120.0,1,19,1,9,8,117.2,0,0,0,1,1,0,21,0,0,6,8,3,12.0,0,0,6,9,1,11.0,0,15.5,2.8,-4.06,Dropout,0.5,1.3333333333333333,0.0,0.3,-2.799999999999997,0,0,0,0
2674,2,39,1,9991,0,1,160.0,1,34,34,Unknown/not stated,Unknown/not stated,114.3,0,0,0,1,1,0,40,0,0,5,9,3,11.0,0,0,5,8,4,12.5,1,7.6,2.6,0.32,Enrolled,0.6,1.8,0.0,0.33,-45.7,0,0,0,1
2675,1,17,1,9670,1,1,134.0,1,19,37,5,5,125.3,1,0,0,1,1,1,19,0,0,6,7,4,13.75,0,0,6,10,6,11.55555556,0,10.8,1.4,1.74,Graduate,0.6666666666666666,1.1666666666666667,0.0,0.4583333333333333,-8.700000000000003,0,0,0,0
2676,1,1,1,9254,1,1,133.1,1,37,37,1,1,97.0,0,0,0,1,1,0,27,0,0,6,6,6,10.66666667,0,0,6,8,4,11.25,0,10.8,1.4,1.74,Enrolled,1.0,1.0,0.0,0.5333333335,-36.099999999999994,0,0,0,1
2677,2,42,1,9556,1,1,110.0,1,37,37,9,6,140.0,0,0,0,1,1,0,43,0,0,7,7,0,0.0,0,0,8,13,2,13.15,0,16.2,0.3,-0.92,Dropout,0.0,1.0,0.0,0.0,30.0,0,0,0,1
2678,1,43,1,9991,0,1,130.0,1,37,37,9,9,124.0,0,0,0,1,1,0,31,0,1,5,6,5,13.83333333,0,0,5,7,5,15.4,0,9.4,-0.8,-3.12,Graduate,1.0,1.2,0.0,0.6916666665,-6.0,0,0,0,1
2679,1,44,1,9003,1,39,140.0,1,38,1,134,134,140.0,1,0,1,1,1,0,26,0,0,6,6,0,0.0,0,0,6,7,0,0.0,0,8.9,1.4,3.51,Enrolled,0.0,1.0,0.0,0.0,0.0,0,0,1,1
2680,1,39,1,9991,0,1,150.0,1,37,38,175,103,127.0,0,0,0,1,1,0,34,0,0,5,5,5,15.8,0,0,5,5,5,16.8,0,8.9,1.4,3.51,Graduate,1.0,1.0,0.0,0.79,-23.0,0,0,0,1
2681,4,43,1,9500,1,19,100.0,1,34,34,0,0,110.0,0,0,0,1,1,0,30,0,11,14,26,12,12.52608696,1,11,14,26,12,12.52608696,1,7.6,2.6,0.32,Graduate,0.8571428571428571,1.8571428571428572,0.07142857142857142,0.5368322982857142,10.0,0,0,0,1
2682,2,39,1,9500,1,19,133.1,1,38,38,7,8,170.0,0,0,0,1,1,0,36,0,0,7,9,6,12.78333333,0,0,8,11,0,0.0,0,16.2,0.3,-0.92,Dropout,0.8571428571428571,1.2857142857142858,0.0,0.5478571427142856,36.900000000000006,0,0,0,1
2683,1,7,1,9991,0,3,120.0,1,37,37,6,7,120.0,0,0,1,0,1,0,46,0,0,5,5,0,0.0,0,0,5,5,1,10.0,0,11.1,0.6,2.02,Dropout,0.0,1.0,0.0,0.0,0.0,0,0,1,1
2684,1,17,1,9085,1,1,133.1,1,1,19,5,9,130.0,0,0,0,1,1,0,22,0,0,5,8,3,13.0,0,0,5,8,3,10.66666667,0,7.6,2.6,0.32,Graduate,0.6,1.6,0.0,0.39,-3.0999999999999943,0,0,0,0
2685,1,7,1,9003,1,3,130.0,1,1,19,5,9,130.0,0,0,0,1,1,0,27,0,0,6,8,0,0.0,0,0,6,10,0,0.0,0,16.2,0.3,-0.92,Dropout,0.0,1.3333333333333333,0.0,0.0,0.0,0,0,0,1
2686,1,1,2,9119,1,1,126.0,1,1,38,141,192,122.5,1,0,0,1,1,0,20,0,0,5,7,5,10.8,0,0,5,9,3,12.0,0,8.9,1.4,3.51,Enrolled,1.0,1.4,0.0,0.54,-3.5,0,0,0,0
2687,1,51,1,9147,1,1,130.0,1,19,38,9,8,115.7,0,0,0,1,1,0,20,0,0,5,7,5,11.0,0,0,5,7,3,10.0,0,8.9,1.4,3.51,Enrolled,1.0,1.4,0.0,0.55,-14.299999999999997,0,0,0,0
2688,1,42,1,9119,1,1,140.0,1,19,19,90,90,120.0,0,0,1,0,1,0,31,0,0,4,4,0,0.0,0,0,5,5,0,0.0,0,12.7,3.7,-1.7,Dropout,0.0,1.0,0.0,0.0,-20.0,0,0,1,1
2689,1,1,1,9119,1,1,140.0,1,37,19,9,9,166.0,1,0,1,1,1,0,20,0,0,5,7,0,0.0,0,0,5,5,0,0.0,0,9.4,-0.8,-3.12,Enrolled,0.0,1.4,0.0,0.0,26.0,0,0,1,0
2690,1,17,1,9773,1,1,145.0,1,1,38,90,8,132.8,1,0,0,0,1,0,21,0,0,6,10,2,12.0,0,0,6,0,0,0.0,0,10.8,1.4,1.74,Dropout,0.3333333333333333,1.6666666666666667,0.0,0.19999999999999998,-12.199999999999989,0,0,1,0
2691,1,17,1,9147,1,1,133.1,1,19,19,9,7,100.0,0,0,0,1,1,0,21,0,0,5,7,4,10.75,0,0,5,10,2,11.0,3,16.2,0.3,-0.92,Dropout,0.8,1.4,0.0,0.43,-33.099999999999994,0,0,0,0
2692,1,1,1,9147,1,1,127.0,1,1,4,9,10,121.8,0,0,0,1,1,0,19,0,0,5,8,5,11.6,0,0,5,10,4,13.5,3,16.2,0.3,-0.92,Graduate,1.0,1.6,0.0,0.58,-5.200000000000003,0,0,0,0
2693,1,17,4,9147,1,1,114.0,1,19,19,4,4,109.5,1,0,0,1,1,1,20,0,0,5,6,5,11.8,0,0,5,8,4,11.6,0,8.9,1.4,3.51,Graduate,1.0,1.2,0.0,0.5900000000000001,-4.5,0,0,0,0
2694,1,1,1,9003,1,1,140.0,1,38,1,9,4,138.3,0,0,0,1,1,0,18,0,0,6,7,6,16.0,0,0,6,6,6,15.16666667,0,12.4,0.5,1.79,Graduate,1.0,1.1666666666666667,0.0,0.8,-1.6999999999999886,0,0,0,0
2695,1,1,2,9773,1,1,140.0,1,1,1,4,3,131.6,0,0,0,1,1,1,18,0,0,6,6,6,12.66666667,0,0,6,6,6,11.5,0,16.2,0.3,-0.92,Graduate,1.0,1.0,0.0,0.6333333335,-8.400000000000006,0,0,0,0
2696,1,39,1,9500,1,1,120.0,1,1,2,144,123,125.3,0,0,1,1,1,0,30,0,0,7,12,4,14.4,0,0,7,9,6,13.5,0,12.4,0.5,1.79,Enrolled,0.5714285714285714,1.7142857142857142,0.0,0.41142857142857137,5.299999999999997,0,0,1,1
2697,1,39,1,9254,1,19,133.1,1,19,19,3,1,101.5,0,0,1,0,1,0,34,0,0,6,6,0,0.0,0,0,6,6,0,0.0,0,15.5,2.8,-4.06,Dropout,0.0,1.0,0.0,0.0,-31.599999999999994,0,0,1,1
2698,1,17,1,9670,1,1,115.0,1,19,19,191,171,109.1,0,0,1,0,1,0,21,0,0,6,11,4,12.25,0,0,6,9,4,13.4,0,11.1,0.6,2.02,Enrolled,0.6666666666666666,1.8333333333333333,0.0,0.4083333333333333,-5.900000000000006,0,0,1,0
2699,1,44,1,9070,1,39,123.9,1,37,1,9,7,123.9,0,0,0,1,1,0,20,0,2,7,9,5,12.6,0,5,9,10,8,12.75,1,16.2,0.3,-0.92,Dropout,0.7142857142857143,1.2857142857142858,0.0,0.45,0.0,0,0,0,0
2700,1,1,1,9500,1,1,157.0,1,37,37,9,9,143.0,0,0,0,1,1,0,18,0,0,8,8,7,13.4,0,0,8,8,7,13.4,0,12.7,3.7,-1.7,Graduate,0.875,1.0,0.0,0.58625,-14.0,0,0,0,0
2701,1,1,1,171,1,1,127.0,1,1,1,4,3,126.3,1,0,1,1,1,0,21,0,0,0,0,0,0.0,0,0,0,0,0,0.0,0,16.2,0.3,-0.92,Dropout,0.0,0.0,0.0,0.0,-0.7000000000000028,1,0,1,0
2702,2,42,1,9003,1,1,120.0,1,3,1,2,2,113.3,0,0,0,1,1,0,26,0,0,6,9,1,10.0,0,0,6,6,0,0.0,0,12.4,0.5,1.79,Dropout,0.16666666666666666,1.5,0.0,0.08333333333333333,-6.700000000000003,0,0,0,1
2703,1,17,1,9119,1,1,130.0,1,38,19,7,3,119.9,1,0,1,1,1,0,20,0,0,5,5,0,0.0,0,0,5,5,0,0.0,5,9.4,-0.8,-3.12,Dropout,0.0,1.0,0.0,0.0,-10.099999999999994,0,0,1,0
2704,1,44,1,9003,1,39,140.0,1,1,38,1,9,140.0,0,0,0,1,1,0,25,0,0,6,16,3,11.25,0,0,6,14,4,11.2,0,15.5,2.8,-4.06,Dropout,0.5,2.6666666666666665,0.0,0.28125,0.0,0,0,0,1
2705,1,17,1,9670,1,1,109.0,1,1,1,4,4,108.0,0,0,0,1,1,0,19,0,0,5,10,0,0.0,0,0,5,5,0,0.0,0,7.6,2.6,0.32,Enrolled,0.0,2.0,0.0,0.0,-1.0,0,0,0,0
2706,1,39,2,9147,1,1,143.0,1,19,5,4,1,100.0,1,0,0,1,1,0,24,0,0,5,8,3,10.66666667,1,0,5,5,1,14.0,0,9.4,-0.8,-3.12,Dropout,0.6,1.6,0.2,0.3200000001,-43.0,0,0,0,0
2707,1,1,1,9130,1,1,125.0,1,3,3,2,2,132.4,0,0,0,1,1,0,20,0,0,5,7,4,11.75,0,0,5,5,5,13.4,0,7.6,2.6,0.32,Graduate,0.8,1.4,0.0,0.47000000000000003,7.400000000000006,0,0,0,0
2708,1,1,1,9147,1,1,136.0,1,1,3,9,5,137.1,0,0,0,1,1,0,20,0,0,5,5,0,0.0,0,0,5,5,0,0.0,0,12.7,3.7,-1.7,Dropout,0.0,1.0,0.0,0.0,1.0999999999999943,0,0,0,0
2709,1,5,3,9070,1,1,157.0,1,3,1,9,6,138.1,1,0,0,1,0,0,18,0,0,6,6,6,12.66666667,0,0,6,8,6,14.125,0,10.8,1.4,1.74,Graduate,1.0,1.0,0.0,0.6333333335,-18.900000000000006,0,0,0,0
2710,4,39,1,9556,1,1,160.0,1,19,3,9,2,130.0,0,0,0,1,0,0,25,0,0,7,14,7,11.95,0,0,8,15,7,12.04285714,0,12.7,3.7,-1.7,Enrolled,1.0,2.0,0.0,0.5974999999999999,-30.0,0,0,0,1
2711,1,17,1,9254,1,1,116.0,1,38,37,9,6,109.7,1,0,0,1,0,0,22,0,0,6,7,5,14.0,0,0,6,6,6,15.66666667,0,11.1,0.6,2.02,Graduate,0.8333333333333334,1.1666666666666667,0.0,0.5833333333333334,-6.299999999999997,0,0,0,0
2712,1,43,1,8014,0,1,113.0,1,37,37,0,6,128.2,0,0,0,0,0,0,41,0,0,6,6,0,0.0,6,0,6,12,0,0.0,0,9.4,-0.8,-3.12,Dropout,0.0,1.0,1.0,0.0,15.199999999999989,0,0,1,1
2713,1,1,2,9147,1,1,130.0,1,37,38,7,9,117.8,0,0,1,1,0,1,19,0,0,5,11,2,11.5,0,0,5,10,0,0.0,0,12.7,3.7,-1.7,Dropout,0.4,2.2,0.0,0.22999999999999998,-12.200000000000003,0,0,1,0
2714,1,43,1,9130,1,1,150.0,1,3,3,3,4,150.0,1,0,0,1,0,0,21,0,0,6,10,6,12.0,0,0,6,12,5,12.8,0,13.9,-0.3,0.79,Graduate,1.0,1.6666666666666667,0.0,0.6,0.0,0,0,0,0
2715,1,39,1,9085,1,1,110.0,1,1,1,5,5,160.0,1,0,1,1,0,0,30,0,0,6,7,6,16.42857143,0,0,6,7,6,16.66666667,0,13.9,-0.3,0.79,Dropout,1.0,1.1666666666666667,0.0,0.8214285715,50.0,0,0,1,1
2716,1,1,5,9500,1,1,101.0,1,38,38,9,9,104.5,1,0,0,1,0,1,21,0,0,7,9,5,13.336,0,0,8,9,7,13.20714286,0,11.1,0.6,2.02,Graduate,0.7142857142857143,1.2857142857142858,0.0,0.4762857142857143,3.5,0,0,0,0
2717,2,39,2,9556,1,1,110.0,1,19,38,9,9,112.8,0,0,0,1,0,1,26,0,0,7,7,0,0.0,0,0,8,8,0,0.0,6,10.8,1.4,1.74,Enrolled,0.0,1.0,0.0,0.0,2.799999999999997,0,0,0,1
2718,1,15,1,9670,1,1,133.1,41,1,1,9,4,100.0,0,0,0,1,0,0,21,1,2,7,9,7,14.66666667,0,1,6,8,6,14.0,0,11.1,0.6,2.02,Graduate,1.0,1.2857142857142858,0.0,0.7333333335,-33.099999999999994,0,0,0,0
2719,1,1,1,9500,1,1,138.0,1,1,1,3,4,132.5,1,0,0,1,0,0,18,0,0,8,8,7,14.11571429,0,0,8,8,7,14.11571429,0,10.8,1.4,1.74,Graduate,0.875,1.0,0.0,0.6175625001874999,-5.5,0,0,0,0
2720,1,1,4,9085,1,1,138.0,1,3,1,1,4,123.3,1,0,0,1,0,1,19,0,0,6,7,6,14.85714286,0,0,6,10,6,13.11111111,0,12.4,0.5,1.79,Graduate,1.0,1.1666666666666667,0.0,0.7428571429999999,-14.700000000000003,0,0,0,0
2721,1,1,2,9085,1,1,141.0,1,1,38,9,8,128.9,1,0,0,1,0,1,18,0,0,6,7,6,13.83333333,0,0,6,10,6,13.71428571,0,8.9,1.4,3.51,Graduate,1.0,1.1666666666666667,0.0,0.6916666665,-12.099999999999994,0,0,0,0
2722,1,17,2,9147,1,1,129.0,1,2,3,2,2,128.3,1,0,0,1,0,0,19,0,0,5,10,3,11.0,0,0,5,9,4,11.75,0,12.7,3.7,-1.7,Enrolled,0.6,2.0,0.0,0.33,-0.6999999999999886,0,0,0,0
2723,1,43,1,9085,1,1,127.0,1,3,3,2,5,100.0,0,0,0,1,0,0,21,0,0,6,11,4,11.75,0,0,6,12,3,13.66666667,0,13.9,-0.3,0.79,Enrolled,0.6666666666666666,1.8333333333333333,0.0,0.39166666666666666,-27.0,0,0,0,0
2724,1,17,2,9147,1,1,133.0,1,19,1,9,3,120.1,1,0,0,1,0,1,18,0,0,5,15,2,10.0,0,0,5,14,2,12.0,0,13.9,-0.3,0.79,Dropout,0.4,3.0,0.0,0.2,-12.900000000000006,0,0,0,0
2725,1,39,1,9500,1,1,100.0,1,37,37,7,7,160.0,1,0,0,1,0,1,24,0,0,8,15,6,12.415,0,0,8,15,6,12.415,0,10.8,1.4,1.74,Graduate,0.75,1.875,0.0,0.46556249999999993,60.0,0,0,0,0
2726,1,1,1,9130,1,1,138.0,1,4,5,2,2,123.0,1,0,0,1,0,0,21,0,0,5,12,1,11.0,0,0,5,9,2,10.5,0,12.7,3.7,-1.7,Enrolled,0.2,2.4,0.0,0.11000000000000001,-15.0,0,0,0,0
2727,1,44,1,9085,1,39,150.0,1,19,19,9,9,150.0,1,0,0,1,0,0,23,0,1,6,14,5,14.42857143,0,1,6,7,6,13.42857143,0,16.2,0.3,-0.92,Graduate,0.8333333333333334,2.3333333333333335,0.0,0.60119047625,0.0,0,0,0,0
2728,1,17,2,9500,1,1,129.0,1,38,19,5,7,124.0,1,0,0,1,0,1,18,0,0,8,8,7,14.31285714,0,0,8,8,7,14.31285714,0,10.8,1.4,1.74,Graduate,0.875,1.0,0.0,0.626187499875,-5.0,0,0,0,0
2729,1,39,1,9085,1,1,130.0,1,4,1,2,9,120.0,0,0,0,0,0,0,26,0,0,6,8,6,15.42857143,0,0,6,7,5,14.5,0,11.1,0.6,2.02,Enrolled,1.0,1.3333333333333333,0.0,0.7714285715,-10.0,0,0,1,1
2730,1,1,1,9130,1,1,133.0,1,38,38,5,8,120.4,1,0,0,1,0,0,20,0,0,5,9,4,12.0,1,0,5,6,5,13.4,0,9.4,-0.8,-3.12,Graduate,0.8,1.8,0.2,0.48,-12.599999999999994,0,0,0,0
2731,1,1,1,9238,1,1,133.0,1,4,1,5,5,131.6,0,0,0,1,0,0,18,0,0,6,7,6,13.83333333,0,0,6,7,6,13.71428571,0,11.1,0.6,2.02,Graduate,1.0,1.1666666666666667,0.0,0.6916666665,-1.4000000000000057,0,0,0,0
2732,1,1,1,9238,1,1,107.0,1,2,12,3,10,104.2,1,0,0,1,0,0,20,0,0,6,6,6,12.16666667,0,0,6,7,6,12.14285714,0,11.1,0.6,2.02,Graduate,1.0,1.0,0.0,0.6083333335,-2.799999999999997,0,0,0,0
2733,1,1,1,9500,1,1,131.0,1,19,19,4,4,122.0,1,0,0,1,0,0,20,0,0,8,8,7,14.01428571,0,0,8,8,7,14.01428571,0,12.7,3.7,-1.7,Enrolled,0.875,1.0,0.0,0.6131249998124999,-9.0,0,0,0,0
2734,1,17,2,9238,1,1,118.0,1,1,19,4,10,110.7,1,1,0,1,0,0,18,0,0,6,15,2,10.33333333,3,0,6,13,3,13.33333333,0,12.7,3.7,-1.7,Enrolled,0.3333333333333333,2.5,0.5,0.17222222216666666,-7.299999999999997,0,0,0,0
2735,1,1,4,9773,1,1,136.0,1,1,12,9,10,121.7,1,0,0,1,0,1,22,0,0,6,7,5,13.2,0,0,6,7,5,13.6,0,12.4,0.5,1.79,Graduate,0.8333333333333334,1.1666666666666667,0.0,0.5499999999999999,-14.299999999999997,0,0,0,0
2736,1,1,1,9500,1,1,125.0,1,37,37,9,9,126.0,1,0,1,1,0,0,20,0,0,7,7,6,15.4,0,0,7,7,6,15.4,0,7.6,2.6,0.32,Graduate,0.8571428571428571,1.0,0.0,0.66,1.0,0,0,1,0
2737,1,17,4,9500,1,1,137.0,1,1,37,9,9,128.4,1,0,0,1,0,1,19,0,0,7,7,7,13.38571429,0,0,8,8,8,15.925,0,13.9,-0.3,0.79,Graduate,1.0,1.0,0.0,0.6692857145,-8.599999999999994,0,0,0,0
2738,1,1,1,9130,1,1,144.0,1,3,1,2,4,134.9,1,0,1,1,0,0,18,0,0,6,13,6,10.85714286,0,0,6,10,4,11.0,0,15.5,2.8,-4.06,Dropout,1.0,2.1666666666666665,0.0,0.542857143,-9.099999999999994,0,0,1,0
2739,1,17,2,9147,1,1,146.0,1,38,37,6,6,143.9,0,0,0,1,0,0,18,0,0,5,11,5,11.33333333,0,0,5,8,5,12.0,0,13.9,-0.3,0.79,Graduate,1.0,2.2,0.0,0.5666666665,-2.0999999999999943,0,0,0,0
2740,1,1,4,9085,1,1,145.0,1,37,1,9,9,145.0,1,0,0,1,0,1,19,0,0,5,7,4,14.5,0,0,5,5,5,13.6,0,10.8,1.4,1.74,Graduate,0.8,1.4,0.0,0.58,0.0,0,0,0,0
2741,1,1,2,9070,1,1,126.0,1,19,38,9,9,132.0,1,0,0,1,0,1,19,0,0,6,6,6,14.16666667,0,0,6,8,6,12.375,0,10.8,1.4,1.74,Graduate,1.0,1.0,0.0,0.7083333334999999,6.0,0,0,0,0
2742,1,17,1,8014,0,1,141.0,1,34,34,0,0,136.1,0,0,0,1,0,0,24,0,0,6,7,6,12.83333333,0,0,6,8,6,12.0,0,7.6,2.6,0.32,Graduate,1.0,1.1666666666666667,0.0,0.6416666665,-4.900000000000006,0,0,0,0
2743,1,1,1,9238,1,1,141.0,1,37,37,4,4,138.9,0,0,0,1,0,0,21,0,0,6,7,6,13.33333333,0,0,6,6,6,14.5,0,10.8,1.4,1.74,Graduate,1.0,1.1666666666666667,0.0,0.6666666665000001,-2.0999999999999943,0,0,0,0
2744,1,1,1,9238,1,1,133.1,1,1,1,3,3,102.0,1,0,0,1,0,1,20,0,0,6,7,6,13.66666667,0,0,6,7,6,14.57142857,0,11.1,0.6,2.02,Graduate,1.0,1.1666666666666667,0.0,0.6833333335,-31.099999999999994,0,0,0,0
2745,1,39,1,9254,1,1,133.1,1,19,19,4,7,123.0,0,0,1,0,0,1,28,0,0,6,6,6,10.83333333,0,0,6,7,5,11.0,0,13.9,-0.3,0.79,Dropout,1.0,1.0,0.0,0.5416666665000001,-10.099999999999994,0,0,1,1
2746,1,1,2,9853,1,1,127.0,1,37,19,9,8,137.5,1,0,0,1,0,0,21,0,0,6,7,6,13.42857143,0,0,6,8,6,13.14285714,0,7.6,2.6,0.32,Graduate,1.0,1.1666666666666667,0.0,0.6714285715,10.5,0,0,0,0
2747,1,1,1,9500,1,1,106.0,1,37,38,191,163,102.2,1,0,1,1,1,0,20,0,0,7,7,7,12.40142857,0,0,8,10,6,11.80833333,0,11.1,0.6,2.02,Enrolled,1.0,1.0,0.0,0.6200714285,-3.799999999999997,0,0,1,0
2748,1,42,1,9003,1,1,130.0,1,3,2,2,6,105.3,0,0,0,0,1,0,36,0,0,6,8,0,0.0,0,0,6,10,0,0.0,0,16.2,0.3,-0.92,Dropout,0.0,1.3333333333333333,0.0,0.0,-24.700000000000003,0,0,1,1
2749,2,39,1,9991,0,1,110.0,1,37,37,9,9,130.0,0,0,0,0,1,0,42,0,0,4,4,0,0.0,0,0,5,0,0,0.0,0,12.7,3.7,-1.7,Dropout,0.0,1.0,0.0,0.0,20.0,0,0,1,1
2750,2,39,1,9991,0,1,150.0,1,37,37,9,7,122.5,0,0,0,1,1,0,47,0,0,5,9,4,11.5,0,0,5,6,5,11.6,1,7.6,2.6,0.32,Dropout,0.8,1.8,0.0,0.45999999999999996,-27.5,0,0,0,1
2751,1,39,1,9119,1,1,160.0,1,1,38,4,7,112.0,0,0,0,0,1,0,25,0,0,5,8,0,0.0,0,0,5,5,0,0.0,0,9.4,-0.8,-3.12,Dropout,0.0,1.6,0.0,0.0,-48.0,0,0,1,1
2752,1,39,1,9670,1,12,170.0,1,1,37,3,5,110.0,0,0,0,1,1,1,25,0,0,6,8,6,14.14285714,0,0,6,6,6,13.5,0,15.5,2.8,-4.06,Graduate,1.0,1.3333333333333333,0.0,0.707142857,-60.0,0,0,0,1
2753,2,39,1,8014,0,19,133.1,1,19,37,6,8,149.5,0,0,0,1,1,0,48,0,0,6,6,0,0.0,0,0,5,6,0,0.0,0,12.4,0.5,1.79,Dropout,0.0,1.0,0.0,0.0,16.400000000000006,0,0,0,1
2754,1,43,1,9991,0,1,120.0,1,38,38,9,7,141.0,0,0,0,1,1,1,32,0,5,10,12,10,13.8,0,5,10,10,10,12.8,0,10.8,1.4,1.74,Graduate,1.0,1.2,0.0,0.6900000000000001,21.0,0,0,0,1
2755,1,7,1,9991,0,40,130.0,1,38,38,9,7,130.0,0,0,0,1,1,0,38,0,10,10,10,10,13.6,0,5,10,10,5,13.6,0,8.9,1.4,3.51,Dropout,1.0,1.0,0.0,0.6799999999999999,0.0,0,0,0,1
2756,1,7,1,9238,1,40,130.0,1,37,37,5,5,130.0,0,0,0,1,1,0,37,0,11,16,23,15,11.73333333,0,6,11,17,9,11.88888889,0,15.5,2.8,-4.06,Graduate,0.9375,1.4375,0.0,0.54999999984375,0.0,0,0,0,1
2757,1,39,2,9147,1,1,120.0,1,37,37,9,9,104.0,0,0,0,0,1,0,26,0,0,5,8,1,10.0,0,0,5,9,1,10.0,0,10.8,1.4,1.74,Dropout,0.2,1.6,0.0,0.1,-16.0,0,0,1,1
2758,1,44,1,9085,1,39,110.0,1,3,5,2,2,110.0,0,0,0,1,1,0,23,0,0,6,19,0,0.0,0,0,6,6,0,0.0,0,13.9,-0.3,0.79,Dropout,0.0,3.1666666666666665,0.0,0.0,0.0,0,0,0,0
2759,1,44,1,9003,1,39,120.0,1,38,19,3,5,120.0,0,0,0,1,1,0,23,0,0,6,6,0,0.0,0,0,6,8,0,0.0,0,15.5,2.8,-4.06,Enrolled,0.0,1.0,0.0,0.0,0.0,0,0,0,0
2760,1,44,1,9003,1,39,130.0,1,2,3,9,6,130.0,0,0,0,1,1,0,20,0,0,6,12,4,10.8,0,0,6,13,4,12.0,0,12.4,0.5,1.79,Enrolled,0.6666666666666666,2.0,0.0,0.36,0.0,0,0,0,0
2761,1,39,1,9500,1,4,150.0,1,3,38,3,7,127.0,1,0,0,1,1,0,26,0,2,7,8,6,13.04666667,0,2,8,10,7,13.30625,0,11.1,0.6,2.02,Dropout,0.8571428571428571,1.1428571428571428,0.0,0.5591428572857142,-23.0,0,0,0,1
2762,1,43,1,8014,0,1,120.0,1,37,37,9,5,100.0,0,0,0,1,0,0,45,0,5,9,13,8,11.0,0,3,7,10,6,10.83333333,0,12.7,3.7,-1.7,Enrolled,0.8888888888888888,1.4444444444444444,0.0,0.48888888888888893,-20.0,0,0,0,1
2763,1,39,1,8014,0,19,100.0,1,37,37,5,5,111.0,1,0,0,1,0,1,26,0,0,6,10,3,12.33333333,0,0,6,14,3,11.66666667,0,7.6,2.6,0.32,Enrolled,0.5,1.6666666666666667,0.0,0.30833333325,11.0,0,0,0,1
2764,1,43,1,8014,0,3,133.1,1,9,9,90,90,130.0,0,0,0,1,0,0,26,0,8,11,16,10,11.8,0,3,7,7,7,13.28571429,0,7.6,2.6,0.32,Graduate,0.9090909090909091,1.4545454545454546,0.0,0.5363636363636364,-3.0999999999999943,0,0,0,1
2765,1,39,1,9991,0,1,130.0,1,37,37,9,9,130.1,0,0,0,1,0,0,25,0,0,5,8,3,11.0,0,0,5,8,3,11.25,0,10.8,1.4,1.74,Enrolled,0.6,1.6,0.0,0.33,0.09999999999999432,0,0,0,1
2766,1,16,4,9500,1,1,145.0,1,1,1,4,4,127.5,1,0,0,1,0,0,18,0,0,8,8,8,13.11,0,0,8,8,8,13.11,0,9.4,-0.8,-3.12,Graduate,1.0,1.0,0.0,0.6555,-17.5,0,0,0,0
2767,1,7,1,9500,1,3,130.0,1,37,37,7,7,130.0,1,0,0,1,0,0,27,0,0,8,8,7,14.41428571,0,0,8,8,7,14.41428571,0,12.7,3.7,-1.7,Graduate,0.875,1.0,0.0,0.6306249998125,0.0,0,0,0,1
2768,6,17,3,8014,0,1,115.0,1,19,1,5,90,115.0,0,0,0,0,0,0,24,0,0,5,5,0,0.0,0,0,5,10,0,0.0,0,10.8,1.4,1.74,Dropout,0.0,1.0,0.0,0.0,0.0,0,0,1,0
2769,1,17,1,9147,1,1,124.0,1,38,19,6,10,126.8,1,0,0,1,0,0,20,0,0,5,8,5,12.33333333,0,0,5,7,5,12.2,0,15.5,2.8,-4.06,Graduate,1.0,1.6,0.0,0.6166666665,2.799999999999997,0,0,0,0
2770,1,1,1,9500,1,1,124.0,1,1,19,9,8,116.7,1,0,0,1,0,1,18,0,0,7,9,0,0.0,0,0,7,8,1,10.0,0,15.5,2.8,-4.06,Dropout,0.0,1.2857142857142858,0.0,0.0,-7.299999999999997,0,0,0,0
2771,1,17,6,9556,1,1,134.0,1,19,38,7,7,128.5,1,0,0,1,0,1,18,0,0,7,9,7,14.1,0,0,8,8,8,13.3125,0,12.7,3.7,-1.7,Graduate,1.0,1.2857142857142858,0.0,0.705,-5.5,0,0,0,0
2772,1,1,4,9500,1,1,137.0,1,37,37,9,9,127.5,1,0,0,1,0,0,18,0,0,8,8,8,13.045,0,0,8,8,8,13.045,0,9.4,-0.8,-3.12,Graduate,1.0,1.0,0.0,0.65225,-9.5,0,0,0,0
2773,1,1,1,9500,1,1,124.0,1,19,37,3,8,117.5,1,0,0,1,1,0,19,0,0,8,10,5,12.858,3,0,8,10,5,12.858,3,9.4,-0.8,-3.12,Enrolled,0.625,1.25,0.375,0.4018125,-6.5,0,0,0,0
2774,1,42,3,9500,1,1,136.0,1,1,1,4,4,148.8,1,0,0,1,0,1,19,0,0,8,8,8,14.2525,0,0,8,8,8,14.2525,0,9.4,-0.8,-3.12,Graduate,1.0,1.0,0.0,0.712625,12.800000000000011,0,0,0,0
2775,1,1,4,9500,1,1,126.0,1,12,1,5,10,120.2,0,0,0,1,0,1,19,0,0,7,9,5,14.06,0,0,7,9,7,11.24285714,0,12.4,0.5,1.79,Enrolled,0.7142857142857143,1.2857142857142858,0.0,0.5021428571428572,-5.799999999999997,0,0,0,0
2776,1,1,4,9500,1,1,142.0,1,38,37,9,5,127.3,1,0,0,1,0,0,18,0,0,8,8,7,15.07571429,0,0,8,8,7,15.07571429,0,10.8,1.4,1.74,Graduate,0.875,1.0,0.0,0.6595625001875,-14.700000000000003,0,0,0,0
2777,1,17,2,171,1,1,141.0,1,19,37,9,9,136.1,1,0,0,1,0,1,18,0,0,0,0,0,0.0,0,0,0,0,0,0.0,0,12.7,3.7,-1.7,Enrolled,0.0,0.0,0.0,0.0,-4.900000000000006,1,0,0,0
2778,1,43,2,9670,1,1,129.0,1,3,3,5,5,122.4,1,0,0,1,0,0,19,0,0,5,5,4,13.75,0,0,6,9,5,12.6,0,12.7,3.7,-1.7,Enrolled,0.8,1.0,0.0,0.55,-6.599999999999994,0,0,0,0
2779,1,7,0,9003,1,3,130.0,1,1,37,4,9,130.0,1,0,0,1,0,0,23,0,10,17,28,17,13.15,2,8,12,22,12,13.21428571,0,15.5,2.8,-4.06,Graduate,1.0,1.6470588235294117,0.11764705882352941,0.6575,0.0,0,1,0,0
2780,1,1,2,9238,1,1,136.0,1,19,19,4,7,121.7,1,0,0,1,0,1,21,0,0,6,9,5,12.33333333,0,0,6,7,5,11.8,0,13.9,-0.3,0.79,Graduate,0.8333333333333334,1.5,0.0,0.51388888875,-14.299999999999997,0,0,0,0
2781,1,1,3,9500,1,1,137.0,1,38,38,5,7,122.7,1,0,0,1,0,1,18,0,0,7,8,7,13.77857143,0,0,8,10,8,13.12222222,0,16.2,0.3,-0.92,Graduate,1.0,1.1428571428571428,0.0,0.6889285715,-14.299999999999997,0,0,0,0
2782,1,1,1,9853,1,1,125.0,1,34,37,9,9,129.2,1,0,1,0,0,0,20,0,0,6,12,3,10.33333333,0,0,6,14,1,11.0,0,10.8,1.4,1.74,Dropout,0.5,2.0,0.0,0.25833333325,4.199999999999989,0,0,1,0
2783,1,43,1,9773,1,1,119.0,1,19,37,5,5,105.0,1,0,0,1,0,0,23,0,0,6,11,3,11.33333333,0,0,6,7,2,11.0,0,16.2,0.3,-0.92,Enrolled,0.5,1.8333333333333333,0.0,0.28333333325,-14.0,0,0,0,0
2784,1,1,1,9238,1,1,132.0,1,37,37,9,7,129.9,1,0,0,1,0,0,20,0,0,6,7,5,13.2,0,0,6,6,6,12.66666667,0,10.8,1.4,1.74,Enrolled,0.8333333333333334,1.1666666666666667,0.0,0.5499999999999999,-2.0999999999999943,0,0,0,0
2785,1,1,1,9070,1,1,152.0,1,37,37,5,7,136.3,0,0,0,1,0,1,18,0,1,6,8,6,13.57142857,1,0,6,11,6,12.375,0,13.9,-0.3,0.79,Graduate,1.0,1.3333333333333333,0.16666666666666666,0.6785714285,-15.699999999999989,0,0,0,0
2786,1,1,1,8014,0,1,125.0,1,37,37,9,7,114.9,0,0,0,1,0,0,29,0,8,11,14,11,12.75,0,3,7,7,7,13.42857143,0,9.4,-0.8,-3.12,Graduate,1.0,1.2727272727272727,0.0,0.6375,-10.099999999999994,0,0,0,1
2787,1,39,1,9773,1,9,133.1,1,38,1,5,4,102.0,1,0,0,1,1,0,28,0,0,6,11,3,13.0,0,0,6,15,1,12.0,0,7.6,2.6,0.32,Dropout,0.5,1.8333333333333333,0.0,0.325,-31.099999999999994,0,0,0,1
2788,1,1,3,9670,1,1,120.0,1,37,37,7,7,111.3,1,0,0,1,1,0,19,0,0,5,7,3,11.33333333,0,0,5,7,4,11.0,0,9.4,-0.8,-3.12,Enrolled,0.6,1.4,0.0,0.33999999989999996,-8.700000000000003,0,0,0,0
2789,1,39,1,9670,1,1,148.0,1,19,19,7,7,130.9,0,0,1,0,1,0,24,0,0,6,12,0,0.0,0,0,6,9,0,0.0,0,10.8,1.4,1.74,Dropout,0.0,2.0,0.0,0.0,-17.099999999999994,0,0,1,0
2790,1,39,1,171,1,1,133.1,1,37,37,9,7,100.0,0,0,1,1,1,1,33,0,0,0,0,0,0.0,0,0,0,0,0,0.0,0,15.5,2.8,-4.06,Dropout,0.0,0.0,0.0,0.0,-33.099999999999994,1,0,1,1
2791,1,17,1,9147,1,1,115.0,1,19,37,5,7,112.9,1,0,0,0,1,0,19,0,0,5,7,2,12.5,0,0,5,13,1,11.0,0,9.4,-0.8,-3.12,Dropout,0.4,1.4,0.0,0.25,-2.0999999999999943,0,0,1,0
2792,1,1,1,9085,1,1,120.0,1,38,19,9,3,112.7,0,0,0,1,1,0,19,0,0,6,7,6,14.85714286,0,0,6,8,6,14.14285714,0,11.1,0.6,2.02,Graduate,1.0,1.1666666666666667,0.0,0.7428571429999999,-7.299999999999997,0,0,0,0
2793,4,39,1,8014,0,1,133.1,1,37,37,7,7,143.0,0,0,0,1,1,0,37,0,3,9,13,8,12.0,0,2,7,8,7,11.57142857,0,12.7,3.7,-1.7,Graduate,0.8888888888888888,1.4444444444444444,0.0,0.5333333333333333,9.900000000000006,0,0,0,1
2794,1,1,1,171,1,1,168.0,1,38,37,9,8,155.1,1,0,1,0,1,1,18,0,0,0,0,0,0.0,0,0,0,0,0,0.0,0,12.7,3.7,-1.7,Graduate,0.0,0.0,0.0,0.0,-12.900000000000006,1,0,1,0
2795,4,39,1,9991,0,1,130.0,1,37,37,9,9,127.6,0,0,0,1,1,0,29,0,0,5,5,0,0.0,0,0,5,5,0,0.0,0,7.6,2.6,0.32,Enrolled,0.0,1.0,0.0,0.0,-2.4000000000000057,0,0,0,1
2796,2,39,1,9500,1,38,133.1,1,37,37,9,3,146.6,0,0,0,1,1,0,37,0,0,7,8,7,12.82857143,0,0,8,8,8,12.6875,0,13.9,-0.3,0.79,Graduate,1.0,1.1428571428571428,0.0,0.6414285715,13.5,0,0,0,1
2797,1,39,1,9500,1,1,137.0,1,37,37,9,9,141.0,0,0,0,1,1,0,36,0,0,7,0,0,0.0,0,0,8,0,0,0.0,0,12.4,0.5,1.79,Dropout,0.0,0.0,0.0,0.0,4.0,0,0,0,1
2798,1,1,2,9670,1,1,123.0,1,1,38,7,7,120.6,1,0,0,1,1,0,19,0,0,6,6,6,13.33333333,0,0,6,8,5,14.0,0,8.9,1.4,3.51,Graduate,1.0,1.0,0.0,0.6666666665000001,-2.4000000000000057,0,0,0,0
2799,1,42,1,9500,1,1,150.0,1,19,1,9,3,110.0,1,0,0,1,1,1,33,0,6,14,20,14,13.07285714,6,6,14,20,14,13.07285714,6,9.4,-0.8,-3.12,Graduate,1.0,1.4285714285714286,0.42857142857142855,0.653642857,-40.0,0,0,0,1
2800,1,42,1,9119,1,1,120.0,1,1,1,5,7,108.6,0,0,0,0,1,0,34,0,2,7,13,5,12.0,0,2,7,7,3,11.0,0,15.5,2.8,-4.06,Dropout,0.7142857142857143,1.8571428571428572,0.0,0.42857142857142855,-11.400000000000006,0,0,1,1
2801,1,1,1,9254,1,1,145.0,1,3,19,3,8,134.9,1,0,0,1,0,0,18,0,0,6,6,6,15.5,0,0,6,6,6,16.0,0,12.4,0.5,1.79,Graduate,1.0,1.0,0.0,0.775,-10.099999999999994,0,0,0,0
2802,1,44,1,9130,1,39,120.0,1,3,1,2,4,120.0,1,0,0,1,0,0,20,0,0,6,6,0,0.0,0,0,6,6,0,0.0,0,12.4,0.5,1.79,Dropout,0.0,1.0,0.0,0.0,0.0,0,0,0,0
2803,1,1,1,9773,1,1,142.0,1,19,37,4,7,141.3,0,0,0,1,0,1,19,0,0,6,7,6,14.71428571,0,0,6,6,6,15.16666667,0,13.9,-0.3,0.79,Graduate,1.0,1.1666666666666667,0.0,0.7357142855000001,-0.6999999999999886,0,0,0,0
2804,1,1,3,9085,1,1,147.0,1,19,19,9,1,135.6,1,0,0,1,0,0,20,0,0,6,7,6,16.71428571,0,0,6,6,6,15.33333333,0,13.9,-0.3,0.79,Graduate,1.0,1.1666666666666667,0.0,0.8357142854999999,-11.400000000000006,0,0,0,0
2805,1,1,1,9238,1,1,125.0,1,19,19,9,9,121.5,1,0,0,1,0,1,19,0,0,6,9,6,10.85714286,0,0,6,7,6,11.66666667,0,12.4,0.5,1.79,Graduate,1.0,1.5,0.0,0.542857143,-3.5,0,0,0,0
2806,1,1,4,9500,1,1,126.0,1,19,19,9,9,125.0,1,0,0,1,0,0,19,0,0,7,8,6,11.65833333,0,0,8,11,6,12.41666667,0,12.4,0.5,1.79,Graduate,0.8571428571428571,1.1428571428571428,0.0,0.49964285699999994,-1.0,0,0,0,0
2807,1,18,2,9773,1,1,132.0,24,37,19,9,7,119.1,1,0,0,1,0,1,22,1,0,6,8,5,11.6,0,0,6,7,6,12.0,0,9.4,-0.8,-3.12,Graduate,0.8333333333333334,1.3333333333333333,0.0,0.48333333333333334,-12.900000000000006,0,0,0,0
2808,1,1,1,9670,1,1,122.0,1,12,12,5,7,126.6,1,0,0,1,0,0,18,0,0,6,8,6,14.625,0,0,6,9,6,14.14285714,0,11.1,0.6,2.02,Enrolled,1.0,1.3333333333333333,0.0,0.73125,4.599999999999994,0,0,0,0
2809,1,1,1,9773,1,1,123.0,1,1,38,9,9,116.7,0,0,0,1,0,1,18,0,0,6,6,6,12.16666667,0,0,6,8,6,12.66666667,0,12.4,0.5,1.79,Graduate,1.0,1.0,0.0,0.6083333335,-6.299999999999997,0,0,0,0
2810,1,1,3,9500,1,1,126.0,1,1,19,131,181,120.1,1,0,0,1,0,0,19,0,0,7,12,4,13.375,0,0,7,8,6,12.11666667,0,12.4,0.5,1.79,Enrolled,0.5714285714285714,1.7142857142857142,0.0,0.3821428571428571,-5.900000000000006,0,0,0,0
2811,1,1,1,9853,1,1,128.0,1,38,37,9,9,124.9,0,0,0,1,0,1,19,0,0,6,6,6,12.5,0,0,6,6,6,12.83333333,0,12.7,3.7,-1.7,Graduate,1.0,1.0,0.0,0.625,-3.0999999999999943,0,0,0,0
2812,1,39,1,9500,1,1,100.0,1,19,1,1,90,114.0,1,0,1,0,0,0,31,0,0,7,8,5,12.56,0,0,7,8,5,12.56,0,7.6,2.6,0.32,Dropout,0.7142857142857143,1.1428571428571428,0.0,0.44857142857142857,14.0,0,0,1,1
2813,1,17,5,9500,1,1,140.0,1,1,1,4,3,131.1,1,0,0,1,0,0,18,0,0,7,7,7,13.19,0,0,8,8,8,14.23125,0,11.1,0.6,2.02,Graduate,1.0,1.0,0.0,0.6595,-8.900000000000006,0,0,0,0
2814,1,1,1,9238,1,1,145.0,1,1,19,9,9,129.3,0,0,1,1,0,1,19,0,0,6,11,3,11.0,0,0,6,9,4,11.25,0,10.8,1.4,1.74,Graduate,0.5,1.8333333333333333,0.0,0.275,-15.699999999999989,0,0,1,0
2815,1,1,1,171,1,1,143.0,1,3,38,2,10,129.7,1,0,0,1,0,0,18,0,0,0,0,0,0.0,0,0,0,0,0,0.0,0,13.9,-0.3,0.79,Graduate,0.0,0.0,0.0,0.0,-13.300000000000011,1,0,0,0
2816,1,17,1,9238,1,1,132.0,1,37,38,9,5,120.8,0,0,0,1,0,1,19,0,0,6,11,5,11.6,0,0,6,10,6,11.71428571,0,15.5,2.8,-4.06,Graduate,0.8333333333333334,1.8333333333333333,0.0,0.48333333333333334,-11.200000000000003,0,0,0,0
2817,1,1,1,9500,1,1,130.0,1,19,19,9,6,135.0,0,0,0,1,0,0,19,0,0,7,7,6,14.26666667,0,0,7,7,6,14.26666667,0,7.6,2.6,0.32,Graduate,0.8571428571428571,1.0,0.0,0.6114285715714285,5.0,0,0,0,0
2818,1,1,1,9147,1,1,129.0,1,37,37,9,7,117.8,0,0,0,1,0,1,19,0,0,5,6,4,11.0,0,0,5,9,4,13.85714286,0,10.8,1.4,1.74,Enrolled,0.8,1.2,0.0,0.44000000000000006,-11.200000000000003,0,0,0,0
2819,2,7,1,8014,0,3,124.4,1,37,34,0,0,130.0,0,0,0,1,0,0,30,0,8,10,11,9,12.66666667,0,3,7,7,7,12.42857143,1,7.6,2.6,0.32,Graduate,0.9,1.1,0.0,0.57000000015,5.599999999999994,0,0,0,1
2820,1,43,1,9773,1,1,127.0,1,19,1,5,5,117.6,1,0,0,1,0,0,18,0,0,6,6,0,0.0,0,0,6,10,3,11.0,0,16.2,0.3,-0.92,Enrolled,0.0,1.0,0.0,0.0,-9.400000000000006,0,0,0,0
2821,1,18,6,9500,1,1,144.0,1,1,1,3,6,130.8,1,0,0,1,0,0,18,0,0,8,11,7,12.77142857,0,0,8,11,7,12.77142857,0,12.7,3.7,-1.7,Graduate,0.875,1.375,0.0,0.5587499999375,-13.199999999999989,0,0,0,0
2822,1,18,5,9085,1,1,121.0,1,5,3,2,3,111.9,1,0,0,1,0,0,21,0,0,5,12,0,0.0,3,0,5,5,0,0.0,0,12.7,3.7,-1.7,Dropout,0.0,2.4,0.6,0.0,-9.099999999999994,0,0,0,0
2823,1,44,1,9238,1,1,150.0,1,1,38,4,9,145.9,0,0,0,1,0,1,19,0,3,6,6,6,15.5,0,2,6,7,6,13.57142857,0,13.9,-0.3,0.79,Graduate,1.0,1.0,0.0,0.775,-4.099999999999994,0,0,0,0
2824,1,17,1,9670,1,1,115.0,1,1,1,4,4,109.1,1,0,0,1,0,1,19,0,0,6,7,6,13.28571429,0,0,6,9,5,14.6,0,12.4,0.5,1.79,Enrolled,1.0,1.1666666666666667,0.0,0.6642857145,-5.900000000000006,0,0,0,0
2825,1,1,5,9500,1,1,125.0,1,3,19,4,8,120.3,1,0,0,1,0,0,19,0,0,7,11,5,11.71666667,0,0,7,8,5,13.7,0,13.9,-0.3,0.79,Enrolled,0.7142857142857143,1.5714285714285714,0.0,0.41845238107142857,-4.700000000000003,0,0,0,0
2826,1,17,1,9130,1,1,117.0,1,19,19,4,4,113.5,1,0,0,1,0,0,19,0,0,6,8,6,11.33333333,0,0,6,12,4,13.75,0,8.9,1.4,3.51,Dropout,1.0,1.3333333333333333,0.0,0.5666666665,-3.5,0,0,0,0
2827,1,1,2,9670,1,1,121.0,1,1,19,4,7,135.4,1,0,0,1,0,1,19,0,0,6,6,6,13.33333333,0,0,6,10,5,13.4,0,8.9,1.4,3.51,Graduate,1.0,1.0,0.0,0.6666666665000001,14.400000000000006,0,0,0,0
2828,2,39,1,9991,0,1,140.0,1,37,37,9,6,130.2,0,0,0,1,0,1,39,0,0,5,13,4,12.33333333,0,0,5,14,2,10.0,4,16.2,0.3,-0.92,Graduate,0.8,2.6,0.0,0.49333333320000006,-9.800000000000011,0,0,0,1
2829,1,1,2,9070,1,1,129.0,1,3,4,2,2,136.4,1,0,0,1,0,0,18,0,0,6,6,6,12.33333333,0,0,6,6,6,12.83333333,0,7.6,2.6,0.32,Enrolled,1.0,1.0,0.0,0.6166666665,7.400000000000006,0,0,0,0
2830,1,17,1,171,1,1,130.0,1,3,1,9,9,126.9,1,0,0,1,0,0,20,0,0,0,0,0,0.0,0,0,0,0,0,0.0,0,12.7,3.7,-1.7,Dropout,0.0,0.0,0.0,0.0,-3.0999999999999943,1,0,0,0
2831,1,17,5,9147,1,1,131.0,1,19,38,3,10,119.8,1,0,0,1,0,0,19,0,0,5,8,5,12.6,0,0,5,9,4,11.6,0,8.9,1.4,3.51,Graduate,1.0,1.6,0.0,0.63,-11.200000000000003,0,0,0,0
2832,1,17,3,9147,1,1,137.0,1,1,1,4,7,124.4,1,0,0,1,0,0,18,0,0,5,5,5,12.6,0,0,5,5,4,11.0,0,11.1,0.6,2.02,Enrolled,1.0,1.0,0.0,0.63,-12.599999999999994,0,0,0,0
2833,2,39,1,9003,1,1,150.0,1,3,3,2,2,120.0,0,0,1,0,0,0,34,0,1,6,10,6,14.33333333,0,0,6,9,6,12.83333333,0,11.1,0.6,2.02,Enrolled,1.0,1.6666666666666667,0.0,0.7166666665,-30.0,0,0,1,1
2834,1,1,2,9670,1,1,117.0,1,37,37,9,9,111.8,0,0,0,1,0,0,22,0,0,5,8,3,12.0,0,0,5,9,2,11.0,1,7.6,2.6,0.32,Enrolled,0.6,1.6,0.0,0.36,-5.200000000000003,0,0,0,0
2835,1,39,1,9085,1,1,133.1,1,19,19,7,7,130.0,1,0,0,1,0,0,24,0,0,6,7,6,14.85714286,0,0,6,10,5,13.6,0,13.9,-0.3,0.79,Graduate,1.0,1.1666666666666667,0.0,0.7428571429999999,-3.0999999999999943,0,0,0,0
2836,2,43,1,9147,1,1,130.0,1,19,37,7,10,138.0,0,0,0,1,0,0,34,0,12,15,17,12,11.91666667,0,11,13,13,11,13.18181818,0,7.6,2.6,0.32,Graduate,0.8,1.1333333333333333,0.0,0.4766666668,8.0,0,0,0,1
2837,2,39,1,9991,0,1,110.0,1,34,34,0,0,114.6,1,0,0,1,0,0,46,0,0,5,5,0,0.0,0,0,5,5,0,0.0,0,7.6,2.6,0.32,Dropout,0.0,1.0,0.0,0.0,4.599999999999994,0,0,0,1
2838,2,39,2,9147,1,1,140.0,1,37,37,9,8,108.0,0,0,0,1,0,0,50,0,0,5,12,3,13.33333333,1,0,5,8,5,12.2,0,9.4,-0.8,-3.12,Enrolled,0.6,2.4,0.2,0.3999999999,-32.0,0,0,0,1
2839,1,39,1,9991,0,1,140.0,1,37,37,9,5,140.0,0,0,0,0,0,0,37,0,0,5,5,0,0.0,0,0,5,5,0,0.0,0,15.5,2.8,-4.06,Dropout,0.0,1.0,0.0,0.0,0.0,0,0,1,1
2840,1,1,2,9085,1,1,148.0,1,38,19,4,9,134.7,1,0,0,1,0,0,18,0,0,6,6,6,17.0,0,0,6,6,6,15.5,0,8.9,1.4,3.51,Graduate,1.0,1.0,0.0,0.85,-13.300000000000011,0,0,0,0
2841,1,39,1,9085,1,1,130.0,1,37,37,6,6,110.0,0,0,0,1,0,1,25,0,0,6,13,3,11.66666667,0,0,6,14,2,11.33333333,0,11.1,0.6,2.02,Enrolled,0.5,2.1666666666666665,0.0,0.29166666674999997,-20.0,0,0,0,1
2842,2,39,1,9003,1,1,140.0,1,37,37,9,6,104.8,0,0,0,1,0,0,46,0,14,19,24,19,12.21052632,0,11,13,13,13,11.38461538,0,15.5,2.8,-4.06,Graduate,1.0,1.263157894736842,0.0,0.610526316,-35.2,0,0,0,1
2843,2,39,1,9070,1,1,160.0,1,3,1,2,5,126.5,0,0,0,1,0,1,30,0,1,6,8,6,13.0,1,0,6,9,5,12.85714286,0,13.9,-0.3,0.79,Graduate,1.0,1.3333333333333333,0.16666666666666666,0.65,-33.5,0,0,0,1
2844,4,1,1,9991,0,1,130.0,1,37,37,9,9,118.1,0,0,1,0,0,0,37,0,0,5,0,0,0.0,0,0,5,0,0,0.0,0,12.7,3.7,-1.7,Dropout,0.0,0.0,0.0,0.0,-11.900000000000006,0,0,1,1
2845,2,39,1,9991,0,1,120.0,1,37,37,9,9,119.9,0,0,0,1,0,0,50,0,0,5,9,2,10.5,0,0,5,7,3,11.0,0,12.7,3.7,-1.7,Enrolled,0.4,1.8,0.0,0.21000000000000002,-0.09999999999999432,0,0,0,1
2846,1,44,1,9003,1,39,160.0,1,38,38,9,6,160.0,1,0,0,1,0,0,20,0,0,6,7,6,13.57142857,0,0,6,9,6,12.71428571,0,12.4,0.5,1.79,Graduate,1.0,1.1666666666666667,0.0,0.6785714285,0.0,0,0,0,0
2847,2,39,2,9556,1,12,133.1,1,34,34,Unknown/not stated,Unknown/not stated,100.5,0,0,0,1,0,0,39,0,0,3,7,1,14.0,0,0,2,4,0,0.0,0,11.1,0.6,2.02,Dropout,0.3333333333333333,2.3333333333333335,0.0,0.2333333333333333,-32.599999999999994,0,0,0,1
2848,2,39,1,9773,1,19,133.1,1,37,37,9,6,110.0,0,0,0,0,0,0,53,0,0,5,5,0,0.0,0,0,4,5,0,0.0,0,15.5,2.8,-4.06,Dropout,0.0,1.0,0.0,0.0,-23.099999999999994,0,0,1,1
2849,2,42,1,9147,1,1,100.0,1,37,37,9,9,100.0,1,0,0,1,0,0,54,0,13,15,20,13,12.46153846,1,10,13,13,10,11.1,1,15.5,2.8,-4.06,Dropout,0.8666666666666667,1.3333333333333333,0.06666666666666667,0.5399999999333333,0.0,0,0,0,1
2850,1,44,1,9085,1,39,140.0,1,3,3,4,2,140.0,1,0,0,1,0,0,19,0,0,6,8,4,14.4,0,0,6,6,5,13.0,0,13.9,-0.3,0.79,Graduate,0.6666666666666666,1.3333333333333333,0.0,0.48,0.0,0,0,0,0
2851,1,18,2,9773,1,1,109.0,1,1,1,4,4,109.0,1,0,0,0,0,0,20,0,0,6,6,0,0.0,0,0,6,0,0,0.0,0,8.9,1.4,3.51,Dropout,0.0,1.0,0.0,0.0,0.0,0,0,1,0
2852,1,1,3,9773,1,1,130.0,1,1,37,4,5,120.9,1,0,1,1,0,0,18,0,0,6,6,6,14.33333333,0,0,6,6,6,14.16666667,0,8.9,1.4,3.51,Graduate,1.0,1.0,0.0,0.7166666665,-9.099999999999994,0,0,1,0
2853,1,53,1,9003,1,42,130.0,1,1,1,144,144,125.8,0,0,1,1,0,0,21,0,7,13,21,11,11.90909091,0,5,11,14,11,10.72727273,0,8.9,1.4,3.51,Graduate,0.8461538461538461,1.6153846153846154,0.0,0.5038461538846154,-4.200000000000003,0,0,1,0
2854,1,18,3,9070,1,1,164.0,1,1,1,5,3,161.2,1,0,0,1,0,0,18,0,1,6,8,6,13.71428571,1,0,6,8,6,14.375,0,13.9,-0.3,0.79,Graduate,1.0,1.3333333333333333,0.16666666666666666,0.6857142855,-2.8000000000000114,0,0,0,0
2855,1,1,1,9500,1,1,125.0,1,19,19,9,10,122.0,1,0,1,1,0,0,19,0,0,7,0,0,0.0,0,0,8,0,0,0.0,0,11.1,0.6,2.02,Dropout,0.0,0.0,0.0,0.0,-3.0,0,0,1,0
2856,1,17,1,9500,1,1,137.0,1,1,1,9,9,127.9,1,0,0,1,0,1,18,0,0,7,10,5,13.46,0,0,7,8,7,12.2375,0,11.1,0.6,2.02,Dropout,0.7142857142857143,1.4285714285714286,0.0,0.48071428571428576,-9.099999999999994,0,0,0,0
2857,1,1,1,9773,1,1,133.0,1,1,3,3,3,135.8,1,0,0,1,0,0,19,0,0,6,6,6,15.0,0,0,6,6,6,13.33333333,0,11.1,0.6,2.02,Graduate,1.0,1.0,0.0,0.75,2.8000000000000114,0,0,0,0
2858,1,1,1,171,1,1,163.0,1,1,1,4,3,149.7,1,0,0,1,0,1,18,0,0,0,0,0,0.0,0,0,0,0,0,0.0,0,13.9,-0.3,0.79,Dropout,0.0,0.0,0.0,0.0,-13.300000000000011,1,0,0,0
2859,1,1,2,9670,1,1,160.0,1,2,1,4,4,137.3,1,0,0,1,0,0,19,0,0,6,7,5,13.4,0,0,6,6,5,12.8,0,12.7,3.7,-1.7,Graduate,0.8333333333333334,1.1666666666666667,0.0,0.5583333333333333,-22.69999999999999,0,0,0,0
2860,4,43,1,8014,0,12,133.1,1,34,34,0,0,106.0,1,0,0,1,0,0,48,0,0,6,9,5,13.0,0,0,6,10,4,12.5,0,7.6,2.6,0.32,Enrolled,0.8333333333333334,1.5,0.0,0.5416666666666667,-27.099999999999994,0,0,0,1
2861,4,43,1,9238,1,1,120.0,1,37,37,9,9,110.0,0,0,1,1,0,0,34,0,0,6,13,4,11.25,0,0,6,8,4,13.75,0,13.9,-0.3,0.79,Graduate,0.6666666666666666,2.1666666666666665,0.0,0.375,-10.0,0,0,1,1
2862,1,1,1,9085,1,1,140.0,1,3,3,2,2,146.4,0,0,0,1,0,0,18,0,0,5,5,5,12.6,0,0,5,7,5,11.6,0,7.6,2.6,0.32,Graduate,1.0,1.0,0.0,0.63,6.400000000000006,0,0,0,0
2863,2,39,1,8014,0,1,140.0,1,37,37,9,9,121.0,0,0,0,1,0,0,50,0,0,6,8,6,12.66666667,0,0,6,6,6,11.83333333,0,10.8,1.4,1.74,Graduate,1.0,1.3333333333333333,0.0,0.6333333335,-19.0,0,0,0,1
2864,1,43,1,9853,1,1,140.0,1,37,37,6,6,125.2,0,0,1,1,0,0,41,0,20,21,23,21,12.33333333,0,19,19,19,19,12.10526316,0,12.4,0.5,1.79,Graduate,1.0,1.0952380952380953,0.0,0.6166666665,-14.799999999999997,0,0,1,1
2865,1,17,2,9773,1,1,115.0,1,1,1,5,5,119.6,1,0,0,1,0,1,22,0,0,6,11,5,12.0,0,0,6,11,5,11.0,0,7.6,2.6,0.32,Dropout,0.8333333333333334,1.8333333333333333,0.0,0.5,4.599999999999994,0,0,0,0
2866,4,39,1,9147,1,1,140.0,1,37,37,9,9,142.8,0,0,0,1,0,0,43,0,0,5,5,5,16.4,0,0,5,5,5,16.6,0,7.6,2.6,0.32,Graduate,1.0,1.0,0.0,0.82,2.8000000000000114,0,0,0,1
2867,2,39,1,8014,0,19,133.1,1,3,19,90,90,123.5,0,0,0,1,0,0,50,0,0,1,1,0,0.0,1,0,6,0,0,0.0,0,10.8,1.4,1.74,Dropout,0.0,1.0,1.0,0.0,-9.599999999999994,0,0,0,1
2868,1,39,1,9003,1,19,133.1,1,37,37,9,9,100.0,0,0,0,1,0,0,60,0,0,6,10,6,12.75,0,0,6,6,4,14.75,0,13.9,-0.3,0.79,Graduate,1.0,1.6666666666666667,0.0,0.6375,-33.099999999999994,0,0,0,1
2869,2,39,1,9147,1,1,110.0,1,37,37,9,10,140.0,0,0,0,1,0,0,41,0,0,5,14,4,14.5,1,0,5,12,5,13.0,0,9.4,-0.8,-3.12,Enrolled,0.8,2.8,0.2,0.58,30.0,0,0,0,1
2870,2,39,1,9991,0,19,133.1,1,37,37,9,9,150.3,0,0,0,1,0,0,47,0,0,5,5,5,14.8,0,0,5,5,5,14.4,0,7.6,2.6,0.32,Graduate,1.0,1.0,0.0,0.74,17.200000000000017,0,0,0,1
2871,1,1,1,171,1,3,116.0,1,3,3,2,2,128.2,0,0,0,1,0,0,22,0,12,17,22,17,10.36842105,0,14,17,18,17,11.5,0,11.1,0.6,2.02,Graduate,1.0,1.2941176470588236,0.0,0.5184210525,12.199999999999989,0,0,0,0
2872,2,39,1,9500,1,1,110.0,1,37,37,9,6,114.3,0,0,0,1,0,0,41,0,0,7,0,0,0.0,0,0,8,0,0,0.0,0,10.8,1.4,1.74,Dropout,0.0,0.0,0.0,0.0,4.299999999999997,0,0,0,1
2873,2,43,1,9991,0,1,140.0,1,38,37,5,6,117.3,0,0,0,1,0,0,28,0,6,10,15,6,10.66666667,0,5,10,17,9,11.33333333,1,7.6,2.6,0.32,Enrolled,0.6,1.5,0.0,0.3200000001,-22.700000000000003,0,0,0,1
2874,5,42,1,9254,1,2,120.0,1,37,37,4,9,120.0,0,0,0,1,0,0,32,0,9,15,21,13,12.69230769,0,12,15,22,13,12.38461538,0,10.8,1.4,1.74,Graduate,0.8666666666666667,1.4,0.0,0.5499999999,0.0,0,0,0,1
2875,2,39,1,9991,0,12,133.1,1,37,34,90,90,110.7,1,0,0,1,0,0,50,0,0,5,0,0,0.0,0,0,5,0,0,0.0,0,7.6,2.6,0.32,Dropout,0.0,0.0,0.0,0.0,-22.39999999999999,0,0,0,1
2876,1,51,1,9147,1,1,160.0,1,1,37,9,10,118.0,0,0,0,1,0,0,53,0,14,15,15,15,11.8,0,12,13,13,12,11.66666667,1,8.9,1.4,3.51,Enrolled,1.0,1.0,0.0,0.5900000000000001,-42.0,0,0,0,1
2877,1,39,1,9556,1,1,133.1,6,3,3,4,4,169.2,0,0,1,0,0,0,54,1,0,7,7,0,0.0,0,0,5,10,0,0.0,0,12.4,0.5,1.79,Dropout,0.0,1.0,0.0,0.0,36.099999999999994,0,0,1,1
2878,1,39,1,8014,0,1,120.0,1,37,37,9,7,106.8,0,0,0,1,0,0,49,0,0,6,9,5,12.33333333,0,0,6,12,4,11.5,0,13.9,-0.3,0.79,Enrolled,0.8333333333333334,1.5,0.0,0.51388888875,-13.200000000000003,0,0,0,1
2879,2,42,1,9853,1,1,133.1,1,37,37,4,7,100.0,0,0,0,1,0,0,34,0,6,12,18,11,13.0,0,4,13,22,8,11.875,0,12.7,3.7,-1.7,Dropout,0.9166666666666666,1.5,0.0,0.5958333333333333,-33.099999999999994,0,0,0,1
2880,4,39,1,8014,0,1,133.1,1,38,37,5,7,144.5,0,0,0,1,0,0,45,0,0,6,13,4,12.5,0,0,6,8,3,11.66666667,0,16.2,0.3,-0.92,Dropout,0.6666666666666666,2.1666666666666665,0.0,0.41666666666666663,11.400000000000006,0,0,0,1
2881,4,39,1,8014,0,19,133.1,1,37,37,9,7,134.5,0,0,0,1,0,1,47,0,0,6,8,5,12.2,0,0,6,10,4,11.25,0,12.4,0.5,1.79,Graduate,0.8333333333333334,1.3333333333333333,0.0,0.5083333333333333,1.4000000000000057,0,0,0,1
2882,1,43,1,9238,1,1,122.0,1,19,19,5,5,114.3,1,0,0,1,0,0,22,0,5,10,15,8,11.0,0,2,7,16,5,11.2,0,9.4,-0.8,-3.12,Enrolled,0.8,1.5,0.0,0.44000000000000006,-7.700000000000003,0,0,0,0
2883,2,39,1,9991,0,1,133.1,1,37,37,9,9,113.4,0,0,0,1,0,0,33,0,0,5,14,1,10.0,0,0,5,13,2,12.0,0,12.4,0.5,1.79,Dropout,0.2,2.8,0.0,0.1,-19.69999999999999,0,0,0,1
2884,2,39,1,8014,0,1,140.0,1,37,37,9,9,128.0,0,0,0,1,0,1,43,0,0,6,7,6,12.33333333,0,0,6,8,6,11.5,0,8.9,1.4,3.51,Graduate,1.0,1.1666666666666667,0.0,0.6166666665,-12.0,0,0,0,1
2885,1,7,1,9003,1,3,120.0,1,37,37,6,6,120.0,0,0,0,1,0,0,54,0,9,13,13,13,14.30769231,0,5,12,15,12,15.23076923,0,15.5,2.8,-4.06,Graduate,1.0,1.0,0.0,0.7153846155,0.0,0,0,0,1
2886,1,39,1,8014,0,2,130.0,1,37,37,5,7,147.5,0,0,0,1,0,0,39,0,7,11,13,11,14.45454545,0,6,8,8,8,13.5,0,12.7,3.7,-1.7,Graduate,1.0,1.1818181818181819,0.0,0.7227272725,17.5,0,0,0,1
2887,2,39,1,9991,0,1,120.0,1,37,37,9,9,120.7,0,0,0,1,0,0,39,0,0,5,6,5,11.0,0,0,5,5,5,13.2,0,7.6,2.6,0.32,Graduate,1.0,1.2,0.0,0.55,0.7000000000000028,0,0,0,1
2888,1,1,1,9853,1,1,153.0,1,19,37,9,9,153.7,0,0,0,1,0,1,18,0,0,6,8,6,13.14285714,0,0,6,6,6,12.83333333,0,15.5,2.8,-4.06,Graduate,1.0,1.3333333333333333,0.0,0.657142857,0.6999999999999886,0,0,0,0
2889,1,17,1,9238,1,1,131.0,1,37,37,9,7,121.9,0,0,0,1,0,1,19,0,0,6,8,6,13.75,0,0,6,7,6,11.85714286,0,16.2,0.3,-0.92,Graduate,1.0,1.3333333333333333,0.0,0.6875,-9.099999999999994,0,0,0,0
2890,1,17,4,9670,1,1,126.0,1,38,19,9,6,119.4,1,0,0,1,0,1,18,0,0,6,6,6,14.0,0,0,6,9,5,13.8,0,8.9,1.4,3.51,Graduate,1.0,1.0,0.0,0.7,-6.599999999999994,0,0,0,0
2891,2,39,1,8014,0,12,110.0,1,34,34,0,0,157.8,0,0,0,1,0,0,44,0,5,8,13,8,13.75,0,2,6,9,6,12.5,0,7.6,2.6,0.32,Graduate,1.0,1.625,0.0,0.6875,47.80000000000001,0,0,0,1
2892,1,39,1,9991,0,1,150.0,1,3,1,3,9,154.0,0,0,0,1,0,0,27,0,0,5,5,0,0.0,0,0,5,6,0,0.0,0,12.4,0.5,1.79,Dropout,0.0,1.0,0.0,0.0,4.0,0,0,0,1
2893,1,1,2,9670,1,1,131.0,1,1,19,4,7,135.9,1,0,0,1,0,1,18,0,0,6,6,6,13.16666667,0,0,6,8,6,12.42857143,0,8.9,1.4,3.51,Graduate,1.0,1.0,0.0,0.6583333335,4.900000000000006,0,0,0,0
2894,2,43,1,8014,0,1,130.0,1,34,34,0,0,130.0,0,0,0,1,0,0,45,0,10,12,12,9,12.44444444,3,4,7,8,6,12.0,0,9.4,-0.8,-3.12,Dropout,0.75,1.0,0.25,0.4666666665,0.0,0,0,0,1
2895,1,17,4,9853,1,1,122.0,1,38,37,9,9,118.9,1,0,0,1,0,0,20,0,0,6,7,6,12.66666667,0,0,6,7,5,13.0,0,7.6,2.6,0.32,Graduate,1.0,1.1666666666666667,0.0,0.6333333335,-3.0999999999999943,0,0,0,0
2896,2,1,1,8014,0,1,151.0,1,37,37,9,9,152.4,0,0,0,1,0,0,40,0,0,6,7,6,11.33333333,0,0,6,7,6,10.5,0,10.8,1.4,1.74,Graduate,1.0,1.1666666666666667,0.0,0.5666666665,1.4000000000000057,0,0,0,1
2897,1,39,1,9991,0,1,120.0,1,37,37,6,6,147.8,0,0,0,1,0,0,40,0,0,5,9,4,11.25,0,0,5,6,5,12.0,0,13.9,-0.3,0.79,Enrolled,0.8,1.8,0.0,0.45,27.80000000000001,0,0,0,1
2898,1,43,1,9500,1,1,136.0,1,3,3,2,2,100.0,0,0,0,1,0,0,18,0,0,7,8,7,13.6125,0,0,8,8,8,14.575,0,13.9,-0.3,0.79,Graduate,1.0,1.1428571428571428,0.0,0.680625,-36.0,0,0,0,0
2899,1,18,6,9500,1,1,140.0,1,3,19,3,8,129.0,1,0,0,1,0,0,21,0,0,8,8,7,12.41428571,0,0,8,8,7,12.41428571,0,12.7,3.7,-1.7,Graduate,0.875,1.0,0.0,0.5431249998125,-11.0,0,0,0,0
2900,1,17,2,171,1,1,131.0,1,2,1,3,3,148.9,1,0,0,1,0,0,20,0,0,0,0,0,0.0,0,0,0,0,0,0.0,0,9.4,-0.8,-3.12,Graduate,0.0,0.0,0.0,0.0,17.900000000000006,1,0,0,0
2901,2,43,1,9991,0,2,120.0,1,37,37,9,8,120.0,0,0,0,1,0,0,36,0,8,12,21,11,11.5,0,7,12,22,12,11.4375,0,9.4,-0.8,-3.12,Enrolled,0.9166666666666666,1.75,0.0,0.5270833333333332,0.0,0,0,0,1
2902,2,7,1,8014,0,3,170.0,1,19,19,4,4,170.0,0,0,0,1,0,0,27,0,0,5,5,0,0.0,0,0,6,0,0,0.0,0,9.4,-0.8,-3.12,Dropout,0.0,1.0,0.0,0.0,0.0,0,0,0,1
2903,2,39,1,9556,1,1,100.0,6,38,38,9,9,130.0,0,0,0,1,0,0,32,1,0,7,10,7,11.0,0,0,8,8,8,13.125,0,12.7,3.7,-1.7,Graduate,1.0,1.4285714285714286,0.0,0.55,30.0,0,0,0,1
2904,1,17,1,9238,1,1,116.0,1,1,1,3,3,119.2,1,0,0,1,0,1,18,0,0,6,6,6,14.0,0,0,6,6,6,13.5,0,8.9,1.4,3.51,Graduate,1.0,1.0,0.0,0.7,3.200000000000003,0,0,0,0
2905,1,39,1,8014,0,1,133.1,1,37,37,9,7,129.0,0,0,0,1,0,0,37,0,0,6,13,4,12.0,0,0,6,10,3,12.0,0,16.2,0.3,-0.92,Dropout,0.6666666666666666,2.1666666666666665,0.0,0.39999999999999997,-4.099999999999994,0,0,0,1
2906,1,17,1,9773,1,1,136.0,1,3,1,2,3,132.5,1,0,0,1,0,0,19,0,0,6,7,6,12.5,0,0,6,7,6,12.5,0,10.8,1.4,1.74,Graduate,1.0,1.1666666666666667,0.0,0.625,-3.5,0,0,0,0
2907,4,39,2,8014,0,1,160.0,1,37,38,7,5,115.0,0,0,0,1,0,1,41,0,0,6,8,6,11.33333333,0,0,6,9,6,11.33333333,0,10.8,1.4,1.74,Graduate,1.0,1.3333333333333333,0.0,0.5666666665,-45.0,0,0,0,1
2908,2,1,4,9500,1,1,140.0,1,1,37,4,9,128.0,0,0,0,1,0,1,18,0,0,7,7,6,14.06666667,0,0,7,7,6,14.06666667,0,7.6,2.6,0.32,Graduate,0.8571428571428571,1.0,0.0,0.602857143,-12.0,0,0,0,0
2909,1,43,1,9085,1,1,130.0,1,37,37,90,90,125.1,0,0,0,1,0,0,21,0,2,9,14,8,13.55555556,0,2,7,10,7,13.57142857,0,7.6,2.6,0.32,Graduate,0.8888888888888888,1.5555555555555556,0.0,0.602469136,-4.900000000000006,0,0,0,0
2910,1,44,1,9003,1,1,140.0,1,1,19,3,9,140.0,1,0,1,0,0,0,23,0,0,6,13,5,11.6,0,0,6,11,4,12.25,0,12.4,0.5,1.79,Dropout,0.8333333333333334,2.1666666666666665,0.0,0.48333333333333334,0.0,0,0,1,0
2911,1,17,2,9773,1,1,123.0,1,1,1,3,3,120.9,1,0,0,1,0,0,18,0,0,6,0,0,0.0,0,0,6,0,0,0.0,0,13.9,-0.3,0.79,Dropout,0.0,0.0,0.0,0.0,-2.0999999999999943,0,0,0,0
2912,1,1,6,9500,1,1,143.0,1,19,19,4,4,135.3,1,0,0,1,0,0,18,0,0,8,8,8,13.27625,0,0,8,8,8,13.27625,0,9.4,-0.8,-3.12,Graduate,1.0,1.0,0.0,0.6638124999999999,-7.699999999999989,0,0,0,0
2913,1,43,4,9085,1,1,133.1,1,34,34,Unknown/not stated,Unknown/not stated,125.2,0,0,0,1,0,0,21,0,0,6,0,0,0.0,0,0,6,0,0,0.0,0,7.6,2.6,0.32,Dropout,0.0,0.0,0.0,0.0,-7.8999999999999915,0,0,0,0
2914,1,1,2,9238,1,1,136.0,1,22,30,0,8,135.7,1,0,0,1,0,0,19,0,0,6,8,6,14.375,0,0,6,8,6,14.75,0,7.6,2.6,0.32,Graduate,1.0,1.3333333333333333,0.0,0.71875,-0.30000000000001137,0,0,0,0
2915,6,39,2,9147,1,1,133.1,1,37,37,9,9,110.0,0,0,0,1,0,0,47,0,0,5,0,0,0.0,0,0,5,0,0,0.0,0,9.4,-0.8,-3.12,Dropout,0.0,0.0,0.0,0.0,-23.099999999999994,0,0,0,1
2916,6,39,1,8014,0,1,133.1,1,37,37,9,9,119.0,0,0,0,1,0,1,48,0,0,6,7,6,10.66666667,0,0,6,9,5,11.8,0,10.8,1.4,1.74,Enrolled,1.0,1.1666666666666667,0.0,0.5333333335,-14.099999999999994,0,0,0,1
2917,2,7,1,8014,0,3,110.0,1,37,37,9,9,110.0,0,0,0,1,0,0,39,0,9,13,19,12,13.41666667,0,4,10,10,10,14.5,0,16.2,0.3,-0.92,Graduate,0.9230769230769231,1.4615384615384615,0.0,0.6192307693846154,0.0,0,0,0,1
2918,1,1,1,9500,1,1,118.0,1,38,38,7,7,115.2,1,0,0,1,0,0,19,0,0,7,9,6,12.97166667,0,0,8,9,7,12.32142857,0,11.1,0.6,2.02,Graduate,0.8571428571428571,1.2857142857142858,0.0,0.5559285715714285,-2.799999999999997,0,0,0,0
2919,1,43,1,9991,0,2,110.0,1,37,37,9,9,112.9,0,0,0,1,0,0,38,0,14,15,16,14,10.92857143,0,12,14,16,12,11.83333333,0,9.4,-0.8,-3.12,Dropout,0.9333333333333333,1.0666666666666667,0.0,0.5100000000666667,2.9000000000000057,0,0,0,1
2920,5,39,1,9003,1,19,133.1,1,19,1,9,9,119.4,0,0,1,0,0,0,27,0,0,6,6,0,0.0,0,0,6,7,0,0.0,0,8.9,1.4,3.51,Dropout,0.0,1.0,0.0,0.0,-13.699999999999989,0,0,1,1
2921,1,1,1,171,1,1,162.0,1,19,19,4,7,152.9,1,0,0,1,0,1,18,0,0,0,0,0,0.0,0,0,0,0,0,0.0,0,12.4,0.5,1.79,Graduate,0.0,0.0,0.0,0.0,-9.099999999999994,1,0,0,0
2922,1,39,1,8014,0,1,155.0,1,19,37,4,5,117.5,0,0,0,1,0,0,34,0,0,6,6,4,13.25,0,0,6,6,0,0.0,0,12.7,3.7,-1.7,Enrolled,0.6666666666666666,1.0,0.0,0.44166666666666665,-37.5,0,0,0,1
2923,2,39,1,9238,1,19,133.1,1,37,37,4,4,98.5,0,0,0,1,0,0,48,0,0,6,14,6,11.33333333,0,0,6,11,5,12.4,0,15.5,2.8,-4.06,Dropout,1.0,2.3333333333333335,0.0,0.5666666665,-34.599999999999994,0,0,0,1
2924,1,39,1,9670,1,1,150.0,1,34,34,0,0,108.0,0,0,0,1,0,0,25,0,0,5,6,1,11.0,0,0,5,5,0,0.0,0,7.6,2.6,0.32,Dropout,0.2,1.2,0.0,0.11000000000000001,-42.0,0,0,0,1
2925,2,39,1,9500,1,1,133.1,1,19,37,6,6,120.0,0,0,0,1,0,1,32,0,0,8,9,7,12.75714286,0,0,8,9,7,12.75714286,0,12.7,3.7,-1.7,Graduate,0.875,1.125,0.0,0.558125000125,-13.099999999999994,0,0,0,1
2926,1,1,1,9773,1,1,154.0,1,37,37,9,7,150.2,0,0,0,1,0,1,18,0,0,6,6,6,14.5,0,0,6,6,6,14.66666667,0,16.2,0.3,-0.92,Graduate,1.0,1.0,0.0,0.725,-3.8000000000000114,0,0,0,0
2927,1,44,1,8014,0,39,140.0,1,1,3,4,6,139.2,0,0,1,1,0,0,20,0,3,6,6,6,13.83333333,0,2,6,7,6,14.57142857,0,12.4,0.5,1.79,Graduate,1.0,1.0,0.0,0.6916666665,-0.8000000000000114,0,0,1,0
2928,1,1,1,9147,1,1,158.0,1,19,37,9,7,130.0,1,0,0,1,0,0,20,0,0,5,8,4,11.25,0,0,5,7,5,10.4,0,7.6,2.6,0.32,Graduate,0.8,1.6,0.0,0.45,-28.0,0,0,0,0
2929,1,1,1,171,1,1,122.0,1,37,37,9,3,115.7,1,0,0,1,0,0,20,0,0,0,0,0,0.0,0,0,0,0,0,0.0,0,9.4,-0.8,-3.12,Dropout,0.0,0.0,0.0,0.0,-6.299999999999997,1,0,0,0
2930,1,1,3,9500,1,1,136.0,1,1,1,4,4,127.0,1,0,0,1,0,0,19,0,0,8,10,1,13.67,7,0,8,10,1,13.67,7,9.4,-0.8,-3.12,Enrolled,0.125,1.25,0.875,0.0854375,-9.0,0,0,0,0
2931,1,39,1,9991,0,9,133.1,1,37,34,90,90,118.1,1,0,0,1,0,0,39,0,0,5,9,0,0.0,0,0,5,5,2,12.5,0,7.6,2.6,0.32,Dropout,0.0,1.8,0.0,0.0,-15.0,0,0,0,1
2932,1,1,1,9130,1,1,132.0,1,6,6,0,4,119.1,1,0,1,1,0,0,29,0,0,5,10,1,13.0,4,0,5,14,0,0.0,8,10.8,1.4,1.74,Dropout,0.2,2.0,0.8,0.13,-12.900000000000006,0,0,1,1
2933,1,39,1,9991,0,1,130.0,1,37,37,6,6,111.9,0,0,1,1,0,0,36,0,0,5,5,0,0.0,0,0,5,5,0,0.0,0,12.7,3.7,-1.7,Dropout,0.0,1.0,0.0,0.0,-18.099999999999994,0,0,1,1
2934,1,1,6,9500,1,1,144.0,1,19,19,9,9,130.5,1,0,0,1,0,0,18,0,0,8,12,7,11.97142857,0,0,8,12,7,11.97142857,0,12.7,3.7,-1.7,Graduate,0.875,1.5,0.0,0.5237499999375,-13.5,0,0,0,0
2935,2,39,1,8014,0,12,133.1,1,34,34,0,0,135.0,0,0,0,1,0,0,51,0,0,6,12,0,0.0,0,1,6,11,0,0.0,1,7.6,2.6,0.32,Dropout,0.0,2.0,0.0,0.0,1.9000000000000057,0,0,0,1
2936,1,43,1,9773,1,1,133.1,22,34,34,90,90,130.0,0,0,1,1,0,0,23,1,0,6,11,1,16.0,0,0,6,8,4,12.25,0,7.6,2.6,0.32,Dropout,0.16666666666666666,1.8333333333333333,0.0,0.13333333333333333,-3.0999999999999943,0,0,1,0
2937,1,44,1,9085,1,1,150.0,1,29,10,6,6,150.0,1,0,0,1,0,0,21,0,0,6,0,0,0.0,0,0,6,0,0,0.0,0,10.8,1.4,1.74,Dropout,0.0,0.0,0.0,0.0,0.0,0,0,0,0
2938,1,43,5,9853,1,1,150.0,1,34,34,0,0,150.2,1,0,0,0,0,0,28,0,0,6,9,4,12.75,1,0,5,5,0,0.0,5,9.4,-0.8,-3.12,Dropout,0.6666666666666666,1.5,0.16666666666666666,0.42499999999999993,0.19999999999998863,0,0,1,1
2939,2,39,1,9991,0,1,110.0,1,37,37,9,3,127.1,0,0,0,1,0,0,34,0,0,5,9,4,11.0,0,0,5,10,4,10.75,1,7.6,2.6,0.32,Enrolled,0.8,1.8,0.0,0.44000000000000006,17.099999999999994,0,0,0,1
2940,1,39,1,8014,0,1,100.0,1,37,37,6,5,107.5,0,0,0,1,0,0,41,0,0,2,2,0,0.0,0,0,6,0,0,0.0,0,12.7,3.7,-1.7,Dropout,0.0,1.0,0.0,0.0,7.5,0,0,0,1
2941,4,39,1,8014,0,3,100.0,1,37,37,9,9,130.0,0,0,0,1,0,1,43,0,0,6,7,5,12.2,0,0,6,6,6,12.33333333,0,9.4,-0.8,-3.12,Graduate,0.8333333333333334,1.1666666666666667,0.0,0.5083333333333333,30.0,0,0,0,1
2942,2,39,2,9556,1,1,133.1,105,1,3,9,2,152.8,1,0,0,1,0,0,28,1,0,7,9,7,12.42857143,0,0,8,8,8,12.3,0,12.4,0.5,1.79,Enrolled,1.0,1.2857142857142858,0.0,0.6214285715,19.700000000000017,0,0,0,1
2943,1,1,1,171,1,1,145.0,1,40,1,2,4,160.1,0,0,0,1,0,1,19,0,6,12,12,12,14.5,0,4,11,15,11,13.58333333,0,8.9,1.4,3.51,Graduate,1.0,1.0,0.0,0.725,15.099999999999994,0,0,0,0
2944,1,39,1,9003,1,1,130.0,1,19,19,9,1,140.0,0,0,0,1,0,0,26,0,6,12,13,6,13.0,0,4,12,14,11,13.83333333,0,15.5,2.8,-4.06,Graduate,0.5,1.0833333333333333,0.0,0.325,10.0,0,0,0,1
2945,1,1,4,9500,1,1,118.0,1,4,3,2,3,110.7,1,0,0,1,0,0,18,0,0,7,7,7,11.71428571,0,0,8,8,8,12.75,0,12.4,0.5,1.79,Graduate,1.0,1.0,0.0,0.5857142855,-7.299999999999997,0,0,0,0
2946,2,39,1,9853,1,1,133.1,1,37,19,9,5,138.3,0,0,0,1,0,0,45,0,0,7,12,4,10.25,0,0,7,10,3,13.0,0,11.1,0.6,2.02,Dropout,0.5714285714285714,1.7142857142857142,0.0,0.2928571428571428,5.200000000000017,0,0,0,1
2947,1,44,1,9853,1,39,150.0,1,3,37,2,7,150.0,0,0,0,1,0,0,19,0,0,6,0,0,0.0,0,0,6,0,0,0.0,0,12.4,0.5,1.79,Dropout,0.0,0.0,0.0,0.0,0.0,0,0,0,0
2948,1,17,6,9670,1,1,113.0,1,4,1,3,10,112.3,0,0,0,1,0,0,20,0,0,6,9,6,12.375,0,0,6,7,6,13.14285714,0,11.1,0.6,2.02,Graduate,1.0,1.5,0.0,0.61875,-0.7000000000000028,0,0,0,0
2949,1,1,6,9853,1,1,136.0,1,1,19,5,5,122.0,0,0,0,1,0,0,18,0,0,6,6,6,12.66666667,0,0,6,6,6,12.0,0,7.6,2.6,0.32,Graduate,1.0,1.0,0.0,0.6333333335,-14.0,0,0,0,0
2950,1,39,1,9085,1,1,140.0,1,3,3,4,2,141.7,1,0,0,1,0,0,27,0,0,6,13,3,10.5,0,0,6,19,1,12.0,0,12.4,0.5,1.79,Dropout,0.5,2.1666666666666665,0.0,0.2625,1.6999999999999886,0,0,0,1
2951,2,1,1,9003,1,1,131.0,1,19,38,5,5,118.4,0,0,0,1,0,0,20,0,0,6,11,6,14.125,0,0,6,10,5,12.6,0,13.9,-0.3,0.79,Graduate,1.0,1.8333333333333333,0.0,0.70625,-12.599999999999994,0,0,0,0
2952,1,1,3,9085,1,1,138.0,1,1,1,4,8,128.7,1,0,0,1,0,0,18,0,0,6,7,6,14.66666667,0,0,6,12,6,13.83333333,0,8.9,1.4,3.51,Graduate,1.0,1.1666666666666667,0.0,0.7333333335,-9.300000000000011,0,0,0,0
2953,2,39,2,9670,1,1,100.0,1,37,37,9,9,100.0,0,0,0,1,0,0,35,0,0,5,8,5,11.4,0,0,5,7,3,12.33333333,0,9.4,-0.8,-3.12,Enrolled,1.0,1.6,0.0,0.5700000000000001,0.0,0,0,0,1
2954,1,39,1,171,1,1,140.0,1,37,37,9,9,100.8,0,1,0,1,0,0,26,0,0,0,0,0,0.0,0,0,0,0,0,0.0,0,16.2,0.3,-0.92,Dropout,0.0,0.0,0.0,0.0,-39.2,1,0,0,1
2955,4,39,1,9238,1,1,120.0,1,37,37,9,9,125.5,1,0,0,1,0,1,39,0,0,6,7,6,14.0,0,0,6,7,5,14.8,0,12.7,3.7,-1.7,Graduate,1.0,1.1666666666666667,0.0,0.7,5.5,0,0,0,1
2956,1,1,1,171,1,1,139.0,1,37,37,9,9,124.0,1,0,0,1,0,0,18,0,0,0,0,0,0.0,0,0,0,0,0,0.0,0,7.6,2.6,0.32,Graduate,0.0,0.0,0.0,0.0,-15.0,1,0,0,0
2957,1,7,1,9500,1,3,130.0,1,37,37,9,5,130.0,0,0,0,1,0,0,36,0,0,7,7,0,0.0,7,0,7,7,0,0.0,7,16.2,0.3,-0.92,Dropout,0.0,1.0,1.0,0.0,0.0,0,0,0,1
2958,2,39,1,8014,0,3,110.0,1,37,37,9,9,160.5,0,0,0,1,0,0,38,0,8,11,11,11,12.63636364,0,5,8,8,8,11.0,0,13.9,-0.3,0.79,Graduate,1.0,1.0,0.0,0.6318181820000001,50.5,0,0,0,1
2959,2,39,1,9853,1,19,133.1,1,37,19,3,7,100.0,0,0,0,1,0,0,45,0,0,6,11,3,12.33333333,0,0,6,13,2,11.0,0,7.6,2.6,0.32,Dropout,0.5,1.8333333333333333,0.0,0.30833333325,-33.099999999999994,0,0,0,1
2960,5,39,1,9254,1,1,133.1,1,2,2,2,2,103.0,0,0,0,1,0,0,62,0,0,6,7,6,15.0,0,0,6,10,6,12.83333333,0,10.8,1.4,1.74,Graduate,1.0,1.1666666666666667,0.0,0.75,-30.099999999999994,0,0,0,1
2961,1,1,1,9670,1,1,133.1,1,1,1,9,1,103.0,1,0,0,1,0,1,20,0,0,6,8,4,11.75,0,0,6,10,6,12.66666667,0,10.8,1.4,1.74,Graduate,0.6666666666666666,1.3333333333333333,0.0,0.39166666666666666,-30.099999999999994,0,0,0,0
2962,1,1,1,9500,1,1,139.0,1,19,37,9,9,131.5,1,0,0,1,0,0,18,0,0,8,8,7,14.13714286,0,0,8,8,7,14.13714286,0,10.8,1.4,1.74,Graduate,0.875,1.0,0.0,0.6185000001250001,-7.5,0,0,0,0
2963,1,18,3,9070,1,1,134.0,1,1,1,3,4,121.4,0,0,0,1,0,0,18,0,0,6,6,2,12.0,0,0,6,6,1,11.0,0,9.4,-0.8,-3.12,Dropout,0.3333333333333333,1.0,0.0,0.19999999999999998,-12.599999999999994,0,0,0,0
2964,2,1,1,9991,0,3,160.0,1,1,3,4,9,137.3,0,0,0,1,0,0,23,0,0,5,5,5,10.8,0,0,5,9,4,11.5,0,9.4,-0.8,-3.12,Graduate,1.0,1.0,0.0,0.54,-22.69999999999999,0,0,0,0
2965,1,1,1,9070,1,1,124.0,1,19,19,9,9,138.4,1,0,1,1,0,1,19,0,1,6,8,6,13.28571429,1,0,6,8,6,12.5,0,13.9,-0.3,0.79,Dropout,1.0,1.3333333333333333,0.16666666666666666,0.6642857145,14.400000000000006,0,0,1,0
2966,1,17,1,9147,1,1,137.0,1,1,3,7,3,131.1,1,0,1,1,0,1,19,0,0,5,7,5,13.6,0,0,5,5,5,12.6,0,8.9,1.4,3.51,Graduate,1.0,1.4,0.0,0.6799999999999999,-5.900000000000006,0,0,1,0
2967,1,42,1,9500,1,1,157.0,1,3,3,3,3,100.0,0,0,0,1,0,0,18,0,0,7,8,7,13.55,0,0,8,8,8,14.1875,0,13.9,-0.3,0.79,Graduate,1.0,1.1428571428571428,0.0,0.6775,-57.0,0,0,0,0
2968,1,17,4,9500,1,1,138.0,1,4,1,2,1,133.0,1,0,0,1,0,0,18,0,0,8,8,0,0.0,5,0,8,8,0,0.0,5,9.4,-0.8,-3.12,Enrolled,0.0,1.0,0.625,0.0,-5.0,0,0,0,0
2969,1,39,2,8014,0,1,100.0,1,35,37,90,90,100.0,0,0,0,1,0,0,41,0,0,6,10,4,13.5,0,1,6,7,6,11.16666667,0,7.6,2.6,0.32,Graduate,0.6666666666666666,1.6666666666666667,0.0,0.45,0.0,0,0,0,1
2970,1,39,1,9670,1,1,130.0,1,19,3,4,2,159.0,0,0,0,1,0,1,51,0,0,6,8,5,11.6,0,0,6,9,5,14.2,0,12.4,0.5,1.79,Graduate,0.8333333333333334,1.3333333333333333,0.0,0.48333333333333334,29.0,0,0,0,1
2971,1,43,2,9238,1,1,133.1,1,19,19,4,5,120.6,1,0,0,1,0,0,24,0,6,10,16,10,12.5,0,2,7,9,4,12.6,0,16.2,0.3,-0.92,Graduate,1.0,1.6,0.0,0.625,-12.5,0,0,0,0
2972,1,39,1,9991,0,3,120.0,1,19,1,9,5,134.0,0,0,0,1,0,0,25,0,0,5,14,1,11.0,0,0,5,11,2,12.66666667,4,16.2,0.3,-0.92,Dropout,0.2,2.8,0.0,0.11000000000000001,14.0,0,0,0,1
2973,1,5,1,9085,1,1,150.0,1,1,1,4,4,139.4,0,0,0,1,0,0,18,0,0,5,9,3,12.0,1,0,5,6,4,13.0,0,7.6,2.6,0.32,Enrolled,0.6,1.8,0.2,0.36,-10.599999999999994,0,0,0,0
2974,1,16,6,9147,1,1,128.0,1,37,37,9,9,116.5,1,0,0,1,0,0,20,0,0,5,8,4,11.6,0,0,5,10,3,12.33333333,0,7.6,2.6,0.32,Graduate,0.8,1.6,0.0,0.46399999999999997,-11.5,0,0,0,0
2975,1,1,1,171,1,1,124.0,1,1,19,123,103,113.9,1,1,0,1,0,0,19,0,0,0,0,0,0.0,0,0,0,0,0,0.0,0,13.9,-0.3,0.79,Dropout,0.0,0.0,0.0,0.0,-10.099999999999994,1,0,0,0
2976,5,43,1,9991,0,3,130.0,1,3,3,1,1,130.0,0,0,0,1,0,0,41,0,5,10,14,10,14.63636364,0,5,10,13,10,14.6,0,16.2,0.3,-0.92,Graduate,1.0,1.4,0.0,0.731818182,0.0,0,0,0,1
2977,1,1,2,9254,1,1,132.0,1,1,19,9,9,129.9,1,0,0,1,0,1,19,0,0,6,8,6,13.0,0,0,6,6,6,12.16666667,0,8.9,1.4,3.51,Graduate,1.0,1.3333333333333333,0.0,0.65,-2.0999999999999943,0,0,0,0
2978,1,42,1,9853,1,12,133.1,1,1,3,3,2,133.7,0,0,0,1,0,0,28,0,14,18,23,14,12.78571429,2,16,17,18,16,13.875,0,16.2,0.3,-0.92,Dropout,0.7777777777777778,1.2777777777777777,0.1111111111111111,0.49722222238888886,0.5999999999999943,0,0,0,1
2979,1,1,3,9070,1,1,129.0,1,5,3,5,7,124.8,1,0,0,1,0,0,21,0,0,6,6,6,14.5,0,0,6,7,5,12.0,0,12.4,0.5,1.79,Graduate,1.0,1.0,0.0,0.725,-4.200000000000003,0,0,0,0
2980,1,1,1,9085,1,1,135.0,1,3,2,1,1,133.6,1,0,0,0,0,0,22,0,0,5,12,4,14.6,3,0,5,5,4,12.75,1,9.4,-0.8,-3.12,Dropout,0.8,2.4,0.6,0.584,-1.4000000000000057,0,0,1,0
2981,1,17,4,9773,1,1,138.0,1,37,19,5,7,133.5,1,0,0,0,0,0,18,0,0,6,7,6,12.5,0,0,6,6,6,12.16666667,0,10.8,1.4,1.74,Graduate,1.0,1.1666666666666667,0.0,0.625,-4.5,0,0,1,0
2982,1,1,1,9070,1,1,135.0,1,19,37,9,9,128.0,1,0,0,1,0,1,19,0,0,6,6,6,14.0,0,0,6,8,6,13.125,0,10.8,1.4,1.74,Graduate,1.0,1.0,0.0,0.7,-7.0,0,0,0,0
2983,1,17,6,9500,1,1,131.0,1,3,19,5,5,127.2,1,0,0,1,0,1,19,0,0,7,7,7,13.80142857,0,0,8,8,8,14.575,0,11.1,0.6,2.02,Graduate,1.0,1.0,0.0,0.6900714285,-3.799999999999997,0,0,0,0
2984,1,7,1,9853,1,3,150.0,1,19,19,4,5,150.0,0,0,1,0,0,0,25,0,1,6,7,6,14.42857143,0,0,6,7,6,13.66666667,0,10.8,1.4,1.74,Graduate,1.0,1.1666666666666667,0.0,0.7214285715,0.0,0,0,1,1
2985,1,42,4,9500,1,6,133.0,1,1,19,2,9,127.8,1,0,0,1,0,1,18,0,0,7,7,6,14.35,0,0,7,7,6,14.35,0,7.6,2.6,0.32,Graduate,0.8571428571428571,1.0,0.0,0.615,-5.200000000000003,0,0,0,0
2986,1,17,1,9070,1,1,135.0,1,37,19,9,9,125.2,1,0,0,1,0,0,19,0,0,6,6,6,14.33333333,0,0,6,6,6,13.5,0,12.7,3.7,-1.7,Graduate,1.0,1.0,0.0,0.7166666665,-9.799999999999997,0,0,0,0
2987,1,43,2,9853,1,1,118.0,1,19,1,5,4,110.0,1,0,0,1,0,0,20,0,0,6,10,4,12.25,0,0,6,8,4,11.5,0,10.8,1.4,1.74,Enrolled,0.6666666666666666,1.6666666666666667,0.0,0.4083333333333333,-8.0,0,0,0,0
2988,2,39,1,8014,0,19,100.0,1,34,34,0,0,100.0,0,0,0,1,0,0,46,0,0,6,9,6,13.33333333,0,0,6,6,6,11.83333333,0,7.6,2.6,0.32,Graduate,1.0,1.5,0.0,0.6666666665000001,0.0,0,0,0,1
2989,1,17,1,171,1,1,158.0,1,3,3,3,3,151.4,1,0,0,0,0,0,19,0,6,12,12,12,13.0,0,4,11,14,11,13.25,0,8.9,1.4,3.51,Graduate,1.0,1.0,0.0,0.65,-6.599999999999994,0,0,1,0
2990,1,1,2,9254,1,1,137.0,1,38,19,9,7,125.1,1,0,0,1,0,0,18,0,0,6,10,4,11.75,0,0,6,9,5,11.2,0,7.6,2.6,0.32,Enrolled,0.6666666666666666,1.6666666666666667,0.0,0.39166666666666666,-11.900000000000006,0,0,0,0
2991,1,1,1,9130,1,1,172.0,1,19,19,9,9,163.3,1,0,0,1,0,1,18,0,0,6,8,6,14.5,0,0,6,11,4,13.0,0,13.9,-0.3,0.79,Graduate,1.0,1.3333333333333333,0.0,0.725,-8.699999999999989,0,0,0,0
2992,1,18,1,9500,1,1,123.0,1,37,37,3,3,118.0,1,0,0,1,0,1,19,0,0,8,8,7,11.82,0,0,8,8,7,11.82,0,10.8,1.4,1.74,Graduate,0.875,1.0,0.0,0.517125,-5.0,0,0,0,0
2993,1,1,2,9773,1,1,144.0,1,3,3,3,2,140.2,1,0,0,1,0,0,20,0,0,6,0,0,0.0,0,0,6,0,0,0.0,0,16.2,0.3,-0.92,Dropout,0.0,0.0,0.0,0.0,-3.8000000000000114,0,0,0,0
2994,2,39,1,8014,0,1,140.0,1,37,37,5,6,128.5,0,0,0,1,0,1,38,0,0,6,6,5,12.4,0,0,6,7,6,12.66666667,0,9.4,-0.8,-3.12,Graduate,0.8333333333333334,1.0,0.0,0.5166666666666667,-11.5,0,0,0,1
2995,1,17,1,9773,1,1,136.0,1,1,38,9,8,131.5,1,0,0,1,0,0,18,0,0,6,7,6,12.57142857,0,0,6,8,6,11.85714286,0,13.9,-0.3,0.79,Graduate,1.0,1.1666666666666667,0.0,0.6285714285,-4.5,0,0,0,0
2996,1,17,5,9500,1,1,137.0,1,1,1,5,5,132.6,1,0,0,1,0,1,18,0,0,7,7,7,13.85714286,0,0,8,8,8,14.9,0,13.9,-0.3,0.79,Graduate,1.0,1.0,0.0,0.692857143,-4.400000000000006,0,0,0,0
2997,1,17,1,9238,1,1,128.0,1,19,1,0,5,122.1,1,0,0,1,0,0,18,0,0,6,9,5,11.83333333,0,0,6,7,5,13.8,0,13.9,-0.3,0.79,Graduate,0.8333333333333334,1.5,0.0,0.4930555554166667,-5.900000000000006,0,0,0,0
2998,1,17,1,9147,1,1,120.0,1,3,3,2,2,112.0,0,0,0,1,0,0,20,0,0,5,10,4,11.0,0,0,5,7,4,11.5,0,15.5,2.8,-4.06,Enrolled,0.8,2.0,0.0,0.44000000000000006,-8.0,0,0,0,0
2999,1,1,1,9130,1,1,130.0,1,3,19,4,8,133.0,1,0,0,1,0,0,19,0,0,6,6,6,14.66666667,0,0,6,8,6,13.66666667,0,12.4,0.5,1.79,Graduate,1.0,1.0,0.0,0.7333333335,3.0,0,0,0,0
3000,4,39,1,8014,0,1,138.0,1,19,19,90,90,127.0,0,0,0,0,0,0,37,0,0,4,4,0,0.0,0,0,5,10,0,0.0,0,10.8,1.4,1.74,Dropout,0.0,1.0,0.0,0.0,-11.0,0,0,1,1
3001,1,39,1,9500,1,1,148.0,1,3,19,2,5,130.0,0,0,0,1,0,0,24,0,0,8,12,7,12.71428571,0,0,8,12,7,12.71428571,0,12.7,3.7,-1.7,Enrolled,0.875,1.5,0.0,0.5562499998125,-18.0,0,0,0,0
3002,1,1,2,9500,1,1,139.0,1,4,1,2,10,136.4,1,0,0,1,0,0,19,0,0,7,9,7,13.42222222,0,0,8,11,7,12.18888889,0,15.5,2.8,-4.06,Graduate,1.0,1.2857142857142858,0.0,0.671111111,-2.5999999999999943,0,0,0,0
3003,1,1,3,9773,1,1,136.0,1,3,1,5,3,129.0,1,0,0,1,0,1,19,0,0,6,7,6,14.0,0,0,6,8,5,12.2,0,13.9,-0.3,0.79,Dropout,1.0,1.1666666666666667,0.0,0.7,-7.0,0,0,0,0
3004,1,17,3,9556,1,1,126.0,1,19,19,9,4,119.0,1,0,0,1,0,1,19,0,0,7,8,7,12.14285714,0,0,8,8,8,13.375,0,16.2,0.3,-0.92,Dropout,1.0,1.1428571428571428,0.0,0.607142857,-7.0,0,0,0,0
3005,1,17,1,9147,1,1,135.0,1,37,38,9,9,128.0,1,0,1,1,0,1,18,0,0,5,5,5,12.8,0,0,5,5,5,13.0,0,11.1,0.6,2.02,Graduate,1.0,1.0,0.0,0.64,-7.0,0,0,1,0
3006,1,1,4,9500,1,1,122.0,1,19,38,7,7,117.1,1,0,0,1,0,1,18,0,0,7,7,7,14.57285714,0,0,8,9,8,14.95555556,0,12.4,0.5,1.79,Graduate,1.0,1.0,0.0,0.728642857,-4.900000000000006,0,0,0,0
3007,1,1,4,9147,1,1,137.0,1,1,19,4,5,136.3,0,0,0,1,0,0,18,0,0,5,9,4,11.25,0,0,5,6,4,11.0,0,8.9,1.4,3.51,Graduate,0.8,1.8,0.0,0.45,-0.6999999999999886,0,0,0,0
3008,1,17,5,9147,1,1,127.0,1,1,38,4,5,124.6,1,0,0,1,0,1,19,0,0,5,12,2,10.0,0,0,5,11,4,11.75,0,11.1,0.6,2.02,Enrolled,0.4,2.4,0.0,0.2,-2.4000000000000057,0,0,0,0
3009,1,1,1,9130,1,1,137.0,1,40,19,2,9,130.7,1,0,0,1,0,0,18,0,0,6,8,5,14.4,0,0,6,11,4,14.6,0,8.9,1.4,3.51,Dropout,0.8333333333333334,1.3333333333333333,0.0,0.6,-6.300000000000011,0,0,0,0
3010,1,1,4,9500,1,1,125.0,1,1,12,3,6,115.2,1,0,0,1,0,0,20,0,0,7,7,7,12.98285714,0,0,8,8,8,14.4625,0,12.4,0.5,1.79,Graduate,1.0,1.0,0.0,0.649142857,-9.799999999999997,0,0,0,0
3011,1,17,1,9085,1,1,141.0,1,3,2,2,3,130.2,1,0,0,1,0,0,20,0,0,6,14,6,15.75,0,0,6,8,6,13.0,0,15.5,2.8,-4.06,Graduate,1.0,2.3333333333333335,0.0,0.7875,-10.800000000000011,0,0,0,0
3012,1,1,1,9085,1,1,132.0,1,2,2,6,6,128.5,0,0,0,1,0,0,18,0,0,6,11,5,12.28571429,0,0,6,19,3,14.0,1,12.4,0.5,1.79,Dropout,0.8333333333333334,1.8333333333333333,0.0,0.5119047620833334,-3.5,0,0,0,0
3013,1,16,1,9500,1,1,133.1,1,37,37,9,9,95.0,1,0,0,1,0,0,20,0,0,7,7,6,13.755,0,0,8,9,7,13.57142857,0,12.4,0.5,1.79,Graduate,0.8571428571428571,1.0,0.0,0.5895,-38.099999999999994,0,0,0,0
3014,1,17,1,9670,1,1,132.0,1,1,1,3,3,119.4,1,0,0,1,0,1,18,0,0,6,7,6,13.83333333,0,0,6,11,6,13.5,0,8.9,1.4,3.51,Graduate,1.0,1.1666666666666667,0.0,0.6916666665,-12.599999999999994,0,0,0,0
3015,1,1,6,9500,1,1,142.0,1,1,37,7,7,123.5,1,0,0,1,0,0,19,0,0,7,0,0,0.0,0,0,8,0,0,0.0,0,12.7,3.7,-1.7,Dropout,0.0,0.0,0.0,0.0,-18.5,0,0,0,0
3016,1,1,4,9500,1,1,136.0,1,38,1,5,6,133.9,1,0,0,1,0,0,18,0,0,7,9,7,14.71111111,0,0,8,9,8,14.62777778,0,15.5,2.8,-4.06,Graduate,1.0,1.2857142857142858,0.0,0.7355555555,-2.0999999999999943,0,0,0,0
3017,1,53,1,9085,1,42,150.0,1,1,19,4,8,145.2,1,0,0,1,0,0,20,0,7,11,13,11,14.61538462,0,4,9,11,9,13.7,0,8.9,1.4,3.51,Graduate,1.0,1.1818181818181819,0.0,0.730769231,-4.800000000000011,0,0,0,0
3018,1,1,1,9500,1,1,130.0,1,3,3,1,5,118.8,0,0,0,1,0,0,18,0,0,7,7,7,13.67714286,0,0,8,9,8,14.53333333,0,11.1,0.6,2.02,Graduate,1.0,1.0,0.0,0.683857143,-11.200000000000003,0,0,0,0
3019,1,16,2,9085,1,1,136.0,1,37,37,9,9,123.4,1,0,0,1,0,1,19,0,0,5,8,5,13.16666667,2,0,5,5,5,12.8,0,9.4,-0.8,-3.12,Graduate,1.0,1.6,0.4,0.6583333335,-12.599999999999994,0,0,0,0
3020,1,17,6,9238,1,1,138.0,1,3,3,1,2,123.0,1,0,0,1,0,0,19,0,0,6,11,5,10.8,0,0,6,12,5,11.33333333,0,15.5,2.8,-4.06,Graduate,0.8333333333333334,1.8333333333333333,0.0,0.45000000000000007,-15.0,0,0,0,0
3021,1,17,1,9130,1,1,131.0,1,19,9,5,3,118.4,0,0,0,1,0,0,19,0,0,5,8,3,12.0,0,0,5,7,5,12.83333333,0,7.6,2.6,0.32,Graduate,0.6,1.6,0.0,0.36,-12.599999999999994,0,0,0,0
3022,1,1,1,9500,1,1,147.0,1,3,1,2,3,131.6,0,0,0,1,0,0,18,0,0,7,8,6,13.95833333,0,0,8,8,8,14.71875,0,11.1,0.6,2.02,Graduate,0.8571428571428571,1.1428571428571428,0.0,0.5982142855714286,-15.400000000000006,0,0,0,0
3023,1,17,1,9853,1,1,140.0,1,38,19,4,10,122.3,1,0,0,1,0,0,19,0,0,6,9,4,13.0,0,0,6,9,4,12.25,0,12.7,3.7,-1.7,Dropout,0.6666666666666666,1.5,0.0,0.43333333333333335,-17.700000000000003,0,0,0,0
3024,1,1,2,171,1,1,152.0,1,38,19,9,9,151.7,1,0,0,1,0,1,24,0,0,0,0,0,0.0,0,0,0,0,0,0.0,0,11.1,0.6,2.02,Graduate,0.0,0.0,0.0,0.0,-0.30000000000001137,1,0,0,0
3025,1,1,1,171,1,1,169.0,1,19,37,9,7,176.0,1,0,0,1,0,1,18,0,0,0,0,0,0.0,0,0,0,0,0,0.0,0,12.4,0.5,1.79,Graduate,0.0,0.0,0.0,0.0,7.0,1,0,0,0
3026,1,1,6,9500,1,1,149.0,1,1,1,4,9,133.0,1,0,0,1,0,1,18,0,0,8,8,7,14.0,0,0,8,8,7,14.0,0,12.7,3.7,-1.7,Graduate,0.875,1.0,0.0,0.6124999999999999,-16.0,0,0,0,0
3027,1,1,4,9773,1,1,137.0,1,3,19,2,3,139.8,1,1,0,1,0,0,18,0,0,6,10,6,12.57142857,0,0,6,11,6,12.57142857,0,10.8,1.4,1.74,Enrolled,1.0,1.6666666666666667,0.0,0.6285714285,2.8000000000000114,0,0,0,0
3028,1,1,4,9773,1,1,122.0,1,41,1,4,3,119.6,1,0,0,1,0,0,19,0,0,6,6,4,12.0,0,0,6,11,3,11.33333333,0,11.1,0.6,2.02,Dropout,0.6666666666666666,1.0,0.0,0.39999999999999997,-2.4000000000000057,0,0,0,0
3029,1,39,1,8014,0,1,130.0,1,37,37,9,6,134.0,0,0,0,1,0,1,35,0,2,8,8,8,13.625,0,1,7,7,7,14.0,0,8.9,1.4,3.51,Graduate,1.0,1.0,0.0,0.68125,4.0,0,0,0,1
3030,1,17,6,9147,1,1,145.0,1,37,37,9,9,132.0,1,0,0,1,0,0,19,0,0,5,7,4,12.5,0,0,5,8,4,10.0,1,7.6,2.6,0.32,Graduate,0.8,1.4,0.0,0.5,-13.0,0,0,0,0
3031,1,7,1,9853,1,3,130.0,1,37,37,9,9,130.0,0,0,0,1,0,0,28,0,14,15,25,14,12.42857143,1,8,14,22,11,11.90909091,0,7.6,2.6,0.32,Dropout,0.9333333333333333,1.6666666666666667,0.06666666666666667,0.5800000000666666,0.0,0,0,0,1
3032,1,43,1,9500,1,1,157.0,1,38,3,5,2,141.4,0,0,0,1,0,0,21,0,3,7,8,7,13.3875,0,2,8,8,8,15.9,0,13.9,-0.3,0.79,Graduate,1.0,1.1428571428571428,0.0,0.6693749999999999,-15.599999999999994,0,0,0,0
3033,1,18,2,9500,1,1,135.0,1,19,1,5,5,128.9,1,0,0,1,0,1,19,0,0,7,8,6,12.64833333,0,0,8,9,8,12.20555556,0,11.1,0.6,2.02,Graduate,0.8571428571428571,1.1428571428571428,0.0,0.5420714284285714,-6.099999999999994,0,0,0,0
3034,1,5,2,9238,1,1,123.0,1,40,38,2,9,118.1,1,0,0,1,0,0,19,0,0,6,6,6,14.0,0,0,6,6,6,13.33333333,0,8.9,1.4,3.51,Graduate,1.0,1.0,0.0,0.7,-4.900000000000006,0,0,0,0
3035,1,1,1,9085,1,1,139.0,1,3,4,2,2,130.6,0,0,0,1,0,0,18,0,0,5,12,5,12.8,2,0,5,10,5,11.85714286,1,9.4,-0.8,-3.12,Graduate,1.0,2.4,0.4,0.64,-8.400000000000006,0,0,0,0
3036,1,1,1,9254,1,1,136.0,1,12,1,4,4,122.0,1,0,0,1,0,0,18,0,0,6,8,6,11.33333333,0,0,6,11,6,10.83333333,0,7.6,2.6,0.32,Graduate,1.0,1.3333333333333333,0.0,0.5666666665,-14.0,0,0,0,0
3037,1,1,2,9500,1,1,135.0,1,3,3,2,2,123.0,1,0,0,0,0,0,19,0,0,7,0,0,0.0,0,0,8,0,0,0.0,0,12.7,3.7,-1.7,Dropout,0.0,0.0,0.0,0.0,-12.0,0,0,1,0
3038,1,1,1,9670,1,1,126.0,1,1,1,9,10,126.7,1,0,0,1,0,1,20,0,0,6,6,6,14.16666667,0,0,6,9,6,13.0,0,8.9,1.4,3.51,Graduate,1.0,1.0,0.0,0.7083333334999999,0.7000000000000028,0,0,0,0
3039,1,1,1,9773,1,1,122.0,1,38,19,9,9,126.6,1,0,0,1,0,0,18,0,0,6,6,6,12.83333333,0,0,6,6,6,13.83333333,0,8.9,1.4,3.51,Graduate,1.0,1.0,0.0,0.6416666665,4.599999999999994,0,0,0,0
3040,1,1,1,9853,1,1,125.0,1,38,38,9,9,125.4,0,0,1,0,0,0,19,0,0,7,11,4,12.0,0,0,7,9,6,11.83333333,0,16.2,0.3,-0.92,Dropout,0.5714285714285714,1.5714285714285714,0.0,0.3428571428571428,0.4000000000000057,0,0,1,0
3041,1,1,3,9773,1,1,134.0,1,1,19,9,9,136.1,1,0,0,1,0,1,20,0,0,6,6,6,13.0,0,0,6,7,6,13.14285714,0,12.4,0.5,1.79,Dropout,1.0,1.0,0.0,0.65,2.0999999999999943,0,0,0,0
3042,1,17,5,9500,1,1,130.0,1,19,1,9,4,128.8,1,0,0,1,0,0,18,0,0,7,8,6,13.39,0,0,8,10,7,12.75714286,0,11.1,0.6,2.02,Enrolled,0.8571428571428571,1.1428571428571428,0.0,0.5738571428571428,-1.1999999999999886,0,0,0,0
3043,1,17,4,9670,1,1,110.0,1,1,37,7,7,111.1,1,0,0,0,0,0,18,0,0,6,6,6,12.33333333,0,0,6,8,5,13.6,0,8.9,1.4,3.51,Graduate,1.0,1.0,0.0,0.6166666665,1.0999999999999943,0,0,1,0
3044,1,1,1,9070,1,1,131.0,1,3,3,3,3,135.9,0,0,0,1,0,1,21,0,1,6,8,6,12.57142857,1,0,6,8,6,11.625,0,13.9,-0.3,0.79,Graduate,1.0,1.3333333333333333,0.16666666666666666,0.6285714285,4.900000000000006,0,0,0,0
3045,1,5,5,9254,1,1,122.0,1,1,37,9,7,119.6,1,0,0,1,0,1,19,0,0,6,6,6,12.33333333,0,0,6,6,6,12.83333333,0,12.4,0.5,1.79,Graduate,1.0,1.0,0.0,0.6166666665,-2.4000000000000057,0,0,0,0
3046,1,17,2,9853,1,1,123.0,1,1,1,3,9,116.7,1,0,0,1,0,0,19,0,0,6,8,5,13.0,0,0,6,8,4,10.75,0,9.4,-0.8,-3.12,Graduate,0.8333333333333334,1.3333333333333333,0.0,0.5416666666666667,-6.299999999999997,0,0,0,0
3047,1,1,1,9085,1,1,146.0,1,1,1,9,7,126.0,0,0,0,1,0,0,19,0,0,5,7,3,12.33333333,0,0,5,7,4,10.25,0,7.6,2.6,0.32,Enrolled,0.6,1.4,0.0,0.3699999999,-20.0,0,0,0,0
3048,1,1,4,9773,1,1,137.0,1,37,37,0,90,134.2,1,0,0,1,0,0,18,0,0,6,6,6,13.16666667,0,0,6,8,5,14.2,0,10.8,1.4,1.74,Dropout,1.0,1.0,0.0,0.6583333335,-2.8000000000000114,0,0,0,0
3049,1,1,1,9147,1,1,130.0,1,1,19,3,3,123.0,0,0,0,1,0,1,18,0,0,5,7,5,13.33333333,0,0,5,6,5,13.6,0,12.7,3.7,-1.7,Graduate,1.0,1.4,0.0,0.6666666665000001,-7.0,0,0,0,0
3050,1,1,2,9085,1,1,127.0,1,38,37,5,7,123.9,1,0,0,1,0,0,18,0,0,5,9,4,13.0,0,0,5,8,5,13.14285714,0,10.8,1.4,1.74,Graduate,0.8,1.8,0.0,0.52,-3.0999999999999943,0,0,0,0
3051,2,39,1,9556,1,1,160.0,1,37,37,9,6,120.0,0,0,0,1,0,0,31,0,0,7,21,5,10.9,3,0,8,21,3,11.7,1,12.7,3.7,-1.7,Dropout,0.7142857142857143,3.0,0.42857142857142855,0.38928571428571435,-40.0,0,0,0,1
3052,1,42,1,9147,1,1,139.0,1,3,38,2,5,112.3,1,0,0,1,0,0,19,0,0,5,8,2,11.5,0,0,5,10,3,10.85714286,0,10.8,1.4,1.74,Enrolled,0.4,1.6,0.0,0.22999999999999998,-26.700000000000003,0,0,0,0
3053,1,16,1,9085,1,1,138.0,1,37,37,9,9,123.0,1,0,0,1,0,1,20,0,0,6,7,6,15.85714286,0,0,6,6,6,16.0,0,13.9,-0.3,0.79,Graduate,1.0,1.1666666666666667,0.0,0.792857143,-15.0,0,0,0,0
3054,1,17,1,9085,1,1,137.0,1,38,19,0,90,122.3,0,0,0,1,0,1,19,0,0,5,5,5,12.6,0,0,5,9,3,13.0,0,7.6,2.6,0.32,Dropout,1.0,1.0,0.0,0.63,-14.700000000000003,0,0,0,0
3055,1,17,1,9238,1,1,127.0,1,38,38,9,6,122.8,0,0,0,1,0,1,19,0,0,6,8,6,14.0,0,0,6,7,6,14.57142857,0,16.2,0.3,-0.92,Graduate,1.0,1.3333333333333333,0.0,0.7,-4.200000000000003,0,0,0,0
3056,5,7,1,9130,1,3,160.0,1,19,38,9,6,160.0,0,0,0,0,0,0,27,0,1,5,8,3,14.66666667,2,0,5,7,2,13.0,2,10.8,1.4,1.74,Dropout,0.6,1.6,0.4,0.44000000009999995,0.0,0,0,1,1
3057,1,17,2,9773,1,1,132.0,1,19,19,9,6,120.1,1,0,0,1,0,1,18,0,0,6,6,6,13.66666667,0,0,6,6,6,14.0,0,8.9,1.4,3.51,Graduate,1.0,1.0,0.0,0.6833333335,-11.900000000000006,0,0,0,0
3058,1,1,1,8014,0,1,126.0,1,34,34,0,0,142.4,0,0,0,1,0,0,32,0,0,6,0,0,0.0,0,0,6,0,0,0.0,0,7.6,2.6,0.32,Dropout,0.0,0.0,0.0,0.0,16.400000000000006,0,0,0,1
3059,1,1,4,9500,1,1,133.0,1,38,19,8,7,127.3,1,0,0,1,0,0,18,0,0,8,8,7,12.62857143,0,0,8,8,7,12.62857143,0,12.7,3.7,-1.7,Graduate,0.875,1.0,0.0,0.5525000000625,-5.700000000000003,0,0,0,0
3060,1,1,3,9500,1,1,140.0,1,19,37,9,9,125.5,1,0,0,1,0,1,19,0,0,8,8,7,14.23285714,0,0,8,8,7,14.23285714,0,10.8,1.4,1.74,Graduate,0.875,1.0,0.0,0.6226874998749999,-14.5,0,0,0,0
3061,1,1,2,9773,1,1,130.0,1,19,19,5,6,137.4,0,0,0,1,0,0,19,0,0,6,6,6,15.0,0,0,6,7,6,14.0,0,15.5,2.8,-4.06,Enrolled,1.0,1.0,0.0,0.75,7.400000000000006,0,0,0,0
3062,1,17,2,9254,1,1,129.0,1,12,37,9,9,122.0,1,0,0,1,0,0,18,0,0,6,15,2,10.0,0,0,6,12,0,0.0,0,10.8,1.4,1.74,Dropout,0.3333333333333333,2.5,0.0,0.16666666666666666,-7.0,0,0,0,0
3063,1,17,3,9670,1,1,110.0,1,19,1,4,4,107.5,1,0,0,1,0,1,18,0,0,6,11,4,12.25,0,0,6,10,4,11.0,0,12.7,3.7,-1.7,Dropout,0.6666666666666666,1.8333333333333333,0.0,0.4083333333333333,-2.5,0,0,0,0
3064,1,39,1,9773,1,19,133.1,1,19,19,171,163,104.0,0,0,1,0,0,1,24,0,0,6,6,6,13.5,0,0,6,6,6,13.0,0,11.1,0.6,2.02,Graduate,1.0,1.0,0.0,0.675,-29.099999999999994,0,0,1,0
3065,1,17,2,9238,1,1,132.0,1,38,1,7,7,133.1,1,0,0,1,0,1,19,0,0,6,8,5,12.2,0,0,6,7,6,11.5,0,9.4,-0.8,-3.12,Graduate,0.8333333333333334,1.3333333333333333,0.0,0.5083333333333333,1.0999999999999943,0,0,0,0
3066,1,17,2,9254,1,1,115.0,1,19,19,9,7,113.3,1,0,1,1,0,0,21,0,0,6,0,0,0.0,0,0,6,0,0,0.0,0,11.1,0.6,2.02,Dropout,0.0,0.0,0.0,0.0,-1.7000000000000028,0,0,1,0
3067,1,44,1,9070,1,39,130.0,1,1,1,4,10,130.0,1,0,0,1,0,0,19,0,2,7,11,6,12.0,0,5,9,9,8,12.75,0,16.2,0.3,-0.92,Graduate,0.8571428571428571,1.5714285714285714,0.0,0.5142857142857142,0.0,0,0,0,0
3068,1,1,3,9500,1,1,140.0,6,2,3,5,2,124.3,1,0,0,1,0,0,19,1,0,7,9,5,12.32,0,0,7,9,5,11.9,0,12.4,0.5,1.79,Enrolled,0.7142857142857143,1.2857142857142858,0.0,0.44,-15.700000000000003,0,0,0,0
3069,1,39,1,9556,1,1,140.0,1,37,37,9,8,105.0,1,0,0,1,0,1,36,0,0,7,11,6,12.35,0,0,7,12,5,12.5,0,8.9,1.4,3.51,Graduate,0.8571428571428571,1.5714285714285714,0.0,0.5292857142857142,-35.0,0,0,0,1
3070,1,39,1,9085,1,12,133.1,1,37,37,10,9,144.0,0,0,0,1,1,0,51,0,0,6,0,0,0.0,0,0,6,0,0,0.0,0,12.4,0.5,1.79,Dropout,0.0,0.0,0.0,0.0,10.900000000000006,0,0,0,1
3071,1,1,3,9670,1,1,121.0,1,1,19,5,5,111.9,1,0,0,1,1,1,20,0,0,6,7,6,11.33333333,0,0,6,10,4,10.57142857,0,10.8,1.4,1.74,Enrolled,1.0,1.1666666666666667,0.0,0.5666666665,-9.099999999999994,0,0,0,0
3072,1,39,1,8014,0,38,133.1,1,1,1,4,4,107.5,0,0,1,0,1,0,29,0,0,6,6,0,0.0,0,0,5,5,0,0.0,0,8.9,1.4,3.51,Dropout,0.0,1.0,0.0,0.0,-25.599999999999994,0,0,1,1
3073,1,44,1,9238,1,39,130.0,1,1,19,4,5,127.4,0,0,1,0,1,0,27,0,3,6,8,5,11.6,0,2,6,9,5,12.0,0,13.9,-0.3,0.79,Dropout,0.8333333333333334,1.3333333333333333,0.0,0.48333333333333334,-2.5999999999999943,0,0,1,1
3074,1,39,1,9119,1,1,130.0,1,19,37,9,4,149.0,1,0,0,1,1,0,33,0,0,5,10,4,12.0,0,0,5,8,3,13.66666667,1,7.6,2.6,0.32,Enrolled,0.8,2.0,0.0,0.48,19.0,0,0,0,1
3075,2,2,1,9147,1,2,120.0,1,37,37,9,9,120.0,0,0,0,0,1,0,57,0,12,15,17,12,11.75,0,9,14,16,9,12.22222222,0,9.4,-0.8,-3.12,Dropout,0.8,1.1333333333333333,0.0,0.47000000000000003,0.0,0,0,1,1
3076,1,1,1,9670,1,1,132.0,1,4,2,123,112,143.6,1,0,0,1,1,0,20,0,0,6,8,5,12.8,0,0,6,10,5,11.6,0,13.9,-0.3,0.79,Enrolled,0.8333333333333334,1.3333333333333333,0.0,0.5333333333333333,11.599999999999994,0,0,0,0
3077,1,39,1,9670,1,1,100.0,1,1,1,4,4,120.0,0,0,0,1,1,0,26,0,0,5,7,3,11.33333333,0,0,5,7,3,13.66666667,0,9.4,-0.8,-3.12,Dropout,0.6,1.4,0.0,0.33999999989999996,20.0,0,0,0,1
3078,1,43,1,9119,1,1,130.0,1,1,1,9,2,128.0,0,0,1,0,1,0,27,0,0,5,5,0,0.0,0,0,5,7,0,0.0,0,13.9,-0.3,0.79,Enrolled,0.0,1.0,0.0,0.0,-2.0,0,0,1,1
3079,1,1,1,9670,1,1,129.0,1,1,37,4,9,118.2,0,0,0,1,1,0,19,0,0,5,5,5,10.8,0,0,5,5,4,12.25,0,9.4,-0.8,-3.12,Graduate,1.0,1.0,0.0,0.54,-10.799999999999997,0,0,0,0
3080,1,44,1,9085,1,39,160.0,1,12,38,4,8,160.0,1,0,0,1,1,0,23,0,1,6,10,5,12.5,0,1,6,8,2,13.5,0,12.4,0.5,1.79,Dropout,0.8333333333333334,1.6666666666666667,0.0,0.5208333333333334,0.0,0,0,0,0
3081,1,39,1,9991,0,1,120.0,1,19,38,5,5,152.4,0,0,0,1,1,0,27,0,0,5,5,5,15.2,0,0,5,6,5,14.16666667,0,10.8,1.4,1.74,Graduate,1.0,1.0,0.0,0.76,32.400000000000006,0,0,0,1
3082,1,1,6,9500,1,1,122.0,1,19,37,3,5,116.6,1,0,1,1,1,1,20,0,0,7,7,7,13.31428571,0,0,8,8,8,12.575,0,12.4,0.5,1.79,Graduate,1.0,1.0,0.0,0.6657142855,-5.400000000000006,0,0,1,0
3083,1,18,1,9070,1,1,143.0,1,38,38,7,5,141.6,0,0,0,1,0,1,19,0,6,12,12,11,13.09090909,0,5,11,12,11,12.08333333,0,10.8,1.4,1.74,Graduate,0.9166666666666666,1.0,0.0,0.5999999999583333,-1.4000000000000057,0,0,0,0
3084,1,1,1,9130,1,1,110.0,1,3,19,2,9,105.5,1,0,1,0,0,0,19,0,0,6,0,0,0.0,0,0,6,0,0,0.0,0,11.1,0.6,2.02,Dropout,0.0,0.0,0.0,0.0,-4.5,0,0,1,0
3085,1,1,1,9070,1,1,124.0,1,37,19,9,3,116.3,1,0,0,1,0,0,20,0,0,6,8,5,12.2,0,0,6,6,6,11.5,0,16.2,0.3,-0.92,Graduate,0.8333333333333334,1.3333333333333333,0.0,0.5083333333333333,-7.700000000000003,0,0,0,0
3086,2,7,1,9147,1,3,110.0,1,19,1,9,9,110.0,0,0,0,1,0,0,33,0,5,8,10,6,12.83333333,0,2,5,8,4,12.0,0,11.1,0.6,2.02,Enrolled,0.75,1.25,0.0,0.48124999987500006,0.0,0,0,0,1
3087,1,43,1,9991,0,1,130.0,1,37,37,9,9,119.5,1,0,0,1,0,0,22,0,9,15,17,15,11.2,0,9,14,15,14,12.42857143,0,7.6,2.6,0.32,Graduate,1.0,1.1333333333333333,0.0,0.5599999999999999,-10.5,0,0,0,0
3088,1,1,6,9147,1,1,139.0,1,19,12,4,4,125.0,1,0,0,1,0,0,18,0,0,5,8,3,12.33333333,0,0,5,7,4,12.0,0,7.6,2.6,0.32,Graduate,0.6,1.6,0.0,0.3699999999,-14.0,0,0,0,0
3089,5,39,1,9500,1,3,140.0,1,37,38,9,9,160.0,0,0,0,1,0,0,27,0,0,8,8,7,15.94285714,0,0,8,8,7,15.94285714,0,12.7,3.7,-1.7,Graduate,0.875,1.0,0.0,0.697499999875,20.0,0,0,0,1
3090,1,39,1,9991,0,1,150.0,1,37,37,9,7,150.0,0,0,0,1,0,0,27,0,0,5,0,0,0.0,0,0,5,0,0,0.0,0,15.5,2.8,-4.06,Dropout,0.0,0.0,0.0,0.0,0.0,0,0,0,1
3091,1,1,1,9238,1,1,123.0,1,37,37,9,9,115.0,1,0,0,1,0,0,19,0,0,6,10,4,10.25,0,0,6,8,6,10.71428571,0,11.1,0.6,2.02,Graduate,0.6666666666666666,1.6666666666666667,0.0,0.3416666666666666,-8.0,0,0,0,0
3092,1,17,1,9853,1,1,128.0,1,38,38,9,7,128.4,1,0,0,1,0,1,20,0,0,6,10,5,13.2,0,0,6,12,5,12.83333333,0,9.4,-0.8,-3.12,Enrolled,0.8333333333333334,1.6666666666666667,0.0,0.5499999999999999,0.4000000000000057,0,0,0,0
3093,1,1,1,8014,0,1,100.0,1,38,19,6,10,112.8,0,0,0,1,0,1,23,0,0,6,6,6,14.16666667,0,0,6,6,6,12.5,0,12.7,3.7,-1.7,Graduate,1.0,1.0,0.0,0.7083333334999999,12.799999999999997,0,0,0,0
3094,1,43,1,9500,1,1,148.0,1,29,38,90,3,131.0,1,0,0,1,0,1,22,0,18,23,23,20,14.575,3,18,23,23,20,14.575,3,7.6,2.6,0.32,Graduate,0.8695652173913043,1.0,0.13043478260869565,0.633695652173913,-17.0,0,0,0,0
3095,1,17,2,9254,1,1,130.0,1,19,19,7,7,121.6,1,0,0,1,0,1,18,0,0,6,9,1,10.0,1,0,6,6,0,0.0,0,12.7,3.7,-1.7,Dropout,0.16666666666666666,1.5,0.16666666666666666,0.08333333333333333,-8.400000000000006,0,0,0,0
3096,1,1,4,9238,1,1,118.0,1,19,38,9,9,110.0,0,0,0,1,0,1,18,0,0,6,7,6,12.28571429,0,0,6,8,6,11.42857143,0,12.4,0.5,1.79,Graduate,1.0,1.1666666666666667,0.0,0.6142857145,-8.0,0,0,0,0
3097,1,39,1,8014,0,1,120.0,1,38,38,9,9,148.5,0,0,0,1,0,1,31,0,0,6,6,6,14.0,0,0,6,6,6,12.33333333,0,10.8,1.4,1.74,Graduate,1.0,1.0,0.0,0.7,28.5,0,0,0,1
3098,1,17,4,9773,1,1,119.0,1,38,19,9,9,118.3,0,0,0,1,0,0,19,0,0,6,8,4,11.25,0,0,6,0,0,0.0,0,15.5,2.8,-4.06,Dropout,0.6666666666666666,1.3333333333333333,0.0,0.375,-0.7000000000000028,0,0,0,0
3099,1,1,1,9238,1,1,138.0,1,37,37,9,9,135.9,1,0,0,1,0,0,19,0,0,6,11,5,11.6,0,0,6,11,6,11.66666667,0,7.6,2.6,0.32,Enrolled,0.8333333333333334,1.8333333333333333,0.0,0.48333333333333334,-2.0999999999999943,0,0,0,0
3100,1,17,1,8014,0,1,127.0,1,19,37,4,7,115.8,0,0,0,1,0,0,24,0,0,6,12,1,12.0,0,0,6,12,0,0.0,0,10.8,1.4,1.74,Dropout,0.16666666666666666,2.0,0.0,0.09999999999999999,-11.200000000000003,0,0,0,0
3101,1,1,1,9500,1,1,134.0,1,38,19,3,10,121.2,0,0,0,1,0,0,19,0,0,7,10,7,13.47,0,0,8,8,8,13.32625,0,15.5,2.8,-4.06,Graduate,1.0,1.4285714285714286,0.0,0.6735,-12.799999999999997,0,0,0,0
3102,1,17,4,9147,1,1,133.0,1,1,1,4,5,136.2,1,0,0,1,0,0,19,0,0,5,6,5,12.4,0,0,5,5,5,12.8,0,7.6,2.6,0.32,Graduate,1.0,1.2,0.0,0.62,3.1999999999999886,0,0,0,0
3103,1,39,1,9670,1,1,133.1,1,37,37,9,9,100.2,1,0,0,0,0,0,26,0,0,6,9,3,11.75,0,0,6,11,4,11.5,3,16.2,0.3,-0.92,Dropout,0.5,1.5,0.0,0.29375,-32.89999999999999,0,0,1,1
3104,1,1,1,171,1,1,180.0,41,37,37,9,9,152.7,1,0,1,0,1,0,27,1,0,0,0,0,0.0,0,0,0,0,0,0.0,0,7.6,2.6,0.32,Dropout,0.0,0.0,0.0,0.0,-27.30000000000001,1,0,1,1
3105,1,17,4,9238,1,1,129.0,1,19,19,4,7,123.1,1,0,0,1,0,0,19,0,0,6,7,6,12.0,0,0,6,7,6,12.42857143,0,11.1,0.6,2.02,Graduate,1.0,1.1666666666666667,0.0,0.6,-5.900000000000006,0,0,0,0
3106,2,39,1,9085,1,1,120.0,1,19,19,1,4,130.0,0,0,0,1,0,0,29,0,0,5,8,5,15.33333333,2,0,5,6,5,15.4,0,9.4,-0.8,-3.12,Dropout,1.0,1.6,0.4,0.7666666665,10.0,0,0,0,1
3107,1,1,6,9500,1,1,141.0,1,1,38,4,5,125.0,1,0,0,1,0,1,18,0,0,8,8,8,12.32,0,0,8,8,8,12.32,0,9.4,-0.8,-3.12,Graduate,1.0,1.0,0.0,0.616,-16.0,0,0,0,0
3108,1,1,1,9500,1,1,118.0,1,1,19,9,10,113.1,1,0,0,1,0,0,19,0,0,7,7,7,13.79857143,0,0,8,8,8,14.75625,0,11.1,0.6,2.02,Graduate,1.0,1.0,0.0,0.6899285715000001,-4.900000000000006,0,0,0,0
3109,1,1,5,9773,1,1,127.0,1,38,1,4,5,121.1,1,0,0,1,0,0,18,0,0,6,6,6,13.16666667,0,0,6,6,6,12.5,0,15.5,2.8,-4.06,Enrolled,1.0,1.0,0.0,0.6583333335,-5.900000000000006,0,0,0,0
3110,1,1,1,9147,1,1,177.0,1,1,38,3,9,162.3,0,0,0,1,0,1,18,0,0,5,6,5,16.33333333,0,0,5,5,5,15.4,0,15.5,2.8,-4.06,Graduate,1.0,1.2,0.0,0.8166666665,-14.699999999999989,0,0,0,0
3111,1,42,1,171,1,1,132.0,1,1,1,1,4,132.0,1,0,0,1,0,0,19,0,0,0,0,0,0.0,0,0,0,0,0,0.0,0,12.7,3.7,-1.7,Dropout,0.0,0.0,0.0,0.0,0.0,1,0,0,0
3112,1,17,4,9500,1,1,133.0,1,4,4,4,4,130.7,1,0,0,1,0,0,19,0,0,7,7,7,14.75714286,0,0,8,9,8,15.36666667,0,12.4,0.5,1.79,Graduate,1.0,1.0,0.0,0.737857143,-2.3000000000000114,0,0,0,0
3113,1,17,4,9254,1,1,124.0,1,1,1,4,4,122.3,1,0,0,1,0,0,19,0,0,6,7,6,11.66666667,0,0,6,6,6,12.33333333,0,13.9,-0.3,0.79,Dropout,1.0,1.1666666666666667,0.0,0.5833333334999999,-1.7000000000000028,0,0,0,0
3114,1,1,1,9670,1,1,143.0,1,3,38,2,9,144.1,1,0,0,1,0,0,19,0,0,6,7,5,12.6,0,0,6,10,5,12.375,0,10.8,1.4,1.74,Enrolled,0.8333333333333334,1.1666666666666667,0.0,0.525,1.0999999999999943,0,0,0,0
3115,1,1,1,9773,1,1,128.0,1,1,19,9,7,118.2,0,0,0,1,0,0,19,0,0,6,6,6,11.66666667,0,0,6,6,6,11.5,0,12.7,3.7,-1.7,Graduate,1.0,1.0,0.0,0.5833333334999999,-9.799999999999997,0,0,0,0
3116,1,1,1,9238,1,1,138.0,1,19,38,5,8,133.5,0,0,0,1,0,1,19,0,0,6,6,6,15.0,0,0,6,6,6,13.33333333,0,8.9,1.4,3.51,Graduate,1.0,1.0,0.0,0.75,-4.5,0,0,0,0
3117,1,1,5,9500,1,1,144.0,1,37,37,7,9,126.8,1,0,1,0,0,0,18,0,0,7,0,0,0.0,0,0,8,0,0,0.0,0,9.4,-0.8,-3.12,Dropout,0.0,0.0,0.0,0.0,-17.200000000000003,0,0,1,0
3118,1,1,4,9773,1,1,122.0,1,19,19,9,7,121.0,1,0,0,1,0,0,20,0,0,6,7,6,13.57142857,0,0,6,6,6,13.33333333,0,13.9,-0.3,0.79,Graduate,1.0,1.1666666666666667,0.0,0.6785714285,-1.0,0,0,0,0
3119,1,17,1,9254,1,1,111.0,1,19,19,3,10,117.7,0,0,0,1,0,0,20,0,0,6,8,5,10.8,0,0,6,9,4,11.5,0,9.4,-0.8,-3.12,Graduate,0.8333333333333334,1.3333333333333333,0.0,0.45000000000000007,6.700000000000003,0,0,0,0
3120,1,1,1,9085,1,1,133.1,1,38,37,1,1,115.0,1,0,0,1,0,0,21,0,0,5,8,3,11.33333333,1,0,5,8,3,13.33333333,0,12.7,3.7,-1.7,Enrolled,0.6,1.6,0.2,0.33999999989999996,-18.099999999999994,0,0,0,0
3121,2,1,1,9991,0,2,120.0,1,37,37,6,3,129.2,0,0,0,1,0,0,31,0,4,10,16,5,11.4,0,4,10,10,6,12.83333333,0,9.4,-0.8,-3.12,Dropout,0.5,1.6,0.0,0.28500000000000003,9.199999999999989,0,0,0,1
3122,1,1,1,9556,1,1,135.0,1,37,38,7,9,125.8,0,0,0,1,0,1,20,0,0,7,14,7,10.64285714,0,0,8,8,8,11.55,0,12.7,3.7,-1.7,Graduate,1.0,2.0,0.0,0.532142857,-9.200000000000003,0,0,0,0
3123,1,17,5,9670,1,1,125.0,1,19,30,7,7,118.4,1,0,0,1,0,1,19,0,0,5,8,3,10.5,0,0,5,6,4,11.75,1,7.6,2.6,0.32,Enrolled,0.6,1.6,0.0,0.315,-6.599999999999994,0,0,0,0
3124,1,1,1,9500,1,1,147.0,1,38,38,9,9,142.0,1,0,0,1,0,0,18,0,0,7,7,6,14.65,0,0,7,7,6,14.65,0,7.6,2.6,0.32,Graduate,0.8571428571428571,1.0,0.0,0.6278571428571429,-5.0,0,0,0,0
3125,1,17,3,9500,1,1,137.0,1,19,37,7,7,126.7,1,0,0,1,0,1,19,0,0,7,7,7,13.71428571,0,0,8,11,8,14.86363636,0,16.2,0.3,-0.92,Graduate,1.0,1.0,0.0,0.6857142855,-10.299999999999997,0,0,0,0
3126,1,43,1,9238,1,1,117.0,1,34,34,0,0,109.3,0,0,0,1,0,0,30,0,9,16,19,15,12.26666667,0,11,13,14,13,12.07142857,0,9.4,-0.8,-3.12,Graduate,0.9375,1.1875,0.0,0.57500000015625,-7.700000000000003,0,0,0,1
3127,1,17,1,9238,1,1,126.0,1,37,19,9,8,116.9,1,0,0,1,0,0,21,0,0,6,11,6,10.375,0,0,6,12,3,11.66666667,0,12.7,3.7,-1.7,Enrolled,1.0,1.8333333333333333,0.0,0.51875,-9.099999999999994,0,0,0,0
3128,1,18,1,9147,1,1,128.0,1,19,19,9,5,121.7,1,0,0,1,0,0,19,0,0,5,8,5,11.0,0,0,5,6,5,15.4,0,12.4,0.5,1.79,Graduate,1.0,1.6,0.0,0.55,-6.299999999999997,0,0,0,0
3129,1,1,6,9147,1,1,115.0,1,1,37,4,9,117.1,1,0,1,1,0,0,22,0,0,5,5,5,13.8,0,0,5,5,5,13.0,0,7.6,2.6,0.32,Graduate,1.0,1.0,0.0,0.6900000000000001,2.0999999999999943,0,0,1,0
3130,1,1,1,9773,1,1,121.0,1,1,38,4,9,114.4,0,0,0,1,0,1,18,0,0,6,6,6,12.66666667,0,0,6,6,6,12.83333333,0,11.1,0.6,2.02,Graduate,1.0,1.0,0.0,0.6333333335,-6.599999999999994,0,0,0,0
3131,1,17,1,9238,1,1,134.0,1,3,1,3,4,133.0,1,0,0,1,0,0,18,0,0,6,8,6,11.75,0,0,6,10,5,12.0,0,12.7,3.7,-1.7,Graduate,1.0,1.3333333333333333,0.0,0.5875,-1.0,0,0,0,0
3132,1,1,3,9500,1,1,126.0,1,38,38,9,8,118.8,1,0,0,1,0,1,19,0,0,8,8,7,12.78571429,0,0,8,8,7,12.78571429,0,12.7,3.7,-1.7,Graduate,0.875,1.0,0.0,0.5593750001875,-7.200000000000003,0,0,0,0
3133,1,1,1,9130,1,1,151.0,1,3,1,2,4,151.0,1,0,0,1,0,0,18,0,0,6,11,6,14.44444444,0,0,6,6,6,13.33333333,0,16.2,0.3,-0.92,Graduate,1.0,1.8333333333333333,0.0,0.722222222,0.0,0,0,0,0
3134,1,1,6,9500,1,1,122.0,1,1,1,4,4,119.6,1,0,0,1,0,0,21,0,0,7,8,6,13.25,0,0,8,8,8,13.8375,0,13.9,-0.3,0.79,Enrolled,0.8571428571428571,1.1428571428571428,0.0,0.5678571428571428,-2.4000000000000057,0,0,0,0
3135,1,17,1,9500,1,1,141.0,1,2,38,2,10,135.4,1,0,0,1,0,0,18,0,0,7,9,7,12.50625,0,0,8,15,5,13.2,0,13.9,-0.3,0.79,Enrolled,1.0,1.2857142857142858,0.0,0.6253124999999999,-5.599999999999994,0,0,0,0
3136,1,1,1,171,1,1,138.0,1,1,40,4,3,149.9,1,0,0,1,0,0,20,0,0,0,0,0,0.0,0,0,0,0,0,0.0,0,11.1,0.6,2.02,Graduate,0.0,0.0,0.0,0.0,11.900000000000006,1,0,0,0
3137,1,1,1,9085,1,1,133.0,1,38,37,9,7,120.1,1,0,0,1,0,0,18,0,0,5,8,4,12.75,1,0,5,10,4,11.75,0,12.7,3.7,-1.7,Graduate,0.8,1.6,0.2,0.51,-12.900000000000006,0,0,0,0
3138,1,39,1,9085,1,3,150.0,1,2,3,4,7,173.3,1,0,0,1,0,0,25,0,1,6,7,6,16.85714286,0,1,6,6,6,16.5,0,13.9,-0.3,0.79,Graduate,1.0,1.1666666666666667,0.0,0.842857143,23.30000000000001,0,0,0,1
3139,1,1,1,9773,1,1,136.0,1,19,19,4,3,126.2,0,0,0,1,0,0,19,0,0,6,6,6,13.16666667,0,0,6,6,6,15.0,0,16.2,0.3,-0.92,Graduate,1.0,1.0,0.0,0.6583333335,-9.799999999999997,0,0,0,0
3140,1,1,1,9853,1,1,129.0,1,19,38,2,7,126.9,1,0,0,1,0,1,19,0,0,6,9,5,12.2,0,0,6,10,4,11.5,0,7.6,2.6,0.32,Enrolled,0.8333333333333334,1.5,0.0,0.5083333333333333,-2.0999999999999943,0,0,0,0
3141,1,39,1,9085,1,1,128.0,1,19,1,9,10,157.4,1,0,0,1,0,0,26,0,0,6,7,6,16.5,0,0,6,8,6,14.28571429,0,8.9,1.4,3.51,Graduate,1.0,1.1666666666666667,0.0,0.825,29.400000000000006,0,0,0,1
3142,1,17,2,9147,1,1,131.0,1,1,19,4,5,120.2,1,0,0,1,0,0,21,0,0,5,10,4,11.75,0,0,5,6,5,11.6,0,12.4,0.5,1.79,Graduate,0.8,2.0,0.0,0.47000000000000003,-10.799999999999997,0,0,0,0
3143,1,1,1,9147,1,1,130.0,1,38,38,2,9,124.8,0,0,0,1,0,0,19,0,0,5,14,1,11.0,0,0,5,6,0,0.0,0,13.9,-0.3,0.79,Dropout,0.2,2.8,0.0,0.11000000000000001,-5.200000000000003,0,0,0,0
3144,1,17,1,9500,1,1,150.0,1,37,37,9,9,130.3,0,0,0,1,0,1,19,0,0,8,8,7,15.11428571,0,0,8,8,7,15.11428571,0,12.7,3.7,-1.7,Graduate,0.875,1.0,0.0,0.6612499998125001,-19.69999999999999,0,0,0,0
3145,1,1,1,9238,1,1,165.0,1,37,38,9,8,152.4,1,0,0,1,0,1,18,0,0,6,8,6,15.5,0,0,6,7,6,14.28571429,0,16.2,0.3,-0.92,Graduate,1.0,1.3333333333333333,0.0,0.775,-12.599999999999994,0,0,0,0
3146,2,43,1,9991,0,1,133.1,1,37,37,9,7,113.5,0,0,0,1,0,1,32,0,3,10,12,7,11.14285714,0,4,10,10,8,12.0,0,10.8,1.4,1.74,Graduate,0.7,1.2,0.0,0.38999999989999995,-19.599999999999994,0,0,0,1
3147,1,1,1,9238,1,1,126.0,1,3,1,5,5,125.7,0,0,0,1,0,1,18,0,0,6,6,6,11.33333333,0,0,6,8,6,11.33333333,0,15.5,2.8,-4.06,Graduate,1.0,1.0,0.0,0.5666666665,-0.29999999999999716,0,0,0,0
3148,1,1,5,9500,1,1,101.0,1,1,1,3,4,102.4,0,0,0,1,0,0,20,0,0,7,9,5,12.04,0,0,7,9,6,11.77142857,0,12.4,0.5,1.79,Enrolled,0.7142857142857143,1.2857142857142858,0.0,0.43,1.4000000000000057,0,0,0,0
3149,1,17,3,9147,1,1,125.0,1,38,19,7,7,125.7,0,0,0,1,0,0,20,0,0,5,7,5,11.16666667,0,0,5,9,4,10.75,0,15.5,2.8,-4.06,Enrolled,1.0,1.4,0.0,0.5583333335,0.7000000000000028,0,0,0,0
3150,4,39,1,9670,1,1,100.0,1,37,37,4,10,120.0,0,0,1,1,0,1,39,0,0,5,6,5,10.6,0,0,5,7,4,10.75,0,9.4,-0.8,-3.12,Graduate,1.0,1.2,0.0,0.53,20.0,0,0,1,1
3151,1,1,1,9130,1,1,117.0,1,1,1,9,9,109.3,1,0,0,1,0,0,20,0,0,5,10,4,12.5,0,0,5,12,2,13.0,0,12.7,3.7,-1.7,Enrolled,0.8,2.0,0.0,0.5,-7.700000000000003,0,0,0,0
3152,1,1,1,171,1,1,159.0,1,3,1,4,4,162.2,1,0,1,0,0,0,18,0,0,0,0,0,0.0,0,0,0,0,0,0.0,0,12.4,0.5,1.79,Dropout,0.0,0.0,0.0,0.0,3.1999999999999886,1,0,1,0
3153,1,17,1,9773,1,1,177.0,1,2,1,123,135,155.7,0,0,1,1,0,1,18,0,0,6,6,6,15.66666667,0,0,6,6,6,13.83333333,0,8.9,1.4,3.51,Graduate,1.0,1.0,0.0,0.7833333335,-21.30000000000001,0,0,1,0
3154,1,1,1,171,1,1,156.0,1,3,3,2,2,147.7,1,0,0,1,0,0,21,0,6,12,12,12,15.33333333,0,4,11,15,11,15.0,0,8.9,1.4,3.51,Graduate,1.0,1.0,0.0,0.7666666665,-8.300000000000011,0,0,0,0
3155,1,1,5,9500,1,1,125.0,1,1,1,3,8,115.6,1,0,0,1,0,0,18,0,0,7,9,6,12.18333333,0,0,7,9,6,11.78333333,0,16.2,0.3,-0.92,Enrolled,0.8571428571428571,1.2857142857142858,0.0,0.522142857,-9.400000000000006,0,0,0,0
3156,1,1,2,9147,1,1,130.0,1,37,37,9,9,117.8,0,0,0,1,0,0,18,0,0,5,8,2,10.0,0,0,5,9,3,11.33333333,0,7.6,2.6,0.32,Enrolled,0.4,1.6,0.0,0.2,-12.200000000000003,0,0,0,0
3157,1,43,1,9003,1,1,125.0,1,1,38,4,7,125.0,1,0,0,1,0,0,21,0,9,14,23,9,12.0,2,6,12,21,8,11.25,0,15.5,2.8,-4.06,Graduate,0.6428571428571429,1.6428571428571428,0.14285714285714285,0.38571428571428573,0.0,0,0,0,0
3158,1,1,1,9147,1,1,127.0,1,19,19,5,5,129.8,1,0,0,1,0,0,22,0,0,5,8,3,10.33333333,0,0,5,11,2,10.0,0,7.6,2.6,0.32,Dropout,0.6,1.6,0.0,0.3099999999,2.8000000000000114,0,0,0,0
3159,1,17,1,9254,1,1,121.0,1,1,1,4,4,123.1,1,0,0,1,1,0,21,0,0,6,11,6,11.16666667,0,0,6,14,3,14.66666667,0,7.6,2.6,0.32,Enrolled,1.0,1.8333333333333333,0.0,0.5583333335,2.0999999999999943,0,0,0,0
3160,1,43,1,9070,1,1,135.0,1,19,19,9,9,122.8,1,0,0,1,1,1,20,0,0,6,8,3,11.0,0,0,6,8,2,11.33333333,0,10.8,1.4,1.74,Enrolled,0.5,1.3333333333333333,0.0,0.275,-12.200000000000003,0,0,0,0
3161,1,1,2,171,1,1,125.0,1,38,19,9,9,117.3,1,0,0,1,1,1,21,0,0,0,0,0,0.0,0,0,0,0,0,0.0,0,10.8,1.4,1.74,Graduate,0.0,0.0,0.0,0.0,-7.700000000000003,1,0,0,0
3162,1,1,1,9254,1,1,138.0,41,1,1,9,9,126.5,1,0,0,1,0,1,20,1,0,6,7,6,12.85714286,0,0,6,8,5,11.8,0,8.9,1.4,3.51,Graduate,1.0,1.1666666666666667,0.0,0.642857143,-11.5,0,0,0,0
3163,1,1,4,9500,1,1,136.0,1,19,38,9,9,123.0,1,0,0,1,0,0,19,0,0,8,8,7,14.32857143,0,0,8,8,7,14.32857143,0,10.8,1.4,1.74,Graduate,0.875,1.0,0.0,0.6268750000625001,-13.0,0,0,0,0
3164,1,1,1,9238,1,1,142.0,1,1,38,5,7,127.7,0,0,0,1,0,1,20,0,0,6,7,6,15.0,0,0,6,6,6,16.33333333,0,13.9,-0.3,0.79,Graduate,1.0,1.1666666666666667,0.0,0.75,-14.299999999999997,0,0,0,0
3165,1,1,1,9085,1,1,129.0,1,19,37,9,9,117.5,1,0,0,1,0,0,19,0,0,5,9,5,13.6,1,0,5,5,5,12.4,0,12.7,3.7,-1.7,Graduate,1.0,1.8,0.2,0.6799999999999999,-11.5,0,0,0,0
3166,1,1,1,9085,1,1,134.0,1,1,1,2,7,128.4,1,0,0,1,0,1,18,0,0,5,12,5,12.85714286,2,0,5,8,4,13.25,0,9.4,-0.8,-3.12,Graduate,1.0,2.4,0.4,0.642857143,-5.599999999999994,0,0,0,0
3167,1,17,2,9853,1,1,123.0,1,3,1,2,3,124.1,1,0,0,1,0,0,18,0,0,6,7,2,14.5,0,0,6,6,1,10.0,0,15.5,2.8,-4.06,Dropout,0.3333333333333333,1.1666666666666667,0.0,0.24166666666666664,1.0999999999999943,0,0,0,0
3168,1,39,1,9991,0,1,150.0,1,19,38,9,8,140.9,0,1,0,1,0,0,24,0,0,5,7,3,10.66666667,0,0,5,7,3,10.5,0,10.8,1.4,1.74,Dropout,0.6,1.4,0.0,0.3200000001,-9.099999999999994,0,0,0,0
3169,1,1,1,9254,1,1,129.0,1,1,1,4,2,126.2,0,0,1,0,0,1,21,0,0,6,7,6,13.42857143,0,0,6,8,6,11.33333333,0,8.9,1.4,3.51,Dropout,1.0,1.1666666666666667,0.0,0.6714285715,-2.799999999999997,0,0,1,0
3170,1,1,3,9500,1,1,134.0,1,1,37,8,7,120.5,1,0,0,1,1,1,18,0,0,7,12,7,11.71666667,0,0,8,13,4,10.868,0,15.5,2.8,-4.06,Graduate,1.0,1.7142857142857142,0.0,0.5858333335,-13.5,0,0,0,0
3171,1,17,1,9147,1,1,127.0,1,1,37,4,8,121.1,1,0,0,1,1,1,20,0,0,5,11,4,12.0,0,0,5,5,5,12.8,0,11.1,0.6,2.02,Graduate,0.8,2.2,0.0,0.48,-5.900000000000006,0,0,0,0
3172,1,18,2,9853,1,1,123.0,1,1,3,9,2,123.7,1,0,1,0,0,0,20,0,0,6,11,5,13.2,0,0,6,8,4,10.75,0,10.8,1.4,1.74,Dropout,0.8333333333333334,1.8333333333333333,0.0,0.5499999999999999,0.7000000000000028,0,0,1,0
3173,1,17,3,9254,1,1,127.0,1,12,38,5,7,116.9,1,0,1,1,0,0,18,0,0,6,7,5,12.2,0,0,6,10,4,12.25,0,12.4,0.5,1.79,Dropout,0.8333333333333334,1.1666666666666667,0.0,0.5083333333333333,-10.099999999999994,0,0,1,0
3174,1,39,1,9556,1,1,133.1,1,38,19,9,6,100.0,1,0,0,1,0,1,25,0,0,7,11,5,12.58,0,0,7,9,6,12.15714286,0,8.9,1.4,3.51,Graduate,0.7142857142857143,1.5714285714285714,0.0,0.4492857142857143,-33.099999999999994,0,0,0,1
3175,1,17,5,9238,1,1,131.0,1,19,37,5,7,120.2,1,0,0,1,0,1,19,0,0,6,9,5,11.33333333,0,0,6,6,6,10.83333333,0,13.9,-0.3,0.79,Enrolled,0.8333333333333334,1.5,0.0,0.4722222220833333,-10.799999999999997,0,0,0,0
3176,2,39,1,33,1,1,120.0,1,38,1,9,5,153.8,0,0,1,1,1,0,35,0,0,7,9,0,0.0,0,0,7,8,0,0.0,0,11.1,0.6,2.02,Dropout,0.0,1.2857142857142858,0.0,0.0,33.80000000000001,0,0,1,1
3177,1,1,4,9500,1,1,133.0,1,19,19,9,5,120.1,1,0,0,1,0,1,19,0,0,7,9,6,12.42857143,0,0,8,8,8,14.0,0,13.9,-0.3,0.79,Graduate,0.8571428571428571,1.2857142857142858,0.0,0.5326530612857142,-12.900000000000006,0,0,0,0
3178,1,1,1,9670,1,1,133.0,1,38,38,9,9,128.1,1,0,0,1,1,1,18,0,0,6,6,6,13.0,0,0,6,6,6,13.0,0,13.9,-0.3,0.79,Dropout,1.0,1.0,0.0,0.65,-4.900000000000006,0,0,0,0
3179,1,1,1,9500,1,1,143.0,1,3,19,3,10,126.8,0,0,0,1,1,0,19,0,0,8,8,7,14.53571429,0,0,8,8,7,14.53571429,0,10.8,1.4,1.74,Graduate,0.875,1.0,0.0,0.6359375001875,-16.200000000000003,0,0,0,0
3180,1,43,1,9500,1,1,140.0,1,19,38,9,7,125.7,1,0,0,1,1,1,19,0,0,7,8,5,11.2,0,0,7,8,5,11.2,0,7.6,2.6,0.32,Enrolled,0.7142857142857143,1.1428571428571428,0.0,0.39999999999999997,-14.299999999999997,0,0,0,0
3181,1,17,1,9070,1,1,157.0,1,3,3,3,3,146.2,0,0,0,1,1,0,18,0,0,6,6,6,16.0,0,0,6,6,6,13.66666667,0,12.4,0.5,1.79,Graduate,1.0,1.0,0.0,0.8,-10.800000000000011,0,0,0,0
3182,1,39,1,9130,1,19,133.1,1,19,3,9,2,140.0,1,0,1,1,1,0,24,0,0,6,13,5,13.14285714,0,0,6,15,3,12.66666667,0,16.2,0.3,-0.92,Dropout,0.8333333333333334,2.1666666666666665,0.0,0.5476190475,6.900000000000006,0,0,1,0
3183,1,43,1,8014,0,1,145.0,6,34,34,0,0,134.5,1,0,0,1,1,0,25,1,8,14,23,11,11.6875,0,6,10,20,8,11.14285714,0,9.4,-0.8,-3.12,Graduate,0.7857142857142857,1.6428571428571428,0.0,0.45915178571428567,-10.5,0,0,0,1
3184,1,39,1,9119,1,1,130.0,1,37,3,9,3,137.0,1,0,0,1,1,0,28,0,0,5,11,4,10.5,0,0,5,12,4,11.0,4,7.6,2.6,0.32,Enrolled,0.8,2.2,0.0,0.42000000000000004,7.0,0,0,0,1
3185,1,1,1,9085,1,1,111.0,1,1,38,5,9,107.5,0,0,0,1,1,1,19,0,0,6,9,6,13.83333333,0,0,6,12,5,13.66666667,0,11.1,0.6,2.02,Graduate,1.0,1.5,0.0,0.6916666665,-3.5,0,0,0,0
3186,1,17,2,9119,1,1,116.0,1,19,1,9,7,112.2,0,0,0,1,1,0,19,0,0,5,0,0,0.0,0,0,5,0,0,0.0,0,16.2,0.3,-0.92,Dropout,0.0,0.0,0.0,0.0,-3.799999999999997,0,0,0,0
3187,1,39,1,9130,1,10,133.1,1,12,36,90,90,128.2,0,0,0,0,1,1,30,0,0,5,13,0,0.0,3,0,5,5,0,0.0,5,9.4,-0.8,-3.12,Dropout,0.0,2.6,0.6,0.0,-4.900000000000006,0,0,1,1
3188,1,1,1,9500,1,1,135.0,1,19,19,4,5,126.8,1,0,0,1,1,0,19,0,0,7,9,0,0.0,0,0,7,8,0,0.0,0,15.5,2.8,-4.06,Dropout,0.0,1.2857142857142858,0.0,0.0,-8.200000000000003,0,0,0,0
3189,1,17,1,9147,1,1,145.0,1,19,38,4,4,132.1,1,0,0,1,1,0,21,0,0,5,10,1,10.0,0,0,5,5,0,0.0,0,11.1,0.6,2.02,Dropout,0.2,2.0,0.0,0.1,-12.900000000000006,0,0,0,0
3190,1,1,1,171,1,1,118.0,1,37,37,3,5,110.0,0,0,0,1,1,0,19,0,0,0,0,0,0.0,0,0,0,0,0,0.0,0,13.9,-0.3,0.79,Dropout,0.0,0.0,0.0,0.0,-8.0,1,0,0,0
3191,1,39,1,9003,1,1,130.0,1,19,19,9,5,100.0,0,0,0,0,1,0,29,0,0,6,9,0,0.0,0,0,6,6,0,0.0,0,13.9,-0.3,0.79,Dropout,0.0,1.5,0.0,0.0,-30.0,0,0,1,1
3192,1,1,1,9670,1,1,115.0,1,19,37,9,9,114.3,0,0,0,1,1,0,18,0,0,6,7,4,12.6,0,0,6,6,4,13.0,0,12.4,0.5,1.79,Dropout,0.6666666666666666,1.1666666666666667,0.0,0.42,-0.7000000000000028,0,0,0,0
3193,1,1,2,9147,1,1,122.0,1,1,38,4,5,116.4,0,0,0,1,1,0,21,0,0,5,10,3,11.25,0,0,5,9,3,11.0,0,15.5,2.8,-4.06,Enrolled,0.6,2.0,0.0,0.33749999999999997,-5.599999999999994,0,0,0,0
3194,1,42,1,9070,1,1,120.0,1,3,2,3,1,116.9,0,0,0,1,1,0,20,0,6,7,13,7,12.375,0,4,7,8,4,11.25,0,13.9,-0.3,0.79,Dropout,1.0,1.8571428571428572,0.0,0.61875,-3.0999999999999943,0,0,0,0
3195,1,51,1,9991,0,1,120.0,1,38,3,5,3,128.2,0,0,1,1,1,0,24,0,3,10,15,7,10.71428571,0,3,10,11,9,12.55555556,0,12.4,0.5,1.79,Enrolled,0.7,1.5,0.0,0.37499999985,8.199999999999989,0,0,1,0
3196,1,17,2,9773,1,1,120.0,1,1,1,2,5,127.0,1,0,0,0,1,0,18,0,0,6,6,0,0.0,0,0,6,0,0,0.0,0,8.9,1.4,3.51,Dropout,0.0,1.0,0.0,0.0,7.0,0,0,1,0
3197,1,42,1,9003,1,1,140.0,1,1,3,4,2,140.0,1,0,0,1,1,0,23,0,0,6,14,5,12.0,0,0,6,12,5,12.14285714,0,15.5,2.8,-4.06,Enrolled,0.8333333333333334,2.3333333333333335,0.0,0.5,0.0,0,0,0,0
3198,1,1,6,9147,1,1,127.0,1,1,19,1,6,120.0,1,0,0,1,1,0,19,0,0,5,6,5,12.6,0,0,5,8,3,12.66666667,0,8.9,1.4,3.51,Graduate,1.0,1.2,0.0,0.63,-7.0,0,0,0,0
3199,1,7,1,9254,1,3,110.0,1,19,19,3,3,110.0,0,0,0,1,1,0,35,0,0,6,7,0,0.0,0,0,6,6,0,0.0,0,16.2,0.3,-0.92,Dropout,0.0,1.1666666666666667,0.0,0.0,0.0,0,0,0,1
3200,1,1,1,9500,1,1,148.0,1,1,1,9,9,127.0,1,0,0,1,1,0,20,0,0,8,8,7,12.84142857,0,0,8,8,7,12.84142857,0,10.8,1.4,1.74,Graduate,0.875,1.0,0.0,0.5618124999375,-21.0,0,0,0,0
3201,2,39,1,9238,1,42,170.0,1,19,38,8,8,159.5,0,0,0,1,1,0,33,0,0,6,6,0,0.0,0,0,5,5,0,0.0,0,8.9,1.4,3.51,Dropout,0.0,1.0,0.0,0.0,-10.5,0,0,0,1
3202,1,1,1,9773,1,1,146.0,1,1,3,4,1,135.2,1,0,0,1,1,0,18,0,0,6,7,6,14.16666667,0,0,6,6,6,12.83333333,0,9.4,-0.8,-3.12,Graduate,1.0,1.1666666666666667,0.0,0.7083333334999999,-10.800000000000011,0,0,0,0
3203,1,1,1,9773,1,1,127.0,1,5,3,4,4,122.8,1,0,0,1,1,0,20,0,0,6,7,6,12.16666667,0,0,6,9,3,12.0,0,12.4,0.5,1.79,Enrolled,1.0,1.1666666666666667,0.0,0.6083333335,-4.200000000000003,0,0,0,0
3204,1,17,1,9773,1,1,125.0,1,3,3,2,3,118.0,1,0,0,1,1,0,19,0,0,6,12,4,10.8,0,0,6,14,3,11.0,0,13.9,-0.3,0.79,Dropout,0.6666666666666666,2.0,0.0,0.36,-7.0,0,0,0,0
3205,1,17,5,9773,1,1,139.0,1,38,1,4,4,123.6,1,0,0,1,1,0,18,0,0,6,6,6,13.0,0,0,6,12,0,0.0,0,7.6,2.6,0.32,Dropout,1.0,1.0,0.0,0.65,-15.400000000000006,0,0,0,0
3206,1,39,1,9991,0,1,133.1,1,37,37,7,9,111.0,0,0,0,0,1,0,28,0,0,5,0,0,0.0,0,0,5,0,0,0.0,0,8.9,1.4,3.51,Dropout,0.0,0.0,0.0,0.0,-22.099999999999994,0,0,1,1
3207,1,1,1,9147,1,1,146.0,1,5,1,1,5,144.6,0,0,0,1,1,0,18,0,0,5,5,5,13.0,0,0,5,6,5,13.33333333,0,16.2,0.3,-0.92,Graduate,1.0,1.0,0.0,0.65,-1.4000000000000057,0,0,0,0
3208,1,1,1,9773,1,1,109.0,1,2,3,3,3,111.8,1,0,1,1,1,0,25,0,0,6,8,6,11.57142857,0,0,6,9,6,11.57142857,0,15.5,2.8,-4.06,Dropout,1.0,1.3333333333333333,0.0,0.5785714285,2.799999999999997,0,0,1,1
3209,1,1,1,9238,1,1,135.0,1,1,38,4,6,122.1,0,1,1,0,1,0,19,0,0,6,6,4,11.5,0,0,6,6,5,11.0,0,8.9,1.4,3.51,Dropout,0.6666666666666666,1.0,0.0,0.3833333333333333,-12.900000000000006,0,0,1,0
3210,1,18,2,9070,1,1,122.0,1,38,19,5,5,119.9,0,0,0,1,1,0,18,0,0,6,8,5,11.0,0,0,6,6,4,10.75,0,9.4,-0.8,-3.12,Graduate,0.8333333333333334,1.3333333333333333,0.0,0.45833333333333337,-2.0999999999999943,0,0,0,0
3211,1,7,1,9003,1,3,130.0,1,3,3,6,2,130.0,1,0,0,1,1,0,29,0,1,6,10,6,17.11111111,0,2,6,9,6,15.57142857,0,13.9,-0.3,0.79,Graduate,1.0,1.6666666666666667,0.0,0.8555555555,0.0,0,0,0,1
3212,1,1,1,171,1,1,124.0,1,2,2,3,2,118.4,1,0,0,1,1,0,18,0,0,0,0,0,0.0,0,0,0,0,0,0.0,0,7.6,2.6,0.32,Enrolled,0.0,0.0,0.0,0.0,-5.599999999999994,1,0,0,0
3213,1,1,1,9254,1,1,115.0,1,3,2,4,5,112.6,0,0,0,1,1,1,20,0,0,6,9,6,12.57142857,0,0,6,6,6,12.16666667,0,8.9,1.4,3.51,Graduate,1.0,1.5,0.0,0.6285714285,-2.4000000000000057,0,0,0,0
3214,1,44,1,9003,1,39,150.0,1,3,19,2,6,150.0,0,0,0,1,1,0,20,0,0,6,6,0,0.0,0,0,6,8,0,0.0,0,15.5,2.8,-4.06,Dropout,0.0,1.0,0.0,0.0,0.0,0,0,0,0
3215,1,1,4,9070,1,1,170.0,1,3,3,2,2,165.8,1,0,0,1,1,0,18,0,0,6,7,6,14.5,0,0,6,6,6,15.16666667,0,9.4,-0.8,-3.12,Graduate,1.0,1.1666666666666667,0.0,0.725,-4.199999999999989,0,0,0,0
3216,1,1,6,9254,1,1,102.0,1,3,1,2,2,101.7,1,0,0,1,1,1,21,0,0,6,6,6,13.5,0,0,6,6,6,12.33333333,0,12.4,0.5,1.79,Graduate,1.0,1.0,0.0,0.675,-0.29999999999999716,0,0,0,0
3217,1,17,2,9254,1,1,140.0,1,3,3,2,2,124.3,0,0,0,0,1,0,18,0,0,6,9,5,11.2,0,0,6,14,2,10.0,0,9.4,-0.8,-3.12,Dropout,0.8333333333333334,1.5,0.0,0.4666666666666666,-15.700000000000003,0,0,1,0
3218,1,1,5,9119,1,1,135.0,1,37,37,90,90,122.1,1,0,0,1,1,0,20,0,0,5,10,3,10.66666667,0,0,5,5,4,12.25,0,7.6,2.6,0.32,Graduate,0.6,2.0,0.0,0.3200000001,-12.900000000000006,0,0,0,0
3219,1,43,1,8014,0,1,148.0,1,37,37,9,9,134.7,0,0,0,1,0,0,23,0,9,13,15,9,11.0,0,4,11,12,7,11.57142857,0,15.5,2.8,-4.06,Enrolled,0.6923076923076923,1.1538461538461537,0.0,0.3807692307692308,-13.300000000000011,0,0,0,0
3220,1,39,1,9991,0,1,140.0,1,1,37,9,8,154.5,0,0,0,1,0,0,26,0,0,1,2,0,0.0,0,0,5,8,0,0.0,0,16.2,0.3,-0.92,Dropout,0.0,2.0,0.0,0.0,14.5,0,0,0,1
3221,1,17,3,9670,1,1,147.0,1,37,37,8,8,128.8,0,0,1,1,0,0,19,0,0,5,5,1,10.0,0,0,5,5,0,0.0,0,9.4,-0.8,-3.12,Dropout,0.2,1.0,0.0,0.1,-18.19999999999999,0,0,1,0
3222,1,39,1,9556,1,1,140.0,1,37,38,9,9,106.0,1,0,1,0,0,1,24,0,0,7,14,5,12.36,0,1,8,15,5,12.0,0,8.9,1.4,3.51,Dropout,0.7142857142857143,2.0,0.0,0.44142857142857145,-34.0,0,0,1,0
3223,1,1,1,9670,1,1,157.0,1,19,38,9,7,146.2,1,0,0,1,0,1,20,0,0,6,8,6,15.25,0,0,6,7,6,14.71428571,0,11.1,0.6,2.02,Graduate,1.0,1.3333333333333333,0.0,0.7625,-10.800000000000011,0,0,0,0
3224,1,17,1,9991,0,1,120.0,1,38,3,9,3,116.9,1,0,1,0,0,0,26,0,0,5,5,0,0.0,0,0,5,6,0,0.0,0,10.8,1.4,1.74,Dropout,0.0,1.0,0.0,0.0,-3.0999999999999943,0,0,1,1
3225,1,39,1,9147,1,12,133.1,1,19,37,7,9,118.2,0,0,0,1,0,0,31,0,0,5,8,1,13.0,2,0,5,9,4,12.25,0,10.8,1.4,1.74,Dropout,0.2,1.6,0.4,0.13,-14.899999999999991,0,0,0,1
3226,2,43,1,9500,1,1,140.0,1,37,37,9,10,105.7,1,0,0,1,0,0,27,0,0,8,8,8,13.81375,0,0,8,8,8,13.81375,0,9.4,-0.8,-3.12,Graduate,1.0,1.0,0.0,0.6906875,-34.3,0,0,0,1
3227,1,1,1,9085,1,1,130.0,1,19,38,9,9,126.9,0,0,1,1,0,0,24,0,0,6,8,6,13.28571429,0,0,6,13,6,12.875,0,11.1,0.6,2.02,Graduate,1.0,1.3333333333333333,0.0,0.6642857145,-3.0999999999999943,0,0,1,0
3228,1,44,1,9085,1,39,150.0,1,19,38,194,193,150.0,1,0,0,1,0,0,23,0,0,6,11,4,11.5,0,0,6,12,4,12.2,0,8.9,1.4,3.51,Enrolled,0.6666666666666666,1.8333333333333333,0.0,0.3833333333333333,0.0,0,0,0,0
3229,1,1,2,9500,1,1,115.0,1,38,38,9,8,108.4,1,0,0,1,0,1,20,0,0,7,8,7,11.9625,0,0,8,9,8,13.04444444,0,13.9,-0.3,0.79,Graduate,1.0,1.1428571428571428,0.0,0.598125,-6.599999999999994,0,0,0,0
3230,1,1,6,9500,1,1,118.0,1,38,38,5,5,114.2,1,0,0,1,0,0,20,0,0,7,9,6,13.68333333,0,0,8,11,6,13.11666667,0,11.1,0.6,2.02,Graduate,0.8571428571428571,1.2857142857142858,0.0,0.5864285712857142,-3.799999999999997,0,0,0,0
3231,1,39,1,9500,1,1,130.0,1,38,1,9,4,140.0,1,0,0,1,0,0,24,0,0,8,8,7,14.98571429,0,0,8,8,7,14.98571429,0,12.7,3.7,-1.7,Graduate,0.875,1.0,0.0,0.6556250001875,10.0,0,0,0,0
3232,2,39,1,9147,1,1,130.0,1,37,37,9,9,142.5,0,0,0,1,0,0,39,0,0,5,8,4,11.25,0,0,5,8,4,11.5,0,11.1,0.6,2.02,Enrolled,0.8,1.6,0.0,0.45,12.5,0,0,0,1
3233,1,1,2,9773,1,1,130.0,1,19,38,3,9,126.5,1,0,0,1,0,0,18,0,0,6,8,4,12.5,0,0,6,6,5,12.6,0,12.7,3.7,-1.7,Graduate,0.6666666666666666,1.3333333333333333,0.0,0.41666666666666663,-3.5,0,0,0,0
3234,1,17,3,9085,1,1,120.0,1,37,38,9,9,111.3,0,0,0,1,0,0,20,0,0,6,0,0,0.0,0,0,6,0,0,0.0,0,11.1,0.6,2.02,Dropout,0.0,0.0,0.0,0.0,-8.700000000000003,0,0,0,0
3235,1,1,2,9500,1,1,130.0,1,1,1,4,3,125.1,1,0,0,1,0,0,18,0,0,7,10,7,13.78,0,0,8,10,8,13.661,0,15.5,2.8,-4.06,Graduate,1.0,1.4285714285714286,0.0,0.689,-4.900000000000006,0,0,0,0
3236,1,1,2,9500,1,1,141.0,1,37,37,9,7,126.3,1,0,0,1,0,0,19,0,0,7,10,7,13.805,0,0,8,8,8,14.2725,0,15.5,2.8,-4.06,Graduate,1.0,1.4285714285714286,0.0,0.69025,-14.700000000000003,0,0,0,0
3237,1,17,1,9085,1,1,138.0,1,1,19,4,9,142.2,1,0,0,1,0,0,18,0,0,5,7,5,13.8,0,0,5,5,5,12.6,0,10.8,1.4,1.74,Graduate,1.0,1.4,0.0,0.6900000000000001,4.199999999999989,0,0,0,0
3238,1,1,1,9670,1,1,113.0,1,37,19,9,9,110.2,1,0,0,1,0,0,22,0,0,5,7,3,12.66666667,0,0,5,6,4,12.0,0,7.6,2.6,0.32,Enrolled,0.6,1.4,0.0,0.38000000009999996,-2.799999999999997,0,0,0,0
3239,1,17,4,9500,1,1,135.0,1,1,1,4,4,127.0,1,0,0,1,0,0,18,0,0,7,7,7,14.42428571,0,0,8,8,8,13.9375,0,11.1,0.6,2.02,Graduate,1.0,1.0,0.0,0.7212142855,-8.0,0,0,0,0
3240,1,1,1,9238,1,1,137.0,1,3,1,4,9,128.6,0,0,0,1,0,1,18,0,0,6,7,6,13.16666667,0,0,6,6,6,12.5,0,12.4,0.5,1.79,Graduate,1.0,1.1666666666666667,0.0,0.6583333335,-8.400000000000006,0,0,0,0
3241,4,39,1,9991,0,1,133.1,1,37,37,9,9,130.4,0,0,0,1,0,0,30,0,0,5,10,3,10.66666667,0,0,5,8,5,10.4,0,12.7,3.7,-1.7,Enrolled,0.6,2.0,0.0,0.3200000001,-2.6999999999999886,0,0,0,1
3242,2,43,1,9238,1,12,100.0,1,37,37,9,9,134.4,0,0,0,1,0,0,34,0,9,16,20,14,12.07142857,1,11,13,13,11,12.27272727,0,7.6,2.6,0.32,Graduate,0.875,1.25,0.0625,0.5281249999375,34.400000000000006,0,0,0,1
3243,1,39,1,8014,0,19,133.1,1,37,37,9,9,100.0,0,0,0,1,0,0,38,0,0,6,10,3,10.25,0,0,6,7,1,12.0,0,13.9,-0.3,0.79,Dropout,0.5,1.6666666666666667,0.0,0.25625,-33.099999999999994,0,0,0,1
3244,1,1,1,9500,1,1,142.0,1,37,19,7,7,133.0,1,0,0,1,0,1,19,0,0,8,8,8,14.11,0,0,8,8,8,14.11,0,9.4,-0.8,-3.12,Graduate,1.0,1.0,0.0,0.7055,-9.0,0,0,0,0
3245,1,17,3,9853,1,1,140.0,1,38,38,5,7,126.7,1,0,0,1,0,0,19,0,0,6,9,5,12.4,0,0,6,10,3,10.66666667,0,10.8,1.4,1.74,Dropout,0.8333333333333334,1.5,0.0,0.5166666666666667,-13.299999999999997,0,0,0,0
3246,1,43,1,9773,1,1,129.0,1,1,1,4,8,129.0,0,0,0,0,0,0,21,0,0,6,7,6,12.0,0,0,6,6,6,12.0,0,10.8,1.4,1.74,Dropout,1.0,1.1666666666666667,0.0,0.6,0.0,0,0,1,0
3247,1,17,1,9773,1,1,141.0,1,2,3,2,2,133.7,1,0,0,1,0,1,18,0,0,6,6,6,14.83333333,0,0,6,6,6,13.5,0,11.1,0.6,2.02,Graduate,1.0,1.0,0.0,0.7416666665,-7.300000000000011,0,0,0,0
3248,1,17,5,9085,1,1,118.0,1,1,38,4,7,122.2,1,0,0,1,0,1,20,0,0,6,7,6,15.42857143,0,0,6,7,6,13.5,0,13.9,-0.3,0.79,Graduate,1.0,1.1666666666666667,0.0,0.7714285715,4.200000000000003,0,0,0,0
3249,1,17,5,9147,1,1,131.0,1,37,38,5,5,128.9,0,0,0,1,0,1,18,0,0,5,7,5,11.6,0,0,5,11,5,11.4,4,16.2,0.3,-0.92,Graduate,1.0,1.4,0.0,0.58,-2.0999999999999943,0,0,0,0
3250,1,1,3,9070,1,1,161.0,1,38,37,5,5,154.4,1,0,0,1,0,0,18,0,0,6,6,6,14.16666667,0,0,6,6,6,14.0,0,16.2,0.3,-0.92,Graduate,1.0,1.0,0.0,0.7083333334999999,-6.599999999999994,0,0,0,0
3251,1,7,1,9556,1,2,130.0,1,37,37,9,9,130.0,1,0,0,1,0,1,36,0,0,7,9,1,9.8,0,0,7,7,0,0.0,0,12.7,3.7,-1.7,Dropout,0.14285714285714285,1.2857142857142858,0.0,0.07,0.0,0,0,0,1
3252,1,17,4,9147,1,1,121.0,1,38,37,6,7,113.0,1,0,0,1,0,1,18,0,0,5,12,4,10.71428571,0,0,5,9,4,11.0,0,13.9,-0.3,0.79,Graduate,0.8,2.4,0.0,0.4285714284,-8.0,0,0,0,0
3253,1,43,1,9130,1,6,133.1,1,1,29,4,90,123.3,1,0,0,1,0,1,21,0,0,5,7,0,0.0,0,0,5,5,0,0.0,0,7.6,2.6,0.32,Dropout,0.0,1.4,0.0,0.0,-9.799999999999997,0,0,0,0
3254,1,44,1,9130,1,39,130.0,1,1,3,9,2,130.0,1,0,1,1,0,1,21,0,1,6,13,3,12.33333333,0,1,6,12,1,13.0,0,13.9,-0.3,0.79,Dropout,0.5,2.1666666666666665,0.0,0.30833333325,0.0,0,0,1,0
3255,1,15,1,9085,1,1,133.1,41,3,3,4,2,101.3,0,0,0,1,0,0,18,1,0,6,13,6,13.0,0,0,6,15,6,12.25,0,11.1,0.6,2.02,Graduate,1.0,2.1666666666666665,0.0,0.65,-31.799999999999997,0,0,0,0
3256,1,17,6,9670,1,1,120.0,1,1,14,4,5,113.7,1,0,0,1,0,0,18,0,0,5,7,4,11.4,0,0,5,5,4,11.25,0,9.4,-0.8,-3.12,Graduate,0.8,1.4,0.0,0.45600000000000007,-6.299999999999997,0,0,0,0
3257,1,1,2,9500,1,1,140.0,1,38,38,9,7,138.8,1,0,0,1,0,0,19,0,0,7,7,6,12.76666667,0,0,7,7,6,12.76666667,0,7.6,2.6,0.32,Graduate,0.8571428571428571,1.0,0.0,0.5471428572857142,-1.1999999999999886,0,0,0,0
3258,2,39,1,9003,1,19,133.1,1,37,19,9,4,140.0,0,0,1,1,0,0,29,0,0,6,11,5,12.6,0,0,6,6,6,12.66666667,0,11.1,0.6,2.02,Graduate,0.8333333333333334,1.8333333333333333,0.0,0.525,6.900000000000006,0,0,1,1
3259,1,44,1,9147,1,39,130.0,1,19,1,9,3,130.0,0,0,0,1,0,1,20,0,4,7,8,7,13.0,0,2,5,5,5,13.4,0,11.1,0.6,2.02,Graduate,1.0,1.1428571428571428,0.0,0.65,0.0,0,0,0,0
3260,1,17,2,9500,1,1,140.0,1,37,37,9,9,132.5,1,0,0,1,0,0,18,0,0,7,7,6,14.31666667,0,0,7,7,6,14.31666667,0,7.6,2.6,0.32,Graduate,0.8571428571428571,1.0,0.0,0.6135714287142857,-7.5,0,0,0,0
3261,1,1,1,9085,1,1,124.0,1,2,1,4,10,117.4,1,0,0,1,0,0,19,0,0,5,7,4,12.75,0,0,5,5,5,12.0,0,10.8,1.4,1.74,Graduate,0.8,1.4,0.0,0.51,-6.599999999999994,0,0,0,0
3262,1,1,3,9147,1,1,115.0,1,1,38,3,8,109.8,1,0,0,1,0,1,19,0,0,5,5,5,13.4,0,0,5,5,5,12.6,0,8.9,1.4,3.51,Graduate,1.0,1.0,0.0,0.67,-5.200000000000003,0,0,0,0
3263,1,39,1,8014,0,1,100.0,1,12,5,9,4,116.5,0,0,1,0,0,0,37,0,0,6,6,0,0.0,0,0,5,5,0,0.0,0,8.9,1.4,3.51,Dropout,0.0,1.0,0.0,0.0,16.5,0,0,1,1
3264,1,1,2,9085,1,1,162.0,1,37,1,9,9,165.2,1,0,0,1,0,1,18,0,0,5,6,4,15.75,0,0,5,5,5,13.8,0,10.8,1.4,1.74,Graduate,0.8,1.2,0.0,0.63,3.1999999999999886,0,0,0,0
3265,1,1,1,9853,1,1,121.0,1,19,19,7,7,113.0,1,0,0,1,0,0,21,0,0,6,9,5,12.4,0,0,6,11,1,11.0,0,12.7,3.7,-1.7,Dropout,0.8333333333333334,1.5,0.0,0.5166666666666667,-8.0,0,0,0,0
3266,1,17,1,9238,1,1,125.0,1,1,38,144,181,123.3,0,0,0,1,0,1,19,0,0,6,8,6,11.5,0,0,6,7,6,12.33333333,0,12.4,0.5,1.79,Graduate,1.0,1.3333333333333333,0.0,0.575,-1.7000000000000028,0,0,0,0
3267,1,17,2,9670,1,1,123.0,1,3,1,3,1,116.7,0,0,0,1,0,0,19,0,0,5,5,5,13.4,0,0,5,5,5,14.0,0,9.4,-0.8,-3.12,Graduate,1.0,1.0,0.0,0.67,-6.299999999999997,0,0,0,0
3268,2,39,1,9991,0,39,140.0,1,38,19,9,5,110.0,0,0,0,1,0,1,35,0,0,5,9,3,11.66666667,0,0,5,7,5,11.8,0,12.7,3.7,-1.7,Enrolled,0.6,1.8,0.0,0.35000000009999993,-30.0,0,0,0,1
3269,2,39,1,9500,1,1,133.1,1,37,38,9,8,118.9,0,0,0,1,0,0,30,0,0,7,0,0,0.0,0,0,8,0,0,0.0,0,13.9,-0.3,0.79,Dropout,0.0,0.0,0.0,0.0,-14.199999999999989,0,0,0,1
3270,1,43,2,9773,1,1,120.0,1,34,34,0,0,103.6,1,0,0,1,0,0,27,0,4,8,11,7,13.28571429,0,4,7,13,5,11.6,0,9.4,-0.8,-3.12,Dropout,0.875,1.375,0.0,0.5812500001875,-16.400000000000006,0,0,0,1
3271,2,1,1,9254,1,1,136.0,1,37,37,9,9,122.7,0,0,0,1,0,1,45,0,0,6,10,4,11.5,0,0,6,16,2,10.5,0,7.6,2.6,0.32,Dropout,0.6666666666666666,1.6666666666666667,0.0,0.3833333333333333,-13.299999999999997,0,0,0,1
3272,2,39,1,8014,0,1,133.1,1,38,38,9,9,113.5,0,0,0,1,0,1,50,0,3,9,11,8,13.25,0,2,7,8,7,11.71428571,0,12.7,3.7,-1.7,Graduate,0.8888888888888888,1.2222222222222223,0.0,0.5888888888888888,-19.599999999999994,0,0,0,1
3273,4,42,1,9147,1,1,110.0,1,37,37,9,9,128.2,0,0,0,1,0,0,41,0,8,14,24,11,12.25,3,5,10,12,10,13.4,0,9.4,-0.8,-3.12,Graduate,0.7857142857142857,1.7142857142857142,0.21428571428571427,0.48125,18.19999999999999,0,0,0,1
3274,1,43,1,9500,1,1,120.0,1,37,37,9,6,120.0,1,0,0,1,0,0,26,0,0,7,8,6,12.0,0,0,7,8,6,12.0,0,7.6,2.6,0.32,Enrolled,0.8571428571428571,1.1428571428571428,0.0,0.5142857142857142,0.0,0,0,0,1
3275,1,39,1,9003,1,19,133.1,1,37,37,9,9,130.0,0,0,0,1,0,0,44,0,0,6,10,1,12.0,0,0,6,6,0,0.0,0,11.1,0.6,2.02,Dropout,0.16666666666666666,1.6666666666666667,0.0,0.09999999999999999,-3.0999999999999943,0,0,0,1
3276,5,7,1,9147,1,40,110.0,1,37,37,9,9,110.0,0,0,0,1,0,0,23,0,10,15,15,13,10.92307692,0,5,10,10,7,11.14285714,0,15.5,2.8,-4.06,Graduate,0.8666666666666667,1.0,0.0,0.4733333332,0.0,0,0,0,0
3277,1,51,1,33,1,1,130.0,1,19,19,9,9,117.7,0,0,0,1,0,0,34,0,10,12,12,10,12.0,0,5,10,11,5,11.0,0,11.1,0.6,2.02,Dropout,0.8333333333333334,1.0,0.0,0.5,-12.299999999999997,0,0,0,1
3278,1,1,1,9147,1,1,102.0,1,38,38,9,9,99.6,1,0,0,1,0,1,21,0,0,5,10,5,13.71428571,0,0,5,7,5,14.4,0,11.1,0.6,2.02,Graduate,1.0,2.0,0.0,0.6857142855,-2.4000000000000057,0,0,0,0
3279,1,43,3,9147,1,1,127.0,21,3,37,3,3,117.9,1,0,0,1,0,0,22,1,0,5,8,1,10.0,0,0,5,8,2,13.0,0,7.6,2.6,0.32,Dropout,0.2,1.6,0.0,0.1,-9.099999999999994,0,0,0,0
3280,4,39,1,8014,0,1,133.1,1,37,37,9,8,113.0,0,0,0,1,0,1,32,0,0,6,18,2,10.33333333,0,0,6,7,6,11.5,0,16.2,0.3,-0.92,Graduate,0.3333333333333333,3.0,0.0,0.17222222216666666,-20.099999999999994,0,0,0,1
3281,1,17,2,9556,1,1,137.0,41,1,1,7,7,124.4,1,0,0,1,0,0,20,1,0,7,8,7,12.72857143,0,0,8,8,8,14.625,0,15.5,2.8,-4.06,Graduate,1.0,1.1428571428571428,0.0,0.6364285715,-12.599999999999994,0,0,0,0
3282,2,7,1,8014,0,3,130.0,1,35,35,90,90,140.0,0,0,0,0,0,0,59,0,10,15,22,12,13.33333333,0,8,8,8,8,12.875,0,10.8,1.4,1.74,Dropout,0.8,1.4666666666666666,0.0,0.5333333332000001,10.0,0,0,1,1
3283,2,53,1,9147,1,42,130.0,1,19,19,175,152,132.4,0,0,0,1,0,0,30,0,6,11,20,9,12.22222222,0,3,9,16,9,11.6,0,8.9,1.4,3.51,Enrolled,0.8181818181818182,1.8181818181818181,0.0,0.499999999909091,2.4000000000000057,0,0,0,1
3284,1,1,4,9254,1,1,131.0,1,38,36,9,9,124.0,1,0,0,1,0,1,18,0,0,6,7,6,11.33333333,0,0,6,9,6,10.83333333,0,9.4,-0.8,-3.12,Graduate,1.0,1.1666666666666667,0.0,0.5666666665,-7.0,0,0,0,0
3285,2,39,1,9991,0,1,162.0,1,37,37,9,6,132.0,0,0,1,1,1,0,25,0,0,5,8,4,11.0,0,0,5,7,4,12.0,0,7.6,2.6,0.32,Enrolled,0.8,1.6,0.0,0.44000000000000006,-30.0,0,0,1,1
3286,4,43,1,9991,0,1,140.0,1,37,37,5,5,149.8,0,0,0,1,1,0,36,0,0,5,5,5,13.8,0,0,5,6,5,13.8,0,12.7,3.7,-1.7,Graduate,1.0,1.0,0.0,0.6900000000000001,9.800000000000011,0,0,0,1
3287,1,7,1,9556,1,43,160.0,1,38,19,9,9,160.0,0,0,0,1,1,0,36,0,0,7,16,1,12.0,0,0,7,13,0,0.0,1,11.1,0.6,2.02,Dropout,0.14285714285714285,2.2857142857142856,0.0,0.0857142857142857,0.0,0,0,0,1
3288,1,17,6,9670,1,1,117.0,1,38,19,0,1,114.6,0,0,0,0,1,0,19,0,0,6,9,4,11.25,0,0,6,11,3,10.16666667,0,10.8,1.4,1.74,Dropout,0.6666666666666666,1.5,0.0,0.375,-2.4000000000000057,0,0,1,0
3289,1,39,1,9991,0,1,150.0,1,1,37,4,6,120.0,0,0,0,1,1,0,25,0,0,5,6,4,10.5,0,0,5,6,5,12.0,0,9.4,-0.8,-3.12,Graduate,0.8,1.2,0.0,0.42000000000000004,-30.0,0,0,0,1
3290,1,39,1,9003,1,19,133.1,1,37,37,9,7,100.0,0,0,0,1,1,0,35,0,17,18,20,18,11.55555556,0,11,13,13,13,11.61538462,0,15.5,2.8,-4.06,Graduate,1.0,1.1111111111111112,0.0,0.577777778,-33.099999999999994,0,0,0,1
3291,1,1,1,9238,1,1,125.0,1,1,1,5,5,128.5,0,0,0,1,1,0,20,0,0,6,13,1,14.0,0,0,6,7,0,0.0,0,16.2,0.3,-0.92,Dropout,0.16666666666666666,2.1666666666666665,0.0,0.11666666666666665,3.5,0,0,0,0
3292,1,39,1,9003,1,1,130.0,1,37,37,9,7,113.0,1,0,0,0,1,0,35,0,0,6,17,1,13.0,0,0,6,8,0,0.0,0,15.5,2.8,-4.06,Dropout,0.16666666666666666,2.8333333333333335,0.0,0.10833333333333334,-17.0,0,0,1,1
3293,1,1,1,9238,1,1,170.0,1,37,37,0,0,150.8,1,0,0,1,0,0,27,0,0,6,13,2,11.0,0,0,6,14,1,11.0,0,7.6,2.6,0.32,Dropout,0.3333333333333333,2.1666666666666665,0.0,0.18333333333333335,-19.19999999999999,0,0,0,1
3294,1,17,3,9500,1,1,132.0,1,19,3,9,5,130.8,1,0,0,1,0,0,18,0,0,8,8,7,13.68142857,0,0,8,8,7,13.68142857,0,10.8,1.4,1.74,Enrolled,0.875,1.0,0.0,0.5985624999375,-1.1999999999999886,0,0,0,0
3295,1,43,1,9500,1,1,133.1,1,38,19,9,10,114.5,0,0,0,1,0,0,23,0,0,7,11,6,12.1,0,0,7,7,6,12.61666667,0,16.2,0.3,-0.92,Enrolled,0.8571428571428571,1.5714285714285714,0.0,0.5185714285714286,-18.599999999999994,0,0,0,0
3296,1,17,2,8014,0,1,120.0,1,19,1,5,10,114.8,1,0,0,1,0,0,19,0,0,6,8,4,10.5,0,0,6,8,4,11.25,0,10.8,1.4,1.74,Graduate,0.6666666666666666,1.3333333333333333,0.0,0.35,-5.200000000000003,0,0,0,0
3297,1,17,2,9500,1,1,126.0,1,37,37,7,7,126.2,1,0,0,1,0,1,18,0,0,7,10,5,11.94,0,0,7,8,6,12.8,0,11.1,0.6,2.02,Enrolled,0.7142857142857143,1.4285714285714286,0.0,0.42642857142857143,0.20000000000000284,0,0,0,0
3298,1,39,1,9500,1,1,130.0,1,19,19,3,7,129.0,0,0,1,0,0,0,26,0,0,7,11,4,12.86,0,0,7,10,5,11.56666667,0,12.4,0.5,1.79,Dropout,0.5714285714285714,1.5714285714285714,0.0,0.36742857142857144,-1.0,0,0,1,1
3299,1,17,1,9238,1,1,133.1,1,1,38,9,7,110.5,0,0,0,1,0,0,19,0,0,6,10,6,14.25,0,0,6,7,6,14.0,0,16.2,0.3,-0.92,Graduate,1.0,1.6666666666666667,0.0,0.7125,-22.599999999999994,0,0,0,0
3300,1,1,5,9500,1,1,141.0,1,38,19,7,7,132.5,1,0,0,0,0,0,19,0,0,7,0,0,0.0,0,0,8,0,0,0.0,0,12.7,3.7,-1.7,Dropout,0.0,0.0,0.0,0.0,-8.5,0,0,1,0
3301,1,1,1,171,1,1,138.0,1,19,19,5,1,130.7,1,0,0,1,0,0,18,0,0,0,0,0,0.0,0,0,0,0,0,0.0,0,13.9,-0.3,0.79,Dropout,0.0,0.0,0.0,0.0,-7.300000000000011,1,0,0,0
3302,1,17,1,9500,1,1,130.0,1,19,1,9,7,130.4,1,0,0,1,0,1,19,0,0,7,7,7,13.89428571,0,0,8,8,8,14.3625,0,11.1,0.6,2.02,Graduate,1.0,1.0,0.0,0.6947142855,0.4000000000000057,0,0,0,0
3303,1,17,1,9500,1,1,128.0,1,37,37,9,8,124.3,1,0,0,1,0,1,19,0,0,7,8,7,13.46875,0,0,8,8,8,13.31375,0,15.5,2.8,-4.06,Graduate,1.0,1.1428571428571428,0.0,0.6734375,-3.700000000000003,0,0,0,0
3304,1,1,4,9085,1,1,135.0,1,38,37,9,9,132.6,1,0,0,1,0,1,19,0,0,5,5,5,13.6,0,0,5,5,5,14.6,0,10.8,1.4,1.74,Graduate,1.0,1.0,0.0,0.6799999999999999,-2.4000000000000057,0,0,0,0
3305,1,44,1,8014,0,39,150.0,1,1,37,9,7,146.7,0,0,0,1,0,1,21,0,3,6,6,6,14.66666667,0,2,6,6,6,13.83333333,0,12.4,0.5,1.79,Graduate,1.0,1.0,0.0,0.7333333335,-3.3000000000000114,0,0,0,0
3306,1,1,3,9773,1,1,135.0,1,1,1,3,5,130.1,1,0,0,1,0,0,18,0,0,6,6,6,13.66666667,0,0,6,7,6,13.0,0,15.5,2.8,-4.06,Graduate,1.0,1.0,0.0,0.6833333335,-4.900000000000006,0,0,0,0
3307,2,43,1,9254,1,3,120.0,1,38,37,9,3,120.0,1,0,0,1,0,0,33,0,9,12,22,10,13.3,0,9,11,11,11,13.72727273,0,9.4,-0.8,-3.12,Graduate,0.8333333333333334,1.8333333333333333,0.0,0.5541666666666667,0.0,0,0,0,1
3308,1,7,1,8014,0,3,120.0,1,19,37,5,3,121.3,0,0,0,1,0,0,32,0,7,11,13,11,13.45454545,0,5,11,13,7,12.42857143,0,12.7,3.7,-1.7,Graduate,1.0,1.1818181818181819,0.0,0.6727272725,1.2999999999999972,0,0,0,1
3309,1,1,6,9500,1,1,140.0,1,19,19,1,4,133.3,1,0,0,1,0,1,17,0,0,8,8,8,13.41625,0,0,8,8,8,13.41625,0,9.4,-0.8,-3.12,Graduate,1.0,1.0,0.0,0.6708125,-6.699999999999989,0,0,0,0
3310,2,39,1,9500,1,1,140.0,1,19,19,9,7,110.5,0,0,0,1,0,0,31,0,0,7,0,0,0.0,0,0,8,0,0,0.0,0,12.7,3.7,-1.7,Dropout,0.0,0.0,0.0,0.0,-29.5,0,0,0,1
3311,2,39,1,8014,0,1,140.0,1,19,19,9,7,102.5,0,0,0,1,0,1,32,0,0,6,6,6,11.33333333,0,0,6,8,5,13.0,0,15.5,2.8,-4.06,Graduate,1.0,1.0,0.0,0.5666666665,-37.5,0,0,0,1
3312,1,1,2,9085,1,1,156.0,1,40,40,3,7,150.9,1,0,0,1,0,0,18,0,0,6,8,6,16.0,0,0,6,10,6,14.625,0,11.1,0.6,2.02,Dropout,1.0,1.3333333333333333,0.0,0.8,-5.099999999999994,0,0,0,0
3313,1,51,1,9070,1,12,133.1,1,37,19,3,7,106.6,0,0,1,1,0,0,31,0,2,6,8,5,11.0,0,4,6,12,6,10.16666667,0,8.9,1.4,3.51,Enrolled,0.8333333333333334,1.3333333333333333,0.0,0.45833333333333337,-26.5,0,0,1,1
3314,1,1,1,9254,1,1,120.0,1,1,1,9,10,118.3,0,0,0,1,1,0,20,0,0,6,8,6,12.85714286,0,0,6,9,5,12.4,0,8.9,1.4,3.51,Enrolled,1.0,1.3333333333333333,0.0,0.642857143,-1.7000000000000028,0,0,0,0
3315,1,43,1,9991,0,1,100.0,1,3,19,1,1,117.9,0,0,0,0,1,0,40,0,0,5,5,0,0.0,0,0,5,6,0,0.0,0,10.8,1.4,1.74,Dropout,0.0,1.0,0.0,0.0,17.900000000000006,0,0,1,1
3316,2,1,1,9991,0,1,120.0,1,37,19,9,9,135.0,1,0,0,1,1,0,32,0,0,5,5,5,14.8,0,0,5,5,5,14.2,0,7.6,2.6,0.32,Graduate,1.0,1.0,0.0,0.74,15.0,0,0,0,1
3317,1,7,1,9119,1,3,120.0,1,19,19,1,1,120.0,0,0,0,0,1,0,40,0,1,5,7,1,13.0,0,2,5,5,2,14.0,0,12.7,3.7,-1.7,Dropout,0.2,1.4,0.0,0.13,0.0,0,0,1,1
3318,1,1,1,171,1,1,172.0,1,1,1,4,9,167.1,0,0,0,1,1,1,18,0,0,0,0,0,0.0,0,0,0,0,0,0.0,0,16.2,0.3,-0.92,Graduate,0.0,0.0,0.0,0.0,-4.900000000000006,1,0,0,0
3319,1,43,1,9991,0,1,120.0,1,37,37,9,9,115.8,0,0,1,0,1,0,28,0,4,9,14,4,10.0,0,1,6,6,1,10.0,0,12.7,3.7,-1.7,Dropout,0.4444444444444444,1.5555555555555556,0.0,0.2222222222222222,-4.200000000000003,0,0,1,1
3320,1,16,2,9070,1,1,137.0,1,1,1,3,1,141.2,1,0,1,1,1,0,19,0,0,6,11,5,11.2,0,0,6,7,6,12.0,0,9.4,-0.8,-3.12,Graduate,0.8333333333333334,1.8333333333333333,0.0,0.4666666666666666,4.199999999999989,0,0,1,0
3321,1,1,1,9773,1,1,117.0,1,1,37,5,9,118.4,0,0,0,1,1,1,19,0,0,6,8,6,11.83333333,0,0,6,11,3,13.0,0,15.5,2.8,-4.06,Graduate,1.0,1.3333333333333333,0.0,0.5916666665,1.4000000000000057,0,0,0,0
3322,1,1,6,9147,1,1,142.0,1,38,37,7,7,134.3,0,1,0,1,1,0,21,0,0,5,0,0,0.0,0,0,5,0,0,0.0,0,10.8,1.4,1.74,Dropout,0.0,0.0,0.0,0.0,-7.699999999999989,0,0,0,0
3323,1,17,4,9147,1,1,135.0,1,19,1,0,4,128.7,1,0,0,1,1,0,22,0,0,5,8,2,10.5,0,0,5,10,0,0.0,0,7.6,2.6,0.32,Dropout,0.4,1.6,0.0,0.21000000000000002,-6.300000000000011,0,0,0,0
3324,1,17,3,9119,1,1,115.0,1,3,1,3,3,116.1,1,0,0,0,1,0,18,0,0,5,8,5,12.5,0,0,5,7,5,13.57142857,0,12.4,0.5,1.79,Dropout,1.0,1.6,0.0,0.625,1.0999999999999943,0,0,1,0
3325,1,39,1,171,1,1,110.0,1,12,3,5,2,100.0,1,0,0,1,1,0,27,0,0,0,0,0,0.0,0,0,0,0,0,0.0,0,9.4,-0.8,-3.12,Dropout,0.0,0.0,0.0,0.0,-10.0,1,0,0,1
3326,1,1,1,171,1,1,123.0,1,1,3,2,2,118.8,0,0,0,1,1,0,19,0,4,10,10,5,11.0,0,2,7,8,2,10.0,0,8.9,1.4,3.51,Enrolled,0.5,1.0,0.0,0.275,-4.200000000000003,0,0,0,0
3327,2,43,1,9991,0,1,140.0,1,37,37,9,9,130.0,1,0,0,1,1,0,30,0,6,10,14,9,12.33333333,0,7,10,12,8,12.0,0,9.4,-0.8,-3.12,Graduate,0.9,1.4,0.0,0.55499999985,-10.0,0,0,0,1
3328,1,39,1,9130,1,39,150.0,1,1,3,4,1,150.0,0,0,0,1,1,0,28,0,0,6,9,0,0.0,0,0,6,8,1,10.0,1,16.2,0.3,-0.92,Dropout,0.0,1.5,0.0,0.0,0.0,0,0,0,1
3329,5,39,1,9119,1,1,120.0,1,37,37,9,9,116.0,0,0,1,1,1,1,34,0,0,5,14,1,17.0,0,0,5,10,2,11.0,0,9.4,-0.8,-3.12,Enrolled,0.2,2.8,0.0,0.17,-4.0,0,0,1,1
3330,1,17,1,9147,1,1,110.0,1,1,1,4,4,99.0,0,0,0,1,1,0,21,0,0,5,5,5,11.0,0,0,5,11,3,11.42857143,0,10.8,1.4,1.74,Enrolled,1.0,1.0,0.0,0.55,-11.0,0,0,0,0
3331,1,1,1,9238,1,1,133.0,1,1,19,9,9,132.0,0,0,0,1,1,1,20,0,0,6,11,5,11.14285714,0,0,6,9,6,11.57142857,0,16.2,0.3,-0.92,Graduate,0.8333333333333334,1.8333333333333333,0.0,0.4642857141666667,-1.0,0,0,0,0
3332,1,43,1,9254,1,1,110.0,1,12,19,9,9,125.0,0,0,0,0,1,0,31,0,3,8,19,5,12.16666667,0,3,7,12,5,12.0,0,7.6,2.6,0.32,Dropout,0.625,2.375,0.0,0.3802083334375,15.0,0,0,1,1
3333,1,17,1,9119,1,1,126.0,1,1,1,9,9,116.2,0,0,1,0,1,0,21,0,0,5,9,2,11.0,0,0,5,8,2,11.5,2,7.6,2.6,0.32,Dropout,0.4,1.8,0.0,0.22000000000000003,-9.799999999999997,0,0,1,0
3334,1,39,2,9670,1,19,133.1,1,34,34,0,0,100.0,1,0,0,0,1,0,27,0,0,5,8,1,11.0,0,0,5,6,3,10.66666667,1,7.6,2.6,0.32,Dropout,0.2,1.6,0.0,0.11000000000000001,-33.099999999999994,0,0,1,1
3335,1,1,6,9773,1,1,136.0,1,38,38,9,9,132.9,1,0,0,1,1,0,19,0,0,6,10,4,13.25,0,0,6,13,5,11.8,0,7.6,2.6,0.32,Graduate,0.6666666666666666,1.6666666666666667,0.0,0.44166666666666665,-3.0999999999999943,0,0,0,0
3336,1,17,4,9773,1,1,129.0,1,3,1,2,7,132.5,1,0,0,1,1,0,21,0,0,6,7,0,0.0,0,0,6,11,1,10.0,0,10.8,1.4,1.74,Enrolled,0.0,1.1666666666666667,0.0,0.0,3.5,0,0,0,0
3337,1,44,1,9003,1,39,140.0,1,19,19,4,4,140.0,1,0,0,0,1,0,21,0,0,6,17,2,12.5,0,0,6,10,0,0.0,0,16.2,0.3,-0.92,Dropout,0.3333333333333333,2.8333333333333335,0.0,0.20833333333333331,0.0,0,0,1,0
3338,1,43,1,9670,1,1,160.0,1,34,34,Unknown/not stated,Unknown/not stated,100.1,0,0,0,0,1,0,35,0,6,10,10,7,12.14285714,0,4,9,9,4,12.25,0,7.6,2.6,0.32,Dropout,0.7,1.0,0.0,0.4249999999,-59.900000000000006,0,0,1,1
3339,1,39,1,9085,1,1,133.1,1,37,36,90,7,128.2,0,0,0,1,1,0,28,0,0,5,8,3,12.0,0,0,5,10,3,11.33333333,0,7.6,2.6,0.32,Dropout,0.6,1.6,0.0,0.36,-4.900000000000006,0,0,0,1
3340,1,17,1,9670,1,1,140.0,1,1,1,4,3,133.4,0,0,0,1,1,0,24,0,0,6,6,4,11.25,0,0,6,9,4,10.42857143,0,10.8,1.4,1.74,Enrolled,0.6666666666666666,1.0,0.0,0.375,-6.599999999999994,0,0,0,0
3341,1,1,3,9773,1,1,142.0,1,34,1,5,10,136.1,1,0,0,0,1,0,19,0,0,4,8,0,0.0,1,0,6,0,0,0.0,0,9.4,-0.8,-3.12,Dropout,0.0,2.0,0.25,0.0,-5.900000000000006,0,0,1,0
3342,1,17,1,9670,1,1,138.0,1,1,1,4,8,123.0,0,0,1,0,1,0,20,0,0,6,7,5,12.4,0,0,6,8,4,13.0,0,13.9,-0.3,0.79,Enrolled,0.8333333333333334,1.1666666666666667,0.0,0.5166666666666667,-15.0,0,0,1,0
3343,1,1,1,9070,1,1,131.0,1,3,19,4,4,130.3,1,0,0,1,1,1,20,0,0,6,6,6,12.83333333,0,0,6,8,6,12.66666667,2,16.2,0.3,-0.92,Graduate,1.0,1.0,0.0,0.6416666665,-0.6999999999999886,0,0,0,0
3344,1,1,1,9119,1,1,160.0,1,37,37,9,6,153.7,0,0,0,1,1,0,19,0,0,5,7,1,13.0,0,0,5,7,2,10.0,0,9.4,-0.8,-3.12,Enrolled,0.2,1.4,0.0,0.13,-6.300000000000011,0,0,0,0
3345,1,39,1,9085,1,1,110.0,1,40,1,5,6,142.5,0,0,1,0,1,0,37,0,5,7,7,5,12.0,0,3,7,7,3,11.66666667,0,8.9,1.4,3.51,Dropout,0.7142857142857143,1.0,0.0,0.42857142857142855,32.5,0,0,1,1
3346,1,1,1,9254,1,1,124.0,1,37,38,9,8,114.6,1,0,0,1,1,0,19,0,0,6,13,2,12.0,0,0,6,12,1,13.0,0,7.6,2.6,0.32,Dropout,0.3333333333333333,2.1666666666666665,0.0,0.19999999999999998,-9.400000000000006,0,0,0,0
3347,1,39,1,9500,1,1,120.0,1,37,37,9,8,108.5,0,0,0,1,1,0,36,0,0,7,18,0,0.0,0,0,7,7,0,0.0,0,13.9,-0.3,0.79,Dropout,0.0,2.5714285714285716,0.0,0.0,-11.5,0,0,0,1
3348,1,39,1,9147,1,12,133.1,1,37,37,9,9,140.0,0,0,0,1,1,0,29,0,0,5,0,0,0.0,0,0,5,0,0,0.0,0,9.4,-0.8,-3.12,Dropout,0.0,0.0,0.0,0.0,6.900000000000006,0,0,0,1
3349,1,39,1,9003,1,1,133.1,1,38,37,9,4,120.0,0,0,0,1,1,0,30,0,0,6,10,6,11.375,0,0,6,10,5,11.6,0,13.9,-0.3,0.79,Graduate,1.0,1.6666666666666667,0.0,0.56875,-13.099999999999994,0,0,0,1
3350,1,51,1,9670,1,19,133.1,1,2,1,3,10,120.0,0,0,1,1,1,0,32,0,1,6,15,2,12.0,0,0,6,7,0,0.0,0,11.1,0.6,2.02,Dropout,0.3333333333333333,2.5,0.0,0.19999999999999998,-13.099999999999994,0,0,1,1
3351,1,1,1,8014,0,1,123.0,1,3,1,2,9,127.6,1,0,0,1,1,0,26,0,0,6,6,6,11.83333333,0,0,6,6,6,11.66666667,0,10.8,1.4,1.74,Enrolled,1.0,1.0,0.0,0.5916666665,4.599999999999994,0,0,0,1
3352,2,44,1,9003,1,39,140.0,1,37,37,4,7,140.0,0,0,0,1,1,0,37,0,0,6,17,1,12.0,0,0,6,23,2,10.5,1,16.2,0.3,-0.92,Dropout,0.16666666666666666,2.8333333333333335,0.0,0.09999999999999999,0.0,0,0,0,1
3353,1,39,1,9119,1,1,138.7,1,1,12,4,3,111.3,0,0,0,1,1,0,27,0,1,6,7,3,12.0,0,2,6,7,2,11.0,0,13.9,-0.3,0.79,Dropout,0.5,1.1666666666666667,0.0,0.3,-27.39999999999999,0,0,0,1
3354,1,1,1,9773,1,1,131.0,1,38,1,5,7,131.0,1,0,0,1,1,1,18,0,0,6,7,6,12.71428571,0,0,6,8,5,11.83333333,0,13.9,-0.3,0.79,Graduate,1.0,1.1666666666666667,0.0,0.6357142855,0.0,0,0,0,0
3355,1,1,1,9500,1,1,149.0,1,38,37,9,9,139.5,0,0,0,1,1,1,18,0,0,8,8,8,15.3,0,0,8,8,8,15.3,0,9.4,-0.8,-3.12,Graduate,1.0,1.0,0.0,0.765,-9.5,0,0,0,0
3356,2,39,2,9003,1,19,133.1,1,38,19,4,1,110.0,0,0,0,0,1,0,32,0,2,8,12,2,11.5,2,0,7,9,0,0.0,0,15.5,2.8,-4.06,Dropout,0.25,1.5,0.25,0.14375,-23.099999999999994,0,0,1,1
3357,1,44,1,9119,1,39,130.0,1,3,19,3,4,130.0,0,0,0,1,1,0,20,0,0,5,12,1,13.0,0,0,5,8,3,12.6,0,12.4,0.5,1.79,Enrolled,0.2,2.4,0.0,0.13,0.0,0,0,0,0
3358,1,43,1,9003,1,1,120.0,1,3,3,1,2,115.0,0,0,0,1,1,0,22,0,0,6,12,0,0.0,0,0,6,10,0,0.0,0,16.2,0.3,-0.92,Dropout,0.0,2.0,0.0,0.0,-5.0,0,0,0,0
3359,4,39,1,9500,1,1,133.1,1,1,19,3,3,154.3,0,0,0,1,0,0,32,0,0,7,0,0,0.0,0,0,8,0,0,0.0,0,12.4,0.5,1.79,Dropout,0.0,0.0,0.0,0.0,21.200000000000017,0,0,0,1
3360,1,1,1,9147,1,1,143.0,1,1,37,9,9,135.0,1,0,0,1,0,0,21,0,0,5,8,4,11.0,0,0,5,8,5,12.0,0,7.6,2.6,0.32,Enrolled,0.8,1.6,0.0,0.44000000000000006,-8.0,0,0,0,0
3361,1,17,4,9670,1,1,126.0,1,1,1,4,7,115.2,0,0,0,0,0,0,19,0,0,6,7,3,12.66666667,0,0,6,10,5,13.125,0,10.8,1.4,1.74,Dropout,0.5,1.1666666666666667,0.0,0.31666666675,-10.799999999999997,0,0,1,0
3362,1,1,1,9773,1,1,125.0,1,19,1,9,9,130.6,1,0,0,1,0,1,18,0,0,6,6,6,13.5,0,0,6,6,6,14.0,0,8.9,1.4,3.51,Graduate,1.0,1.0,0.0,0.675,5.599999999999994,0,0,0,0
3363,1,1,4,9147,1,1,123.0,1,1,1,9,7,117.4,1,0,0,1,0,1,18,0,0,5,7,5,12.0,0,0,5,10,5,11.4,0,8.9,1.4,3.51,Graduate,1.0,1.4,0.0,0.6,-5.599999999999994,0,0,0,0
3364,1,7,1,9147,1,2,150.0,1,3,37,2,5,150.0,1,0,1,0,0,0,38,0,0,5,6,0,0.0,0,0,5,5,0,0.0,0,15.5,2.8,-4.06,Dropout,0.0,1.2,0.0,0.0,0.0,0,0,1,1
3365,1,17,3,9853,1,1,132.0,1,34,34,0,0,131.3,1,0,0,1,0,0,21,0,0,6,8,5,11.8,0,0,6,8,4,10.5,0,7.6,2.6,0.32,Dropout,0.8333333333333334,1.3333333333333333,0.0,0.49166666666666675,-0.6999999999999886,0,0,0,0
3366,1,1,1,9238,1,1,133.0,1,34,37,5,5,120.4,0,0,0,0,0,0,21,0,0,6,12,2,11.5,0,0,6,13,1,13.0,0,9.4,-0.8,-3.12,Dropout,0.3333333333333333,2.0,0.0,0.19166666666666665,-12.599999999999994,0,0,1,0
3367,1,1,1,9991,0,1,122.0,1,37,37,9,3,113.6,0,0,0,1,1,0,26,0,0,5,11,2,11.5,0,0,5,10,3,12.0,0,7.6,2.6,0.32,Enrolled,0.4,2.2,0.0,0.22999999999999998,-8.400000000000006,0,0,0,1
3368,1,1,4,9500,1,1,137.0,1,19,38,9,3,125.0,1,0,0,1,0,0,19,0,0,7,7,6,14.61666667,0,0,7,7,6,14.61666667,0,7.6,2.6,0.32,Graduate,0.8571428571428571,1.0,0.0,0.6264285715714285,-12.0,0,0,0,0
3369,1,1,6,9500,1,1,145.0,1,19,37,9,9,132.3,1,0,0,1,0,1,19,0,0,8,8,7,14.06,0,0,8,8,7,14.06,0,10.8,1.4,1.74,Enrolled,0.875,1.0,0.0,0.615125,-12.699999999999989,0,0,0,0
3370,1,17,1,9254,1,1,150.0,1,1,1,9,10,142.7,0,0,1,1,0,0,18,0,0,6,9,4,11.0,0,0,6,12,3,11.33333333,0,7.6,2.6,0.32,Dropout,0.6666666666666666,1.5,0.0,0.3666666666666667,-7.300000000000011,0,0,1,0
3371,1,7,1,9147,1,3,130.0,1,37,37,9,9,130.0,0,0,0,1,0,0,25,0,0,5,0,0,0.0,0,0,5,0,0,0.0,0,12.7,3.7,-1.7,Dropout,0.0,0.0,0.0,0.0,0.0,0,0,0,1
3372,1,1,6,9500,1,1,136.0,1,37,1,5,4,120.8,1,0,0,1,0,0,19,0,6,14,22,7,12.19230769,5,6,14,22,7,12.19230769,5,7.6,2.6,0.32,Graduate,0.5,1.5714285714285714,0.35714285714285715,0.30480769225,-15.200000000000003,0,0,0,0
3373,1,17,2,9254,1,1,131.0,1,1,19,9,9,130.3,1,0,0,1,0,1,18,0,0,6,6,6,12.83333333,0,0,6,7,6,12.33333333,0,13.9,-0.3,0.79,Graduate,1.0,1.0,0.0,0.6416666665,-0.6999999999999886,0,0,0,0
3374,1,17,1,9147,1,1,130.0,1,37,37,9,7,119.9,0,0,0,1,0,1,19,0,0,5,8,5,12.875,0,0,5,6,5,11.83333333,0,13.9,-0.3,0.79,Graduate,1.0,1.6,0.0,0.64375,-10.099999999999994,0,0,0,0
3375,1,1,1,9238,1,1,108.0,1,19,38,9,7,110.5,1,0,0,1,0,1,22,0,0,6,6,6,12.16666667,0,0,6,6,6,12.5,0,12.4,0.5,1.79,Graduate,1.0,1.0,0.0,0.6083333335,2.5,0,0,0,0
3376,1,44,1,9003,1,39,160.0,1,38,38,6,6,160.0,1,0,0,1,0,0,21,0,0,6,11,6,13.42857143,0,0,6,12,6,12.85714286,0,15.5,2.8,-4.06,Graduate,1.0,1.8333333333333333,0.0,0.6714285715,0.0,0,0,0,0
3377,1,17,1,9085,1,1,113.0,1,19,37,9,9,118.6,1,0,0,1,0,1,21,0,0,6,6,6,14.5,0,0,6,8,6,14.66666667,0,8.9,1.4,3.51,Graduate,1.0,1.0,0.0,0.725,5.599999999999994,0,0,0,0
3378,1,1,1,9853,1,1,113.0,1,38,38,3,7,112.3,0,0,0,1,0,1,20,0,0,7,7,7,12.14285714,0,0,7,7,7,12.85714286,0,11.1,0.6,2.02,Graduate,1.0,1.0,0.0,0.607142857,-0.7000000000000028,0,0,0,0
3379,2,1,1,9147,1,1,137.0,1,19,37,9,9,124.4,0,0,0,1,0,0,19,0,0,5,6,4,11.25,0,0,5,10,3,11.71428571,0,10.8,1.4,1.74,Enrolled,0.8,1.2,0.0,0.45,-12.599999999999994,0,0,0,0
3380,1,1,4,9500,1,1,148.0,1,19,19,9,3,125.0,1,0,0,1,0,0,18,0,0,7,7,6,13.9,0,0,7,7,6,13.9,0,7.6,2.6,0.32,Graduate,0.8571428571428571,1.0,0.0,0.5957142857142858,-23.0,0,0,0,0
3381,1,39,1,9500,1,1,130.0,1,19,19,9,8,105.8,0,0,0,1,0,0,26,0,0,7,12,3,13.76666667,0,0,7,11,3,12.06666667,0,13.9,-0.3,0.79,Dropout,0.42857142857142855,1.7142857142857142,0.0,0.2950000000714285,-24.200000000000003,0,0,0,1
3382,1,26,1,9147,1,2,133.1,1,34,34,0,0,121.5,1,0,0,1,0,0,31,0,13,15,17,13,11.61538462,0,11,14,14,11,12.54545455,0,7.6,2.6,0.32,Dropout,0.8666666666666667,1.1333333333333333,0.0,0.5033333335333333,-11.599999999999994,0,0,0,1
3383,1,17,1,9238,1,1,138.0,1,37,38,9,8,134.2,1,0,0,1,0,1,18,0,0,6,6,6,15.16666667,0,0,6,7,6,14.14285714,0,11.1,0.6,2.02,Graduate,1.0,1.0,0.0,0.7583333335,-3.8000000000000114,0,0,0,0
3384,4,7,1,9147,1,3,130.0,1,19,1,5,5,130.0,0,0,0,1,0,0,35,0,0,5,5,0,0.0,0,0,5,5,0,0.0,0,11.1,0.6,2.02,Dropout,0.0,1.0,0.0,0.0,0.0,0,0,0,1
3385,1,1,1,9085,1,1,127.0,1,37,37,9,9,122.8,1,0,0,1,0,0,19,0,0,5,10,2,14.5,1,0,5,9,3,11.33333333,0,12.7,3.7,-1.7,Enrolled,0.4,2.0,0.2,0.29,-4.200000000000003,0,0,0,0
3386,1,1,1,9238,1,1,115.0,1,19,38,7,7,108.7,0,0,0,1,0,1,19,0,0,6,9,5,10.8,0,0,6,8,6,10.71428571,0,15.5,2.8,-4.06,Graduate,0.8333333333333334,1.5,0.0,0.45000000000000007,-6.299999999999997,0,0,0,0
3387,1,1,2,9500,1,1,147.0,1,3,1,4,3,136.7,0,0,0,1,0,0,18,0,0,7,7,7,13.99571429,0,0,8,9,8,14.95555556,0,11.1,0.6,2.02,Graduate,1.0,1.0,0.0,0.6997857145,-10.300000000000011,0,0,0,0
3388,1,17,1,9085,1,1,132.0,1,38,38,4,9,119.1,0,0,0,1,0,0,20,0,0,6,8,6,13.28571429,0,0,6,16,6,11.8,0,12.4,0.5,1.79,Graduate,1.0,1.3333333333333333,0.0,0.6642857145,-12.900000000000006,0,0,0,0
3389,1,1,4,171,1,1,146.0,1,1,1,9,5,151.3,1,0,0,1,0,1,19,0,6,12,12,12,12.75,0,4,11,16,11,13.25,0,8.9,1.4,3.51,Graduate,1.0,1.0,0.0,0.6375,5.300000000000011,0,0,0,0
3390,1,43,1,9238,1,1,109.0,1,19,37,5,5,108.3,0,0,0,1,0,1,21,0,0,6,15,2,10.5,0,0,6,8,5,12.4,0,10.8,1.4,1.74,Enrolled,0.3333333333333333,2.5,0.0,0.175,-0.7000000000000028,0,0,0,0
3391,1,17,1,9853,1,1,133.0,1,38,38,9,9,127.4,0,0,1,1,0,1,18,0,0,7,7,7,12.71428571,0,0,7,7,7,12.28571429,0,16.2,0.3,-0.92,Graduate,1.0,1.0,0.0,0.6357142855,-5.599999999999994,0,0,1,0
3392,1,42,1,9500,1,1,124.0,1,19,19,4,9,124.0,0,0,0,1,0,0,23,0,0,8,8,8,12.88625,0,0,8,8,8,12.88625,0,9.4,-0.8,-3.12,Graduate,1.0,1.0,0.0,0.6443125000000001,0.0,0,0,0,0
3393,1,1,1,9070,1,1,133.1,1,1,1,9,9,155.0,0,0,0,1,0,1,21,0,0,6,7,5,13.0,0,0,6,6,6,12.66666667,0,16.2,0.3,-0.92,Graduate,0.8333333333333334,1.1666666666666667,0.0,0.5416666666666667,21.900000000000006,0,0,0,0
3394,1,1,1,9147,1,1,121.0,1,37,38,9,9,114.0,0,0,0,1,0,1,19,0,0,5,7,5,12.2,0,0,5,6,5,11.2,0,11.1,0.6,2.02,Graduate,1.0,1.4,0.0,0.61,-7.0,0,0,0,0
3395,1,1,2,9147,1,1,129.0,1,38,19,3,7,118.9,1,0,0,1,0,0,19,0,0,5,8,4,12.8,0,0,5,10,3,14.5,0,10.8,1.4,1.74,Enrolled,0.8,1.6,0.0,0.512,-10.099999999999994,0,0,0,0
3396,1,53,1,9085,1,42,160.0,1,19,37,4,9,160.0,1,0,0,1,0,0,20,0,7,11,15,11,13.78571429,0,4,9,9,9,13.88888889,0,8.9,1.4,3.51,Graduate,1.0,1.3636363636363635,0.0,0.6892857145,0.0,0,0,0,0
3397,1,43,1,9147,1,1,131.0,1,3,19,2,9,126.1,0,0,0,1,0,0,18,0,0,5,5,0,0.0,0,0,5,9,4,13.25,2,16.2,0.3,-0.92,Enrolled,0.0,1.0,0.0,0.0,-4.900000000000006,0,0,0,0
3398,1,1,1,9500,1,1,150.0,1,37,37,9,7,136.5,1,0,0,1,0,1,18,0,0,8,8,8,14.50125,0,0,8,8,8,14.50125,0,9.4,-0.8,-3.12,Graduate,1.0,1.0,0.0,0.7250625,-13.5,0,0,0,0
3399,2,1,5,9500,1,1,130.0,1,1,19,4,4,122.3,0,0,0,1,0,0,19,0,0,7,7,6,14.35,0,0,7,7,6,14.35,0,7.6,2.6,0.32,Graduate,0.8571428571428571,1.0,0.0,0.615,-7.700000000000003,0,0,0,0
3400,1,17,1,9070,1,1,133.1,1,38,19,5,5,128.0,0,0,0,1,0,1,21,0,0,6,6,6,11.5,0,0,6,6,6,12.33333333,0,9.4,-0.8,-3.12,Graduate,1.0,1.0,0.0,0.575,-5.099999999999994,0,0,0,0
3401,1,1,1,9238,1,1,154.0,1,38,38,9,9,156.5,1,1,0,1,0,1,18,0,0,6,8,6,11.71428571,0,0,6,6,6,14.66666667,0,12.7,3.7,-1.7,Graduate,1.0,1.3333333333333333,0.0,0.5857142855,2.5,0,0,0,0
3402,1,1,1,9670,1,1,126.0,1,37,19,7,7,125.7,0,0,0,1,0,0,20,0,0,6,9,6,13.57142857,0,0,6,10,5,13.6,0,15.5,2.8,-4.06,Enrolled,1.0,1.5,0.0,0.6785714285,-0.29999999999999716,0,0,0,0
3403,1,1,1,9773,1,1,150.0,1,19,38,9,5,143.0,0,0,0,1,0,0,18,0,0,6,6,5,13.0,0,0,6,6,6,13.66666667,0,12.7,3.7,-1.7,Graduate,0.8333333333333334,1.0,0.0,0.5416666666666667,-7.0,0,0,0,0
3404,1,17,5,9500,1,1,141.0,1,19,19,9,7,131.9,1,0,0,1,0,1,18,0,0,7,8,7,13.56875,0,0,8,8,8,14.02625,0,15.5,2.8,-4.06,Graduate,1.0,1.1428571428571428,0.0,0.6784375,-9.099999999999994,0,0,0,0
3405,2,43,1,9991,0,1,134.0,1,37,37,9,9,113.7,0,0,0,1,0,0,32,0,1,5,5,5,10.2,0,0,5,9,4,11.25,0,9.4,-0.8,-3.12,Enrolled,1.0,1.0,0.0,0.51,-20.299999999999997,0,0,0,1
3406,1,17,2,171,1,1,146.0,1,3,3,3,3,155.1,1,0,0,1,0,0,18,0,0,0,0,0,0.0,0,0,0,0,0,0.0,0,13.9,-0.3,0.79,Graduate,0.0,0.0,0.0,0.0,9.099999999999994,1,0,0,0
3407,1,16,3,9853,1,1,134.0,1,19,37,9,9,121.1,1,0,0,1,0,0,19,0,0,6,8,5,12.2,0,0,6,8,5,11.8,0,10.8,1.4,1.74,Enrolled,0.8333333333333334,1.3333333333333333,0.0,0.5083333333333333,-12.900000000000006,0,0,0,0
3408,1,1,3,9500,1,1,139.0,1,1,19,9,3,130.3,1,0,0,1,0,1,18,0,0,8,8,8,14.15375,0,0,8,8,8,14.15375,0,9.4,-0.8,-3.12,Graduate,1.0,1.0,0.0,0.7076875,-8.699999999999989,0,0,0,0
3409,1,1,6,9500,1,1,136.0,1,1,1,4,5,123.3,0,0,0,0,0,0,18,0,0,8,8,0,0.0,8,0,8,8,0,0.0,8,9.4,-0.8,-3.12,Dropout,0.0,1.0,1.0,0.0,-12.700000000000003,0,0,1,0
3410,1,1,5,9773,1,1,110.0,1,19,38,3,5,117.4,1,0,0,1,0,0,20,0,0,6,7,6,13.83333333,0,0,6,6,6,12.83333333,0,11.1,0.6,2.02,Graduate,1.0,1.1666666666666667,0.0,0.6916666665,7.400000000000006,0,0,0,0
3411,1,5,1,9670,1,1,135.0,1,1,12,4,4,140.3,1,0,0,1,0,0,19,0,0,6,7,6,13.42857143,0,0,6,6,4,14.0,0,12.4,0.5,1.79,Enrolled,1.0,1.1666666666666667,0.0,0.6714285715,5.300000000000011,0,0,0,0
3412,1,17,4,9500,1,1,129.0,1,38,37,9,5,120.0,1,0,0,1,0,0,19,0,0,8,8,7,12.45428571,0,0,8,8,7,12.45428571,0,10.8,1.4,1.74,Graduate,0.875,1.0,0.0,0.5448749998125001,-9.0,0,0,0,0
3413,1,17,1,9147,1,1,139.0,1,38,38,7,5,133.4,0,0,0,1,0,0,18,0,0,5,9,1,11.0,1,0,5,10,0,0.0,0,9.4,-0.8,-3.12,Enrolled,0.2,1.8,0.2,0.11000000000000001,-5.599999999999994,0,0,0,0
3414,1,1,4,9500,1,1,137.0,1,1,19,4,7,126.7,1,0,0,1,0,0,18,0,0,7,0,0,0.0,0,0,8,0,0,0.0,0,15.5,2.8,-4.06,Dropout,0.0,0.0,0.0,0.0,-10.299999999999997,0,0,0,0
3415,1,17,3,9500,1,1,138.0,1,1,19,7,8,129.3,1,0,0,1,0,1,18,0,0,7,8,6,13.27166667,0,0,8,11,7,12.94375,0,12.4,0.5,1.79,Graduate,0.8571428571428571,1.1428571428571428,0.0,0.5687857144285714,-8.699999999999989,0,0,0,0
3416,1,17,6,9500,1,1,136.0,1,3,38,2,9,125.7,1,0,0,1,0,0,20,0,0,7,8,6,13.54833333,0,0,8,11,6,14.775,0,11.1,0.6,2.02,Enrolled,0.8571428571428571,1.1428571428571428,0.0,0.580642857,-10.299999999999997,0,0,0,0
3417,1,1,1,9773,1,1,143.0,1,3,3,2,5,144.8,0,0,0,1,0,0,19,0,0,6,6,6,12.16666667,0,0,6,6,6,12.5,0,16.2,0.3,-0.92,Enrolled,1.0,1.0,0.0,0.6083333335,1.8000000000000114,0,0,0,0
3418,1,1,1,9254,1,1,133.1,1,38,19,3,3,98.6,0,0,0,1,0,0,21,0,0,6,16,2,11.0,0,0,6,12,0,0.0,0,12.7,3.7,-1.7,Dropout,0.3333333333333333,2.6666666666666665,0.0,0.18333333333333335,-34.5,0,0,0,0
3419,1,1,1,9853,1,1,136.0,1,38,37,9,9,126.9,1,0,0,1,0,1,19,0,0,7,7,7,13.28571429,0,0,7,7,7,14.42857143,0,11.1,0.6,2.02,Graduate,1.0,1.0,0.0,0.6642857145,-9.099999999999994,0,0,0,0
3420,1,17,1,9238,1,1,139.0,1,19,38,4,9,146.7,1,0,0,1,0,1,20,0,0,6,6,6,13.33333333,0,0,6,7,6,14.0,0,15.5,2.8,-4.06,Graduate,1.0,1.0,0.0,0.6666666665000001,7.699999999999989,0,0,0,0
3421,1,1,1,9500,1,1,125.0,1,1,1,9,4,117.0,0,0,0,1,0,1,21,0,0,8,8,8,13.2575,0,0,8,8,8,13.2575,0,9.4,-0.8,-3.12,Graduate,1.0,1.0,0.0,0.662875,-8.0,0,0,0,0
3422,1,44,1,9085,1,39,130.0,1,37,38,9,6,130.0,1,0,0,1,0,0,23,0,0,6,7,0,0.0,0,0,6,7,0,0.0,0,11.1,0.6,2.02,Dropout,0.0,1.1666666666666667,0.0,0.0,0.0,0,0,0,0
3423,1,17,1,9238,1,1,137.0,1,1,38,5,8,125.8,0,0,0,0,0,1,18,0,0,6,10,6,12.66666667,0,0,6,6,2,11.5,0,12.7,3.7,-1.7,Dropout,1.0,1.6666666666666667,0.0,0.6333333335,-11.200000000000003,0,0,1,0
3424,2,39,1,9991,0,3,130.0,1,3,1,1,10,160.0,0,0,0,1,0,0,30,0,0,5,5,5,14.6,0,0,5,5,5,15.4,0,12.7,3.7,-1.7,Dropout,1.0,1.0,0.0,0.73,30.0,0,0,0,1
3425,1,1,1,9085,1,1,130.0,1,9,19,4,1,134.2,1,0,0,1,0,0,20,0,0,5,13,0,0.0,5,0,5,5,0,0.0,5,9.4,-0.8,-3.12,Dropout,0.0,2.6,1.0,0.0,4.199999999999989,0,0,0,0
3426,2,43,2,9147,1,1,160.0,1,37,37,9,9,96.0,0,0,0,0,0,0,29,0,3,5,7,3,12.33333333,0,0,5,8,0,0.0,0,10.8,1.4,1.74,Dropout,0.6,1.4,0.0,0.3699999999,-64.0,0,0,1,1
3427,1,18,1,9147,1,1,100.0,1,38,38,5,5,101.8,1,0,0,1,0,0,24,0,0,5,5,5,10.8,0,0,5,11,2,11.0,0,10.8,1.4,1.74,Enrolled,1.0,1.0,0.0,0.54,1.7999999999999972,0,0,0,0
3428,1,1,1,9238,1,1,136.0,1,19,1,4,3,125.2,1,0,0,1,0,0,20,0,0,6,7,6,11.66666667,0,0,6,10,6,11.33333333,0,7.6,2.6,0.32,Graduate,1.0,1.1666666666666667,0.0,0.5833333334999999,-10.799999999999997,0,0,0,0
3429,1,43,1,8014,0,1,117.0,1,37,37,9,9,100.0,0,0,0,1,0,0,27,0,0,6,6,4,12.5,0,0,6,6,6,14.33333333,0,13.9,-0.3,0.79,Dropout,0.6666666666666666,1.0,0.0,0.41666666666666663,-17.0,0,0,0,1
3430,2,7,1,9147,1,3,140.0,1,37,37,9,9,140.0,0,0,0,1,0,0,23,0,0,5,0,0,0.0,0,0,5,0,0,0.0,0,7.6,2.6,0.32,Dropout,0.0,0.0,0.0,0.0,0.0,0,0,0,0
3431,1,51,1,9070,1,1,132.0,1,19,19,153,153,120.0,0,0,0,1,0,1,23,0,0,6,6,6,15.33333333,0,0,6,6,6,14.16666667,0,11.1,0.6,2.02,Graduate,1.0,1.0,0.0,0.7666666665,-12.0,0,0,0,0
3432,1,1,3,9500,1,1,147.0,1,1,1,4,4,134.3,1,0,0,1,0,0,18,0,0,8,8,7,14.2,0,0,8,8,7,14.2,0,12.7,3.7,-1.7,Graduate,0.875,1.0,0.0,0.62125,-12.699999999999989,0,0,0,0
3433,1,1,1,9773,1,1,158.0,1,38,38,9,7,144.7,1,0,0,1,0,1,19,0,0,6,6,6,14.83333333,0,0,6,6,6,14.66666667,0,12.7,3.7,-1.7,Graduate,1.0,1.0,0.0,0.7416666665,-13.300000000000011,0,0,0,0
3434,1,17,6,9500,1,1,142.0,1,19,37,4,9,131.9,1,0,0,1,0,0,19,0,0,7,7,7,13.64285714,0,0,8,8,8,14.3875,0,13.9,-0.3,0.79,Dropout,1.0,1.0,0.0,0.682142857,-10.099999999999994,0,0,0,0
3435,1,1,1,9773,1,1,143.0,1,1,38,8,8,136.7,1,0,0,1,0,1,18,0,0,6,6,6,13.83333333,0,0,6,6,6,14.0,0,11.1,0.6,2.02,Dropout,1.0,1.0,0.0,0.6916666665,-6.300000000000011,0,0,0,0
3436,1,1,2,9070,1,1,135.0,1,1,1,4,7,129.8,1,0,0,1,0,0,19,0,0,6,6,6,11.83333333,0,0,6,7,6,13.0,0,9.4,-0.8,-3.12,Graduate,1.0,1.0,0.0,0.5916666665,-5.199999999999989,0,0,0,0
3437,1,1,1,9773,1,1,160.0,1,1,38,4,7,146.5,0,0,0,1,0,1,18,0,0,6,7,6,13.42857143,0,0,6,10,6,13.5,0,13.9,-0.3,0.79,Graduate,1.0,1.1666666666666667,0.0,0.6714285715,-13.5,0,0,0,0
3438,1,43,1,9991,0,1,120.0,1,37,37,9,8,122.5,1,0,0,1,0,0,29,0,8,13,16,8,10.5,0,8,12,19,9,10.33333333,0,9.4,-0.8,-3.12,Enrolled,0.6153846153846154,1.2307692307692308,0.0,0.3230769230769231,2.5,0,0,0,1
3439,1,39,2,9556,1,19,133.1,1,37,37,3,7,117.8,0,0,0,1,0,0,24,0,0,7,10,6,11.41666667,0,0,8,9,8,11.9625,0,13.9,-0.3,0.79,Graduate,0.8571428571428571,1.4285714285714286,0.0,0.4892857144285714,-15.299999999999997,0,0,0,0
3440,1,17,2,9556,1,1,133.1,1,37,38,9,8,106.0,1,0,0,1,0,0,19,0,0,7,16,2,12.75,0,0,7,12,2,11.0,0,8.9,1.4,3.51,Dropout,0.2857142857142857,2.2857142857142856,0.0,0.1821428571428571,-27.099999999999994,0,0,0,0
3441,1,17,1,9556,1,1,133.0,1,1,38,4,9,119.0,0,0,0,1,0,0,19,0,0,7,10,6,11.15,0,0,7,7,7,12.81428571,0,12.7,3.7,-1.7,Enrolled,0.8571428571428571,1.4285714285714286,0.0,0.4778571428571428,-14.0,0,0,0,0
3442,1,1,1,9670,1,1,120.0,1,38,19,4,8,115.1,0,0,0,1,0,0,19,0,0,6,8,3,11.66666667,0,0,6,11,5,13.625,0,10.8,1.4,1.74,Enrolled,0.5,1.3333333333333333,0.0,0.29166666674999997,-4.900000000000006,0,0,0,0
3443,1,17,4,9254,1,1,106.0,1,37,19,9,7,116.9,1,0,0,1,0,0,20,0,0,6,7,6,11.5,0,0,6,8,5,12.4,0,11.1,0.6,2.02,Graduate,1.0,1.1666666666666667,0.0,0.575,10.900000000000006,0,0,0,0
3444,1,1,2,9773,1,1,148.0,1,1,19,9,9,141.7,0,0,0,1,0,0,18,0,0,6,6,6,13.83333333,0,0,6,6,6,12.66666667,0,10.8,1.4,1.74,Graduate,1.0,1.0,0.0,0.6916666665,-6.300000000000011,0,0,0,0
3445,1,1,2,9070,1,1,134.0,1,1,19,3,3,127.7,1,0,0,0,0,0,18,0,1,6,8,6,11.71428571,1,0,6,11,4,11.33333333,0,13.9,-0.3,0.79,Dropout,1.0,1.3333333333333333,0.16666666666666666,0.5857142855,-6.299999999999997,0,0,1,0
3446,1,1,5,9500,1,1,130.0,1,19,1,9,5,122.1,1,0,0,1,0,1,19,0,0,7,8,7,11.67857143,0,0,8,10,7,13.0375,0,12.4,0.5,1.79,Graduate,1.0,1.1428571428571428,0.0,0.5839285715,-7.900000000000006,0,0,0,0
3447,1,16,1,9085,1,1,150.0,1,3,3,2,1,153.5,1,0,0,1,0,0,19,0,0,6,7,6,15.71428571,0,0,6,6,6,14.66666667,0,13.9,-0.3,0.79,Dropout,1.0,1.1666666666666667,0.0,0.7857142855,3.5,0,0,0,0
3448,1,1,1,171,1,1,141.0,1,1,19,5,8,141.4,1,0,0,1,0,1,18,0,0,0,0,0,0.0,0,0,0,0,0,0.0,0,13.9,-0.3,0.79,Graduate,0.0,0.0,0.0,0.0,0.4000000000000057,1,0,0,0
3449,1,1,1,9773,1,1,140.0,1,19,37,9,6,135.8,1,0,0,1,0,1,19,0,0,6,6,6,13.0,0,0,6,7,6,13.0,0,10.8,1.4,1.74,Graduate,1.0,1.0,0.0,0.65,-4.199999999999989,0,0,0,0
3450,1,1,2,9500,1,1,138.0,1,3,3,2,2,127.5,1,0,0,1,0,1,18,0,0,7,7,7,14.48571429,0,0,8,9,8,14.58888889,0,16.2,0.3,-0.92,Graduate,1.0,1.0,0.0,0.7242857145,-10.5,0,0,0,0
3451,1,39,1,9991,0,1,130.0,1,37,37,9,9,151.6,0,0,0,1,0,0,24,0,0,5,9,5,12.28571429,0,0,5,8,5,12.125,0,16.2,0.3,-0.92,Enrolled,1.0,1.8,0.0,0.6142857145,21.599999999999994,0,0,0,0
3452,1,39,1,9500,1,1,133.1,1,19,19,5,6,121.4,0,0,1,1,0,0,28,0,0,7,12,4,13.375,0,0,7,7,5,13.5,0,13.9,-0.3,0.79,Enrolled,0.5714285714285714,1.7142857142857142,0.0,0.3821428571428571,-11.699999999999989,0,0,1,1
3453,1,42,1,9500,1,1,133.0,1,1,1,4,4,100.0,0,0,0,1,0,0,20,0,1,8,8,7,11.57142857,0,1,8,8,7,11.57142857,0,12.7,3.7,-1.7,Graduate,0.875,1.0,0.0,0.5062499999375,-33.0,0,0,0,0
3454,1,1,6,9500,1,1,150.0,1,37,38,9,9,131.5,1,0,0,1,0,1,19,0,0,8,8,7,12.65714286,0,0,8,8,7,12.65714286,0,12.7,3.7,-1.7,Graduate,0.875,1.0,0.0,0.5537500001250001,-18.5,0,0,0,0
3455,1,17,1,9147,1,1,117.0,1,37,37,9,9,109.3,0,0,0,0,0,0,22,0,0,5,9,2,10.0,1,0,5,11,1,10.0,0,9.4,-0.8,-3.12,Dropout,0.4,1.8,0.2,0.2,-7.700000000000003,0,0,1,0
3456,1,1,1,9238,1,1,145.0,1,19,1,6,5,127.9,1,0,0,1,0,0,19,0,0,6,7,6,13.71428571,0,0,6,6,6,13.16666667,0,12.7,3.7,-1.7,Graduate,1.0,1.1666666666666667,0.0,0.6857142855,-17.099999999999994,0,0,0,0
3457,1,7,1,9238,1,3,140.0,1,37,37,9,9,140.0,1,0,0,1,0,0,36,0,10,14,21,13,13.07142857,0,4,11,16,11,13.0,0,16.2,0.3,-0.92,Graduate,0.9285714285714286,1.5,0.0,0.6068877550357143,0.0,0,0,0,1
3458,1,44,1,9003,1,39,160.0,1,37,38,9,7,160.0,0,0,0,1,0,1,19,0,0,6,7,6,15.33333333,0,0,6,9,6,14.0,0,15.5,2.8,-4.06,Graduate,1.0,1.1666666666666667,0.0,0.7666666665,0.0,0,0,0,0
3459,1,17,1,9238,1,1,125.0,1,4,3,1,1,119.8,0,0,0,1,0,0,18,0,0,6,9,5,11.57142857,0,0,6,8,6,12.14285714,0,16.2,0.3,-0.92,Graduate,0.8333333333333334,1.5,0.0,0.4821428570833333,-5.200000000000003,0,0,0,0
3460,4,43,4,9991,0,12,133.1,1,37,37,9,9,153.0,0,0,0,0,0,0,40,0,0,5,10,0,0.0,0,0,5,5,0,0.0,0,7.6,2.6,0.32,Dropout,0.0,2.0,0.0,0.0,19.900000000000006,0,0,1,1
3461,1,1,2,9500,1,1,139.0,1,38,37,9,7,125.0,1,0,0,1,0,1,19,0,0,7,7,6,12.9,0,0,7,7,6,12.9,0,7.6,2.6,0.32,Graduate,0.8571428571428571,1.0,0.0,0.5528571428571428,-14.0,0,0,0,0
3462,4,43,1,9500,1,1,130.0,1,37,37,9,9,103.7,0,0,0,1,0,0,38,0,1,8,12,5,13.126,1,1,8,12,5,13.126,1,10.8,1.4,1.74,Enrolled,0.625,1.5,0.125,0.4101875,-26.299999999999997,0,0,0,1
3463,1,7,1,9085,1,3,120.0,1,37,37,7,7,120.0,0,0,0,1,0,0,32,0,4,10,20,4,11.5,2,3,9,13,3,11.66666667,2,15.5,2.8,-4.06,Dropout,0.4,2.0,0.2,0.22999999999999998,0.0,0,0,0,1
3464,1,1,1,9853,1,1,160.0,1,1,37,9,9,146.0,1,0,0,1,0,0,19,0,0,6,11,3,10.33333333,0,0,6,10,5,11.8,0,9.4,-0.8,-3.12,Enrolled,0.5,1.8333333333333333,0.0,0.25833333325,-14.0,0,0,0,0
3465,1,17,3,9070,1,1,120.0,1,3,1,4,4,116.9,1,0,0,1,0,0,19,0,0,6,6,6,13.5,0,0,6,7,6,13.42857143,0,8.9,1.4,3.51,Graduate,1.0,1.0,0.0,0.675,-3.0999999999999943,0,0,0,0
3466,2,39,1,9147,1,1,130.0,1,37,37,9,9,117.9,0,0,0,1,0,0,35,0,0,1,1,0,0.0,1,0,5,0,0,0.0,0,10.8,1.4,1.74,Dropout,0.0,1.0,1.0,0.0,-12.099999999999994,0,0,0,1
3467,1,1,1,9147,1,1,124.0,1,38,19,3,10,128.6,1,0,0,1,0,0,20,0,0,5,5,4,12.0,0,0,4,4,2,11.5,0,7.6,2.6,0.32,Enrolled,0.8,1.0,0.0,0.48,4.599999999999994,0,0,0,0
3468,1,17,1,9853,1,1,150.0,1,19,19,3,4,135.0,0,0,0,1,0,0,29,0,2,8,10,7,11.14285714,0,2,8,11,8,11.375,0,12.7,3.7,-1.7,Graduate,0.875,1.25,0.0,0.487499999875,-15.0,0,0,0,1
3469,1,1,1,9991,0,1,140.0,1,37,37,9,9,124.6,0,0,0,1,0,0,29,0,0,5,11,5,11.4,0,0,5,10,4,10.25,0,15.5,2.8,-4.06,Enrolled,1.0,2.2,0.0,0.5700000000000001,-15.400000000000006,0,0,0,1
3470,1,1,5,9500,1,1,135.0,1,37,37,7,7,124.0,1,0,0,1,0,1,19,0,0,8,8,7,12.77142857,1,0,8,8,7,12.77142857,1,9.4,-0.8,-3.12,Enrolled,0.875,1.0,0.125,0.5587499999375,-11.0,0,0,0,0
3471,1,1,6,9500,1,1,143.0,1,38,19,7,9,129.5,1,0,0,1,0,1,18,0,0,8,8,7,13.79857143,0,0,8,8,7,13.79857143,0,10.8,1.4,1.74,Graduate,0.875,1.0,0.0,0.6036875000625,-13.5,0,0,0,0
3472,2,39,1,8014,0,19,100.0,1,38,19,0,10,111.3,0,0,1,0,0,0,25,0,0,6,7,6,13.33333333,0,0,6,6,6,13.5,0,7.6,2.6,0.32,Graduate,1.0,1.1666666666666667,0.0,0.6666666665000001,11.299999999999997,0,0,1,1
3473,4,39,1,8014,0,19,133.1,1,37,37,9,9,95.0,0,0,1,0,0,0,50,0,0,6,11,0,0.0,0,0,5,6,0,0.0,0,8.9,1.4,3.51,Dropout,0.0,1.8333333333333333,0.0,0.0,-38.099999999999994,0,0,1,1
3474,2,1,1,9147,1,1,133.1,1,34,34,0,0,131.8,0,0,0,1,0,0,24,0,14,15,17,14,11.35714286,0,13,14,15,13,12.84615385,0,7.6,2.6,0.32,Dropout,0.9333333333333333,1.1333333333333333,0.0,0.5300000001333334,-1.299999999999983,0,0,0,0
3475,1,1,5,9119,1,1,132.0,1,38,19,5,3,119.1,0,0,0,1,0,0,18,0,0,5,11,0,0.0,0,0,5,8,0,0.0,0,9.4,-0.8,-3.12,Dropout,0.0,2.2,0.0,0.0,-12.900000000000006,0,0,0,0
3476,1,17,1,9085,1,1,131.0,1,38,38,191,174,125.4,1,0,0,1,0,0,20,0,0,6,13,6,15.69230769,0,0,6,13,5,14.42857143,0,15.5,2.8,-4.06,Graduate,1.0,2.1666666666666665,0.0,0.7846153845,-5.599999999999994,0,0,0,0
3477,1,16,1,9003,1,1,147.0,1,1,37,4,9,140.7,1,0,1,1,0,1,20,0,13,18,19,18,15.05263158,0,11,13,13,13,14.53846154,0,15.5,2.8,-4.06,Graduate,1.0,1.0555555555555556,0.0,0.752631579,-6.300000000000011,0,0,1,0
3478,1,43,1,9991,0,1,141.0,1,37,37,9,9,131.9,0,0,0,1,0,0,21,0,6,10,20,6,11.5,0,5,10,17,5,12.4,0,9.4,-0.8,-3.12,Dropout,0.6,2.0,0.0,0.345,-9.099999999999994,0,0,0,0
3479,1,39,1,9238,1,1,160.0,1,38,1,9,3,124.0,0,0,1,1,1,0,28,0,2,8,15,7,11.0,0,0,6,17,1,10.0,0,10.8,1.4,1.74,Enrolled,0.875,1.875,0.0,0.48125000000000007,-36.0,0,0,1,1
3480,1,1,1,9254,1,1,135.0,1,38,37,9,7,139.2,0,0,0,1,1,1,19,0,0,6,6,6,13.0,0,0,6,6,6,13.16666667,0,12.4,0.5,1.79,Graduate,1.0,1.0,0.0,0.65,4.199999999999989,0,0,0,0
3481,1,1,1,9500,1,1,133.0,1,37,37,9,7,121.8,0,0,0,1,1,1,18,0,0,8,8,8,12.93875,0,0,8,8,8,12.93875,0,9.4,-0.8,-3.12,Graduate,1.0,1.0,0.0,0.6469375,-11.200000000000003,0,0,0,0
3482,1,17,1,171,1,1,142.0,1,37,37,9,9,132.9,0,0,0,1,1,0,22,0,0,0,0,0,0.0,0,0,0,0,0,0.0,0,12.7,3.7,-1.7,Graduate,0.0,0.0,0.0,0.0,-9.099999999999994,1,0,0,0
3483,1,44,1,9003,1,39,130.0,1,37,37,9,10,130.0,0,0,0,1,1,0,25,0,0,6,6,0,0.0,0,0,6,8,0,0.0,0,15.5,2.8,-4.06,Dropout,0.0,1.0,0.0,0.0,0.0,0,0,0,1
3484,2,39,1,9500,1,1,133.1,1,37,37,9,9,130.1,0,0,0,0,1,0,37,0,0,7,10,5,13.0,0,0,7,9,5,12.88,0,11.1,0.6,2.02,Dropout,0.7142857142857143,1.4285714285714286,0.0,0.4642857142857143,-3.0,0,0,1,1
3485,1,39,1,9500,1,1,133.1,1,37,37,7,7,124.5,0,0,0,0,1,0,38,0,0,7,11,5,12.18,0,0,7,11,4,11.8125,0,11.1,0.6,2.02,Dropout,0.7142857142857143,1.5714285714285714,0.0,0.435,-8.599999999999994,0,0,1,1
3486,2,39,1,9670,1,1,130.0,1,19,38,9,9,162.3,0,0,0,1,1,0,36,0,0,6,13,3,11.33333333,0,0,6,12,5,11.4,0,13.9,-0.3,0.79,Dropout,0.5,2.1666666666666665,0.0,0.28333333325,32.30000000000001,0,0,0,1
3487,1,1,2,9500,1,1,149.0,1,19,1,9,9,137.8,1,0,0,1,1,0,18,0,0,8,8,7,13.0,0,0,8,8,7,13.0,0,12.7,3.7,-1.7,Graduate,0.875,1.0,0.0,0.56875,-11.199999999999989,0,0,0,0
3488,1,1,1,9670,1,1,130.0,1,1,1,0,0,119.5,0,0,0,0,1,0,19,0,0,5,5,0,0.0,0,0,6,0,0,0.0,0,9.4,-0.8,-3.12,Dropout,0.0,1.0,0.0,0.0,-10.5,0,0,1,0
3489,1,39,1,9130,1,1,150.0,1,1,1,4,10,110.0,0,0,1,1,1,0,24,0,0,5,13,2,12.5,2,0,5,8,3,12.33333333,0,9.4,-0.8,-3.12,Dropout,0.4,2.6,0.4,0.25,-40.0,0,0,1,0
3490,1,1,1,9238,1,1,106.0,1,1,1,3,3,105.0,0,0,0,1,1,0,20,0,0,6,9,5,11.0,0,0,6,9,5,12.16666667,0,11.1,0.6,2.02,Graduate,0.8333333333333334,1.5,0.0,0.45833333333333337,-1.0,0,0,0,0
3491,1,1,1,171,1,1,162.0,1,37,37,9,9,142.8,1,0,0,1,1,0,21,0,0,0,0,0,0.0,0,0,0,0,0,0.0,0,12.7,3.7,-1.7,Dropout,0.0,0.0,0.0,0.0,-19.19999999999999,1,0,0,0
3492,2,43,3,9991,0,1,120.0,1,37,37,9,9,128.2,1,0,0,1,1,0,32,0,0,5,5,0,0.0,0,0,5,5,0,0.0,0,7.6,2.6,0.32,Dropout,0.0,1.0,0.0,0.0,8.199999999999989,0,0,0,1
3493,2,39,1,9991,0,19,133.1,1,38,38,7,8,120.0,0,0,0,1,1,0,39,0,0,5,9,0,0.0,0,0,5,5,1,10.0,0,12.7,3.7,-1.7,Dropout,0.0,1.8,0.0,0.0,-13.099999999999994,0,0,0,1
3494,1,7,1,9119,1,3,130.0,1,37,37,9,9,130.0,0,0,0,0,1,0,33,0,0,5,6,0,0.0,0,0,5,5,0,0.0,0,12.7,3.7,-1.7,Dropout,0.0,1.2,0.0,0.0,0.0,0,0,1,1
3495,1,17,2,9670,1,1,128.0,1,37,38,5,8,121.7,0,0,0,1,1,1,20,0,0,5,5,5,12.4,0,0,5,5,4,10.75,0,9.4,-0.8,-3.12,Graduate,1.0,1.0,0.0,0.62,-6.299999999999997,0,0,0,0
3496,1,1,1,9003,1,1,124.0,1,38,19,9,7,116.0,0,0,0,1,1,0,19,0,0,6,8,6,15.5,0,0,6,10,6,14.1,0,16.2,0.3,-0.92,Graduate,1.0,1.3333333333333333,0.0,0.775,-8.0,0,0,0,0
3497,2,39,1,9991,0,1,133.1,1,37,37,5,8,133.2,0,0,0,0,1,0,43,0,0,5,13,2,11.5,0,0,5,12,3,10.8,0,13.9,-0.3,0.79,Dropout,0.4,2.6,0.0,0.22999999999999998,0.09999999999999432,0,0,1,1
3498,2,43,1,9991,0,1,114.0,1,37,37,7,8,116.7,0,0,0,1,1,0,49,0,0,5,7,4,13.33333333,0,0,5,9,4,11.6,1,16.2,0.3,-0.92,Dropout,0.8,1.4,0.0,0.5333333332000001,2.700000000000003,0,0,0,1
3499,1,1,2,9773,1,1,140.0,1,38,38,5,7,126.4,1,0,0,1,1,1,18,0,0,6,8,6,12.66666667,0,0,6,6,6,13.5,0,12.7,3.7,-1.7,Graduate,1.0,1.3333333333333333,0.0,0.6333333335,-13.599999999999994,0,0,0,0
3500,1,39,1,9003,1,1,160.0,1,1,37,191,193,140.0,0,0,0,1,1,0,27,0,0,6,6,0,0.0,0,0,6,6,0,0.0,0,11.1,0.6,2.02,Enrolled,0.0,1.0,0.0,0.0,-20.0,0,0,0,1
3501,1,1,1,9147,1,1,122.0,1,1,19,9,9,120.3,1,0,0,1,1,1,19,0,0,5,8,5,12.6,0,0,5,9,5,13.6,0,8.9,1.4,3.51,Dropout,1.0,1.6,0.0,0.63,-1.7000000000000028,0,0,0,0
3502,1,39,1,9070,1,1,140.0,1,37,37,9,10,118.0,0,0,1,1,1,1,45,0,0,6,6,6,13.5,0,0,6,6,0,0.0,0,16.2,0.3,-0.92,Dropout,1.0,1.0,0.0,0.675,-22.0,0,0,1,1
3503,1,15,1,9670,1,1,160.0,1,37,12,9,9,149.5,1,0,0,0,1,0,19,0,0,6,6,6,13.0,0,0,6,8,6,13.0,0,13.9,-0.3,0.79,Graduate,1.0,1.0,0.0,0.65,-10.5,0,0,1,0
3504,1,44,1,9003,1,39,130.0,1,1,3,9,6,130.0,0,0,0,1,1,1,21,0,0,6,15,6,11.71428571,0,0,6,8,4,11.75,0,13.9,-0.3,0.79,Graduate,1.0,2.5,0.0,0.5857142855,0.0,0,0,0,0
3505,1,1,1,9670,1,1,141.0,1,1,1,5,9,126.3,0,0,0,1,1,1,18,0,0,6,8,6,12.16666667,0,0,6,7,5,13.0,0,13.9,-0.3,0.79,Graduate,1.0,1.3333333333333333,0.0,0.6083333335,-14.700000000000003,0,0,0,0
3506,1,17,3,9147,1,1,127.0,1,37,37,5,7,116.2,0,0,0,1,1,0,18,0,0,5,10,0,0.0,1,0,5,13,0,0.0,0,9.4,-0.8,-3.12,Dropout,0.0,2.0,0.2,0.0,-10.799999999999997,0,0,0,0
3507,1,17,1,9254,1,1,126.0,1,37,37,5,1,126.0,0,0,0,0,1,0,29,0,0,6,12,0,0.0,0,0,6,6,0,0.0,6,9.4,-0.8,-3.12,Dropout,0.0,2.0,0.0,0.0,0.0,0,0,1,1
3508,1,1,1,9670,1,1,131.0,1,1,1,4,9,122.3,0,0,0,1,1,0,19,0,0,5,6,5,11.5,0,0,5,5,5,11.6,0,9.4,-0.8,-3.12,Graduate,1.0,1.2,0.0,0.575,-8.700000000000003,0,0,0,0
3509,1,1,1,9147,1,1,130.0,1,19,19,9,7,119.5,1,0,0,1,1,1,18,0,0,5,7,4,11.25,0,0,5,6,4,12.25,0,12.4,0.5,1.79,Enrolled,0.8,1.4,0.0,0.45,-10.5,0,0,0,0
3510,1,44,1,9070,1,39,130.0,1,1,1,9,9,131.8,0,0,0,1,1,1,22,0,2,7,7,7,12.28571429,0,5,9,10,8,12.375,0,12.4,0.5,1.79,Graduate,1.0,1.0,0.0,0.6142857145,1.8000000000000114,0,0,0,0
3511,1,17,6,9500,1,1,140.0,1,1,1,4,3,130.7,1,0,0,1,1,1,18,0,0,7,7,7,12.71857143,0,0,8,11,8,12.80555556,0,11.1,0.6,2.02,Dropout,1.0,1.0,0.0,0.6359285715,-9.300000000000011,0,0,0,0
3512,1,44,1,9130,1,39,140.0,1,1,19,4,7,140.0,0,0,0,1,1,0,20,0,2,6,12,5,12.4,0,1,6,11,2,15.0,0,13.9,-0.3,0.79,Enrolled,0.8333333333333334,2.0,0.0,0.5166666666666667,0.0,0,0,0,0
3513,1,1,1,171,1,1,140.0,1,19,19,1,1,129.5,1,0,0,1,1,0,20,0,0,0,0,0,0.0,0,0,0,0,0,0.0,0,10.8,1.4,1.74,Dropout,0.0,0.0,0.0,0.0,-10.5,1,0,0,0
3514,4,39,1,9670,1,19,133.1,1,37,37,9,7,130.0,0,0,1,1,1,1,29,0,0,6,16,1,14.0,0,0,6,7,0,0.0,0,11.1,0.6,2.02,Dropout,0.16666666666666666,2.6666666666666665,0.0,0.11666666666666665,-3.0999999999999943,0,0,1,1
3515,1,39,1,9670,1,1,120.0,1,11,11,90,4,114.0,1,0,0,1,1,0,29,0,0,5,10,3,11.66666667,0,0,5,8,4,11.25,0,7.6,2.6,0.32,Dropout,0.6,2.0,0.0,0.35000000009999993,-6.0,0,0,0,1
3516,1,43,1,9773,1,1,121.0,1,1,1,4,5,121.0,1,0,0,1,1,0,23,0,0,6,15,1,13.0,0,0,6,8,4,11.25,0,9.4,-0.8,-3.12,Enrolled,0.16666666666666666,2.5,0.0,0.10833333333333334,0.0,0,0,0,0
3517,1,17,1,171,1,1,123.0,1,3,12,2,9,116.4,1,0,1,1,1,0,19,0,0,0,0,0,0.0,0,0,0,0,0,0.0,0,10.8,1.4,1.74,Dropout,0.0,0.0,0.0,0.0,-6.599999999999994,1,0,1,0
3518,1,1,1,9119,1,1,136.0,1,38,38,9,9,121.7,1,0,0,1,1,0,18,0,0,5,10,0,0.0,0,0,5,11,1,12.0,3,7.6,2.6,0.32,Dropout,0.0,2.0,0.0,0.0,-14.299999999999997,0,0,0,0
3519,2,42,1,9254,1,1,136.0,1,2,2,134,112,130.0,1,0,0,1,1,0,22,0,2,6,13,4,11.5,0,2,6,12,2,12.5,0,7.6,2.6,0.32,Dropout,0.6666666666666666,2.1666666666666665,0.0,0.3833333333333333,-6.0,0,0,0,0
3520,1,43,1,9991,0,1,120.0,1,37,37,9,9,120.0,1,0,1,1,1,0,34,0,6,10,10,7,11.71428571,0,4,10,10,6,11.5,0,10.8,1.4,1.74,Dropout,0.7,1.0,0.0,0.40999999985,0.0,0,0,1,1
3521,1,43,1,9991,0,4,160.0,1,3,3,2,1,125.0,0,0,0,1,1,0,26,0,0,5,7,5,12.6,0,0,5,7,5,13.71428571,0,13.9,-0.3,0.79,Graduate,1.0,1.4,0.0,0.63,-35.0,0,0,0,1
3522,1,17,1,171,1,1,125.0,1,37,37,7,9,134.1,1,0,0,1,1,0,24,0,12,17,19,13,11.64285714,0,12,17,25,12,11.25,0,11.1,0.6,2.02,Dropout,0.7647058823529411,1.1176470588235294,0.0,0.44516806711764706,9.099999999999994,0,0,0,0
3523,1,1,1,9670,1,1,146.0,1,1,1,9,8,149.5,1,0,0,1,1,1,17,0,0,6,8,6,14.875,0,0,6,8,6,13.42857143,0,11.1,0.6,2.02,Graduate,1.0,1.3333333333333333,0.0,0.74375,3.5,0,0,0,0
3524,1,43,4,9670,1,1,117.0,1,3,3,4,4,113.2,0,0,0,1,1,0,21,0,0,5,11,2,10.0,0,0,5,10,3,10.33333333,0,9.4,-0.8,-3.12,Enrolled,0.4,2.2,0.0,0.2,-3.799999999999997,0,0,0,0
3525,2,39,1,9991,0,1,150.0,1,1,4,4,2,146.0,0,0,0,1,1,0,34,0,0,5,5,5,14.2,0,0,5,5,5,14.6,0,12.7,3.7,-1.7,Enrolled,1.0,1.0,0.0,0.71,-4.0,0,0,0,1
3526,1,44,1,9003,1,39,140.0,1,19,38,6,7,140.0,1,0,0,1,1,0,19,0,0,6,8,6,12.71428571,0,0,6,9,6,13.5,0,12.4,0.5,1.79,Graduate,1.0,1.3333333333333333,0.0,0.6357142855,0.0,0,0,0,0
3527,2,39,1,9003,1,1,111.0,1,1,3,4,2,162.4,0,0,1,0,1,0,49,0,4,12,16,5,11.6,0,2,7,7,5,11.2,0,8.9,1.4,3.51,Dropout,0.4166666666666667,1.3333333333333333,0.0,0.24166666666666667,51.400000000000006,0,0,1,1
3528,1,43,1,9500,1,1,120.0,1,2,4,4,5,136.6,0,0,0,1,1,0,23,0,0,7,14,5,11.94,0,0,7,14,6,12.2,0,13.9,-0.3,0.79,Dropout,0.7142857142857143,2.0,0.0,0.42642857142857143,16.599999999999994,0,0,0,0
3529,1,18,3,9119,1,1,111.0,1,1,19,9,8,111.0,1,0,0,1,1,0,18,0,0,5,10,4,11.6,0,0,5,9,3,14.2,0,12.4,0.5,1.79,Dropout,0.8,2.0,0.0,0.46399999999999997,0.0,0,0,0,0
3530,1,1,1,9500,1,1,118.0,1,12,1,4,10,115.7,0,0,0,1,1,0,20,0,0,7,9,5,12.7,0,0,8,9,7,13.475,0,13.9,-0.3,0.79,Enrolled,0.7142857142857143,1.2857142857142858,0.0,0.45357142857142857,-2.299999999999997,0,0,0,0
3531,1,1,3,9670,1,1,106.0,1,3,1,2,3,105.7,1,0,0,1,1,0,19,0,0,6,6,6,13.33333333,0,0,6,9,5,13.8,0,8.9,1.4,3.51,Graduate,1.0,1.0,0.0,0.6666666665000001,-0.29999999999999716,0,0,0,0
3532,1,42,1,9003,1,39,120.0,1,3,1,2,6,128.2,1,0,0,1,1,0,24,0,4,9,13,8,13.33333333,0,5,10,12,9,13.11111111,0,16.2,0.3,-0.92,Enrolled,0.8888888888888888,1.4444444444444444,0.0,0.5925925924444445,8.199999999999989,0,0,0,0
3533,1,1,1,9147,1,1,151.0,1,1,38,4,7,137.0,1,0,0,1,1,0,18,0,0,5,5,5,13.4,0,0,5,5,5,15.0,0,8.9,1.4,3.51,Graduate,1.0,1.0,0.0,0.67,-14.0,0,0,0,0
3534,2,39,1,9254,1,19,133.1,1,34,34,0,0,120.0,0,0,1,0,1,0,45,0,0,6,12,0,0.0,0,0,6,12,0,0.0,0,9.4,-0.8,-3.12,Dropout,0.0,2.0,0.0,0.0,-13.099999999999994,0,0,1,1
3535,1,39,1,9991,0,1,120.0,1,34,34,0,0,120.5,1,0,0,1,1,0,30,0,0,5,5,2,11.0,0,0,5,5,0,0.0,0,7.6,2.6,0.32,Dropout,0.4,1.0,0.0,0.22000000000000003,0.5,0,0,0,1
3536,1,51,1,9991,0,39,120.0,1,1,4,4,10,118.1,0,0,0,1,1,0,28,0,13,15,17,13,12.0,0,9,13,13,9,11.33333333,0,8.9,1.4,3.51,Dropout,0.8666666666666667,1.1333333333333333,0.0,0.52,-1.9000000000000057,0,0,0,1
3537,1,39,1,9991,0,1,110.0,1,37,37,9,9,139.0,0,0,0,1,1,0,40,0,0,5,0,0,0.0,0,0,5,0,0,0.0,0,12.7,3.7,-1.7,Dropout,0.0,0.0,0.0,0.0,29.0,0,0,0,1
3538,1,39,2,9147,1,19,133.1,1,38,19,4,10,116.3,0,0,0,0,1,0,32,0,0,5,5,0,0.0,0,0,5,9,0,0.0,0,10.8,1.4,1.74,Dropout,0.0,1.0,0.0,0.0,-16.799999999999997,0,0,1,1
3539,1,17,5,9254,1,1,118.0,1,19,37,5,5,120.5,1,0,0,1,1,0,19,0,0,6,12,4,12.5,0,0,6,12,4,10.25,0,7.6,2.6,0.32,Dropout,0.6666666666666666,2.0,0.0,0.41666666666666663,2.5,0,0,0,0
3540,1,1,1,9070,1,1,139.0,1,1,19,3,9,134.9,1,0,0,1,1,0,20,0,0,6,7,6,13.66666667,0,0,6,7,6,12.16666667,1,16.2,0.3,-0.92,Graduate,1.0,1.1666666666666667,0.0,0.6833333335,-4.099999999999994,0,0,0,0
3541,1,17,1,9119,1,1,130.0,1,1,3,4,2,123.0,0,0,0,1,1,0,18,0,0,5,10,1,10.0,0,0,5,7,0,0.0,0,9.4,-0.8,-3.12,Dropout,0.2,2.0,0.0,0.1,-7.0,0,0,0,0
3542,1,17,1,9670,1,1,132.0,1,38,37,9,9,122.9,0,0,0,0,1,0,20,0,0,6,6,6,11.5,0,0,6,9,2,13.0,0,10.8,1.4,1.74,Dropout,1.0,1.0,0.0,0.575,-9.099999999999994,0,0,1,0
3543,1,39,1,9991,0,1,100.0,1,37,38,9,4,140.0,0,0,0,1,1,0,39,0,0,5,7,4,12.25,0,0,5,7,4,12.75,0,15.5,2.8,-4.06,Enrolled,0.8,1.4,0.0,0.49000000000000005,40.0,0,0,0,1
3544,1,17,1,9085,1,1,120.0,1,19,38,4,8,122.5,0,0,0,0,1,0,19,0,0,6,11,5,13.6,0,0,6,11,5,13.66666667,0,11.1,0.6,2.02,Enrolled,0.8333333333333334,1.8333333333333333,0.0,0.5666666666666667,2.5,0,0,1,0
3545,1,39,1,9991,0,12,133.1,1,37,37,9,9,121.5,0,0,0,1,1,0,38,0,0,5,11,2,10.5,0,0,5,9,3,11.33333333,1,7.6,2.6,0.32,Enrolled,0.4,2.2,0.0,0.21000000000000002,-11.599999999999994,0,0,0,1
3546,1,17,3,9500,1,1,156.0,1,19,37,4,9,132.3,1,0,0,1,1,1,18,0,0,7,7,6,13.26666667,0,0,7,7,6,13.26666667,0,7.6,2.6,0.32,Graduate,0.8571428571428571,1.0,0.0,0.5685714287142857,-23.69999999999999,0,0,0,0
3547,1,17,4,9500,1,1,143.0,1,19,38,9,6,131.5,1,0,0,1,1,1,18,0,0,7,8,7,12.5125,0,0,8,8,8,14.1875,0,13.9,-0.3,0.79,Graduate,1.0,1.1428571428571428,0.0,0.625625,-11.5,0,0,0,0
3548,2,43,1,9130,1,9,133.1,1,34,34,0,0,128.2,0,0,0,1,1,0,28,0,0,5,9,0,0.0,0,0,5,5,0,0.0,0,7.6,2.6,0.32,Dropout,0.0,1.8,0.0,0.0,-4.900000000000006,0,0,0,1
3549,1,39,1,9670,1,1,140.0,1,37,37,9,9,148.0,1,0,0,0,1,0,31,0,0,6,14,0,0.0,0,0,6,6,0,0.0,0,12.7,3.7,-1.7,Dropout,0.0,2.3333333333333335,0.0,0.0,8.0,0,0,1,1
3550,1,1,1,9500,1,1,127.0,1,2,19,3,9,121.5,0,0,0,1,1,0,23,0,0,7,7,6,13.48333333,0,0,7,7,6,13.48333333,0,7.6,2.6,0.32,Graduate,0.8571428571428571,1.0,0.0,0.5778571427142857,-5.5,0,0,0,0
3551,1,1,1,9500,1,1,135.0,1,38,19,194,193,135.4,1,0,0,1,1,0,21,0,0,7,9,6,12.565,0,0,8,12,5,12.16,0,11.1,0.6,2.02,Enrolled,0.8571428571428571,1.2857142857142858,0.0,0.5385,0.4000000000000057,0,0,0,0
3552,1,39,1,9238,1,19,133.1,1,37,37,9,9,139.0,0,0,1,0,1,0,33,0,0,6,8,0,0.0,0,0,5,6,0,0.0,0,16.2,0.3,-0.92,Dropout,0.0,1.3333333333333333,0.0,0.0,5.900000000000006,0,0,1,1
3553,1,43,1,9147,1,1,120.0,1,37,37,5,3,113.4,0,0,0,1,1,0,22,0,0,5,9,3,13.0,0,0,5,9,3,11.66666667,0,12.7,3.7,-1.7,Dropout,0.6,1.8,0.0,0.39,-6.599999999999994,0,0,0,0
3554,1,44,1,9119,1,39,150.0,1,19,37,9,9,150.0,1,0,1,1,1,0,20,0,0,5,6,5,16.5,0,0,5,7,5,17.71428571,0,12.4,0.5,1.79,Dropout,1.0,1.2,0.0,0.825,0.0,0,0,1,0
3555,1,17,1,9670,1,1,123.0,1,37,38,3,3,122.0,0,0,1,1,1,0,19,0,0,6,7,6,13.16666667,0,0,6,9,5,13.2,0,8.9,1.4,3.51,Enrolled,1.0,1.1666666666666667,0.0,0.6583333335,-1.0,0,0,1,0
3556,1,44,1,9085,1,39,150.0,1,38,38,4,1,150.0,1,0,0,1,1,0,20,0,1,6,11,6,13.8,0,1,6,7,6,13.14285714,0,16.2,0.3,-0.92,Graduate,1.0,1.8333333333333333,0.0,0.6900000000000001,0.0,0,0,0,0
3557,1,39,1,9254,1,12,133.1,1,37,37,5,7,119.3,1,0,0,1,1,0,25,0,0,6,7,6,11.16666667,0,0,6,11,4,11.8,0,9.4,-0.8,-3.12,Enrolled,1.0,1.1666666666666667,0.0,0.5583333335,-13.799999999999997,0,0,0,1
3558,1,39,1,9003,1,1,130.0,1,1,1,9,4,140.0,0,0,0,0,1,0,25,0,0,6,0,0,0.0,0,0,6,0,0,0.0,0,13.9,-0.3,0.79,Dropout,0.0,0.0,0.0,0.0,10.0,0,0,1,1
3559,1,1,4,9070,1,1,140.0,1,4,19,2,10,125.0,1,0,0,1,1,0,19,0,0,6,7,6,12.66666667,0,0,6,8,6,12.14285714,0,9.4,-0.8,-3.12,Enrolled,1.0,1.1666666666666667,0.0,0.6333333335,-15.0,0,0,0,0
3560,1,1,1,9670,1,1,141.0,1,2,1,2,4,140.7,1,0,0,1,1,0,20,0,0,5,5,5,12.6,0,0,5,6,4,14.5,1,7.6,2.6,0.32,Graduate,1.0,1.0,0.0,0.63,-0.30000000000001137,0,0,0,0
3561,2,39,1,9500,1,19,133.1,1,19,19,4,4,100.0,0,0,0,1,1,0,33,0,0,7,7,5,13.06,0,0,7,9,0,0.0,0,16.2,0.3,-0.92,Enrolled,0.7142857142857143,1.0,0.0,0.46642857142857147,-33.099999999999994,0,0,0,1
3562,1,17,5,9773,1,1,146.0,1,1,37,5,5,146.7,1,0,0,1,1,0,19,0,0,6,7,6,13.83333333,0,0,6,8,6,13.625,0,7.6,2.6,0.32,Graduate,1.0,1.1666666666666667,0.0,0.6916666665,0.6999999999999886,0,0,0,0
3563,1,39,1,9130,1,19,133.1,1,34,34,Unknown/not stated,Unknown/not stated,96.0,0,0,0,1,1,0,31,0,0,5,5,0,0.0,0,0,5,5,0,0.0,0,7.6,2.6,0.32,Dropout,0.0,1.0,0.0,0.0,-37.099999999999994,0,0,0,1
3564,1,44,1,9119,1,39,160.0,1,3,38,2,3,160.0,0,0,1,0,1,0,24,0,2,6,6,2,16.0,0,2,7,7,2,16.0,0,8.9,1.4,3.51,Dropout,0.3333333333333333,1.0,0.0,0.26666666666666666,0.0,0,0,1,0
3565,1,44,1,9119,1,39,130.0,1,19,3,3,4,130.0,0,0,1,0,1,0,23,0,0,5,5,0,0.0,0,0,5,5,0,0.0,0,15.5,2.8,-4.06,Dropout,0.0,1.0,0.0,0.0,0.0,0,0,1,0
3566,2,39,1,9991,0,1,160.0,1,1,3,1,2,130.0,0,0,0,0,1,1,26,0,0,5,12,3,10.66666667,0,0,5,11,3,10.66666667,0,9.4,-0.8,-3.12,Dropout,0.6,2.4,0.0,0.3200000001,-30.0,0,0,1,1
3567,2,43,1,9070,1,2,140.0,1,37,37,6,6,140.0,1,0,0,1,1,0,38,0,14,18,18,18,14.5,0,13,18,18,18,14.5,0,16.2,0.3,-0.92,Graduate,1.0,1.0,0.0,0.725,0.0,0,0,0,1
3568,1,1,6,9119,1,1,126.0,1,19,19,7,3,116.6,1,0,0,1,1,1,20,0,0,5,6,5,14.0,0,0,5,7,5,13.8,0,8.9,1.4,3.51,Graduate,1.0,1.2,0.0,0.7,-9.400000000000006,0,0,0,0
3569,1,17,5,9119,1,1,118.0,1,1,19,9,9,120.5,1,0,0,1,1,0,20,0,0,5,10,3,13.33333333,0,0,5,11,5,13.57142857,0,12.4,0.5,1.79,Graduate,0.6,2.0,0.0,0.3999999999,2.5,0,0,0,0
3570,1,39,1,9085,1,19,133.1,1,3,1,2,5,103.0,0,0,0,1,1,0,25,0,0,6,0,0,0.0,0,0,6,0,0,0.0,0,10.8,1.4,1.74,Dropout,0.0,0.0,0.0,0.0,-30.099999999999994,0,0,0,1
3571,1,17,2,9070,1,1,121.0,1,1,19,144,144,111.9,1,0,0,1,1,0,19,0,0,6,9,5,12.0,0,0,6,10,4,11.2,0,8.9,1.4,3.51,Graduate,0.8333333333333334,1.5,0.0,0.5,-9.099999999999994,0,0,0,0
3572,1,17,1,9119,1,1,148.0,1,1,38,4,5,148.7,0,0,0,1,1,0,18,0,0,5,6,5,16.2,0,0,5,8,5,16.0,0,8.9,1.4,3.51,Graduate,1.0,1.2,0.0,0.8099999999999999,0.6999999999999886,0,0,0,0
3573,1,43,1,9991,0,12,133.1,1,12,12,9,9,120.0,0,0,0,1,1,0,28,0,7,13,13,7,10.28571429,0,5,11,13,5,10.6,0,10.8,1.4,1.74,Dropout,0.5384615384615384,1.0,0.0,0.2769230770384615,-13.099999999999994,0,0,0,1
3574,1,1,2,9119,1,1,140.0,1,19,19,9,9,125.7,1,0,0,1,1,0,18,0,0,5,5,0,0.0,0,0,5,5,0,0.0,0,9.4,-0.8,-3.12,Enrolled,0.0,1.0,0.0,0.0,-14.299999999999997,0,0,0,0
3575,1,1,1,9254,1,1,132.0,1,1,38,9,9,120.1,1,0,0,1,1,1,20,0,0,6,7,6,13.57142857,0,0,6,8,6,13.16666667,0,8.9,1.4,3.51,Graduate,1.0,1.1666666666666667,0.0,0.6785714285,-11.900000000000006,0,0,0,0
3576,1,1,1,9130,1,1,140.0,1,4,3,3,3,127.8,0,0,0,1,1,0,18,0,0,6,7,6,14.28571429,0,0,6,9,6,14.85714286,0,11.1,0.6,2.02,Graduate,1.0,1.1666666666666667,0.0,0.7142857145,-12.200000000000003,0,0,0,0
3577,1,17,3,9147,1,1,112.0,1,1,1,3,3,106.4,1,0,0,1,1,0,19,0,0,5,7,5,10.2,0,0,5,6,4,10.5,0,12.4,0.5,1.79,Graduate,1.0,1.4,0.0,0.51,-5.599999999999994,0,0,0,0
3578,1,42,1,9500,1,1,100.0,1,19,19,9,9,100.0,0,0,1,1,1,0,24,0,0,8,16,2,10.25,1,0,8,16,2,10.25,1,12.7,3.7,-1.7,Dropout,0.25,2.0,0.125,0.128125,0.0,0,0,1,0
3579,1,17,4,9085,1,1,126.0,1,1,3,5,5,123.9,1,0,0,1,1,0,21,0,0,6,0,0,0.0,0,0,6,0,0,0.0,0,10.8,1.4,1.74,Dropout,0.0,0.0,0.0,0.0,-2.0999999999999943,0,0,0,0
3580,1,1,1,9670,1,1,150.0,1,3,37,4,7,139.5,0,0,0,1,1,1,20,0,0,6,7,6,14.83333333,0,0,6,6,6,14.83333333,0,12.7,3.7,-1.7,Graduate,1.0,1.1666666666666667,0.0,0.7416666665,-10.5,0,0,0,0
3581,1,44,1,9003,1,39,150.0,1,19,1,9,8,150.0,1,0,0,1,1,0,21,0,0,6,12,5,13.625,0,0,6,6,5,12.6,0,13.9,-0.3,0.79,Graduate,0.8333333333333334,2.0,0.0,0.5677083333333334,0.0,0,0,0,0
3582,2,1,1,9556,1,1,144.0,1,19,19,193,144,139.8,0,0,1,1,1,0,24,0,0,7,7,7,12.27142857,0,0,8,10,7,13.65714286,0,10.8,1.4,1.74,Graduate,1.0,1.0,0.0,0.6135714285,-4.199999999999989,0,0,1,0
3583,1,39,1,9991,0,1,133.1,1,38,37,9,9,154.4,0,0,0,1,1,0,27,0,0,5,0,0,0.0,0,0,5,0,0,0.0,0,10.8,1.4,1.74,Dropout,0.0,0.0,0.0,0.0,21.30000000000001,0,0,0,1
3584,1,17,6,9147,1,1,120.0,1,37,38,9,9,115.5,1,0,1,0,1,0,19,0,0,5,8,4,12.5,0,0,5,9,5,10.5,0,8.9,1.4,3.51,Enrolled,0.8,1.6,0.0,0.5,-4.5,0,0,1,0
3585,1,39,1,8014,0,1,133.1,1,3,19,4,7,119.0,0,0,0,1,1,0,39,0,3,9,10,9,13.22222222,0,2,7,8,7,13.14285714,0,8.9,1.4,3.51,Graduate,1.0,1.1111111111111112,0.0,0.6611111110000001,-14.099999999999994,0,0,0,1
3586,1,39,1,33,1,1,133.1,1,19,37,9,9,96.1,0,0,0,1,1,0,25,0,0,7,13,2,15.0,0,0,7,12,2,11.5,0,12.4,0.5,1.79,Dropout,0.2857142857142857,1.8571428571428572,0.0,0.21428571428571427,-37.0,0,0,0,1
3587,1,7,1,171,1,3,130.0,1,1,2,9,2,130.0,0,0,0,0,1,0,18,0,0,0,0,0,0.0,0,0,0,0,0,0.0,0,9.4,-0.8,-3.12,Dropout,0.0,0.0,0.0,0.0,0.0,1,0,1,0
3588,1,43,1,9070,1,1,133.0,1,1,2,9,2,128.8,0,0,0,1,1,0,19,0,6,12,12,12,13.16666667,0,6,12,12,12,13.0,0,10.8,1.4,1.74,Graduate,1.0,1.0,0.0,0.6583333335,-4.199999999999989,0,0,0,0
3589,1,18,1,9773,1,1,124.0,1,38,37,9,8,126.8,0,0,0,1,1,1,21,0,0,6,8,5,13.83333333,0,0,6,6,4,14.0,0,13.9,-0.3,0.79,Graduate,0.8333333333333334,1.3333333333333333,0.0,0.57638888875,2.799999999999997,0,0,0,0
3590,1,7,1,9991,0,40,130.0,1,1,3,4,2,130.0,0,0,0,1,1,0,27,0,0,5,0,0,0.0,0,0,5,0,0,0.0,0,8.9,1.4,3.51,Dropout,0.0,0.0,0.0,0.0,0.0,0,0,0,1
3591,1,1,3,9147,1,1,124.0,1,1,1,5,3,116.7,1,0,0,1,1,0,19,0,0,5,6,0,0.0,0,0,5,6,0,0.0,0,7.6,2.6,0.32,Enrolled,0.0,1.2,0.0,0.0,-7.299999999999997,0,0,0,0
3592,1,17,3,9500,1,1,132.0,1,3,1,2,7,125.5,1,0,0,1,1,0,18,0,0,8,8,7,13.15428571,0,0,8,8,7,13.15428571,0,10.8,1.4,1.74,Enrolled,0.875,1.0,0.0,0.5754999998125,-6.5,0,0,0,0
3593,1,7,1,9670,1,3,110.0,1,27,37,3,3,110.0,1,0,0,1,1,0,27,0,7,12,12,9,12.33333333,0,6,11,11,6,13.16666667,0,9.4,-0.8,-3.12,Dropout,0.75,1.0,0.0,0.462499999875,0.0,0,0,0,1
3594,1,1,3,9773,1,1,127.0,1,19,38,8,3,133.7,1,0,1,1,1,0,18,0,0,6,6,6,13.0,0,0,6,7,5,11.8,0,12.7,3.7,-1.7,Dropout,1.0,1.0,0.0,0.65,6.699999999999989,0,0,1,0
3595,1,1,1,9130,1,1,130.0,1,2,3,9,1,117.6,0,0,0,1,1,0,19,0,0,5,14,2,11.5,2,0,5,8,5,11.4,3,9.4,-0.8,-3.12,Enrolled,0.4,2.8,0.4,0.22999999999999998,-12.400000000000006,0,0,0,0
3596,1,44,1,9003,1,39,140.0,1,19,38,9,10,140.0,0,0,0,1,1,0,19,0,0,6,15,3,13.25,0,0,6,9,1,12.0,0,13.9,-0.3,0.79,Dropout,0.5,2.5,0.0,0.33125,0.0,0,0,0,0
3597,1,44,1,9003,1,39,150.0,1,19,1,1,1,150.0,0,0,0,1,1,0,22,0,0,6,12,3,13.33333333,0,0,6,12,3,12.75,0,15.5,2.8,-4.06,Enrolled,0.5,2.0,0.0,0.33333333325000003,0.0,0,0,0,0
3598,1,16,2,9238,1,1,133.0,1,19,38,4,5,133.7,1,0,0,1,0,0,18,0,0,6,6,6,13.5,0,0,6,6,6,12.16666667,0,10.8,1.4,1.74,Graduate,1.0,1.0,0.0,0.675,0.6999999999999886,0,0,0,0
3599,1,16,4,9773,1,1,109.0,1,37,37,9,3,137.0,1,0,0,1,0,1,18,0,0,6,7,6,12.66666667,0,0,6,8,5,12.8,0,10.8,1.4,1.74,Graduate,1.0,1.1666666666666667,0.0,0.6333333335,28.0,0,0,0,0
3600,1,43,1,9147,1,1,133.1,1,4,19,2,1,128.2,0,0,0,1,0,0,23,0,7,11,18,11,15.09090909,1,2,6,7,6,14.5,0,9.4,-0.8,-3.12,Dropout,1.0,1.6363636363636365,0.09090909090909091,0.7545454545,-4.900000000000006,0,0,0,0
3601,1,18,4,171,1,1,133.0,1,1,4,9,5,129.2,1,0,1,0,1,0,20,0,0,0,0,0,0.0,0,0,0,0,0,0.0,0,9.4,-0.8,-3.12,Dropout,0.0,0.0,0.0,0.0,-3.8000000000000114,1,0,1,0
3602,1,17,3,9773,1,1,134.0,1,2,1,3,3,129.5,1,0,0,1,1,0,18,0,0,6,7,6,13.16666667,0,0,6,7,6,12.66666667,0,16.2,0.3,-0.92,Graduate,1.0,1.1666666666666667,0.0,0.6583333335,-4.5,0,0,0,0
3603,1,1,4,9773,1,1,125.0,1,19,19,9,7,129.6,1,0,0,1,1,0,18,0,0,6,6,6,12.83333333,0,0,6,8,6,12.83333333,0,12.4,0.5,1.79,Graduate,1.0,1.0,0.0,0.6416666665,4.599999999999994,0,0,0,0
3604,1,17,3,9119,1,1,135.0,1,1,19,141,193,121.7,1,0,0,1,1,0,18,0,0,5,7,5,11.8,0,0,5,9,3,12.0,0,8.9,1.4,3.51,Enrolled,1.0,1.4,0.0,0.5900000000000001,-13.299999999999997,0,0,0,0
3605,1,17,2,9773,1,1,132.0,1,19,1,9,9,141.8,1,0,0,1,1,0,20,0,0,6,6,6,11.83333333,0,0,6,6,6,12.16666667,0,12.7,3.7,-1.7,Graduate,1.0,1.0,0.0,0.5916666665,9.800000000000011,0,0,0,0
3606,1,1,3,9773,1,1,135.0,1,3,1,2,4,129.8,1,0,0,1,1,0,20,0,0,6,6,5,12.8,0,0,6,11,3,12.75,0,15.5,2.8,-4.06,Graduate,0.8333333333333334,1.0,0.0,0.5333333333333333,-5.199999999999989,0,0,0,0
3607,1,44,1,9070,1,39,100.0,1,1,1,4,4,106.0,0,0,0,1,1,0,21,0,2,7,7,5,11.8,0,5,9,9,5,11.0,0,12.4,0.5,1.79,Dropout,0.7142857142857143,1.0,0.0,0.4214285714285715,6.0,0,0,0,0
3608,1,43,1,171,1,1,144.0,1,19,19,9,4,121.6,0,0,0,1,1,0,22,0,0,0,0,0,0.0,0,0,0,0,0,0.0,0,13.9,-0.3,0.79,Enrolled,0.0,0.0,0.0,0.0,-22.400000000000006,1,0,0,0
3609,1,17,1,9119,1,1,125.0,1,19,1,5,4,121.5,1,0,0,1,1,0,20,0,0,5,7,5,15.8,0,0,5,7,5,14.57142857,0,11.1,0.6,2.02,Dropout,1.0,1.4,0.0,0.79,-3.5,0,0,0,0
3610,1,1,1,171,1,1,133.1,1,1,37,9,9,117.0,0,0,1,1,1,0,19,0,0,0,0,0,0.0,0,0,0,0,0,0.0,0,15.5,2.8,-4.06,Enrolled,0.0,0.0,0.0,0.0,-16.099999999999994,1,0,1,0
3611,1,44,1,9119,1,39,130.0,1,38,19,9,5,130.0,1,0,0,1,1,0,19,0,0,5,9,2,12.5,0,0,5,10,3,11.6,0,12.4,0.5,1.79,Enrolled,0.4,1.8,0.0,0.25,0.0,0,0,0,0
3612,1,17,1,9670,1,1,117.0,1,1,1,4,4,117.7,1,0,0,1,1,0,20,0,0,6,9,6,14.66666667,0,0,6,7,6,13.85714286,0,8.9,1.4,3.51,Graduate,1.0,1.5,0.0,0.7333333335,0.7000000000000028,0,0,0,0
3613,1,44,1,9085,1,39,140.0,1,19,37,5,7,140.0,1,0,0,1,1,0,19,0,2,6,10,4,12.5,0,1,6,16,2,12.0,0,12.4,0.5,1.79,Dropout,0.6666666666666666,1.6666666666666667,0.0,0.41666666666666663,0.0,0,0,0,0
3614,1,1,1,9119,1,1,132.0,1,1,12,3,3,133.1,1,0,0,1,1,0,19,0,0,5,7,3,12.0,0,0,6,10,2,10.5,0,11.1,0.6,2.02,Dropout,0.6,1.4,0.0,0.36,1.0999999999999943,0,0,0,0
3615,1,15,1,9119,1,1,133.1,41,2,2,2,2,100.0,0,0,1,1,1,0,24,1,2,8,8,7,13.14285714,0,1,6,8,6,11.83333333,0,8.9,1.4,3.51,Enrolled,0.875,1.0,0.0,0.574999999875,-33.099999999999994,0,0,1,0
3616,1,17,1,9670,1,1,132.0,1,19,1,5,4,119.1,0,0,1,1,1,0,18,0,0,6,6,3,12.66666667,0,0,6,11,4,11.14285714,0,10.8,1.4,1.74,Dropout,0.5,1.0,0.0,0.31666666675,-12.900000000000006,0,0,1,0
3617,1,1,1,9119,1,1,148.0,1,19,19,9,8,129.8,0,0,0,0,1,1,18,0,0,5,6,5,15.0,0,0,5,6,5,14.2,0,8.9,1.4,3.51,Enrolled,1.0,1.2,0.0,0.75,-18.19999999999999,0,0,1,0
3618,1,1,1,9238,1,1,133.0,1,19,38,9,7,131.3,1,0,1,1,0,0,18,0,0,6,7,5,13.6,0,0,6,7,5,11.8,0,8.9,1.4,3.51,Dropout,0.8333333333333334,1.1666666666666667,0.0,0.5666666666666667,-1.6999999999999886,0,0,1,0
3619,1,17,5,9773,1,1,143.0,1,1,1,7,7,136.7,1,0,0,1,0,0,18,0,0,6,6,6,12.5,0,0,6,6,6,13.83333333,0,8.9,1.4,3.51,Graduate,1.0,1.0,0.0,0.625,-6.300000000000011,0,0,0,0
3620,1,17,1,9238,1,1,143.0,1,19,37,9,9,126.2,1,0,0,1,0,1,21,0,0,6,7,6,13.33333333,0,0,6,7,6,13.5,0,12.4,0.5,1.79,Graduate,1.0,1.1666666666666667,0.0,0.6666666665000001,-16.799999999999997,0,0,0,0
3621,1,15,1,9085,1,1,133.1,41,37,37,9,9,109.6,0,0,0,1,0,0,18,1,0,6,13,4,12.25,0,0,6,15,5,11.0,0,11.1,0.6,2.02,Dropout,0.6666666666666666,2.1666666666666665,0.0,0.4083333333333333,-23.5,0,0,0,0
3622,1,1,1,9500,1,1,141.0,1,1,19,3,3,131.9,1,0,0,1,0,1,18,0,0,7,7,7,15.10142857,0,0,8,8,8,16.09375,0,11.1,0.6,2.02,Graduate,1.0,1.0,0.0,0.7550714285,-9.099999999999994,0,0,0,0
3623,1,1,2,9238,1,1,140.0,1,19,37,9,9,140.7,1,0,0,1,0,1,18,0,0,6,6,6,13.16666667,0,0,6,6,6,16.0,0,10.8,1.4,1.74,Graduate,1.0,1.0,0.0,0.6583333335,0.6999999999999886,0,0,0,0
3624,1,18,6,8014,0,1,134.0,1,3,19,2,4,120.7,1,0,0,1,0,0,23,0,0,6,8,4,11.0,0,0,6,6,0,0.0,0,13.9,-0.3,0.79,Dropout,0.6666666666666666,1.3333333333333333,0.0,0.3666666666666667,-13.299999999999997,0,0,0,0
3625,1,1,2,9147,1,1,118.0,1,3,19,2,4,113.8,1,0,0,1,0,0,21,0,0,5,9,3,11.66666667,0,0,5,9,4,11.75,0,8.9,1.4,3.51,Graduate,0.6,1.8,0.0,0.35000000009999993,-4.200000000000003,0,0,0,0
3626,1,1,1,9238,1,1,135.0,1,19,38,7,5,121.0,0,0,0,1,0,0,20,0,0,6,13,1,10.0,0,0,6,13,1,13.0,0,9.4,-0.8,-3.12,Enrolled,0.16666666666666666,2.1666666666666665,0.0,0.08333333333333333,-14.0,0,0,0,0
3627,1,17,1,8014,0,1,119.0,1,34,34,0,0,112.4,1,0,0,1,0,0,26,0,4,7,15,7,11.57142857,0,2,6,14,2,11.0,0,7.6,2.6,0.32,Dropout,1.0,2.142857142857143,0.0,0.5785714285,-6.599999999999994,0,0,0,1
3628,1,1,6,9773,1,1,145.0,1,1,19,4,4,131.0,1,0,0,1,0,1,18,0,0,6,6,6,12.16666667,0,0,6,10,5,11.2,0,7.6,2.6,0.32,Enrolled,1.0,1.0,0.0,0.6083333335,-14.0,0,0,0,0
3629,1,1,1,171,1,1,143.0,1,3,37,9,9,142.7,1,0,0,1,0,0,18,0,0,0,0,0,0.0,0,0,0,0,0,0.0,0,16.2,0.3,-0.92,Dropout,0.0,0.0,0.0,0.0,-0.30000000000001137,1,0,0,0
3630,1,1,1,9670,1,1,123.0,1,19,19,9,8,125.5,0,0,0,0,0,1,19,0,0,6,6,6,13.83333333,0,0,6,7,6,14.28571429,0,8.9,1.4,3.51,Graduate,1.0,1.0,0.0,0.6916666665,2.5,0,0,1,0
3631,1,1,3,9500,1,1,108.0,1,19,1,9,3,107.8,1,0,0,1,0,1,20,0,0,7,10,6,12.35714286,0,0,8,9,7,13.0,0,13.9,-0.3,0.79,Graduate,0.8571428571428571,1.4285714285714286,0.0,0.5295918368571427,-0.20000000000000284,0,0,0,0
3632,1,1,3,9773,1,1,117.0,1,38,19,7,7,110.4,1,0,1,0,0,0,19,0,0,6,7,6,12.16666667,0,0,6,10,2,10.33333333,0,16.2,0.3,-0.92,Dropout,1.0,1.1666666666666667,0.0,0.6083333335,-6.599999999999994,0,0,1,0
3633,1,44,1,9238,1,39,140.0,1,37,19,191,102,136.1,1,0,1,1,0,0,21,0,3,6,8,3,12.0,0,2,6,6,2,12.5,0,12.4,0.5,1.79,Enrolled,0.5,1.3333333333333333,0.0,0.3,-3.9000000000000057,0,0,1,0
3634,1,39,1,9254,1,1,170.0,1,37,37,4,6,138.3,0,0,0,1,0,0,33,0,5,10,14,9,12.41666667,0,5,9,14,7,13.0,0,10.8,1.4,1.74,Graduate,0.9,1.4,0.0,0.5587500001500001,-31.69999999999999,0,0,0,1
3635,1,1,2,9085,1,1,157.0,1,3,38,4,6,142.3,0,0,0,1,0,0,18,0,0,5,7,4,12.75,0,0,5,6,4,12.75,0,7.6,2.6,0.32,Graduate,0.8,1.4,0.0,0.51,-14.699999999999989,0,0,0,0
3636,1,42,1,9500,1,6,141.0,1,37,1,9,4,145.0,0,0,0,1,0,0,21,0,12,21,33,18,14.93333333,12,12,21,33,18,14.93333333,12,7.6,2.6,0.32,Graduate,0.8571428571428571,1.5714285714285714,0.5714285714285714,0.6399999998571428,4.0,0,0,0,0
3637,1,1,1,9773,1,1,125.0,1,3,19,2,3,125.7,1,0,0,1,0,0,19,0,0,6,6,6,13.0,0,0,6,7,6,11.66666667,0,8.9,1.4,3.51,Graduate,1.0,1.0,0.0,0.65,0.7000000000000028,0,0,0,0
3638,4,39,1,9853,1,19,133.1,1,38,19,9,9,108.0,0,0,1,0,0,0,33,0,0,7,7,7,12.85714286,0,0,7,8,6,12.66666667,0,8.9,1.4,3.51,Enrolled,1.0,1.0,0.0,0.642857143,-25.099999999999994,0,0,1,1
3639,2,1,4,9500,1,1,143.0,1,38,38,5,5,128.7,1,0,0,1,0,0,18,0,0,7,10,7,14.455,0,0,8,8,8,13.91,0,15.5,2.8,-4.06,Graduate,1.0,1.4285714285714286,0.0,0.72275,-14.300000000000011,0,0,0,0
3640,1,1,1,9670,1,1,142.0,1,1,19,4,4,128.0,0,0,0,1,0,1,18,0,0,6,8,6,14.0,0,0,6,7,6,13.28571429,0,11.1,0.6,2.02,Graduate,1.0,1.3333333333333333,0.0,0.7,-14.0,0,0,0,0
3641,1,1,3,9773,1,1,150.0,1,19,38,4,4,146.5,1,0,0,1,0,1,20,0,0,6,6,6,13.5,0,0,6,7,6,12.66666667,0,11.1,0.6,2.02,Graduate,1.0,1.0,0.0,0.675,-3.5,0,0,0,0
3642,1,1,2,9254,1,1,112.0,1,37,37,6,6,106.1,1,0,0,0,0,0,20,0,0,6,0,0,0.0,0,0,6,0,0,0.0,0,11.1,0.6,2.02,Dropout,0.0,0.0,0.0,0.0,-5.900000000000006,0,0,1,0
3643,1,17,2,8014,0,1,133.1,1,19,1,1,1,118.0,0,0,0,1,0,1,20,0,0,6,6,6,11.66666667,0,0,6,12,5,14.0,0,10.8,1.4,1.74,Graduate,1.0,1.0,0.0,0.5833333334999999,-15.099999999999994,0,0,0,0
3644,1,17,1,9085,1,1,125.0,1,1,37,4,9,117.0,1,0,0,1,0,1,19,0,0,5,6,4,12.0,0,0,5,8,5,13.33333333,1,10.8,1.4,1.74,Graduate,0.8,1.2,0.0,0.48,-8.0,0,0,0,0
3645,1,1,3,9238,1,1,121.0,1,38,37,8,8,115.4,1,0,0,1,0,1,19,0,0,6,7,6,11.71428571,0,0,6,6,6,11.83333333,0,13.9,-0.3,0.79,Graduate,1.0,1.1666666666666667,0.0,0.5857142855,-5.599999999999994,0,0,0,0
3646,1,17,3,9238,1,1,133.1,1,41,1,2,3,117.0,1,0,0,1,0,0,21,0,0,6,8,6,12.66666667,0,0,6,7,6,12.42857143,0,11.1,0.6,2.02,Graduate,1.0,1.3333333333333333,0.0,0.6333333335,-16.099999999999994,0,0,0,0
3647,1,39,1,9085,1,1,133.1,1,3,3,4,2,144.9,1,0,0,1,0,0,26,0,0,6,11,3,11.75,0,0,6,19,4,12.8,0,12.4,0.5,1.79,Enrolled,0.5,1.8333333333333333,0.0,0.29375,11.800000000000011,0,0,0,1
3648,1,17,1,9238,1,1,135.0,1,37,37,8,6,127.0,0,0,0,1,0,0,21,0,0,6,0,0,0.0,0,0,6,0,0,0.0,0,16.2,0.3,-0.92,Dropout,0.0,0.0,0.0,0.0,-8.0,0,0,0,0
3649,1,1,4,9500,1,1,132.0,1,19,38,5,5,118.0,1,0,0,1,0,0,18,0,0,8,8,7,12.32857143,0,0,8,8,7,12.32857143,0,12.7,3.7,-1.7,Graduate,0.875,1.0,0.0,0.5393750000624999,-14.0,0,0,0,0
3650,5,39,1,9853,1,19,133.1,1,37,37,9,8,118.0,0,0,0,1,0,0,27,0,0,7,14,6,11.66666667,0,0,7,10,1,10.0,0,12.4,0.5,1.79,Dropout,0.8571428571428571,2.0,0.0,0.5000000001428571,-15.099999999999994,0,0,0,1
3651,1,43,1,9070,1,1,135.0,1,1,38,3,9,126.4,1,0,0,1,0,1,20,0,5,12,12,12,13.25,0,5,12,12,11,12.72727273,0,15.5,2.8,-4.06,Graduate,1.0,1.0,0.0,0.6625,-8.599999999999994,0,0,0,0
3652,1,43,1,9670,1,39,110.0,1,19,3,7,10,110.0,0,0,0,1,0,0,21,0,0,6,8,5,11.83333333,0,0,6,8,4,13.25,2,16.2,0.3,-0.92,Enrolled,0.8333333333333334,1.3333333333333333,0.0,0.4930555554166667,0.0,0,0,0,0
3653,1,17,1,9556,1,1,133.0,1,38,37,9,9,124.4,1,0,0,1,0,1,18,0,0,7,7,7,13.3,0,0,8,8,8,15.125,0,15.5,2.8,-4.06,Graduate,1.0,1.0,0.0,0.665,-8.599999999999994,0,0,0,0
3654,1,44,1,9085,1,39,140.0,1,1,19,9,9,140.0,1,0,0,1,0,0,20,0,1,6,13,6,12.55555556,0,1,6,11,5,11.8,0,16.2,0.3,-0.92,Enrolled,1.0,2.1666666666666665,0.0,0.627777778,0.0,0,0,0,0
3655,1,1,1,9773,1,1,135.0,1,1,19,4,10,129.4,1,0,0,1,0,0,18,0,0,6,6,6,12.83333333,0,0,6,7,6,12.16666667,0,11.1,0.6,2.02,Graduate,1.0,1.0,0.0,0.6416666665,-5.599999999999994,0,0,0,0
3656,1,44,1,9238,1,39,140.0,1,1,1,3,5,141.7,0,0,0,1,0,1,20,0,3,6,6,6,12.83333333,0,2,6,6,6,12.83333333,0,13.9,-0.3,0.79,Graduate,1.0,1.0,0.0,0.6416666665,1.6999999999999886,0,0,0,0
3657,1,1,2,9085,1,1,144.0,1,1,19,4,10,132.1,1,0,0,1,0,1,19,0,0,5,10,3,12.66666667,1,0,5,7,3,13.0,0,12.7,3.7,-1.7,Graduate,0.6,2.0,0.2,0.38000000009999996,-11.900000000000006,0,0,0,0
3658,1,1,5,9500,1,1,122.0,1,37,3,9,2,116.8,1,0,0,1,0,0,20,0,0,7,8,6,13.27142857,0,0,8,8,7,14.47142857,0,13.9,-0.3,0.79,Graduate,0.8571428571428571,1.1428571428571428,0.0,0.5687755101428571,-5.200000000000003,0,0,0,0
3659,1,1,1,9991,0,1,143.0,1,19,37,5,8,135.0,0,0,0,1,0,1,20,0,0,5,5,5,12.4,0,0,5,6,5,12.83333333,0,10.8,1.4,1.74,Graduate,1.0,1.0,0.0,0.62,-8.0,0,0,0,0
3660,1,44,1,9085,1,39,150.0,1,38,1,5,5,150.0,0,0,0,1,0,0,20,0,0,5,10,2,14.5,1,0,5,7,4,11.25,0,12.7,3.7,-1.7,Enrolled,0.4,2.0,0.2,0.29,0.0,0,0,0,0
3661,1,1,3,9238,1,1,124.0,1,19,1,7,10,116.0,1,0,1,1,0,0,19,0,0,6,7,0,0.0,0,0,5,5,0,0.0,0,13.9,-0.3,0.79,Dropout,0.0,1.1666666666666667,0.0,0.0,-8.0,0,0,1,0
3662,1,1,1,9773,1,1,156.0,1,3,3,123,122,155.0,0,0,0,1,0,0,18,0,0,6,7,6,14.28571429,0,0,6,8,6,13.25,0,8.9,1.4,3.51,Graduate,1.0,1.1666666666666667,0.0,0.7142857145,-1.0,0,0,0,0
3663,1,1,1,9085,1,1,142.0,1,38,38,9,10,127.0,1,0,0,1,0,0,18,0,0,5,7,3,12.33333333,0,0,5,9,5,12.6,0,10.8,1.4,1.74,Graduate,0.6,1.4,0.0,0.3699999999,-15.0,0,0,0,0
3664,1,17,1,9500,1,1,142.0,1,38,37,9,8,130.8,1,0,0,1,0,1,19,0,0,7,10,6,12.58333333,0,0,8,8,7,12.67142857,0,13.9,-0.3,0.79,Graduate,0.8571428571428571,1.4285714285714286,0.0,0.5392857141428571,-11.199999999999989,0,0,0,0
3665,1,1,6,9500,1,1,126.0,1,12,37,5,9,121.8,1,0,0,1,0,0,19,0,0,7,8,6,13.73166667,0,0,8,10,7,13.77142857,0,12.4,0.5,1.79,Dropout,0.8571428571428571,1.1428571428571428,0.0,0.5885000001428571,-4.200000000000003,0,0,0,0
3666,1,39,1,9003,1,19,133.1,1,37,37,9,4,140.0,0,0,0,1,1,0,43,0,0,6,8,6,12.875,0,0,6,14,5,12.14285714,0,16.2,0.3,-0.92,Enrolled,1.0,1.3333333333333333,0.0,0.64375,6.900000000000006,0,0,0,1
3667,2,42,1,9070,1,1,170.0,1,37,25,0,4,148.5,0,0,0,1,1,0,47,0,8,10,14,8,14.625,0,5,7,7,5,13.4,0,9.4,-0.8,-3.12,Dropout,0.8,1.4,0.0,0.585,-21.5,0,0,0,1
3668,1,42,1,9147,1,1,130.0,1,34,34,Unknown/not stated,Unknown/not stated,109.8,1,0,0,0,1,0,23,0,0,3,3,0,0.0,0,0,2,2,0,0.0,0,7.6,2.6,0.32,Dropout,0.0,1.0,0.0,0.0,-20.200000000000003,0,0,1,0
3669,1,1,1,9238,1,1,133.0,41,19,19,9,9,119.7,1,0,1,1,0,1,19,1,0,6,8,6,12.66666667,0,0,6,7,6,12.66666667,0,8.9,1.4,3.51,Graduate,1.0,1.3333333333333333,0.0,0.6333333335,-13.299999999999997,0,0,1,0
3670,1,42,1,9500,1,1,122.0,1,3,3,2,2,122.0,1,0,0,1,0,0,20,0,0,8,11,6,12.49166667,0,0,8,11,6,12.49166667,0,12.7,3.7,-1.7,Graduate,0.75,1.375,0.0,0.4684375001250001,0.0,0,0,0,0
3671,1,1,1,171,1,1,138.0,1,1,3,4,4,147.5,1,0,0,1,0,1,19,0,6,12,12,12,13.66666667,0,4,11,12,11,14.16666667,0,8.9,1.4,3.51,Graduate,1.0,1.0,0.0,0.6833333335,9.5,0,0,0,0
3672,1,17,1,9085,1,1,163.0,14,37,37,9,9,150.8,1,0,0,1,0,0,19,1,0,6,13,6,16.0,0,0,6,8,6,14.5,0,15.5,2.8,-4.06,Graduate,1.0,2.1666666666666665,0.0,0.8,-12.199999999999989,0,0,0,0
3673,1,44,1,9085,1,39,150.0,1,19,37,4,7,150.0,1,0,0,1,0,0,19,0,2,6,8,6,14.14285714,0,1,6,7,6,13.0,0,13.9,-0.3,0.79,Graduate,1.0,1.3333333333333333,0.0,0.707142857,0.0,0,0,0,0
3674,1,39,1,8014,0,19,133.1,1,19,19,144,141,131.5,0,0,1,1,0,1,39,0,0,6,9,6,11.83333333,0,0,6,9,4,13.75,0,11.1,0.6,2.02,Graduate,1.0,1.5,0.0,0.5916666665,-1.5999999999999943,0,0,1,1
3675,1,1,1,9070,1,1,144.0,1,1,1,3,5,127.2,1,0,0,1,0,1,20,0,0,6,6,6,12.66666667,0,0,6,8,6,13.0,0,10.8,1.4,1.74,Graduate,1.0,1.0,0.0,0.6333333335,-16.799999999999997,0,0,0,0
3676,1,17,1,9070,1,1,118.0,1,38,19,9,3,111.0,1,0,0,1,0,0,21,0,0,6,6,6,12.5,0,0,6,6,6,12.66666667,0,7.6,2.6,0.32,Graduate,1.0,1.0,0.0,0.625,-7.0,0,0,0,0
3677,1,43,5,9238,1,1,101.0,24,37,19,9,7,119.9,1,0,1,0,0,0,22,1,5,11,16,9,10.88888889,0,2,10,20,4,11.25,1,9.4,-0.8,-3.12,Graduate,0.8181818181818182,1.4545454545454546,0.0,0.4454545455000001,18.900000000000006,0,0,1,0
3678,1,1,2,9773,1,1,133.0,1,19,38,5,0,133.7,1,0,0,1,0,0,19,0,0,6,11,1,13.0,0,0,5,10,0,0.0,0,7.6,2.6,0.32,Dropout,0.16666666666666666,1.8333333333333333,0.0,0.10833333333333334,0.6999999999999886,0,0,0,0
3679,1,17,1,9670,1,1,133.1,1,1,19,141,114,140.0,1,0,0,1,0,0,22,0,0,6,6,6,15.16666667,0,0,6,6,6,16.0,0,13.9,-0.3,0.79,Graduate,1.0,1.0,0.0,0.7583333335,6.900000000000006,0,0,0,0
3680,1,5,2,9853,1,1,124.0,1,19,19,3,3,113.9,1,0,0,1,0,1,19,0,0,6,8,6,12.66666667,0,0,6,7,6,12.0,0,12.7,3.7,-1.7,Graduate,1.0,1.3333333333333333,0.0,0.6333333335,-10.099999999999994,0,0,0,0
3681,1,1,1,171,1,1,127.0,1,37,38,9,9,120.7,1,0,1,1,1,0,18,0,0,0,0,0,0.0,0,0,0,0,0,0.0,0,7.6,2.6,0.32,Dropout,0.0,0.0,0.0,0.0,-6.299999999999997,1,0,1,0
3682,5,39,1,9147,1,1,133.1,1,19,19,9,9,119.8,0,0,0,1,1,0,26,0,0,5,9,5,12.0,0,0,5,5,5,10.2,0,11.1,0.6,2.02,Enrolled,1.0,1.8,0.0,0.6,-13.299999999999997,0,0,0,1
3683,1,39,1,9991,0,1,110.0,1,37,37,9,9,121.8,0,0,0,0,1,0,36,0,0,5,5,0,0.0,0,0,5,5,0,0.0,0,12.7,3.7,-1.7,Dropout,0.0,1.0,0.0,0.0,11.799999999999997,0,0,1,1
3684,1,18,1,171,1,1,110.0,1,19,2,5,5,117.7,1,0,1,1,1,1,20,0,0,0,0,0,0.0,0,0,0,0,0,0.0,0,12.4,0.5,1.79,Graduate,0.0,0.0,0.0,0.0,7.700000000000003,1,0,1,0
3685,2,39,1,9147,1,1,160.0,1,37,37,9,7,110.0,0,0,0,1,1,0,30,0,0,5,8,2,11.0,0,0,5,6,4,11.5,0,15.5,2.8,-4.06,Dropout,0.4,1.6,0.0,0.22000000000000003,-50.0,0,0,0,1
3686,1,43,1,9003,1,1,120.0,1,1,1,4,10,134.4,0,0,0,1,1,0,24,0,0,6,7,6,15.71428571,0,0,6,10,6,15.9,0,15.5,2.8,-4.06,Dropout,1.0,1.1666666666666667,0.0,0.7857142855,14.400000000000006,0,0,0,0
3687,1,1,1,9147,1,1,133.1,1,34,34,0,0,125.3,0,0,0,1,1,0,26,0,11,15,15,11,10.81818182,0,12,14,15,11,11.63636364,1,7.6,2.6,0.32,Dropout,0.7333333333333333,1.0,0.0,0.3966666667333333,-7.799999999999997,0,0,0,1
3688,1,1,1,9147,1,1,132.0,1,19,38,9,7,119.1,0,0,0,0,1,0,19,0,0,5,16,1,12.0,0,0,5,6,0,0.0,0,13.9,-0.3,0.79,Dropout,0.2,3.2,0.0,0.12,-12.900000000000006,0,0,1,0
3689,5,39,1,9238,1,1,130.0,1,19,38,9,10,146.0,0,0,0,1,1,0,34,0,0,6,8,5,12.6,0,0,6,11,4,11.25,0,12.4,0.5,1.79,Graduate,0.8333333333333334,1.3333333333333333,0.0,0.525,16.0,0,0,0,1
3690,1,43,1,9130,1,1,130.0,1,1,1,1,1,130.0,1,0,0,1,1,0,33,0,0,5,12,1,13.0,2,0,5,7,3,14.0,0,9.4,-0.8,-3.12,Enrolled,0.2,2.4,0.4,0.13,0.0,0,0,0,1
3691,1,17,6,9147,1,1,129.0,1,19,1,9,4,122.0,1,0,0,1,1,0,19,0,0,5,8,5,11.6,1,0,5,10,4,10.75,0,9.4,-0.8,-3.12,Graduate,1.0,1.6,0.2,0.58,-7.0,0,0,0,0
3692,1,17,5,9119,1,1,130.0,1,19,1,4,5,118.1,1,0,1,0,1,0,26,0,0,5,11,1,10.0,0,0,5,14,1,11.0,0,8.9,1.4,3.51,Dropout,0.2,2.2,0.0,0.1,-11.900000000000006,0,0,1,1
3693,1,39,1,9670,1,1,140.0,1,38,37,7,7,105.2,0,0,0,1,1,0,29,0,0,6,7,1,14.0,0,0,6,6,0,0.0,0,16.2,0.3,-0.92,Dropout,0.16666666666666666,1.1666666666666667,0.0,0.11666666666666665,-34.8,0,0,0,1
3694,1,17,5,9119,1,1,131.0,1,19,37,9,7,123.3,1,0,0,1,1,1,19,0,0,5,9,5,12.6,0,0,5,8,2,12.5,0,8.9,1.4,3.51,Dropout,1.0,1.8,0.0,0.63,-7.700000000000003,0,0,0,0
3695,1,17,1,171,1,1,129.0,1,1,1,9,9,124.8,1,0,0,1,1,0,18,0,0,0,0,0,0.0,0,0,0,0,0,0.0,0,12.7,3.7,-1.7,Dropout,0.0,0.0,0.0,0.0,-4.200000000000003,1,0,0,0
3696,1,39,1,9991,0,19,133.1,1,19,37,9,9,149.4,0,0,0,0,1,0,29,0,0,5,11,2,11.33333333,0,0,5,9,1,12.0,0,11.1,0.6,2.02,Dropout,0.4,2.2,0.0,0.2266666666,16.30000000000001,0,0,1,1
3697,1,43,1,9254,1,1,112.0,1,37,37,9,9,108.5,0,0,0,1,1,0,21,0,0,6,6,6,12.66666667,0,0,6,7,5,11.4,0,9.4,-0.8,-3.12,Graduate,1.0,1.0,0.0,0.6333333335,-3.5,0,0,0,0
3698,1,17,1,9254,1,1,119.0,1,1,1,4,10,125.0,0,0,0,1,1,0,19,0,0,6,7,5,10.8,0,0,6,10,2,10.5,0,10.8,1.4,1.74,Enrolled,0.8333333333333334,1.1666666666666667,0.0,0.45000000000000007,6.0,0,0,0,0
3699,1,1,1,9500,1,1,133.1,1,38,38,5,10,101.0,0,0,0,1,1,0,20,0,0,7,14,5,12.87857143,0,0,8,15,7,11.85625,0,15.5,2.8,-4.06,Graduate,0.7142857142857143,2.0,0.0,0.4599489796428571,-32.099999999999994,0,0,0,0
3700,1,1,1,9085,1,1,123.0,1,3,1,2,5,112.9,0,0,0,1,1,0,18,0,0,5,5,0,0.0,0,0,5,5,0,0.0,0,7.6,2.6,0.32,Dropout,0.0,1.0,0.0,0.0,-10.099999999999994,0,0,0,0
3701,1,17,3,9070,1,1,131.0,1,38,37,5,5,120.2,1,0,0,1,1,0,18,0,0,6,6,6,12.83333333,0,0,6,8,5,11.4,0,15.5,2.8,-4.06,Enrolled,1.0,1.0,0.0,0.6416666665,-10.799999999999997,0,0,0,0
3702,1,1,1,9147,1,1,120.0,1,34,34,Unknown/not stated,Unknown/not stated,111.6,0,0,1,1,1,1,21,0,0,5,5,5,12.6,0,0,5,9,3,12.83333333,0,10.8,1.4,1.74,Enrolled,1.0,1.0,0.0,0.63,-8.400000000000006,0,0,1,0
3703,1,1,1,9147,1,1,125.0,1,1,1,4,2,134.1,1,0,0,1,1,0,20,0,0,5,0,0,0.0,0,0,5,0,0,0.0,0,8.9,1.4,3.51,Dropout,0.0,0.0,0.0,0.0,9.099999999999994,0,0,0,0
3704,1,39,1,9119,1,1,133.1,1,37,37,9,9,101.6,0,0,0,1,1,1,30,0,0,5,11,0,0.0,0,0,5,5,0,0.0,0,12.7,3.7,-1.7,Dropout,0.0,2.2,0.0,0.0,-31.5,0,0,0,1
3705,1,18,2,9670,1,1,121.0,1,37,38,4,1,111.9,1,0,0,1,1,0,19,0,0,6,6,6,14.16666667,0,0,6,6,6,14.0,0,13.9,-0.3,0.79,Graduate,1.0,1.0,0.0,0.7083333334999999,-9.099999999999994,0,0,0,0
3706,1,51,1,9147,1,1,148.0,1,1,19,9,6,118.4,1,0,0,1,1,0,30,0,0,5,7,5,13.4,0,0,5,7,4,13.25,0,8.9,1.4,3.51,Dropout,1.0,1.4,0.0,0.67,-29.599999999999994,0,0,0,1
3707,1,1,1,9147,1,1,139.0,1,38,1,5,5,127.1,1,0,0,1,1,1,22,0,0,5,8,5,11.2,0,0,5,13,4,11.25,0,12.7,3.7,-1.7,Graduate,1.0,1.6,0.0,0.5599999999999999,-11.900000000000006,0,0,0,0
3708,1,17,3,171,1,1,125.0,1,37,37,5,10,120.5,1,0,0,1,1,0,22,0,0,0,0,0,0.0,0,0,0,0,0,0.0,0,12.4,0.5,1.79,Graduate,0.0,0.0,0.0,0.0,-4.5,1,0,0,0
3709,1,17,4,9070,1,1,128.0,1,1,1,9,10,136.1,1,0,1,0,1,0,19,0,0,6,6,6,12.66666667,0,0,6,8,5,11.8,0,11.1,0.6,2.02,Dropout,1.0,1.0,0.0,0.6333333335,8.099999999999994,0,0,1,0
3710,1,17,2,9670,1,1,132.0,1,1,19,5,3,124.0,1,0,0,1,1,0,21,0,0,5,7,3,12.33333333,0,0,5,5,4,11.25,0,7.6,2.6,0.32,Dropout,0.6,1.4,0.0,0.3699999999,-8.0,0,0,0,0
3711,1,17,4,9085,1,1,137.0,1,38,38,151,151,141.6,0,0,0,1,1,0,21,0,0,5,7,4,12.25,0,0,5,7,5,12.0,0,7.6,2.6,0.32,Graduate,0.8,1.4,0.0,0.49000000000000005,4.599999999999994,0,0,0,0
3712,1,44,1,171,1,39,160.0,1,19,38,9,9,160.0,1,0,1,1,1,1,21,0,0,0,0,0,0.0,0,0,0,0,0,0.0,0,15.5,2.8,-4.06,Dropout,0.0,0.0,0.0,0.0,0.0,1,0,1,0
3713,1,39,1,9147,1,1,120.0,1,1,19,4,7,110.0,0,0,0,1,1,0,27,0,0,5,13,3,10.75,0,0,5,9,3,10.33333333,0,15.5,2.8,-4.06,Dropout,0.6,2.6,0.0,0.32249999999999995,-10.0,0,0,0,1
3714,1,43,1,33,1,1,134.0,1,37,37,1,1,100.0,1,0,0,1,1,0,32,0,0,7,7,0,0.0,0,0,7,8,0,0.0,0,13.9,-0.3,0.79,Dropout,0.0,1.0,0.0,0.0,-34.0,0,0,0,1
3715,1,39,1,9670,1,12,133.1,1,37,1,9,3,120.0,0,0,1,0,1,0,40,0,0,6,13,0,0.0,0,0,6,6,0,0.0,0,15.5,2.8,-4.06,Dropout,0.0,2.1666666666666665,0.0,0.0,-13.099999999999994,0,0,1,1
3716,1,1,2,9147,1,1,116.0,1,37,1,5,3,124.8,1,0,0,1,1,0,20,0,0,5,9,2,14.33333333,0,0,5,10,2,12.5,0,7.6,2.6,0.32,Enrolled,0.4,1.8,0.0,0.2866666666,8.799999999999997,0,0,0,0
3717,1,44,1,9130,1,39,140.0,1,4,4,2,10,140.0,1,0,0,1,1,0,20,0,1,5,8,2,11.5,0,1,5,13,2,11.5,0,12.7,3.7,-1.7,Dropout,0.4,1.6,0.0,0.22999999999999998,0.0,0,0,0,0
3718,1,1,3,171,1,1,140.0,1,37,37,9,9,124.3,1,0,0,1,1,0,18,0,0,0,0,0,0.0,0,0,0,0,0,0.0,0,7.6,2.6,0.32,Graduate,0.0,0.0,0.0,0.0,-15.700000000000003,1,0,0,0
3719,1,43,1,9147,1,1,122.0,1,1,38,1,7,118.9,0,0,0,1,1,0,21,0,0,5,11,2,10.5,0,0,5,13,0,0.0,0,12.7,3.7,-1.7,Dropout,0.4,2.2,0.0,0.21000000000000002,-3.0999999999999943,0,0,0,0
3720,1,17,1,9670,1,1,141.0,1,19,37,5,8,130.2,0,0,0,1,1,0,18,0,0,6,6,6,13.5,0,0,6,0,0,0.0,0,12.7,3.7,-1.7,Dropout,1.0,1.0,0.0,0.675,-10.800000000000011,0,0,0,0
3721,1,44,1,9003,1,1,120.0,1,1,3,144,123,120.0,0,0,0,1,1,0,19,0,0,6,17,1,11.0,0,0,6,19,0,0.0,0,16.2,0.3,-0.92,Enrolled,0.16666666666666666,2.8333333333333335,0.0,0.09166666666666667,0.0,0,0,0,0
3722,5,7,1,9070,1,3,140.0,1,37,37,7,7,140.0,0,0,0,0,1,0,30,0,0,6,6,1,10.0,0,0,6,6,0,0.0,0,15.5,2.8,-4.06,Dropout,0.16666666666666666,1.0,0.0,0.08333333333333333,0.0,0,0,1,1
3723,1,39,1,9003,1,12,133.1,1,19,1,9,1,130.0,0,0,0,1,1,0,29,0,0,6,17,0,0.0,2,0,6,8,0,0.0,0,15.5,2.8,-4.06,Dropout,0.0,2.8333333333333335,0.3333333333333333,0.0,-3.0999999999999943,0,0,0,1
3724,1,17,2,9119,1,1,137.0,1,1,1,4,4,130.4,1,0,1,1,1,0,18,0,0,5,10,1,12.0,0,0,5,7,3,10.66666667,2,7.6,2.6,0.32,Dropout,0.2,2.0,0.0,0.12,-6.599999999999994,0,0,1,0
3725,1,1,2,9670,1,1,122.0,1,1,1,9,9,116.1,1,0,0,1,1,1,18,0,0,5,6,4,12.25,0,0,5,5,5,12.2,0,9.4,-0.8,-3.12,Dropout,0.8,1.2,0.0,0.49000000000000005,-5.900000000000006,0,0,0,0
3726,1,44,1,9003,1,39,130.0,1,1,1,3,10,130.0,0,0,0,1,1,0,22,0,4,10,21,5,11.4,1,2,7,13,6,11.66666667,0,15.5,2.8,-4.06,Dropout,0.5,2.1,0.1,0.28500000000000003,0.0,0,0,0,0
3727,1,43,2,9991,0,1,140.0,1,37,37,5,5,124.3,1,0,0,0,1,0,27,0,0,5,5,0,0.0,0,0,5,5,0,0.0,0,12.7,3.7,-1.7,Dropout,0.0,1.0,0.0,0.0,-15.700000000000003,0,0,1,1
3728,1,17,6,9670,1,1,125.0,1,38,1,9,7,125.0,1,0,0,1,1,0,20,0,0,6,8,4,14.25,0,0,6,10,5,14.0,0,10.8,1.4,1.74,Graduate,0.6666666666666666,1.3333333333333333,0.0,0.475,0.0,0,0,0,0
3729,1,51,1,8014,0,2,110.0,1,19,38,9,10,110.0,0,0,0,1,1,0,42,0,8,12,12,11,14.45454545,0,7,11,11,10,14.2,0,11.1,0.6,2.02,Graduate,0.9166666666666666,1.0,0.0,0.6624999997916666,0.0,0,0,0,1
3730,1,1,1,9003,1,1,133.1,1,38,38,4,8,115.0,0,0,1,1,1,0,21,0,8,12,13,12,14.53846154,0,4,12,14,12,14.46153846,0,15.5,2.8,-4.06,Graduate,1.0,1.0833333333333333,0.0,0.726923077,-18.099999999999994,0,0,1,0
3731,1,43,1,9500,1,1,132.0,1,1,38,7,7,129.6,0,1,0,1,1,0,23,0,0,7,10,6,12.73333333,0,0,8,10,7,11.95,0,16.2,0.3,-0.92,Graduate,0.8571428571428571,1.4285714285714286,0.0,0.5457142855714285,-2.4000000000000057,0,0,0,0
3732,1,51,1,9070,1,1,122.0,1,38,38,9,9,128.8,1,0,0,1,1,0,21,0,4,12,13,5,13.2,0,4,12,12,4,13.5,0,8.9,1.4,3.51,Dropout,0.4166666666666667,1.0833333333333333,0.0,0.27499999999999997,6.800000000000011,0,0,0,0
3733,1,1,3,171,1,1,155.0,1,4,3,1,1,144.2,1,0,0,1,1,0,19,0,0,0,0,0,0.0,0,0,0,0,0,0.0,0,12.7,3.7,-1.7,Graduate,0.0,0.0,0.0,0.0,-10.800000000000011,1,0,0,0
3734,2,39,1,9238,1,1,120.0,1,37,37,7,7,134.0,0,0,0,1,1,1,40,0,0,6,7,6,12.33333333,0,0,6,10,4,12.75,0,8.9,1.4,3.51,Dropout,1.0,1.1666666666666667,0.0,0.6166666665,14.0,0,0,0,1
3735,1,43,1,9147,1,1,129.0,1,19,1,9,5,112.0,0,0,0,1,1,0,22,0,5,9,9,5,11.2,0,5,9,14,7,11.25,2,12.7,3.7,-1.7,Dropout,0.5555555555555556,1.0,0.0,0.3111111111111111,-17.0,0,0,0,0
3736,1,1,2,9500,1,1,144.0,1,38,37,9,9,128.8,1,0,0,1,1,0,19,0,0,7,7,6,13.2,0,0,7,7,6,13.2,0,7.6,2.6,0.32,Graduate,0.8571428571428571,1.0,0.0,0.5657142857142856,-15.199999999999989,0,0,0,0
3737,1,39,1,9119,1,1,130.0,1,19,37,9,9,134.0,0,0,0,1,1,1,24,0,0,5,8,5,11.83333333,0,0,5,8,4,14.0,0,12.7,3.7,-1.7,Enrolled,1.0,1.6,0.0,0.5916666665,4.0,0,0,0,0
3738,1,1,1,9254,1,1,133.1,1,3,1,2,4,125.0,0,0,0,1,1,0,21,0,0,6,10,5,11.33333333,0,0,6,14,2,11.5,0,12.7,3.7,-1.7,Enrolled,0.8333333333333334,1.6666666666666667,0.0,0.4722222220833333,-8.099999999999994,0,0,0,0
3739,1,17,4,9119,1,1,133.0,1,3,1,9,3,123.2,1,0,0,1,1,0,18,0,0,5,5,5,13.6,0,0,5,6,5,14.6,0,8.9,1.4,3.51,Graduate,1.0,1.0,0.0,0.6799999999999999,-9.799999999999997,0,0,0,0
3740,1,17,3,9119,1,1,131.0,1,37,37,9,7,118.4,0,0,0,1,1,0,18,0,0,5,10,0,0.0,0,0,5,10,2,11.5,4,7.6,2.6,0.32,Dropout,0.0,2.0,0.0,0.0,-12.599999999999994,0,0,0,0
3741,1,51,1,9670,1,1,133.1,1,3,1,3,10,116.2,0,0,0,1,1,0,24,0,0,6,11,5,12.85714286,0,0,6,12,5,13.66666667,0,11.1,0.6,2.02,Dropout,0.8333333333333334,1.8333333333333333,0.0,0.5357142858333334,-16.89999999999999,0,0,0,0
3742,1,39,1,9119,1,1,133.1,1,37,19,9,3,123.0,0,0,0,1,1,1,28,0,0,5,16,3,14.33333333,0,0,5,9,5,12.42857143,0,9.4,-0.8,-3.12,Enrolled,0.6,3.2,0.0,0.4299999999,-10.099999999999994,0,0,0,1
3743,1,17,1,9670,1,1,118.0,1,19,38,7,9,113.5,1,0,0,1,0,1,19,0,0,6,9,5,13.5,0,0,6,6,6,14.0,0,12.4,0.5,1.79,Graduate,0.8333333333333334,1.5,0.0,0.5625000000000001,-4.5,0,0,0,0
3744,1,51,1,9085,1,40,120.0,1,3,3,4,2,125.0,0,0,0,1,0,0,28,0,0,6,8,6,14.42857143,0,0,6,12,4,15.6,0,11.1,0.6,2.02,Enrolled,1.0,1.3333333333333333,0.0,0.7214285715,5.0,0,0,0,1
3745,1,17,3,9853,1,1,133.1,1,12,1,4,0,134.8,1,0,0,1,0,0,18,0,0,6,12,0,0.0,0,0,6,12,0,0.0,0,7.6,2.6,0.32,Dropout,0.0,2.0,0.0,0.0,1.700000000000017,0,0,0,0
3746,1,1,1,171,1,1,145.0,1,3,1,4,3,149.9,1,0,0,0,0,0,19,0,0,0,0,0,0.0,0,0,0,0,0,0.0,0,16.2,0.3,-0.92,Graduate,0.0,0.0,0.0,0.0,4.900000000000006,1,0,1,0
3747,1,1,1,9500,1,1,125.0,1,1,1,4,4,119.8,1,0,0,1,0,1,19,0,0,8,8,8,12.82875,0,0,8,8,8,12.82875,0,9.4,-0.8,-3.12,Graduate,1.0,1.0,0.0,0.6414375,-5.200000000000003,0,0,0,0
3748,1,43,1,9130,1,1,125.0,1,39,3,3,2,125.0,1,0,0,1,0,0,21,0,0,5,6,0,0.0,5,0,5,6,4,13.75,1,10.8,1.4,1.74,Graduate,0.0,1.2,1.0,0.0,0.0,0,0,0,0
3749,1,1,3,9500,1,1,148.0,1,1,19,4,5,135.1,1,0,1,1,0,0,18,0,0,7,0,0,0.0,0,0,8,0,0,0.0,0,13.9,-0.3,0.79,Dropout,0.0,0.0,0.0,0.0,-12.900000000000006,0,0,1,0
3750,1,1,4,9070,1,1,139.0,1,3,19,1,5,138.3,1,0,0,1,0,0,19,0,0,6,6,6,14.66666667,0,0,6,6,6,13.16666667,0,9.4,-0.8,-3.12,Graduate,1.0,1.0,0.0,0.7333333335,-0.6999999999999886,0,0,0,0
3751,1,17,2,9500,1,1,130.0,1,38,38,7,7,122.5,1,0,0,1,0,0,19,0,0,8,8,7,13.93714286,0,0,8,8,7,13.93714286,0,10.8,1.4,1.74,Graduate,0.875,1.0,0.0,0.609750000125,-7.5,0,0,0,0
3752,1,1,1,9070,1,1,148.0,1,3,1,2,10,148.0,1,0,0,1,0,0,20,0,7,12,12,10,14.7,0,8,12,12,12,14.58333333,0,15.5,2.8,-4.06,Graduate,0.8333333333333334,1.0,0.0,0.6125,0.0,0,0,0,0
3753,1,1,2,9773,1,1,130.0,1,1,1,9,4,126.2,1,0,0,1,0,0,18,0,0,6,6,6,11.66666667,0,0,6,6,5,12.2,0,12.7,3.7,-1.7,Graduate,1.0,1.0,0.0,0.5833333334999999,-3.799999999999997,0,0,0,0
3754,1,43,4,9500,1,6,134.0,1,37,37,9,9,129.8,1,0,0,1,0,0,20,0,0,7,7,6,14.85,0,0,7,7,6,14.85,0,7.6,2.6,0.32,Graduate,0.8571428571428571,1.0,0.0,0.6364285714285713,-4.199999999999989,0,0,0,0
3755,1,39,1,9085,1,19,133.1,1,19,37,7,90,104.0,0,0,0,1,0,0,26,0,0,5,11,1,12.0,1,0,5,12,0,0.0,4,10.8,1.4,1.74,Dropout,0.2,2.2,0.2,0.12,-29.099999999999994,0,0,0,1
3756,1,18,4,9500,1,1,137.0,1,3,1,3,4,126.7,1,0,0,1,0,0,18,0,0,7,8,7,13.6875,0,0,8,9,8,15.62222222,0,13.9,-0.3,0.79,Dropout,1.0,1.1428571428571428,0.0,0.684375,-10.299999999999997,0,0,0,0
3757,1,39,1,8014,0,1,130.0,1,37,37,9,9,120.0,0,0,0,1,0,0,58,0,0,6,14,5,12.4,0,0,6,10,5,11.6,0,9.4,-0.8,-3.12,Graduate,0.8333333333333334,2.3333333333333335,0.0,0.5166666666666667,-10.0,0,0,0,1
3758,1,1,2,9500,1,1,137.0,1,1,3,4,3,124.6,0,0,0,1,0,0,18,0,0,7,10,7,13.398,0,0,8,8,8,13.5425,0,15.5,2.8,-4.06,Graduate,1.0,1.4285714285714286,0.0,0.6698999999999999,-12.400000000000006,0,0,0,0
3759,1,44,1,9085,1,1,130.0,1,1,1,4,3,130.0,1,0,0,1,0,0,20,0,0,6,13,5,11.8,0,0,6,19,4,12.0,0,12.4,0.5,1.79,Enrolled,0.8333333333333334,2.1666666666666665,0.0,0.49166666666666675,0.0,0,0,0,0
3760,1,17,1,9991,0,1,140.0,1,38,37,6,7,127.3,0,0,0,1,0,0,20,0,0,5,0,0,0.0,0,0,5,0,0,0.0,0,11.1,0.6,2.02,Dropout,0.0,0.0,0.0,0.0,-12.700000000000003,0,0,0,0
3761,1,2,1,9147,1,1,150.0,1,37,37,9,9,122.0,1,0,0,1,0,0,29,0,13,15,19,13,11.76923077,0,12,14,17,14,11.92857143,0,9.4,-0.8,-3.12,Graduate,0.8666666666666667,1.2666666666666666,0.0,0.5100000000333333,-28.0,0,0,0,1
3762,1,7,1,9238,1,3,130.0,1,1,1,4,10,125.1,0,0,1,0,0,0,27,0,0,6,8,0,0.0,0,0,5,6,0,0.0,0,16.2,0.3,-0.92,Dropout,0.0,1.3333333333333333,0.0,0.0,-4.900000000000006,0,0,1,1
3763,1,1,1,9085,1,1,133.1,1,19,38,5,7,110.0,1,0,0,1,0,1,21,0,0,6,8,6,13.28571429,0,0,6,11,6,13.0,0,11.1,0.6,2.02,Graduate,1.0,1.3333333333333333,0.0,0.6642857145,-23.099999999999994,0,0,0,0
3764,1,1,1,9238,1,1,134.0,1,1,19,4,9,129.8,0,0,0,1,0,1,20,0,0,6,6,6,11.66666667,0,0,6,8,6,11.16666667,0,15.5,2.8,-4.06,Graduate,1.0,1.0,0.0,0.5833333334999999,-4.199999999999989,0,0,0,0
3765,1,17,1,9238,1,1,125.0,1,19,38,3,7,114.9,0,0,0,1,0,1,19,0,0,6,13,6,11.5,0,0,6,9,5,12.2,0,11.1,0.6,2.02,Graduate,1.0,2.1666666666666665,0.0,0.575,-10.099999999999994,0,0,0,0
3766,1,1,1,9500,1,1,141.0,1,37,38,6,6,125.6,1,0,0,1,0,1,22,0,0,7,9,6,13.08166667,0,0,8,12,6,13.15,0,11.1,0.6,2.02,Graduate,0.8571428571428571,1.2857142857142858,0.0,0.5606428572857143,-15.400000000000006,0,0,0,0
3767,1,18,3,9070,1,1,138.0,1,38,37,9,7,125.1,1,0,0,1,0,1,19,0,0,6,6,6,12.66666667,0,0,6,6,6,13.0,0,15.5,2.8,-4.06,Graduate,1.0,1.0,0.0,0.6333333335,-12.900000000000006,0,0,0,0
3768,1,17,1,9773,1,1,116.0,1,37,1,9,8,115.7,1,0,1,0,0,0,19,0,0,6,6,3,11.33333333,0,0,6,6,0,0.0,0,12.4,0.5,1.79,Dropout,0.5,1.0,0.0,0.28333333325,-0.29999999999999716,0,0,1,0
3769,1,1,3,9853,1,1,122.0,1,3,3,2,2,112.6,1,0,0,1,0,0,23,0,0,6,8,5,13.6,0,0,6,8,5,11.6,0,7.6,2.6,0.32,Enrolled,0.8333333333333334,1.3333333333333333,0.0,0.5666666666666667,-9.400000000000006,0,0,0,0
3770,1,1,3,9773,1,1,131.0,1,1,1,4,4,127.2,1,0,0,1,0,1,18,0,0,6,6,6,13.16666667,0,0,6,7,5,13.2,0,12.4,0.5,1.79,Dropout,1.0,1.0,0.0,0.6583333335,-3.799999999999997,0,0,0,0
3771,1,44,1,9130,1,39,140.0,1,1,19,4,8,140.0,0,0,0,1,0,0,19,0,0,6,0,0,0.0,0,0,6,0,0,0.0,0,12.7,3.7,-1.7,Dropout,0.0,0.0,0.0,0.0,0.0,0,0,0,0
3772,1,44,1,9003,1,39,140.0,1,1,1,4,3,140.0,1,0,0,1,0,0,20,0,0,6,10,5,11.66666667,0,0,6,7,5,12.6,0,12.4,0.5,1.79,Graduate,0.8333333333333334,1.6666666666666667,0.0,0.48611111124999995,0.0,0,0,0,0
3773,1,1,4,9238,1,1,127.0,1,1,38,9,7,120.4,1,0,0,1,0,1,19,0,0,6,6,6,13.5,0,0,6,7,6,13.42857143,0,11.1,0.6,2.02,Graduate,1.0,1.0,0.0,0.675,-6.599999999999994,0,0,0,0
3774,1,39,1,9085,1,19,133.1,1,37,37,9,9,100.0,1,0,1,0,0,1,26,0,0,6,7,0,0.0,0,0,6,6,0,0.0,0,13.9,-0.3,0.79,Dropout,0.0,1.1666666666666667,0.0,0.0,-33.099999999999994,0,0,1,1
3775,1,1,1,9238,1,1,117.0,1,1,19,4,7,113.5,1,0,0,1,0,1,18,0,0,6,6,6,13.16666667,0,0,6,7,6,14.14285714,0,11.1,0.6,2.02,Graduate,1.0,1.0,0.0,0.6583333335,-3.5,0,0,0,0
3776,1,1,1,9085,1,1,150.0,1,37,37,4,9,132.1,1,0,1,1,0,0,29,0,4,5,11,4,12.5,2,1,5,11,2,12.5,0,12.7,3.7,-1.7,Dropout,0.8,2.2,0.4,0.5,-17.900000000000006,0,0,1,1
3777,1,44,1,9003,1,39,160.0,1,3,1,2,6,160.0,1,0,0,0,0,0,20,0,0,6,10,6,13.375,0,0,6,10,6,13.0,0,16.2,0.3,-0.92,Graduate,1.0,1.6666666666666667,0.0,0.66875,0.0,0,0,1,0
3778,1,1,1,9070,1,1,128.0,1,19,2,7,3,126.3,1,0,0,1,0,0,19,0,0,6,6,6,13.16666667,0,0,6,6,6,12.66666667,0,15.5,2.8,-4.06,Graduate,1.0,1.0,0.0,0.6583333335,-1.7000000000000028,0,0,0,0
3779,1,44,1,9085,1,39,160.0,1,1,1,4,4,160.0,1,0,0,1,0,0,23,0,1,6,12,4,13.4,0,1,6,17,2,13.5,0,12.4,0.5,1.79,Enrolled,0.6666666666666666,2.0,0.0,0.44666666666666666,0.0,0,0,0,0
3780,1,43,1,9556,1,1,126.0,1,2,3,3,2,100.0,0,0,0,1,0,0,25,0,2,7,10,3,13.0,0,1,8,10,3,11.66666667,4,10.8,1.4,1.74,Enrolled,0.42857142857142855,1.4285714285714286,0.0,0.2785714285714286,-26.0,0,0,0,1
3781,1,18,1,9500,1,1,135.0,1,3,3,1,1,125.8,1,0,0,1,0,0,18,0,0,8,8,7,13.15428571,0,0,8,8,7,13.15428571,0,10.8,1.4,1.74,Graduate,0.875,1.0,0.0,0.5754999998125,-9.200000000000003,0,0,0,0
3782,1,1,3,9070,1,1,139.0,1,1,38,4,7,142.2,1,0,0,1,0,1,19,0,0,6,6,6,12.83333333,0,0,6,6,6,12.83333333,0,9.4,-0.8,-3.12,Graduate,1.0,1.0,0.0,0.6416666665,3.1999999999999886,0,0,0,0
3783,1,17,2,9853,1,1,125.0,1,1,19,5,5,119.4,1,0,0,1,0,0,18,0,0,7,10,7,12.14285714,0,0,7,7,7,13.14285714,0,12.4,0.5,1.79,Graduate,1.0,1.4285714285714286,0.0,0.607142857,-5.599999999999994,0,0,0,0
3784,1,1,2,9500,1,1,106.0,1,1,19,4,4,106.4,1,0,0,1,0,1,19,0,0,7,9,5,13.34,0,0,7,9,6,12.38571429,0,12.4,0.5,1.79,Enrolled,0.7142857142857143,1.2857142857142858,0.0,0.4764285714285715,0.4000000000000057,0,0,0,0
3785,1,7,1,8014,0,40,120.0,1,37,19,9,3,120.0,0,0,0,1,0,0,36,0,6,10,15,4,13.0,0,5,9,10,4,13.75,0,8.9,1.4,3.51,Dropout,0.4,1.5,0.0,0.26,0.0,0,0,0,1
3786,1,44,1,9003,1,39,150.0,1,1,38,4,9,150.0,0,0,0,1,1,1,20,0,0,6,18,3,12.0,0,0,6,17,3,11.66666667,0,15.5,2.8,-4.06,Enrolled,0.5,3.0,0.0,0.3,0.0,0,0,0,0
3787,1,17,2,171,1,1,130.0,41,1,1,2,3,148.6,1,0,0,1,1,0,20,1,0,0,0,0,0.0,0,0,0,0,0,0.0,0,11.1,0.6,2.02,Dropout,0.0,0.0,0.0,0.0,18.599999999999994,1,0,0,0
3788,1,1,1,9238,1,1,116.0,1,38,38,9,8,108.7,1,0,0,1,1,0,18,0,0,6,9,5,11.0,0,0,6,12,0,0.0,0,11.1,0.6,2.02,Dropout,0.8333333333333334,1.5,0.0,0.45833333333333337,-7.299999999999997,0,0,0,0
3789,1,44,1,9003,1,39,130.0,1,3,1,4,6,130.0,0,0,0,1,1,0,19,0,0,6,8,5,11.5,0,0,6,11,6,11.33333333,0,12.4,0.5,1.79,Enrolled,0.8333333333333334,1.3333333333333333,0.0,0.47916666666666663,0.0,0,0,0,0
3790,1,17,1,9238,1,1,140.0,1,1,44,4,2,124.6,1,0,1,0,1,0,20,0,3,9,9,3,13.33333333,0,2,6,6,2,12.5,0,8.9,1.4,3.51,Dropout,0.3333333333333333,1.0,0.0,0.22222222216666668,-15.400000000000006,0,0,1,0
3791,1,1,2,9500,1,1,134.0,1,19,19,4,7,131.0,1,0,0,1,1,0,18,0,0,7,9,7,14.59444444,0,0,8,10,8,13.472,0,15.5,2.8,-4.06,Graduate,1.0,1.2857142857142858,0.0,0.729722222,-3.0,0,0,0,0
3792,1,44,1,9130,1,39,130.0,1,3,1,3,6,130.0,1,0,1,1,1,0,20,0,2,6,9,4,11.0,0,1,6,13,3,10.66666667,0,12.4,0.5,1.79,Dropout,0.6666666666666666,1.5,0.0,0.3666666666666667,0.0,0,0,1,0
3793,1,18,1,9119,1,1,122.0,1,19,1,90,3,116.1,1,0,1,0,1,0,24,0,0,5,8,0,0.0,0,0,5,5,0,0.0,0,9.4,-0.8,-3.12,Dropout,0.0,1.6,0.0,0.0,-5.900000000000006,0,0,1,0
3794,1,17,1,9773,1,1,128.0,1,19,38,5,7,125.6,1,0,0,1,1,0,19,0,0,6,6,0,0.0,0,0,6,0,0,0.0,0,8.9,1.4,3.51,Dropout,0.0,1.0,0.0,0.0,-2.4000000000000057,0,0,0,0
3795,1,17,1,9119,1,1,130.0,1,19,19,7,9,121.3,1,0,0,1,1,0,18,0,0,5,9,1,12.0,0,0,5,10,2,12.0,3,7.6,2.6,0.32,Dropout,0.2,1.8,0.0,0.12,-8.700000000000003,0,0,0,0
3796,1,1,3,9119,1,1,113.0,1,4,38,2,7,107.4,1,0,0,1,1,0,18,0,0,5,8,5,14.0,0,0,5,6,5,13.2,0,8.9,1.4,3.51,Graduate,1.0,1.6,0.0,0.7,-5.599999999999994,0,0,0,0
3797,1,1,1,9254,1,1,126.0,1,1,19,4,4,116.9,0,0,0,1,1,0,18,0,0,6,8,6,13.57142857,0,0,6,7,5,11.8,0,8.9,1.4,3.51,Graduate,1.0,1.3333333333333333,0.0,0.6785714285,-9.099999999999994,0,0,0,0
3798,1,43,2,9670,1,1,135.0,1,3,19,1,7,123.5,1,0,0,1,1,0,22,0,0,6,12,0,0.0,0,0,6,6,0,0.0,0,16.2,0.3,-0.92,Dropout,0.0,2.0,0.0,0.0,-11.5,0,0,0,0
3799,1,1,1,9670,1,1,141.0,1,19,38,9,9,130.5,0,0,0,1,1,0,19,0,0,6,8,6,14.25,0,0,6,7,6,13.85714286,0,11.1,0.6,2.02,Graduate,1.0,1.3333333333333333,0.0,0.7125,-10.5,0,0,0,0
3800,2,39,1,9085,1,12,133.1,1,1,39,5,3,140.0,1,0,1,0,0,0,32,0,0,6,7,0,0.0,0,0,6,6,0,0.0,0,13.9,-0.3,0.79,Dropout,0.0,1.1666666666666667,0.0,0.0,6.900000000000006,0,0,1,1
3801,1,17,1,9853,1,1,133.1,1,34,19,0,3,117.1,1,0,0,1,0,1,21,0,0,6,12,0,0.0,0,0,6,12,0,0.0,0,7.6,2.6,0.32,Dropout,0.0,2.0,0.0,0.0,-16.0,0,0,0,0
3802,1,18,1,9500,1,1,144.0,1,37,37,6,6,127.5,1,0,0,1,0,1,19,0,0,8,8,7,13.54285714,0,0,8,8,7,13.54285714,0,12.7,3.7,-1.7,Graduate,0.875,1.0,0.0,0.592499999875,-16.5,0,0,0,0
3803,4,43,1,8014,0,1,140.0,1,38,37,9,9,126.0,0,0,0,1,0,1,39,0,3,9,9,9,13.11111111,0,2,7,10,7,11.71428571,0,12.7,3.7,-1.7,Graduate,1.0,1.0,0.0,0.6555555555,-14.0,0,0,0,1
3804,1,43,1,8014,0,10,100.0,1,34,34,0,0,113.0,1,0,0,1,0,0,30,0,3,9,11,9,12.66666667,0,2,7,7,7,12.14285714,0,7.6,2.6,0.32,Graduate,1.0,1.2222222222222223,0.0,0.6333333335,13.0,0,0,0,1
3805,1,1,1,9147,1,1,135.0,1,1,19,5,5,130.1,1,0,0,1,0,0,18,0,0,5,10,4,10.75,1,0,5,13,2,10.0,0,9.4,-0.8,-3.12,Dropout,0.8,2.0,0.2,0.43,-4.900000000000006,0,0,0,0
3806,2,43,1,9991,0,1,130.0,1,37,37,9,9,110.0,1,0,0,1,0,0,38,0,4,10,14,4,10.75,0,2,10,10,2,10.0,0,7.6,2.6,0.32,Dropout,0.4,1.4,0.0,0.215,-20.0,0,0,0,1
3807,1,1,3,9070,1,1,147.0,1,34,37,5,7,135.8,1,0,0,1,0,0,20,0,0,6,6,6,13.66666667,0,0,6,6,6,13.33333333,0,9.4,-0.8,-3.12,Graduate,1.0,1.0,0.0,0.6833333335,-11.199999999999989,0,0,0,0
3808,1,39,1,8014,0,19,149.0,1,34,34,0,0,126.3,0,0,0,1,0,0,55,0,0,6,6,6,13.83333333,0,1,6,6,6,12.83333333,0,7.6,2.6,0.32,Graduate,1.0,1.0,0.0,0.6916666665,-22.700000000000003,0,0,0,1
3809,4,27,1,9070,1,2,130.0,1,34,34,0,0,130.0,0,0,0,1,0,0,53,0,15,18,18,17,13.17647059,0,13,18,18,16,13.0,0,7.6,2.6,0.32,Dropout,0.9444444444444444,1.0,0.0,0.6222222223055556,0.0,0,0,0,1
3810,2,39,1,8014,0,1,120.0,1,34,34,0,0,104.0,0,0,0,1,0,0,54,0,0,6,8,4,12.75,0,0,6,12,5,12.6,0,7.6,2.6,0.32,Dropout,0.6666666666666666,1.3333333333333333,0.0,0.42499999999999993,-16.0,0,0,0,1
3811,1,43,1,9500,1,1,125.0,1,37,37,9,7,123.6,1,0,0,1,0,1,18,0,0,7,8,5,12.86,0,0,7,8,5,12.86,0,7.6,2.6,0.32,Enrolled,0.7142857142857143,1.1428571428571428,0.0,0.4592857142857143,-1.4000000000000057,0,0,0,0
3812,1,39,1,8014,0,1,133.1,1,37,37,9,8,121.0,0,0,1,0,0,0,44,0,2,8,12,4,12.0,2,2,7,9,4,12.0,2,8.9,1.4,3.51,Dropout,0.5,1.5,0.25,0.3,-12.099999999999994,0,0,1,1
3813,1,43,1,9238,1,1,149.0,1,37,37,9,6,130.5,1,0,0,1,0,0,28,0,8,11,11,9,11.66666667,0,8,11,13,9,12.55555556,0,10.8,1.4,1.74,Graduate,0.8181818181818182,1.0,0.0,0.4772727274090909,-18.5,0,0,0,1
3814,1,7,1,8014,0,43,180.0,1,19,19,9,4,180.0,0,0,0,1,0,0,37,0,12,14,14,14,16.5,0,8,11,11,11,16.90909091,0,8.9,1.4,3.51,Graduate,1.0,1.0,0.0,0.825,0.0,0,0,0,1
3815,1,43,1,9238,1,1,110.0,1,14,14,90,90,112.5,1,0,0,1,0,0,20,0,8,10,14,9,12.33333333,0,3,7,10,7,11.77777778,0,7.6,2.6,0.32,Graduate,0.9,1.4,0.0,0.55499999985,2.5,0,0,0,0
3816,1,1,3,9500,1,1,131.0,1,19,3,3,2,126.1,1,0,0,1,0,0,18,0,0,7,8,7,12.59125,0,0,8,11,7,12.82,0,15.5,2.8,-4.06,Enrolled,1.0,1.1428571428571428,0.0,0.6295625,-4.900000000000006,0,0,0,0
3817,1,1,1,9238,1,1,117.0,1,19,19,9,9,111.8,1,0,0,1,1,0,19,0,0,6,9,4,11.5,0,0,6,12,3,11.0,0,8.9,1.4,3.51,Dropout,0.6666666666666666,1.5,0.0,0.3833333333333333,-5.200000000000003,0,0,0,0
3818,1,17,1,9003,1,1,120.0,1,38,37,5,9,131.4,1,0,0,1,1,1,23,0,17,18,19,18,11.89473684,0,12,13,13,13,12.92307692,0,15.5,2.8,-4.06,Graduate,1.0,1.0555555555555556,0.0,0.594736842,11.400000000000006,0,0,0,0
3819,1,17,1,9238,1,1,160.0,1,19,37,6,6,144.3,0,0,0,1,1,0,22,0,0,6,0,0,0.0,0,0,6,0,0,0.0,0,13.9,-0.3,0.79,Dropout,0.0,0.0,0.0,0.0,-15.699999999999989,0,0,0,0
3820,1,39,1,9254,1,1,100.0,1,3,19,3,5,115.0,0,0,0,0,1,0,24,0,0,6,0,0,0.0,0,0,6,0,0,0.0,0,11.1,0.6,2.02,Dropout,0.0,0.0,0.0,0.0,15.0,0,0,1,0
3821,1,44,1,9003,1,39,140.0,1,4,4,4,2,120.0,1,0,0,1,1,0,22,0,0,6,13,5,13.0,0,0,6,13,2,11.5,0,12.4,0.5,1.79,Enrolled,0.8333333333333334,2.1666666666666665,0.0,0.5416666666666667,-20.0,0,0,0,0
3822,1,39,1,9003,1,1,160.0,1,1,38,5,6,168.6,0,0,0,1,1,0,26,0,0,6,9,0,0.0,0,0,6,6,0,0.0,0,13.9,-0.3,0.79,Dropout,0.0,1.5,0.0,0.0,8.599999999999994,0,0,0,1
3823,1,17,6,9773,1,1,141.0,1,37,37,5,5,127.7,1,0,0,1,1,0,18,0,0,6,6,6,15.16666667,0,0,6,6,6,14.83333333,0,9.4,-0.8,-3.12,Graduate,1.0,1.0,0.0,0.7583333335,-13.299999999999997,0,0,0,0
3824,1,44,1,9130,1,39,130.0,1,38,19,9,9,150.0,0,0,0,1,1,0,24,0,2,6,8,4,11.75,0,1,6,8,2,13.5,0,11.1,0.6,2.02,Dropout,0.6666666666666666,1.3333333333333333,0.0,0.39166666666666666,20.0,0,0,0,0
3825,1,1,1,9119,1,1,142.0,1,1,38,4,3,129.8,1,0,0,1,1,0,18,0,0,5,5,0,0.0,0,0,5,6,1,15.0,0,10.8,1.4,1.74,Enrolled,0.0,1.0,0.0,0.0,-12.199999999999989,0,0,0,0
3826,1,1,1,171,1,1,130.0,1,1,38,7,8,135.6,1,0,0,1,1,0,26,0,0,0,0,0,0.0,0,0,0,0,0,0.0,0,11.1,0.6,2.02,Dropout,0.0,0.0,0.0,0.0,5.599999999999994,1,0,0,1
3827,1,39,1,9254,1,19,133.1,1,37,37,9,4,100.0,0,0,0,1,1,0,27,0,0,6,11,3,11.33333333,0,0,6,10,3,14.75,0,16.2,0.3,-0.92,Dropout,0.5,1.8333333333333333,0.0,0.28333333325,-33.099999999999994,0,0,0,1
3828,1,44,1,9003,1,39,140.0,1,37,37,9,6,140.0,1,0,0,1,1,1,20,0,0,6,10,5,12.6,0,0,6,6,5,13.2,0,12.4,0.5,1.79,Graduate,0.8333333333333334,1.6666666666666667,0.0,0.525,0.0,0,0,0,0
3829,1,1,1,9119,1,1,129.0,1,12,1,4,10,124.1,1,0,0,1,1,0,19,0,0,5,10,0,0.0,0,0,5,10,1,14.0,3,7.6,2.6,0.32,Dropout,0.0,2.0,0.0,0.0,-4.900000000000006,0,0,0,0
3830,1,1,1,9085,1,1,148.0,1,38,38,4,9,131.6,0,0,0,1,1,1,18,0,0,6,8,6,15.5,0,0,6,9,4,15.5,0,11.1,0.6,2.02,Dropout,1.0,1.3333333333333333,0.0,0.775,-16.400000000000006,0,0,0,0
3831,1,1,3,9500,1,1,143.0,1,1,1,4,4,129.0,1,0,0,1,1,0,18,0,0,8,8,7,12.36571429,0,0,8,8,7,12.36571429,0,10.8,1.4,1.74,Graduate,0.875,1.0,0.0,0.5410000001875,-14.0,0,0,0,0
3832,1,17,1,9670,1,1,128.0,1,37,37,9,9,135.7,1,0,0,1,1,0,19,0,0,6,7,5,13.2,0,0,6,10,5,13.25,0,10.8,1.4,1.74,Enrolled,0.8333333333333334,1.1666666666666667,0.0,0.5499999999999999,7.699999999999989,0,0,0,0
3833,1,43,1,9070,1,1,100.0,1,37,37,9,9,108.0,1,0,0,1,1,0,34,0,7,12,12,7,11.42857143,0,4,12,12,7,11.85714286,0,7.6,2.6,0.32,Enrolled,0.5833333333333334,1.0,0.0,0.33333333337500004,8.0,0,0,0,1
3834,1,1,1,9238,1,1,116.0,1,38,19,8,10,110.8,1,0,0,1,1,0,19,0,0,6,0,0,0.0,0,0,6,0,0,0.0,0,16.2,0.3,-0.92,Dropout,0.0,0.0,0.0,0.0,-5.200000000000003,0,0,0,0
3835,1,1,1,9773,1,1,128.0,1,1,19,4,4,124.5,0,0,0,1,1,1,19,0,0,6,10,4,14.0,0,0,6,9,6,12.33333333,0,9.4,-0.8,-3.12,Graduate,0.6666666666666666,1.6666666666666667,0.0,0.4666666666666666,-3.5,0,0,0,0
3836,2,39,1,9003,1,1,120.0,1,2,2,1,4,100.0,0,0,0,1,1,0,30,0,3,12,12,3,12.0,0,5,12,16,5,11.8,0,15.5,2.8,-4.06,Dropout,0.25,1.0,0.0,0.15,-20.0,0,0,0,1
3837,1,43,1,9773,1,1,121.0,1,1,3,9,3,123.8,0,0,0,0,1,0,22,0,0,4,4,0,0.0,4,0,5,8,3,12.0,0,10.8,1.4,1.74,Dropout,0.0,1.0,1.0,0.0,2.799999999999997,0,0,1,0
3838,1,17,1,9147,1,1,137.0,1,3,38,1,9,131.4,0,0,0,0,1,0,19,0,0,5,13,4,10.0,0,0,5,7,3,11.33333333,0,15.5,2.8,-4.06,Dropout,0.8,2.6,0.0,0.4,-5.599999999999994,0,0,1,0
3839,1,1,1,9147,1,1,115.0,1,38,1,9,8,118.5,0,0,0,1,1,0,21,0,0,5,9,1,10.0,0,0,5,10,1,10.0,0,7.6,2.6,0.32,Dropout,0.2,1.8,0.0,0.1,3.5,0,0,0,0
3840,1,1,2,171,1,1,129.0,1,37,37,9,9,122.0,1,0,0,0,1,0,22,0,0,0,0,0,0.0,0,0,0,0,0,0.0,0,7.6,2.6,0.32,Dropout,0.0,0.0,0.0,0.0,-7.0,1,0,1,0
3841,1,1,1,9254,1,1,125.0,1,37,37,9,9,122.9,0,0,0,1,1,1,19,0,0,6,7,6,11.16666667,0,0,6,12,3,11.66666667,0,10.8,1.4,1.74,Enrolled,1.0,1.1666666666666667,0.0,0.5583333335,-2.0999999999999943,0,0,0,0
3842,1,1,1,9238,1,1,125.0,1,19,38,7,7,118.7,0,0,0,1,1,0,20,0,0,6,12,4,11.75,0,0,6,13,3,11.33333333,0,15.5,2.8,-4.06,Enrolled,0.6666666666666666,2.0,0.0,0.39166666666666666,-6.299999999999997,0,0,0,0
3843,1,39,1,9003,1,19,133.1,1,3,1,2,8,100.0,1,0,0,1,1,0,35,0,0,6,13,3,11.75,0,0,6,10,0,0.0,0,13.9,-0.3,0.79,Dropout,0.5,2.1666666666666665,0.0,0.29375,-33.099999999999994,0,0,0,1
3844,1,16,2,9147,1,1,131.0,1,37,37,9,9,135.9,1,0,0,1,1,0,20,0,0,5,8,1,10.0,0,0,5,7,1,11.0,0,7.6,2.6,0.32,Dropout,0.2,1.6,0.0,0.1,4.900000000000006,0,0,0,0
3845,1,1,1,9130,1,1,133.1,1,6,11,4,5,138.4,0,0,0,1,1,0,21,0,0,5,8,3,14.0,0,0,5,5,5,12.8,0,7.6,2.6,0.32,Graduate,0.6,1.6,0.0,0.42,5.300000000000011,0,0,0,0
3846,1,39,1,9085,1,12,133.1,1,34,34,Unknown/not stated,Unknown/not stated,128.2,0,0,1,0,1,0,27,0,0,5,5,0,0.0,0,0,5,5,0,0.0,0,7.6,2.6,0.32,Dropout,0.0,1.0,0.0,0.0,-4.900000000000006,0,0,1,1
3847,1,43,1,9773,1,1,114.0,1,37,38,9,5,107.4,1,0,0,0,1,0,26,0,0,6,12,3,12.0,0,0,6,15,0,0.0,0,9.4,-0.8,-3.12,Dropout,0.5,2.0,0.0,0.3,-6.599999999999994,0,0,1,1
3848,1,17,1,9773,1,1,127.0,1,1,33,3,3,129.8,0,0,0,0,1,0,20,0,0,6,10,0,0.0,0,0,5,10,0,0.0,0,10.8,1.4,1.74,Dropout,0.0,1.6666666666666667,0.0,0.0,2.8000000000000114,0,0,1,0
3849,1,39,1,9003,1,1,130.0,1,37,37,6,6,100.0,0,0,1,0,1,0,28,0,4,10,19,8,11.88888889,0,2,8,17,5,11.6,1,15.5,2.8,-4.06,Dropout,0.8,1.9,0.0,0.4755555556,-30.0,0,0,1,1
3850,1,1,3,9773,1,1,121.0,1,19,38,9,7,113.0,1,0,0,1,1,0,19,0,0,6,6,6,13.83333333,0,0,6,6,6,13.66666667,0,11.1,0.6,2.02,Graduate,1.0,1.0,0.0,0.6916666665,-8.0,0,0,0,0
3851,1,43,1,9991,0,1,120.0,1,37,19,9,9,107.0,0,0,0,0,1,0,47,0,0,5,5,0,0.0,0,0,5,5,0,0.0,0,12.7,3.7,-1.7,Dropout,0.0,1.0,0.0,0.0,-13.0,0,0,1,1
3852,4,39,1,9773,1,12,120.0,1,37,37,4,9,130.0,0,0,0,0,1,0,55,0,0,6,8,5,11.4,0,0,6,9,5,12.4,0,10.8,1.4,1.74,Dropout,0.8333333333333334,1.3333333333333333,0.0,0.4750000000000001,10.0,0,0,1,1
3853,1,43,1,9003,1,1,120.0,1,37,37,5,9,120.0,1,0,0,1,1,0,39,0,0,6,8,0,0.0,0,1,6,8,2,11.0,0,16.2,0.3,-0.92,Dropout,0.0,1.3333333333333333,0.0,0.0,0.0,0,0,0,1
3854,2,1,1,9003,1,1,120.0,1,37,37,9,9,120.5,1,0,1,1,1,0,35,0,14,17,17,14,10.64285714,1,12,12,12,12,10.66666667,0,15.5,2.8,-4.06,Dropout,0.8235294117647058,1.0,0.058823529411764705,0.43823529399999994,0.5,0,0,1,1
3855,1,39,1,9238,1,1,133.1,1,37,29,0,4,120.5,0,0,0,0,1,0,32,0,0,6,10,2,11.0,0,0,6,12,0,0.0,0,7.6,2.6,0.32,Dropout,0.3333333333333333,1.6666666666666667,0.0,0.18333333333333335,-12.599999999999994,0,0,1,1
3856,1,1,4,9773,1,1,124.0,1,3,12,2,9,137.0,1,0,0,1,1,0,20,0,0,6,6,6,16.83333333,0,0,6,6,6,16.66666667,0,8.9,1.4,3.51,Graduate,1.0,1.0,0.0,0.8416666664999999,13.0,0,0,0,0
3857,1,39,1,9254,1,1,150.0,1,37,37,9,9,115.0,0,0,0,1,1,0,36,0,0,6,8,6,13.57142857,0,0,6,9,5,13.2,0,12.7,3.7,-1.7,Graduate,1.0,1.3333333333333333,0.0,0.6785714285,-35.0,0,0,0,1
3858,1,39,1,9991,0,19,133.1,1,38,19,9,10,142.7,0,0,1,1,1,1,34,0,0,5,11,5,14.71428571,0,0,5,14,5,14.375,5,16.2,0.3,-0.92,Graduate,1.0,2.2,0.0,0.7357142855000001,9.599999999999994,0,0,1,1
3859,1,1,1,9670,1,1,116.0,1,38,19,0,2,116.7,1,0,0,1,1,0,21,0,0,5,8,0,0.0,0,0,5,5,0,0.0,0,9.4,-0.8,-3.12,Dropout,0.0,1.6,0.0,0.0,0.7000000000000028,0,0,0,0
3860,1,43,1,9991,0,1,133.1,1,37,19,3,10,136.1,0,0,0,1,1,1,42,0,0,5,14,1,10.0,0,0,5,14,1,11.0,0,13.9,-0.3,0.79,Dropout,0.2,2.8,0.0,0.1,3.0,0,0,0,1
3861,1,39,1,9003,1,19,133.1,1,37,19,9,7,134.3,0,0,0,1,1,0,25,0,0,6,15,1,11.0,0,0,6,13,4,11.75,0,12.4,0.5,1.79,Dropout,0.16666666666666666,2.5,0.0,0.09166666666666667,1.200000000000017,0,0,0,1
3862,1,18,1,9773,1,1,167.0,1,38,38,6,7,153.0,1,0,0,1,1,1,18,0,0,6,6,1,11.0,0,0,6,0,0,0.0,0,8.9,1.4,3.51,Dropout,0.16666666666666666,1.0,0.0,0.09166666666666667,-14.0,0,0,0,0
3863,1,1,1,9773,1,1,140.0,1,19,38,9,9,132.0,0,0,0,1,1,1,18,0,0,6,6,5,12.0,0,0,6,6,6,12.83333333,0,12.7,3.7,-1.7,Graduate,0.8333333333333334,1.0,0.0,0.5,-8.0,0,0,0,0
3864,1,1,2,9238,1,1,124.0,1,38,19,9,7,129.6,1,0,0,1,1,0,19,0,0,6,10,6,11.125,0,0,6,7,6,11.85714286,0,7.6,2.6,0.32,Graduate,1.0,1.6666666666666667,0.0,0.55625,5.599999999999994,0,0,0,0
3865,1,43,1,9085,1,1,110.0,1,3,19,4,6,105.0,0,0,1,0,1,0,34,0,2,6,13,3,11.33333333,0,0,6,8,2,11.5,0,13.9,-0.3,0.79,Dropout,0.5,2.1666666666666665,0.0,0.28333333325,-5.0,0,0,1,1
3866,1,17,2,9773,1,1,150.0,1,1,1,4,5,130.8,0,0,0,1,1,0,20,0,0,6,15,2,12.0,0,0,6,12,0,0.0,0,10.8,1.4,1.74,Dropout,0.3333333333333333,2.5,0.0,0.19999999999999998,-19.19999999999999,0,0,0,0
3867,1,1,1,9500,1,1,123.0,1,37,37,7,7,119.7,0,0,0,1,1,0,20,0,0,7,8,0,0.0,1,0,7,7,0,0.0,0,13.9,-0.3,0.79,Dropout,0.0,1.1428571428571428,0.14285714285714285,0.0,-3.299999999999997,0,0,0,0
3868,1,17,1,9500,1,1,152.0,1,19,19,4,9,132.5,0,0,0,1,1,0,21,0,0,8,8,7,14.54,0,0,8,8,7,14.54,0,10.8,1.4,1.74,Graduate,0.875,1.0,0.0,0.6361249999999999,-19.5,0,0,0,0
3869,1,44,1,9003,1,39,130.0,1,1,19,3,10,130.0,1,0,0,1,1,0,19,0,0,6,9,6,12.16666667,0,0,6,14,4,13.0,0,12.4,0.5,1.79,Graduate,1.0,1.5,0.0,0.6083333335,0.0,0,0,0,0
3870,1,39,1,9085,1,1,133.1,1,1,1,4,4,120.0,0,0,1,0,1,0,31,0,0,5,13,4,13.5,1,0,5,12,3,11.66666667,1,9.4,-0.8,-3.12,Dropout,0.8,2.6,0.2,0.54,-13.099999999999994,0,0,1,1
3871,1,17,1,9670,1,1,133.1,1,1,37,4,5,150.0,0,0,0,1,1,0,21,0,0,6,8,6,14.75,0,0,6,9,5,14.33333333,0,11.1,0.6,2.02,Graduate,1.0,1.3333333333333333,0.0,0.7375,16.900000000000006,0,0,0,0
3872,1,1,1,9147,1,1,124.0,1,38,38,9,9,115.6,0,0,0,1,1,1,20,0,0,5,8,5,12.375,0,0,5,7,5,11.66666667,0,13.9,-0.3,0.79,Graduate,1.0,1.6,0.0,0.61875,-8.400000000000006,0,0,0,0
3873,1,43,2,9500,1,6,119.1,1,1,19,4,10,119.1,0,0,0,1,1,0,22,0,0,7,7,6,12.73333333,0,0,7,7,6,12.73333333,0,7.6,2.6,0.32,Graduate,0.8571428571428571,1.0,0.0,0.5457142855714285,0.0,0,0,0,0
3874,1,1,2,9070,1,1,128.0,1,19,19,3,3,123.5,1,1,0,0,1,0,19,0,0,6,9,4,12.5,0,0,6,6,0,0.0,0,9.4,-0.8,-3.12,Dropout,0.6666666666666666,1.5,0.0,0.41666666666666663,-4.5,0,0,1,0
3875,1,39,1,9130,1,1,133.1,1,1,1,90,1,120.0,1,0,1,0,1,0,41,0,0,5,5,0,0.0,1,0,5,5,0,0.0,5,12.7,3.7,-1.7,Dropout,0.0,1.0,0.2,0.0,-13.099999999999994,0,0,1,1
3876,1,43,1,9500,1,19,133.1,1,34,34,0,0,110.0,1,0,0,1,1,0,27,0,0,7,7,0,0.0,6,0,7,7,0,0.0,6,7.6,2.6,0.32,Dropout,0.0,1.0,0.8571428571428571,0.0,-23.099999999999994,0,0,0,1
3877,1,17,1,9500,1,1,145.0,1,1,1,4,10,131.4,0,0,0,1,0,0,19,0,0,7,7,7,13.44285714,0,0,8,8,7,13.77142857,0,13.9,-0.3,0.79,Dropout,1.0,1.0,0.0,0.672142857,-13.599999999999994,0,0,0,0
3878,1,18,2,9500,1,1,141.0,24,1,1,4,3,126.8,1,0,0,1,0,1,20,1,0,8,8,8,14.2,0,0,8,8,8,14.2,0,9.4,-0.8,-3.12,Graduate,1.0,1.0,0.0,0.71,-14.200000000000003,0,0,0,0
3879,1,43,4,9500,1,6,118.9,1,38,37,5,9,118.9,1,0,0,1,0,1,19,0,0,7,7,6,13.55,0,0,7,7,6,13.55,0,7.6,2.6,0.32,Graduate,0.8571428571428571,1.0,0.0,0.5807142857142856,0.0,0,0,0,0
3880,2,39,1,9991,0,1,160.0,1,37,37,9,9,160.0,0,0,0,1,0,0,35,0,0,5,5,5,11.6,0,0,5,6,5,11.16666667,0,15.5,2.8,-4.06,Graduate,1.0,1.0,0.0,0.58,0.0,0,0,0,1
3881,1,17,5,9773,1,1,111.0,1,19,12,7,3,115.9,1,0,0,1,0,0,22,0,0,6,7,6,13.57142857,0,0,6,7,6,15.28571429,0,13.9,-0.3,0.79,Graduate,1.0,1.1666666666666667,0.0,0.6785714285,4.900000000000006,0,0,0,0
3882,1,1,2,9254,1,1,111.0,1,1,19,5,7,109.3,1,0,0,1,0,1,20,0,0,6,6,6,13.83333333,0,0,6,6,6,15.0,0,11.1,0.6,2.02,Graduate,1.0,1.0,0.0,0.6916666665,-1.7000000000000028,0,0,0,0
3883,1,1,1,9670,1,1,123.0,1,37,38,9,9,113.9,1,0,1,0,0,0,18,0,0,6,7,4,11.25,0,0,6,9,4,10.85714286,0,10.8,1.4,1.74,Dropout,0.6666666666666666,1.1666666666666667,0.0,0.375,-9.099999999999994,0,0,1,0
3884,1,1,1,9238,1,1,133.0,1,37,37,9,9,121.8,1,0,0,1,0,1,18,0,0,6,7,5,10.2,0,0,6,9,4,11.25,0,12.4,0.5,1.79,Graduate,0.8333333333333334,1.1666666666666667,0.0,0.42500000000000004,-11.200000000000003,0,0,0,0
3885,1,7,1,9500,1,3,140.0,1,1,37,9,5,140.0,0,0,0,1,0,0,30,0,0,8,8,7,15.67571429,0,0,8,8,7,15.67571429,0,10.8,1.4,1.74,Graduate,0.875,1.0,0.0,0.6858125001875,0.0,0,0,0,1
3886,1,18,1,9238,1,1,122.0,1,38,38,9,7,114.7,0,0,1,1,0,1,18,0,0,6,9,6,10.83333333,0,0,6,8,6,12.0,0,11.1,0.6,2.02,Graduate,1.0,1.5,0.0,0.5416666665000001,-7.299999999999997,0,0,1,0
3887,1,1,1,9254,1,1,128.0,1,19,19,7,8,120.0,1,0,0,1,0,1,20,0,0,6,6,6,14.5,0,0,6,7,5,15.0,0,12.4,0.5,1.79,Enrolled,1.0,1.0,0.0,0.725,-8.0,0,0,0,0
3888,1,1,1,9238,1,1,108.0,1,19,38,9,9,107.3,0,1,0,1,0,1,19,0,0,6,12,4,10.4,0,0,6,11,4,10.75,0,12.4,0.5,1.79,Enrolled,0.6666666666666666,2.0,0.0,0.3466666666666667,-0.7000000000000028,0,0,0,0
3889,1,17,1,9085,1,1,139.0,1,38,38,5,3,136.2,0,0,0,1,0,0,19,0,0,5,7,5,13.0,1,0,5,7,5,13.33333333,0,7.6,2.6,0.32,Graduate,1.0,1.4,0.2,0.65,-2.8000000000000114,0,0,0,0
3890,1,1,2,9556,1,1,130.0,1,1,38,3,8,119.5,1,0,0,1,0,1,21,0,0,7,7,7,12.24285714,0,0,8,8,8,14.125,0,15.5,2.8,-4.06,Graduate,1.0,1.0,0.0,0.612142857,-10.5,0,0,0,0
3891,1,18,1,9853,1,1,133.1,1,1,19,141,182,106.0,1,0,1,1,0,0,21,0,0,7,7,7,13.0,0,0,7,8,6,12.5,0,8.9,1.4,3.51,Enrolled,1.0,1.0,0.0,0.65,-27.099999999999994,0,0,1,0
3892,1,1,4,9670,1,1,130.0,1,1,1,9,9,124.1,1,0,0,1,0,0,18,0,0,6,6,6,14.16666667,0,0,6,7,6,13.42857143,0,8.9,1.4,3.51,Enrolled,1.0,1.0,0.0,0.7083333334999999,-5.900000000000006,0,0,0,0
3893,1,1,3,9147,1,1,143.0,1,1,1,5,7,133.2,1,0,0,1,0,1,18,0,0,5,11,4,14.25,0,0,5,7,4,12.5,0,12.7,3.7,-1.7,Graduate,0.8,2.2,0.0,0.5700000000000001,-9.800000000000011,0,0,0,0
3894,4,39,1,9085,1,1,110.0,1,37,37,90,90,110.0,0,0,0,0,0,0,35,0,0,5,14,1,12.0,2,0,5,11,2,10.5,1,9.4,-0.8,-3.12,Dropout,0.2,2.8,0.4,0.12,0.0,0,0,1,1
3895,1,1,6,9500,1,1,120.0,41,1,1,9,6,114.8,1,0,0,1,0,0,21,1,0,7,11,4,13.25,0,0,7,9,5,13.82,0,11.1,0.6,2.02,Enrolled,0.5714285714285714,1.5714285714285714,0.0,0.37857142857142856,-5.200000000000003,0,0,0,0
3896,1,1,1,9500,1,1,140.0,1,38,37,9,7,130.0,1,0,0,1,1,1,18,0,0,7,7,6,13.18333333,0,0,7,7,6,13.18333333,0,7.6,2.6,0.32,Graduate,0.8571428571428571,1.0,0.0,0.5649999998571428,-10.0,0,0,0,0
3897,1,17,5,9070,1,1,125.0,1,19,1,5,5,122.6,1,0,0,1,1,0,22,0,0,6,6,1,11.0,0,0,6,6,0,0.0,0,9.4,-0.8,-3.12,Enrolled,0.16666666666666666,1.0,0.0,0.09166666666666667,-2.4000000000000057,0,0,0,0
3898,1,17,1,9500,1,1,134.0,1,38,1,9,6,133.5,1,0,0,1,1,1,20,0,0,7,8,7,11.9725,0,0,8,8,8,12.65125,0,15.5,2.8,-4.06,Graduate,1.0,1.1428571428571428,0.0,0.598625,-0.5,0,0,0,0
3899,2,39,1,9254,1,1,130.0,1,37,37,4,7,120.0,1,0,0,1,0,0,34,0,0,6,7,5,12.4,0,0,6,8,5,12.8,0,9.4,-0.8,-3.12,Graduate,0.8333333333333334,1.1666666666666667,0.0,0.5166666666666667,-10.0,0,0,0,1
3900,2,7,1,9147,1,3,120.0,1,37,37,9,9,120.0,0,0,0,1,0,0,33,0,3,8,9,5,12.6,2,2,7,13,5,11.25,0,10.8,1.4,1.74,Enrolled,0.625,1.125,0.25,0.39375,0.0,0,0,0,1
3901,1,1,3,9500,1,1,142.0,1,37,38,9,9,137.3,1,0,0,1,0,1,22,0,0,7,7,6,13.9,0,0,7,7,6,13.9,0,7.6,2.6,0.32,Graduate,0.8571428571428571,1.0,0.0,0.5957142857142858,-4.699999999999989,0,0,0,0
3902,1,17,3,9254,1,1,127.0,1,37,37,9,6,123.5,1,0,0,1,0,1,20,0,0,6,11,4,11.5,0,0,6,12,3,11.0,0,7.6,2.6,0.32,Enrolled,0.6666666666666666,1.8333333333333333,0.0,0.3833333333333333,-3.5,0,0,0,0
3903,2,39,1,9147,1,1,140.0,1,37,37,6,10,131.8,0,0,0,1,0,0,35,0,0,5,6,4,14.2,0,0,5,10,4,11.85714286,0,10.8,1.4,1.74,Enrolled,0.8,1.2,0.0,0.568,-8.199999999999989,0,0,0,1
3904,2,39,1,9147,1,1,140.0,1,38,37,4,7,130.0,1,0,0,0,0,0,39,0,0,5,12,3,10.66666667,2,0,5,15,3,10.66666667,0,9.4,-0.8,-3.12,Dropout,0.6,2.4,0.4,0.3200000001,-10.0,0,0,1,1
3905,1,18,6,9500,1,1,142.0,1,38,37,9,5,128.0,1,0,0,0,0,0,19,0,0,7,14,0,0.0,0,0,8,0,0,0.0,0,11.1,0.6,2.02,Dropout,0.0,2.0,0.0,0.0,-14.0,0,0,1,0
3906,4,39,1,9254,1,1,120.0,1,37,37,9,8,95.0,0,0,0,1,0,1,36,0,0,6,10,6,11.0,0,0,6,14,3,11.33333333,0,10.8,1.4,1.74,Graduate,1.0,1.6666666666666667,0.0,0.55,-25.0,0,0,0,1
3907,1,1,2,9500,1,1,124.0,1,37,37,9,9,116.0,1,0,0,1,0,1,21,0,0,8,8,7,13.95714286,0,0,8,8,7,13.95714286,0,12.7,3.7,-1.7,Graduate,0.875,1.0,0.0,0.610625000125,-8.0,0,0,0,0
3908,1,1,1,9238,1,1,157.0,1,3,38,1,5,136.7,1,0,0,1,0,0,22,0,0,6,11,4,12.5,1,0,6,13,3,13.66666667,0,9.4,-0.8,-3.12,Enrolled,0.6666666666666666,1.8333333333333333,0.16666666666666666,0.41666666666666663,-20.30000000000001,0,0,0,0
3909,2,39,1,9238,1,1,126.6,1,38,38,9,7,107.5,0,0,1,1,0,1,42,0,0,6,8,6,13.33333333,0,0,6,7,6,15.28571429,0,11.1,0.6,2.02,Graduate,1.0,1.3333333333333333,0.0,0.6666666665000001,-19.099999999999994,0,0,1,1
3910,1,39,1,9119,1,1,110.0,1,37,37,90,90,108.4,1,0,0,1,0,0,34,0,0,5,5,0,0.0,0,0,5,6,0,0.0,0,10.8,1.4,1.74,Dropout,0.0,1.0,0.0,0.0,-1.5999999999999943,0,0,0,1
3911,1,17,1,9773,1,1,144.0,1,19,19,4,4,130.7,1,0,0,1,0,0,20,0,0,6,9,6,11.66666667,0,0,6,8,5,11.6,0,7.6,2.6,0.32,Enrolled,1.0,1.5,0.0,0.5833333334999999,-13.300000000000011,0,0,0,0
3912,2,44,1,8014,0,39,160.0,1,37,19,9,10,155.9,0,0,0,1,0,0,33,0,3,6,7,6,15.71428571,0,2,6,7,6,15.5,0,13.9,-0.3,0.79,Graduate,1.0,1.1666666666666667,0.0,0.7857142855,-4.099999999999994,0,0,0,1
3913,1,1,4,9254,1,1,105.0,1,1,19,9,6,106.1,1,0,0,1,0,0,20,0,0,6,8,5,11.0,0,0,6,9,5,11.4,0,13.9,-0.3,0.79,Graduate,0.8333333333333334,1.3333333333333333,0.0,0.45833333333333337,1.0999999999999943,0,0,0,0
3914,1,1,2,9670,1,1,130.0,1,26,30,0,5,128.6,1,0,1,1,0,0,19,0,0,5,8,4,12.25,0,0,5,7,4,12.75,2,7.6,2.6,0.32,Graduate,0.8,1.6,0.0,0.49000000000000005,-1.4000000000000057,0,0,1,0
3915,2,43,1,9991,0,3,140.0,1,37,19,9,4,140.0,0,0,1,1,0,0,34,0,4,10,25,5,12.2,0,3,9,18,8,12.22222222,0,16.2,0.3,-0.92,Dropout,0.5,2.5,0.0,0.305,0.0,0,0,1,1
3916,1,1,1,9147,1,1,138.0,1,37,37,9,6,145.0,1,0,0,1,0,0,18,0,0,5,6,5,13.0,0,0,5,5,5,14.0,0,7.6,2.6,0.32,Graduate,1.0,1.2,0.0,0.65,7.0,0,0,0,0
3917,1,17,1,8014,0,1,120.0,1,38,37,6,6,113.0,0,0,0,1,0,1,24,0,0,6,11,4,12.0,0,0,6,7,6,13.0,0,10.8,1.4,1.74,Graduate,0.6666666666666666,1.8333333333333333,0.0,0.39999999999999997,-7.0,0,0,0,0
3918,1,1,1,9853,1,1,135.0,1,19,12,9,7,137.1,1,0,0,1,0,0,18,0,0,6,6,6,13.33333333,0,0,6,7,6,12.33333333,0,7.6,2.6,0.32,Graduate,1.0,1.0,0.0,0.6666666665000001,2.0999999999999943,0,0,0,0
3919,1,1,1,9670,1,1,119.0,1,37,37,10,6,119.7,1,0,0,1,0,0,20,0,0,5,6,3,13.0,0,0,5,7,3,13.0,1,7.6,2.6,0.32,Enrolled,0.6,1.2,0.0,0.39,0.7000000000000028,0,0,0,0
3920,1,17,1,9500,1,1,121.0,1,1,1,4,3,120.5,1,0,0,1,0,0,21,0,0,8,8,7,12.91,0,0,8,8,7,12.91,0,10.8,1.4,1.74,Graduate,0.875,1.0,0.0,0.5648124999999999,-0.5,0,0,0,0
3921,1,1,5,9238,1,1,126.0,1,38,1,9,5,125.7,1,0,0,1,0,1,19,0,0,6,8,6,11.0,0,0,6,13,3,11.0,0,9.4,-0.8,-3.12,Graduate,1.0,1.3333333333333333,0.0,0.55,-0.29999999999999716,0,0,0,0
3922,1,17,4,9500,1,1,132.0,1,38,19,5,7,125.5,0,0,0,1,0,1,19,0,0,7,8,6,13.58,0,0,8,8,8,12.93625,0,15.5,2.8,-4.06,Graduate,0.8571428571428571,1.1428571428571428,0.0,0.582,-6.5,0,0,0,0
3923,1,1,1,9238,1,1,128.0,1,19,19,5,5,124.5,1,0,0,1,0,1,18,0,0,6,10,4,12.4,0,0,6,8,6,12.5,0,12.4,0.5,1.79,Graduate,0.6666666666666666,1.6666666666666667,0.0,0.41333333333333333,-3.5,0,0,0,0
3924,4,39,1,8014,0,1,160.0,1,37,37,5,5,126.0,0,0,0,1,0,1,38,0,4,9,13,8,12.88888889,0,2,7,9,7,13.0,0,13.9,-0.3,0.79,Graduate,0.8888888888888888,1.4444444444444444,0.0,0.5728395062222222,-34.0,0,0,0,1
3925,1,1,1,171,1,1,125.0,1,19,19,5,4,136.2,1,0,1,1,1,0,21,0,6,12,12,11,11.54545455,0,4,11,18,9,11.7,1,8.9,1.4,3.51,Enrolled,0.9166666666666666,1.0,0.0,0.529166666875,11.199999999999989,0,0,1,0
3926,1,43,1,9147,1,1,127.0,25,1,5,9,10,124.2,1,0,0,1,1,0,23,1,0,5,6,1,10.0,0,0,5,5,0,0.0,0,15.5,2.8,-4.06,Enrolled,0.2,1.2,0.0,0.1,-2.799999999999997,0,0,0,0
3927,1,17,5,9500,1,1,147.0,1,19,1,4,3,138.5,1,0,0,1,0,0,19,0,0,8,8,8,14.34125,0,0,8,8,8,14.34125,0,9.4,-0.8,-3.12,Graduate,1.0,1.0,0.0,0.7170625,-8.5,0,0,0,0
3928,1,1,2,9773,1,1,130.0,1,38,37,5,3,122.3,1,0,1,0,0,0,18,0,0,6,8,6,14.14285714,0,0,6,6,5,12.0,0,13.9,-0.3,0.79,Dropout,1.0,1.3333333333333333,0.0,0.707142857,-7.700000000000003,0,0,1,0
3929,1,1,6,171,1,1,134.0,1,19,37,5,5,126.0,1,0,0,1,0,1,18,0,0,0,0,0,0.0,0,0,0,0,0,0.0,0,9.4,-0.8,-3.12,Graduate,0.0,0.0,0.0,0.0,-8.0,1,0,0,0
3930,1,39,1,9003,1,1,140.0,1,19,19,9,6,135.4,1,0,0,1,0,0,24,0,0,6,10,5,11.8,0,0,6,13,4,11.25,0,12.4,0.5,1.79,Enrolled,0.8333333333333334,1.6666666666666667,0.0,0.49166666666666675,-4.599999999999994,0,0,0,0
3931,1,1,1,9773,1,1,151.0,2,1,1,5,9,146.5,0,0,0,1,0,1,18,1,0,6,6,6,13.33333333,0,0,6,6,6,14.16666667,0,12.7,3.7,-1.7,Graduate,1.0,1.0,0.0,0.6666666665000001,-4.5,0,0,0,0
3932,1,1,1,9130,1,1,132.0,1,3,1,4,9,121.9,1,0,0,1,0,0,18,0,0,6,8,6,14.5,0,0,6,9,6,12.85714286,0,13.9,-0.3,0.79,Graduate,1.0,1.3333333333333333,0.0,0.725,-10.099999999999994,0,0,0,0
3933,1,7,1,9991,0,40,130.0,1,19,19,7,3,130.0,0,0,0,1,0,0,26,0,5,10,13,8,12.66666667,0,5,10,12,10,13.4,0,11.1,0.6,2.02,Graduate,0.8,1.3,0.0,0.5066666668,0.0,0,0,0,1
3934,1,1,1,9147,1,1,126.0,1,19,19,9,9,115.2,0,0,1,1,0,0,19,0,0,5,13,1,10.0,0,0,5,8,2,10.0,0,12.4,0.5,1.79,Enrolled,0.2,2.6,0.0,0.1,-10.799999999999997,0,0,1,0
3935,1,18,3,9670,1,1,119.0,1,38,38,9,9,115.2,1,0,0,1,0,1,19,0,0,6,10,0,0.0,0,0,6,6,0,0.0,0,12.7,3.7,-1.7,Dropout,0.0,1.6666666666666667,0.0,0.0,-3.799999999999997,0,0,0,0
3936,1,1,1,9254,1,1,123.0,1,38,37,5,5,125.1,0,0,0,1,0,0,19,0,0,6,12,4,11.0,0,0,6,6,4,12.5,0,16.2,0.3,-0.92,Enrolled,0.6666666666666666,2.0,0.0,0.3666666666666667,2.0999999999999943,0,0,0,0
3937,1,1,1,9130,1,1,106.0,1,37,37,9,9,108.0,1,0,1,1,0,0,20,0,0,5,10,2,12.0,2,0,5,9,4,11.0,0,9.4,-0.8,-3.12,Dropout,0.4,2.0,0.4,0.24,2.0,0,0,1,0
3938,1,1,3,9254,1,1,121.0,1,19,19,9,9,125.9,1,0,0,1,0,0,22,0,0,6,10,4,10.0,0,0,6,12,2,13.5,0,9.4,-0.8,-3.12,Enrolled,0.6666666666666666,1.6666666666666667,0.0,0.3333333333333333,4.900000000000006,0,0,0,0
3939,1,1,2,9500,1,1,138.0,1,19,1,5,5,128.0,1,0,0,1,0,0,19,0,0,7,7,7,14.20857143,0,0,8,9,8,15.12777778,0,11.1,0.6,2.02,Graduate,1.0,1.0,0.0,0.7104285714999999,-10.0,0,0,0,0
3940,1,1,5,9500,1,1,118.0,1,3,1,5,10,113.5,1,0,0,1,0,0,20,0,0,7,7,7,14.30714286,0,0,8,8,8,15.0125,0,12.4,0.5,1.79,Graduate,1.0,1.0,0.0,0.7153571430000001,-4.5,0,0,0,0
3941,2,39,1,9147,1,1,120.0,1,37,37,5,5,124.6,0,0,0,1,0,0,36,0,0,5,8,3,11.0,0,0,5,12,4,13.375,0,10.8,1.4,1.74,Enrolled,0.6,1.6,0.0,0.33,4.599999999999994,0,0,0,1
3942,1,39,1,9853,1,19,133.1,1,19,4,9,4,116.0,1,0,0,1,0,0,29,0,0,7,14,0,0.0,0,0,6,6,0,0.0,0,11.1,0.6,2.02,Dropout,0.0,2.0,0.0,0.0,-17.099999999999994,0,0,0,1
3943,1,17,3,9238,1,1,141.0,1,3,3,2,2,124.9,1,0,0,1,0,0,19,0,0,6,10,6,12.0,0,0,6,12,4,11.0,0,12.7,3.7,-1.7,Graduate,1.0,1.6666666666666667,0.0,0.6,-16.099999999999994,0,0,0,0
3944,5,39,1,9147,1,1,180.0,1,1,1,4,8,140.5,0,0,1,0,0,0,24,0,0,5,0,0,0.0,0,0,5,0,0,0.0,0,13.9,-0.3,0.79,Dropout,0.0,0.0,0.0,0.0,-39.5,0,0,1,0
3945,5,39,1,9003,1,1,180.0,1,1,1,4,8,179.6,0,0,1,0,0,0,27,0,0,6,6,0,0.0,0,0,6,7,0,0.0,0,8.9,1.4,3.51,Dropout,0.0,1.0,0.0,0.0,-0.4000000000000057,0,0,1,1
3946,1,17,1,9773,1,1,115.0,1,37,37,9,8,116.1,1,0,0,1,0,1,18,0,0,6,7,6,13.85714286,0,0,6,7,6,14.28571429,0,13.9,-0.3,0.79,Graduate,1.0,1.1666666666666667,0.0,0.692857143,1.0999999999999943,0,0,0,0
3947,1,17,2,171,1,1,142.0,1,3,1,2,6,139.4,1,0,0,1,0,1,18,0,0,0,0,0,0.0,0,0,0,0,0,0.0,0,15.5,2.8,-4.06,Graduate,0.0,0.0,0.0,0.0,-2.5999999999999943,1,0,0,0
3948,1,17,4,9556,1,1,135.0,1,38,37,3,7,129.0,1,0,0,1,0,0,21,0,0,7,0,0,0.0,0,0,7,0,0,0.0,0,12.7,3.7,-1.7,Dropout,0.0,0.0,0.0,0.0,-6.0,0,0,0,0
3949,2,39,1,9670,1,1,150.0,1,37,19,9,4,135.6,0,0,0,1,0,1,43,0,0,6,8,5,11.0,0,0,6,9,5,13.0,0,12.4,0.5,1.79,Graduate,0.8333333333333334,1.3333333333333333,0.0,0.45833333333333337,-14.400000000000006,0,0,0,1
3950,1,43,1,9147,1,1,153.0,1,1,19,9,10,147.8,0,0,0,1,0,1,18,0,0,5,9,5,13.2,0,0,5,13,5,14.4,5,16.2,0.3,-0.92,Graduate,1.0,1.8,0.0,0.6599999999999999,-5.199999999999989,0,0,0,0
3951,1,18,1,9085,1,1,153.0,1,37,37,9,9,138.0,1,0,0,1,0,1,21,0,0,6,7,6,13.5,0,0,6,6,3,15.33333333,0,8.9,1.4,3.51,Dropout,1.0,1.1666666666666667,0.0,0.675,-15.0,0,0,0,0
3952,1,7,1,9147,1,3,150.0,1,6,27,1,7,150.0,0,0,0,1,0,0,26,0,0,5,5,0,0.0,0,0,5,0,0,0.0,0,9.4,-0.8,-3.12,Dropout,0.0,1.0,0.0,0.0,0.0,0,0,0,1
3953,1,1,6,9500,1,1,144.0,1,1,19,9,4,130.8,1,0,0,1,0,1,19,0,0,8,8,7,14.21428571,0,0,8,8,7,14.21428571,0,12.7,3.7,-1.7,Graduate,0.875,1.0,0.0,0.6218749998125,-13.199999999999989,0,0,0,0
3954,1,1,1,9085,1,1,130.0,1,37,11,90,90,122.6,0,0,0,1,0,0,18,0,0,5,5,5,13.0,0,0,5,5,5,12.4,0,7.6,2.6,0.32,Graduate,1.0,1.0,0.0,0.65,-7.400000000000006,0,0,0,0
3955,1,1,1,9773,1,1,125.0,1,3,2,2,1,119.1,1,0,0,1,0,0,22,0,0,6,13,2,12.0,0,0,6,14,1,10.0,0,9.4,-0.8,-3.12,Dropout,0.3333333333333333,2.1666666666666665,0.0,0.19999999999999998,-5.900000000000006,0,0,0,0
3956,1,39,1,9500,1,19,133.1,1,1,19,4,10,111.8,1,0,0,1,0,0,27,0,0,7,0,0,0.0,0,0,8,0,0,0.0,0,11.1,0.6,2.02,Dropout,0.0,0.0,0.0,0.0,-21.299999999999997,0,0,0,1
3957,1,1,3,9147,1,1,133.0,1,38,19,9,10,125.0,1,0,0,1,0,0,18,0,0,5,6,5,12.8,1,0,5,6,5,12.6,0,9.4,-0.8,-3.12,Graduate,1.0,1.2,0.2,0.64,-8.0,0,0,0,0
3958,1,17,1,9085,1,1,140.0,1,37,38,7,9,129.9,0,0,0,1,0,0,19,0,0,5,11,4,13.6,2,0,5,9,4,12.2,0,9.4,-0.8,-3.12,Graduate,0.8,2.2,0.4,0.5439999999999999,-10.099999999999994,0,0,0,0
3959,1,17,4,9500,1,1,133.0,1,19,19,3,10,131.1,1,0,0,1,0,0,18,0,0,7,7,7,13.97142857,0,0,8,8,8,15.75,0,13.9,-0.3,0.79,Graduate,1.0,1.0,0.0,0.6985714285,-1.9000000000000057,0,0,0,0
3960,1,1,1,9085,1,1,154.0,1,38,37,4,4,141.4,0,0,0,1,0,1,19,0,0,6,8,6,15.0,0,0,6,9,6,14.85714286,0,11.1,0.6,2.02,Graduate,1.0,1.3333333333333333,0.0,0.75,-12.599999999999994,0,0,0,0
3961,1,39,1,9085,1,1,133.1,1,37,37,9,9,120.0,0,0,0,0,0,0,32,0,0,6,0,0,0.0,0,0,6,0,0,0.0,0,11.1,0.6,2.02,Dropout,0.0,0.0,0.0,0.0,-13.099999999999994,0,0,1,1
3962,1,42,1,9500,1,1,168.0,1,37,1,9,4,133.4,1,0,0,1,0,0,23,0,20,26,27,26,15.07777778,0,14,17,17,17,15.02352941,0,15.5,2.8,-4.06,Graduate,1.0,1.0384615384615385,0.0,0.753888889,-34.599999999999994,0,0,0,0
3963,1,17,3,9500,1,1,132.0,1,37,37,4,3,127.3,1,0,0,1,0,0,20,0,0,7,7,6,13.38333333,0,0,7,7,6,13.38333333,0,7.6,2.6,0.32,Graduate,0.8571428571428571,1.0,0.0,0.5735714284285715,-4.700000000000003,0,0,0,0
3964,1,1,1,171,1,1,133.1,1,19,38,5,5,131.8,1,0,1,1,0,0,20,0,6,12,12,12,13.25,0,4,11,16,10,13.09090909,0,8.9,1.4,3.51,Graduate,1.0,1.0,0.0,0.6625,-1.299999999999983,0,0,1,0
3965,1,17,1,9238,1,1,120.0,1,19,19,4,5,114.8,1,0,1,0,0,0,19,0,0,6,10,5,11.71428571,0,0,6,13,2,10.66666667,0,16.2,0.3,-0.92,Dropout,0.8333333333333334,1.6666666666666667,0.0,0.4880952379166667,-5.200000000000003,0,0,1,0
3966,1,1,3,9500,1,1,150.0,1,19,19,5,5,132.8,1,0,0,1,0,1,18,0,0,8,8,8,13.01125,0,0,8,8,8,13.01125,0,9.4,-0.8,-3.12,Graduate,1.0,1.0,0.0,0.6505625,-17.19999999999999,0,0,0,0
3967,1,44,1,9003,1,39,140.0,1,19,19,9,4,140.0,0,0,0,1,0,0,21,0,0,6,12,3,10.66666667,2,0,6,12,4,12.0,0,15.5,2.8,-4.06,Dropout,0.5,2.0,0.3333333333333333,0.26666666675,0.0,0,0,0,0
3968,1,1,1,9500,1,1,103.0,1,1,19,9,9,108.3,0,0,0,1,0,1,20,0,0,7,14,0,0.0,0,0,7,15,0,0.0,0,11.1,0.6,2.02,Enrolled,0.0,2.0,0.0,0.0,5.299999999999997,0,0,0,0
3969,1,44,1,9085,1,39,150.0,1,3,19,2,4,150.0,1,0,0,1,0,0,22,0,1,6,9,6,13.0,0,1,6,18,3,12.66666667,0,12.4,0.5,1.79,Graduate,1.0,1.5,0.0,0.65,0.0,0,0,0,0
3970,1,44,1,9991,0,39,160.0,1,37,37,9,9,160.0,0,0,0,1,0,0,26,0,0,5,5,5,12.0,0,0,5,7,5,11.4,0,12.7,3.7,-1.7,Graduate,1.0,1.0,0.0,0.6,0.0,0,0,0,1
3971,1,1,1,9070,1,1,131.0,1,37,37,3,3,131.7,1,0,0,1,0,0,20,0,0,6,6,6,12.16666667,0,0,6,7,5,13.8,0,12.7,3.7,-1.7,Graduate,1.0,1.0,0.0,0.6083333335,0.6999999999999886,0,0,0,0
3972,1,1,1,9500,1,1,114.0,1,19,38,5,3,112.6,1,0,0,1,0,0,19,0,0,7,10,6,11.85,0,0,8,10,7,13.65,0,16.2,0.3,-0.92,Graduate,0.8571428571428571,1.4285714285714286,0.0,0.5078571428571429,-1.4000000000000057,0,0,0,0
3973,1,39,1,9991,0,1,120.0,1,37,37,9,9,111.1,0,0,0,1,0,0,31,0,0,5,8,4,11.0,0,0,5,6,5,11.2,0,7.6,2.6,0.32,Graduate,0.8,1.6,0.0,0.44000000000000006,-8.900000000000006,0,0,0,1
3974,1,43,3,9500,1,1,140.0,1,1,19,9,7,127.5,1,0,1,1,0,1,20,0,0,7,9,7,12.32777778,0,0,8,10,8,11.736,0,15.5,2.8,-4.06,Graduate,1.0,1.2857142857142858,0.0,0.616388889,-12.5,0,0,1,0
3975,1,43,1,9085,1,1,130.0,1,19,38,7,7,120.2,1,0,0,1,0,0,20,0,0,5,9,4,12.0,0,0,5,10,5,13.42857143,1,10.8,1.4,1.74,Graduate,0.8,1.8,0.0,0.48,-9.799999999999997,0,0,0,0
3976,1,17,4,9500,1,1,121.0,1,37,37,5,5,118.9,1,0,0,1,0,0,21,0,0,7,7,7,14.42857143,0,0,8,9,8,14.51111111,0,16.2,0.3,-0.92,Graduate,1.0,1.0,0.0,0.7214285715,-2.0999999999999943,0,0,0,0
3977,1,1,4,9500,1,1,130.0,1,19,19,9,7,119.9,1,0,0,1,0,0,18,0,0,7,7,7,13.78,0,0,8,8,8,12.6125,0,12.4,0.5,1.79,Graduate,1.0,1.0,0.0,0.689,-10.099999999999994,0,0,0,0
3978,1,17,2,9500,1,1,141.0,1,37,1,9,4,127.3,1,0,0,1,0,1,19,0,0,7,7,6,13.8,0,0,7,7,6,13.8,0,7.6,2.6,0.32,Graduate,0.8571428571428571,1.0,0.0,0.5914285714285714,-13.700000000000003,0,0,0,0
3979,1,1,1,9853,1,1,131.0,1,19,19,3,7,127.9,1,0,0,1,0,1,18,0,0,7,7,7,14.85714286,0,0,7,7,7,15.14285714,0,13.9,-0.3,0.79,Graduate,1.0,1.0,0.0,0.7428571429999999,-3.0999999999999943,0,0,0,0
3980,4,39,1,9773,1,38,133.1,1,19,19,7,9,133.0,0,0,0,1,0,0,40,0,0,6,8,5,13.0,0,0,6,7,5,12.6,0,16.2,0.3,-0.92,Enrolled,0.8333333333333334,1.3333333333333333,0.0,0.5416666666666667,-0.09999999999999432,0,0,0,1
3981,1,17,6,9238,1,1,117.0,1,1,38,4,7,114.6,0,0,0,1,0,1,18,0,0,6,7,6,12.14285714,0,0,6,6,6,13.33333333,0,13.9,-0.3,0.79,Graduate,1.0,1.1666666666666667,0.0,0.607142857,-2.4000000000000057,0,0,0,0
3982,1,1,2,9085,1,1,151.0,1,40,4,2,2,144.5,1,0,0,1,0,0,18,0,0,6,7,6,15.66666667,0,0,6,6,6,14.83333333,0,8.9,1.4,3.51,Graduate,1.0,1.1666666666666667,0.0,0.7833333335,-6.5,0,0,0,0
3983,1,17,1,9500,1,1,131.0,1,1,19,4,3,125.4,1,0,0,1,0,0,19,0,0,7,13,5,12.5,0,0,8,14,7,12.16666667,0,15.5,2.8,-4.06,Graduate,0.7142857142857143,1.8571428571428572,0.0,0.44642857142857145,-5.599999999999994,0,0,0,0
3984,1,17,1,9238,1,1,145.0,1,38,38,9,7,145.0,0,0,0,1,0,1,19,0,0,6,7,6,12.83333333,0,0,6,6,6,13.16666667,0,12.4,0.5,1.79,Graduate,1.0,1.1666666666666667,0.0,0.6416666665,0.0,0,0,0,0
3985,1,39,1,9003,1,1,135.0,1,38,38,9,6,138.1,0,0,1,0,0,0,28,0,0,6,6,0,0.0,0,0,6,7,0,0.0,0,8.9,1.4,3.51,Dropout,0.0,1.0,0.0,0.0,3.0999999999999943,0,0,1,1
3986,1,17,1,9070,1,1,119.0,1,37,38,9,8,124.6,1,0,0,1,0,0,20,0,0,6,6,6,12.5,0,0,6,6,6,12.66666667,0,7.6,2.6,0.32,Graduate,1.0,1.0,0.0,0.625,5.599999999999994,0,0,0,0
3987,1,1,2,9773,1,1,122.0,1,37,37,9,9,130.8,1,0,0,1,0,0,18,0,0,6,14,4,11.25,0,0,6,9,5,13.0,0,9.4,-0.8,-3.12,Graduate,0.6666666666666666,2.3333333333333335,0.0,0.375,8.800000000000011,0,0,0,0
3988,1,1,2,9500,1,1,155.0,1,1,1,4,3,140.5,1,0,0,1,0,0,18,0,0,7,7,6,15.25,0,0,7,7,6,15.25,0,7.6,2.6,0.32,Graduate,0.8571428571428571,1.0,0.0,0.6535714285714285,-14.5,0,0,0,0
3989,1,1,1,9085,1,1,123.0,1,19,37,9,9,124.1,1,0,0,1,0,1,20,0,0,5,13,5,14.0,2,0,5,10,3,12.0,1,9.4,-0.8,-3.12,Graduate,1.0,2.6,0.4,0.7,1.0999999999999943,0,0,0,0
3990,1,43,1,9238,1,1,130.0,1,38,19,9,4,118.4,0,0,1,1,0,0,28,0,15,16,16,13,12.07692308,0,13,13,13,11,12.09090909,0,16.2,0.3,-0.92,Graduate,0.8125,1.0,0.0,0.490625000125,-11.599999999999994,0,0,1,1
3991,1,15,1,9853,1,1,133.1,41,43,1,153,135,128.2,0,0,0,1,0,0,23,1,11,16,17,16,14.625,0,6,10,12,9,14.88888889,0,8.9,1.4,3.51,Graduate,1.0,1.0625,0.0,0.73125,-4.900000000000006,0,0,0,0
3992,1,1,1,9853,1,1,114.0,1,19,37,5,5,109.5,1,0,0,1,0,0,19,0,0,7,10,4,10.5,0,0,7,7,2,10.5,0,16.2,0.3,-0.92,Dropout,0.5714285714285714,1.4285714285714286,0.0,0.3,-4.5,0,0,0,0
3993,1,17,1,9238,1,1,137.0,1,38,19,152,171,131.1,1,0,0,1,0,1,18,0,0,6,8,6,12.83333333,0,0,6,6,6,12.16666667,0,8.9,1.4,3.51,Graduate,1.0,1.3333333333333333,0.0,0.6416666665,-5.900000000000006,0,0,0,0
3994,1,1,3,9773,1,1,161.0,22,37,37,9,9,137.9,0,0,1,0,0,1,20,1,0,6,6,6,12.5,0,0,6,7,5,11.8,0,10.8,1.4,1.74,Graduate,1.0,1.0,0.0,0.625,-23.099999999999994,0,0,1,0
3995,1,1,1,171,1,1,133.1,1,3,1,2,4,128.2,1,0,0,1,0,0,20,0,5,12,13,12,11.23076923,0,3,11,18,9,12.77777778,0,11.1,0.6,2.02,Graduate,1.0,1.0833333333333333,0.0,0.5615384615,-4.900000000000006,0,0,0,0
3996,2,39,1,9991,0,1,133.1,1,37,37,9,9,126.5,0,0,0,1,0,0,27,0,0,5,5,2,10.5,0,0,5,5,0,0.0,0,7.6,2.6,0.32,Dropout,0.4,1.0,0.0,0.21000000000000002,-6.599999999999994,0,0,0,1
3997,1,1,1,9853,1,1,128.0,1,1,1,9,9,120.0,1,0,0,1,0,0,18,0,0,6,11,3,12.0,0,0,6,13,2,12.0,0,12.7,3.7,-1.7,Dropout,0.5,1.8333333333333333,0.0,0.3,-8.0,0,0,0,0
3998,4,39,2,9556,1,19,133.1,1,19,19,4,6,123.0,0,0,0,1,0,1,37,0,0,7,10,7,10.98571429,0,0,8,11,8,12.3,0,10.8,1.4,1.74,Graduate,1.0,1.4285714285714286,0.0,0.5492857145000001,-10.099999999999994,0,0,0,1
3999,4,7,1,9500,1,40,130.0,1,19,19,4,6,130.0,0,0,0,0,0,0,42,0,2,7,10,5,12.62,0,3,7,11,3,14.16666667,0,12.4,0.5,1.79,Dropout,0.7142857142857143,1.4285714285714286,0.0,0.45071428571428573,0.0,0,0,1,1
4000,1,17,6,9500,1,1,147.0,1,1,38,4,8,141.1,1,0,0,1,0,0,20,0,0,7,9,6,13.0,0,0,8,8,8,14.2125,0,13.9,-0.3,0.79,Dropout,0.8571428571428571,1.2857142857142858,0.0,0.5571428571428572,-5.900000000000006,0,0,0,0
4001,2,39,1,9119,1,1,140.0,1,34,34,9,9,140.0,0,0,0,0,1,0,34,0,0,5,5,0,0.0,0,0,5,5,0,0.0,0,15.5,2.8,-4.06,Dropout,0.0,1.0,0.0,0.0,0.0,0,0,1,1
4002,1,42,1,9119,1,1,140.0,1,3,3,3,2,133.6,1,0,0,1,1,0,22,0,0,5,0,0,0.0,0,0,5,0,0,0.0,0,10.8,1.4,1.74,Dropout,0.0,0.0,0.0,0.0,-6.400000000000006,0,0,0,0
4003,2,39,2,9254,1,19,133.1,1,19,19,9,5,123.5,0,0,0,1,1,0,39,0,0,6,6,6,13.5,0,0,6,6,6,13.33333333,0,12.4,0.5,1.79,Graduate,1.0,1.0,0.0,0.675,-9.599999999999994,0,0,0,1
4004,1,1,1,9500,1,1,141.0,1,37,37,9,9,136.3,1,0,0,1,1,1,18,0,0,7,7,6,13.51666667,0,0,7,7,6,13.51666667,0,7.6,2.6,0.32,Graduate,0.8571428571428571,1.0,0.0,0.5792857144285714,-4.699999999999989,0,0,0,0
4005,1,1,2,9070,1,1,128.0,1,37,37,9,9,123.5,1,0,0,1,1,1,21,0,0,6,6,6,13.16666667,0,0,6,8,6,13.28571429,0,8.9,1.4,3.51,Graduate,1.0,1.0,0.0,0.6583333335,-4.5,0,0,0,0
4006,2,39,1,9085,1,1,150.0,1,37,37,90,10,112.0,0,0,0,1,1,0,34,0,0,6,0,0,0.0,0,0,6,0,0,0.0,0,10.8,1.4,1.74,Dropout,0.0,0.0,0.0,0.0,-38.0,0,0,0,1
4007,1,44,1,9003,1,39,160.0,1,37,37,9,9,160.0,0,0,0,1,1,1,22,0,0,6,8,6,13.125,0,0,6,10,6,13.0,0,16.2,0.3,-0.92,Graduate,1.0,1.3333333333333333,0.0,0.65625,0.0,0,0,0,0
4008,1,39,1,9003,1,1,133.1,1,1,37,4,7,110.0,0,0,0,1,1,0,31,0,0,6,15,3,14.4,0,0,6,20,0,0.0,0,16.2,0.3,-0.92,Dropout,0.5,2.5,0.0,0.36,-23.099999999999994,0,0,0,1
4009,1,18,3,9853,1,1,128.0,1,38,37,5,9,116.8,1,0,0,0,1,0,19,0,0,6,10,4,12.0,0,0,6,12,0,0.0,0,10.8,1.4,1.74,Dropout,0.6666666666666666,1.6666666666666667,0.0,0.39999999999999997,-11.200000000000003,0,0,1,0
4010,1,17,5,9254,1,1,114.0,1,38,1,5,9,109.5,0,0,0,1,1,0,19,0,0,5,5,0,0.0,0,0,5,10,0,0.0,0,10.8,1.4,1.74,Dropout,0.0,1.0,0.0,0.0,-4.5,0,0,0,0
4011,1,39,1,9556,1,19,133.1,1,37,37,9,10,100.0,0,0,0,1,1,0,31,0,0,7,7,0,0.0,0,0,7,7,0,0.0,0,15.5,2.8,-4.06,Dropout,0.0,1.0,0.0,0.0,-33.099999999999994,0,0,0,1
4012,1,5,1,9147,1,1,126.0,1,19,38,5,6,117.3,1,0,0,1,0,0,19,0,0,5,15,3,10.8,0,0,5,6,3,10.5,0,13.9,-0.3,0.79,Enrolled,0.6,3.0,0.0,0.324,-8.700000000000003,0,0,0,0
4013,2,39,2,9670,1,1,133.1,41,37,19,9,9,130.0,0,0,0,1,0,0,30,1,0,6,0,0,0.0,0,0,6,0,0,0.0,0,9.4,-0.8,-3.12,Dropout,0.0,0.0,0.0,0.0,-3.0999999999999943,0,0,0,1
4014,1,51,1,9500,1,1,129.0,1,37,38,3,3,137.8,1,0,0,1,0,1,20,0,2,7,7,7,16.13142857,0,0,8,9,8,15.52222222,0,11.1,0.6,2.02,Graduate,1.0,1.0,0.0,0.8065714285000001,8.800000000000011,0,0,0,0
4015,1,17,1,9500,1,1,140.0,1,19,38,7,7,136.5,1,0,0,1,0,1,18,0,0,7,7,7,14.83857143,0,0,8,9,8,14.8,0,12.4,0.5,1.79,Graduate,1.0,1.0,0.0,0.7419285715,-3.5,0,0,0,0
4016,4,39,1,9991,0,1,133.1,1,37,37,5,5,138.7,0,0,0,1,0,0,31,0,0,5,7,3,10.33333333,0,0,5,6,3,12.0,0,10.8,1.4,1.74,Dropout,0.6,1.4,0.0,0.3099999999,5.599999999999994,0,0,0,1
4017,1,17,1,9254,1,1,134.0,1,19,1,9,4,124.9,1,0,0,1,0,0,19,0,0,6,11,3,12.0,0,0,6,11,4,11.25,0,7.6,2.6,0.32,Dropout,0.5,1.8333333333333333,0.0,0.3,-9.099999999999994,0,0,0,0
4018,4,39,1,8014,0,1,133.1,1,37,37,9,7,140.0,0,0,0,1,0,1,43,0,0,6,6,0,0.0,0,0,5,5,0,0.0,0,8.9,1.4,3.51,Dropout,0.0,1.0,0.0,0.0,6.900000000000006,0,0,0,1
4019,1,17,2,9254,1,1,132.0,1,38,38,9,8,122.6,1,0,0,1,0,1,20,0,0,6,6,6,13.16666667,0,0,6,6,6,14.0,0,13.9,-0.3,0.79,Graduate,1.0,1.0,0.0,0.6583333335,-9.400000000000006,0,0,0,0
4020,1,1,2,9500,1,1,131.0,1,1,1,5,9,129.5,1,0,0,1,0,1,19,0,0,8,8,8,13.9475,0,0,8,8,8,13.9475,0,9.4,-0.8,-3.12,Graduate,1.0,1.0,0.0,0.697375,-1.5,0,0,0,0
4021,1,1,1,9670,1,1,133.1,1,3,1,1,7,155.0,0,0,0,1,0,0,22,0,0,5,6,3,11.33333333,0,0,5,5,0,0.0,0,9.4,-0.8,-3.12,Dropout,0.6,1.2,0.0,0.33999999989999996,21.900000000000006,0,0,0,0
4022,1,1,1,8014,0,1,133.1,1,3,1,1,7,100.0,0,0,0,1,0,0,26,0,2,8,11,7,12.75,0,2,7,7,7,12.28571429,0,16.2,0.3,-0.92,Graduate,0.875,1.375,0.0,0.5578124999999999,-33.099999999999994,0,0,0,1
4023,1,18,1,9147,1,1,160.0,1,19,19,5,8,137.6,1,0,0,1,0,1,19,0,0,5,6,5,12.6,0,0,5,8,5,11.25,0,10.8,1.4,1.74,Graduate,1.0,1.2,0.0,0.63,-22.400000000000006,0,0,0,0
4024,1,7,1,9500,1,3,120.0,1,19,3,4,2,120.0,1,0,0,1,0,0,29,0,0,8,8,6,12.25,1,0,8,8,6,12.25,1,12.7,3.7,-1.7,Dropout,0.75,1.0,0.125,0.45937500000000003,0.0,0,0,0,1
4025,1,15,1,9556,1,1,114.0,26,3,19,122,144,114.0,0,0,0,1,0,0,20,1,0,7,14,0,0.0,6,0,7,12,2,11.66666667,0,8.9,1.4,3.51,Enrolled,0.0,2.0,0.8571428571428571,0.0,0.0,0,0,0,0
4026,4,1,1,9991,0,1,140.0,1,37,37,9,7,139.0,0,0,0,1,0,1,38,0,0,5,8,5,11.0,0,0,5,7,5,11.4,0,9.4,-0.8,-3.12,Enrolled,1.0,1.6,0.0,0.55,-1.0,0,0,0,1
4027,1,39,1,9003,1,1,100.0,1,37,37,9,5,110.0,0,0,0,1,0,0,41,0,8,12,17,12,11.83333333,0,3,12,22,9,12.7,0,15.5,2.8,-4.06,Graduate,1.0,1.4166666666666667,0.0,0.5916666665,10.0,0,0,0,1
4028,1,1,6,9500,1,1,139.0,1,19,38,4,9,128.5,1,0,0,1,0,0,19,0,0,8,10,6,13.06666667,0,0,8,10,6,13.06666667,0,12.7,3.7,-1.7,Dropout,0.75,1.25,0.0,0.490000000125,-10.5,0,0,0,0
4029,1,1,1,9070,1,1,136.0,1,1,38,4,5,132.2,0,0,1,1,0,0,19,0,0,6,6,6,13.83333333,0,0,6,8,6,13.875,0,10.8,1.4,1.74,Graduate,1.0,1.0,0.0,0.6916666665,-3.8000000000000114,0,0,1,0
4030,4,7,1,9500,1,3,130.0,1,3,19,2,3,130.0,0,0,0,1,0,0,43,0,0,7,7,3,13.83333333,1,0,7,7,0,0.0,0,16.2,0.3,-0.92,Dropout,0.42857142857142855,1.0,0.14285714285714285,0.29642857135714284,0.0,0,0,0,1
4031,1,17,1,9130,1,1,145.0,1,38,37,9,7,129.3,1,0,0,1,0,0,19,0,0,5,5,5,11.8,0,0,5,5,5,13.2,0,10.8,1.4,1.74,Graduate,1.0,1.0,0.0,0.5900000000000001,-15.699999999999989,0,0,0,0
4032,1,1,1,171,1,1,133.1,1,19,38,9,8,128.2,1,0,0,1,1,1,19,0,6,12,12,12,13.33333333,0,4,11,15,10,12.81818182,0,8.9,1.4,3.51,Enrolled,1.0,1.0,0.0,0.6666666665000001,-4.900000000000006,0,0,0,0
4033,1,1,6,9500,1,1,146.0,1,2,19,3,9,130.3,1,0,0,1,1,0,18,0,0,8,8,8,13.74625,0,0,8,8,8,13.74625,0,9.4,-0.8,-3.12,Graduate,1.0,1.0,0.0,0.6873125,-15.699999999999989,0,0,0,0
4034,1,1,1,171,1,1,159.0,1,3,3,2,2,162.5,1,0,0,1,1,0,19,0,0,0,0,0,0.0,0,0,0,0,0,0.0,0,16.2,0.3,-0.92,Dropout,0.0,0.0,0.0,0.0,3.5,1,0,0,0
4035,2,39,1,8014,0,19,133.1,1,34,34,0,0,130.0,0,0,0,1,1,0,38,0,0,6,0,0,0.0,0,0,6,0,0,0.0,0,9.4,-0.8,-3.12,Dropout,0.0,0.0,0.0,0.0,-3.0999999999999943,0,0,0,1
4036,2,7,1,9130,1,2,110.0,1,19,19,4,8,110.0,1,0,0,1,1,0,37,0,0,6,9,0,0.0,0,0,6,6,0,0.0,0,16.2,0.3,-0.92,Dropout,0.0,1.5,0.0,0.0,0.0,0,0,0,1
4037,1,39,1,9670,1,1,120.0,1,1,19,4,10,142.3,1,0,0,1,0,1,26,0,0,6,6,6,13.33333333,0,0,6,10,5,14.5,0,10.8,1.4,1.74,Graduate,1.0,1.0,0.0,0.6666666665000001,22.30000000000001,0,0,0,1
4038,1,17,1,9238,1,1,130.0,1,37,37,9,9,122.0,1,0,0,1,0,1,21,0,0,6,8,1,10.0,0,0,6,13,5,11.4,0,12.7,3.7,-1.7,Enrolled,0.16666666666666666,1.3333333333333333,0.0,0.08333333333333333,-8.0,0,0,0,0
4039,1,1,3,9085,1,1,158.0,1,1,19,9,9,153.6,1,0,0,1,0,1,18,0,0,6,7,6,15.66666667,0,0,6,8,6,15.28571429,0,8.9,1.4,3.51,Graduate,1.0,1.1666666666666667,0.0,0.7833333335,-4.400000000000006,0,0,0,0
4040,1,1,1,9853,1,1,122.0,1,3,19,2,3,112.9,0,0,0,1,0,0,18,0,0,7,9,7,11.85714286,0,0,7,7,7,11.85714286,0,16.2,0.3,-0.92,Graduate,1.0,1.2857142857142858,0.0,0.592857143,-9.099999999999994,0,0,0,0
4041,1,1,1,9085,1,1,140.0,1,3,1,2,4,124.1,0,0,0,1,0,0,18,0,0,5,12,5,14.5,2,0,5,5,5,13.6,0,9.4,-0.8,-3.12,Graduate,1.0,2.4,0.4,0.725,-15.900000000000006,0,0,0,0
4042,1,17,1,9238,1,1,136.0,1,38,1,9,4,129.7,0,0,0,1,0,0,19,0,0,6,6,6,12.16666667,0,0,6,7,6,13.71428571,0,15.5,2.8,-4.06,Graduate,1.0,1.0,0.0,0.6083333335,-6.300000000000011,0,0,0,0
4043,1,1,1,9773,1,1,111.0,1,19,19,9,9,110.0,1,0,0,1,0,0,18,0,0,6,6,5,12.6,0,0,6,8,6,12.0,0,11.1,0.6,2.02,Graduate,0.8333333333333334,1.0,0.0,0.525,-1.0,0,0,0,0
4044,1,17,2,9500,1,1,145.0,1,2,38,3,8,136.3,1,0,0,1,0,0,18,0,0,8,12,7,12.28571429,0,0,8,12,7,12.28571429,0,12.7,3.7,-1.7,Enrolled,0.875,1.5,0.0,0.5375000001875,-8.699999999999989,0,0,0,0
4045,1,17,1,9238,1,1,133.1,1,38,38,191,193,146.0,0,0,1,1,0,1,19,0,0,6,6,6,12.66666667,0,0,6,7,6,13.0,0,8.9,1.4,3.51,Graduate,1.0,1.0,0.0,0.6333333335,12.900000000000006,0,0,1,0
4046,1,1,1,9500,1,1,140.0,1,19,38,7,8,129.9,0,0,0,1,0,0,19,0,0,7,0,0,0.0,0,0,8,0,0,0.0,0,16.2,0.3,-0.92,Dropout,0.0,0.0,0.0,0.0,-10.099999999999994,0,0,0,0
4047,1,1,1,9254,1,1,140.0,1,19,1,9,8,140.9,1,0,0,1,0,1,18,0,0,6,7,6,12.85714286,0,0,6,10,4,13.0,0,12.7,3.7,-1.7,Graduate,1.0,1.1666666666666667,0.0,0.642857143,0.9000000000000057,0,0,0,0
4048,2,1,1,9500,1,1,156.0,1,1,1,9,10,135.5,0,0,0,1,0,0,18,0,0,8,8,7,13.9,0,0,8,8,7,13.9,0,12.7,3.7,-1.7,Graduate,0.875,1.0,0.0,0.608125,-20.5,0,0,0,0
4049,1,1,1,9500,1,1,132.0,1,38,37,9,7,122.0,1,0,0,1,0,1,20,0,0,8,8,7,13.81714286,0,0,8,8,7,13.81714286,0,10.8,1.4,1.74,Graduate,0.875,1.0,0.0,0.604500000125,-10.0,0,0,0,0
4050,1,53,1,9556,1,42,140.0,1,1,19,4,5,140.0,0,0,0,1,0,1,22,0,1,7,10,6,13.31428571,0,2,8,10,7,12.875,0,8.9,1.4,3.51,Graduate,0.8571428571428571,1.4285714285714286,0.0,0.5706122447142857,0.0,0,0,0,0
4051,1,1,1,9130,1,1,164.0,1,34,1,0,0,163.0,0,0,0,1,0,0,18,0,0,6,0,0,0.0,0,0,6,0,0,0.0,0,7.6,2.6,0.32,Dropout,0.0,0.0,0.0,0.0,-1.0,0,0,0,0
4052,1,17,4,9254,1,1,113.0,1,38,19,7,7,107.4,1,0,0,1,0,1,19,0,0,6,6,6,12.16666667,0,0,6,6,6,12.16666667,0,12.4,0.5,1.79,Graduate,1.0,1.0,0.0,0.6083333335,-5.599999999999994,0,0,0,0
4053,1,1,1,9254,1,1,122.0,1,37,37,9,9,114.3,1,0,0,0,0,1,20,0,0,6,12,4,11.25,0,0,6,12,3,11.33333333,0,7.6,2.6,0.32,Dropout,0.6666666666666666,2.0,0.0,0.375,-7.700000000000003,0,0,1,0
4054,1,43,1,9070,1,1,150.0,1,2,3,3,2,140.8,0,0,0,1,0,0,19,0,1,6,6,5,12.4,0,0,6,8,6,12.75,0,10.8,1.4,1.74,Enrolled,0.8333333333333334,1.0,0.0,0.5166666666666667,-9.199999999999989,0,0,0,0
4055,1,1,2,9773,1,1,135.0,1,37,37,5,5,126.3,1,1,0,1,0,1,20,0,0,6,6,6,14.66666667,0,0,6,7,6,14.57142857,0,8.9,1.4,3.51,Graduate,1.0,1.0,0.0,0.7333333335,-8.700000000000003,0,0,0,0
4056,1,39,1,9085,1,1,133.1,1,3,19,2,9,110.0,0,0,0,1,0,0,28,0,0,6,15,4,12.0,0,0,6,14,4,12.0,0,11.1,0.6,2.02,Dropout,0.6666666666666666,2.5,0.0,0.39999999999999997,-23.099999999999994,0,0,0,1
4057,1,1,2,9085,1,1,122.0,1,1,1,193,101,126.2,0,0,0,1,0,0,19,0,0,6,8,6,14.0,0,0,6,18,3,12.66666667,0,12.4,0.5,1.79,Graduate,1.0,1.3333333333333333,0.0,0.7,4.200000000000003,0,0,0,0
4058,1,42,1,9003,1,39,140.0,1,19,1,5,5,140.0,0,0,0,1,0,0,22,0,0,6,10,6,12.57142857,0,0,6,12,4,13.66666667,0,15.5,2.8,-4.06,Enrolled,1.0,1.6666666666666667,0.0,0.6285714285,0.0,0,0,0,0
4059,1,1,1,9085,1,1,138.0,1,1,3,9,1,123.0,1,0,0,1,0,0,19,0,1,6,14,6,15.53846154,0,0,6,9,6,12.625,0,15.5,2.8,-4.06,Graduate,1.0,2.3333333333333335,0.0,0.776923077,-15.0,0,0,0,0
4060,1,1,3,9773,1,1,130.0,1,19,19,5,5,157.0,1,0,0,0,0,0,18,0,0,6,0,0,0.0,0,0,6,0,0,0.0,0,13.9,-0.3,0.79,Dropout,0.0,0.0,0.0,0.0,27.0,0,0,1,0
4061,1,5,1,9130,1,1,157.0,1,5,43,2,2,149.7,1,0,0,1,0,0,18,0,0,6,6,6,15.0,0,0,6,6,6,14.83333333,0,8.9,1.4,3.51,Graduate,1.0,1.0,0.0,0.75,-7.300000000000011,0,0,0,0
4062,1,43,1,9130,1,1,140.0,1,2,1,2,3,140.0,1,0,0,1,0,0,22,0,0,5,11,4,12.25,0,0,5,9,5,13.28571429,0,12.7,3.7,-1.7,Graduate,0.8,2.2,0.0,0.49000000000000005,0.0,0,0,0,0
4063,1,53,1,9085,1,42,170.0,1,1,19,4,7,170.0,0,0,0,1,0,0,20,0,7,11,13,11,15.69230769,0,4,9,9,9,15.55555556,0,8.9,1.4,3.51,Graduate,1.0,1.1818181818181819,0.0,0.7846153845,0.0,0,0,0,0
4064,1,39,1,9991,0,1,150.0,1,1,37,9,7,130.2,0,0,0,1,0,1,24,0,0,5,7,5,12.28571429,0,0,5,9,5,12.75,1,16.2,0.3,-0.92,Graduate,1.0,1.4,0.0,0.6142857145,-19.80000000000001,0,0,0,0
4065,1,17,1,171,1,1,146.0,1,1,38,9,9,135.5,1,0,1,1,0,0,22,0,12,17,19,12,11.83333333,0,10,17,22,11,11.25,0,11.1,0.6,2.02,Enrolled,0.7058823529411765,1.1176470588235294,0.0,0.41764705870588237,-10.5,0,0,1,0
4066,1,43,1,8014,0,1,120.0,1,38,19,5,4,118.3,0,0,0,1,0,0,20,0,2,6,6,6,12.16666667,0,0,6,7,5,14.0,0,12.7,3.7,-1.7,Enrolled,1.0,1.0,0.0,0.6083333335,-1.7000000000000028,0,0,0,0
4067,1,1,1,9556,1,1,118.0,1,19,38,9,9,116.3,1,0,0,1,0,1,20,0,0,7,10,7,11.88888889,0,0,8,10,8,11.95625,0,12.7,3.7,-1.7,Graduate,1.0,1.4285714285714286,0.0,0.5944444445,-1.7000000000000028,0,0,0,0
4068,2,7,1,8014,0,3,120.0,1,38,1,9,9,120.0,0,0,0,0,0,0,35,0,0,6,0,0,0.0,0,0,6,0,0,0.0,0,10.8,1.4,1.74,Dropout,0.0,0.0,0.0,0.0,0.0,0,0,1,1
4069,1,1,1,9670,1,1,154.0,1,1,1,5,7,154.7,0,0,0,1,0,1,18,0,0,5,6,5,11.8,0,0,5,5,5,12.6,0,9.4,-0.8,-3.12,Graduate,1.0,1.2,0.0,0.5900000000000001,0.6999999999999886,0,0,0,0
4070,1,17,2,9238,1,1,139.0,1,2,3,3,3,132.7,1,0,0,1,0,0,19,0,0,6,7,6,11.16666667,0,0,6,9,6,11.66666667,0,9.4,-0.8,-3.12,Graduate,1.0,1.1666666666666667,0.0,0.5583333335,-6.300000000000011,0,0,0,0
4071,1,18,1,9500,1,1,136.0,1,3,3,3,3,130.8,0,0,0,1,0,0,18,0,0,7,7,7,14.05714286,0,0,8,9,8,14.6,0,16.2,0.3,-0.92,Graduate,1.0,1.0,0.0,0.702857143,-5.199999999999989,0,0,0,0
4072,1,1,2,9254,1,1,130.0,1,1,38,4,9,122.7,1,0,0,1,0,0,18,0,0,6,10,4,11.75,0,0,6,13,4,10.0,0,7.6,2.6,0.32,Dropout,0.6666666666666666,1.6666666666666667,0.0,0.39166666666666666,-7.299999999999997,0,0,0,0
4073,2,39,1,9238,1,19,133.1,1,1,2,4,6,130.0,0,0,0,1,0,0,31,0,0,6,6,6,13.16666667,0,0,6,8,6,13.0,0,9.4,-0.8,-3.12,Enrolled,1.0,1.0,0.0,0.6583333335,-3.0999999999999943,0,0,0,1
4074,1,17,1,9238,1,1,133.0,1,19,19,5,7,123.6,0,0,0,1,0,1,19,0,0,6,7,6,13.5,0,0,6,7,6,14.0,0,15.5,2.8,-4.06,Graduate,1.0,1.1666666666666667,0.0,0.675,-9.400000000000006,0,0,0,0
4075,1,18,1,9500,1,1,143.0,1,38,37,4,9,116.5,1,0,0,1,0,1,20,0,0,7,10,7,12.625,0,0,8,8,8,13.0625,0,15.5,2.8,-4.06,Graduate,1.0,1.4285714285714286,0.0,0.63125,-26.5,0,0,0,0
4076,1,17,3,9085,1,1,117.0,1,19,38,5,7,111.1,0,0,0,1,0,0,21,0,0,6,0,0,0.0,0,0,6,0,0,0.0,0,15.5,2.8,-4.06,Dropout,0.0,0.0,0.0,0.0,-5.900000000000006,0,0,0,0
4077,1,1,3,9500,1,1,145.0,1,19,38,9,7,136.3,1,0,0,1,0,1,18,0,0,8,8,7,13.97142857,0,0,8,8,7,13.97142857,0,12.7,3.7,-1.7,Graduate,0.875,1.0,0.0,0.6112499999375,-8.699999999999989,0,0,0,0
4078,1,1,5,9070,1,1,134.0,1,34,1,5,7,129.8,1,0,0,1,0,0,18,0,0,6,7,2,11.0,0,0,6,0,0,0.0,0,9.4,-0.8,-3.12,Dropout,0.3333333333333333,1.1666666666666667,0.0,0.18333333333333335,-4.199999999999989,0,0,0,0
4079,2,39,1,9991,0,1,170.0,1,38,19,4,8,134.7,0,0,0,1,0,0,33,0,0,5,5,5,12.8,0,0,5,6,5,15.33333333,0,10.8,1.4,1.74,Graduate,1.0,1.0,0.0,0.64,-35.30000000000001,0,0,0,1
4080,1,1,2,9670,1,1,143.0,1,37,37,9,7,131.8,1,0,0,1,0,1,18,0,0,6,8,6,13.57142857,0,0,6,6,5,12.8,0,12.4,0.5,1.79,Enrolled,1.0,1.3333333333333333,0.0,0.6785714285,-11.199999999999989,0,0,0,0
4081,1,1,1,171,1,1,140.0,1,37,37,7,9,126.8,1,0,0,0,0,1,18,0,0,0,0,0,0.0,0,0,0,0,0,0.0,0,12.7,3.7,-1.7,Dropout,0.0,0.0,0.0,0.0,-13.200000000000003,1,0,1,0
4082,1,1,1,9085,1,1,131.0,1,37,37,9,6,130.7,0,0,1,1,0,0,21,0,0,5,9,2,11.5,0,0,5,13,4,11.0,1,10.8,1.4,1.74,Enrolled,0.4,1.8,0.0,0.22999999999999998,-0.30000000000001137,0,0,1,0
4083,1,17,3,9254,1,1,115.0,1,37,19,5,5,109.8,1,0,0,1,0,0,19,0,0,6,8,4,11.25,0,0,6,8,4,12.0,0,10.8,1.4,1.74,Enrolled,0.6666666666666666,1.3333333333333333,0.0,0.375,-5.200000000000003,0,0,0,0
4084,1,7,1,9991,0,3,130.0,1,3,19,2,3,133.9,0,0,0,1,0,0,28,0,0,5,7,5,13.71428571,0,0,5,7,5,13.14285714,0,16.2,0.3,-0.92,Graduate,1.0,1.4,0.0,0.6857142855,3.9000000000000057,0,0,0,1
4085,2,39,1,9147,1,1,130.0,1,1,19,9,9,109.9,0,0,0,0,0,0,29,0,0,4,4,0,0.0,0,0,5,0,0,0.0,0,12.7,3.7,-1.7,Dropout,0.0,1.0,0.0,0.0,-20.099999999999994,0,0,1,1
4086,1,44,1,9130,1,39,160.0,1,1,37,3,3,160.0,1,0,1,0,0,0,36,0,2,6,9,6,12.0,0,1,6,8,3,14.66666667,0,12.4,0.5,1.79,Dropout,1.0,1.5,0.0,0.6,0.0,0,0,1,1
4087,1,39,1,8014,0,19,133.1,1,37,37,9,7,106.5,0,0,0,1,0,1,32,0,0,6,7,6,12.66666667,0,0,6,7,6,13.33333333,0,12.7,3.7,-1.7,Graduate,1.0,1.1666666666666667,0.0,0.6333333335,-26.599999999999994,0,0,0,1
4088,1,39,1,9500,1,1,130.0,1,38,37,5,7,120.0,1,0,0,1,0,1,25,0,0,8,11,7,13.29,3,0,8,11,7,13.29,3,9.4,-0.8,-3.12,Enrolled,0.875,1.375,0.375,0.5814374999999999,-10.0,0,0,0,1
4089,2,43,1,9991,0,1,140.0,1,37,37,3,10,107.8,0,0,0,1,0,0,33,0,8,10,15,8,10.375,0,7,10,13,9,10.44444444,0,7.6,2.6,0.32,Enrolled,0.8,1.5,0.0,0.41500000000000004,-32.2,0,0,0,1
4090,2,43,1,8014,0,14,133.1,1,34,34,0,0,100.0,0,0,0,0,0,0,34,0,3,7,13,3,12.0,0,2,7,15,1,13.0,1,9.4,-0.8,-3.12,Dropout,0.42857142857142855,1.8571428571428572,0.0,0.2571428571428571,-33.099999999999994,0,0,1,1
4091,2,39,1,8014,0,1,150.0,1,34,34,0,0,112.5,0,0,0,1,0,0,33,0,0,6,10,5,11.4,0,1,6,7,6,11.16666667,0,7.6,2.6,0.32,Graduate,0.8333333333333334,1.6666666666666667,0.0,0.4750000000000001,-37.5,0,0,0,1
4092,1,43,1,9991,0,1,140.0,1,37,38,9,8,135.5,0,0,1,0,0,0,29,0,0,5,15,2,13.25,0,0,5,12,3,12.6,3,16.2,0.3,-0.92,Dropout,0.4,3.0,0.0,0.265,-4.5,0,0,1,1
4093,1,1,1,9500,1,1,145.0,1,1,1,4,10,145.0,0,0,0,1,0,0,18,0,0,7,7,6,13.86166667,0,0,8,16,0,0.0,1,12.4,0.5,1.79,Dropout,0.8571428571428571,1.0,0.0,0.5940714287142856,0.0,0,0,0,0
4094,1,1,1,9773,1,1,126.0,1,37,38,7,7,119.0,0,0,0,1,0,1,18,0,0,6,6,6,12.16666667,0,0,6,7,6,12.14285714,0,15.5,2.8,-4.06,Graduate,1.0,1.0,0.0,0.6083333335,-7.0,0,0,0,0
4095,2,7,1,9238,1,3,130.0,1,37,19,4,5,130.0,0,0,0,1,0,0,38,0,0,6,17,4,13.75,0,0,6,15,6,14.5,0,16.2,0.3,-0.92,Graduate,0.6666666666666666,2.8333333333333335,0.0,0.4583333333333333,0.0,0,0,0,1
4096,1,1,4,9500,1,1,135.0,1,38,37,9,8,126.3,1,0,0,1,0,1,19,0,0,7,7,6,15.43333333,0,0,7,7,6,15.43333333,0,7.6,2.6,0.32,Graduate,0.8571428571428571,1.0,0.0,0.6614285712857143,-8.700000000000003,0,0,0,0
4097,4,39,1,8014,0,19,133.1,1,37,37,9,9,113.5,0,0,0,1,0,1,39,0,0,6,6,6,13.83333333,0,0,6,6,6,15.5,0,11.1,0.6,2.02,Graduate,1.0,1.0,0.0,0.6916666665,-19.599999999999994,0,0,0,1
4098,1,43,1,9991,0,3,120.0,1,37,37,9,9,120.0,0,0,0,1,0,0,37,0,7,14,21,12,11.83333333,0,11,12,15,11,11.36363636,0,12.7,3.7,-1.7,Graduate,0.8571428571428571,1.5,0.0,0.507142857,0.0,0,0,0,1
4099,1,17,2,9556,1,1,120.0,1,37,37,5,5,111.3,1,0,0,1,0,0,32,0,0,7,7,0,0.0,0,0,8,8,0,0.0,0,16.2,0.3,-0.92,Dropout,0.0,1.0,0.0,0.0,-8.700000000000003,0,0,0,1
4100,1,18,1,9238,1,1,147.0,1,38,34,4,0,130.2,0,0,0,1,0,0,18,0,0,1,1,0,0.0,1,0,6,0,0,0.0,0,10.8,1.4,1.74,Dropout,0.0,1.0,1.0,0.0,-16.80000000000001,0,0,0,0
4101,1,43,1,9556,1,1,149.0,1,1,1,4,8,140.2,1,1,0,1,0,0,20,0,1,7,9,7,12.33333333,0,0,8,8,8,12.625,0,12.7,3.7,-1.7,Enrolled,1.0,1.2857142857142858,0.0,0.6166666665,-8.800000000000011,0,0,0,0
4102,1,1,5,9070,1,1,124.0,1,37,37,9,9,113.9,1,0,0,1,0,0,20,0,0,6,6,6,11.16666667,0,0,6,6,6,12.16666667,0,7.6,2.6,0.32,Graduate,1.0,1.0,0.0,0.5583333335,-10.099999999999994,0,0,0,0
4103,1,17,1,9085,1,1,133.1,1,37,37,9,9,99.0,1,0,0,1,0,1,23,0,0,6,6,6,14.66666667,0,0,6,8,6,12.42857143,0,8.9,1.4,3.51,Graduate,1.0,1.0,0.0,0.7333333335,-34.099999999999994,0,0,0,0
4104,1,1,2,9147,1,1,125.0,1,1,19,4,9,124.0,1,0,0,1,0,0,19,0,0,5,5,5,11.2,0,0,5,11,4,11.75,0,10.8,1.4,1.74,Enrolled,1.0,1.0,0.0,0.5599999999999999,-1.0,0,0,0,0
4105,1,1,1,9238,1,1,141.0,1,37,38,9,10,138.9,0,0,0,1,0,0,18,0,0,6,9,6,13.71428571,0,0,6,6,6,14.16666667,0,13.9,-0.3,0.79,Graduate,1.0,1.5,0.0,0.6857142855,-2.0999999999999943,0,0,0,0
4106,1,1,1,9147,1,1,131.0,1,38,19,9,9,130.0,1,0,0,1,1,0,19,0,0,5,5,5,12.8,0,0,5,10,5,11.44444444,0,10.8,1.4,1.74,Graduate,1.0,1.0,0.0,0.64,-1.0,0,0,0,0
4107,1,17,4,9773,1,1,118.0,1,1,38,5,7,120.8,1,0,0,1,0,0,20,0,0,6,9,4,13.25,0,0,6,11,5,11.8,0,12.4,0.5,1.79,Graduate,0.6666666666666666,1.5,0.0,0.44166666666666665,2.799999999999997,0,0,0,0
4108,1,1,6,9500,1,1,129.0,1,37,19,9,7,127.8,1,0,0,1,0,0,19,0,0,8,10,6,13.78,1,0,8,10,6,13.78,1,9.4,-0.8,-3.12,Dropout,0.75,1.25,0.125,0.5167499999999999,-1.2000000000000028,0,0,0,0
4109,1,17,3,9500,1,1,136.0,1,37,38,4,5,126.0,1,0,0,1,0,0,19,0,0,8,8,7,15.11,0,0,8,8,7,15.11,0,10.8,1.4,1.74,Graduate,0.875,1.0,0.0,0.6610625,-10.0,0,0,0,0
4110,1,1,2,9238,1,1,134.0,1,1,19,4,5,126.0,0,0,0,1,0,0,18,0,0,6,10,4,11.0,0,0,6,8,5,11.2,0,10.8,1.4,1.74,Graduate,0.6666666666666666,1.6666666666666667,0.0,0.3666666666666667,-8.0,0,0,0,0
4111,1,1,1,9500,1,1,153.0,1,38,19,9,5,138.5,1,0,0,1,0,1,20,0,0,8,8,7,15.79857143,0,0,8,8,7,15.79857143,0,10.8,1.4,1.74,Graduate,0.875,1.0,0.0,0.6911875000625001,-14.5,0,0,0,0
4112,1,1,3,9500,1,1,119.0,1,19,37,9,9,119.4,1,0,0,1,0,0,20,0,0,7,7,7,13.77571429,0,0,8,8,8,15.6,0,12.4,0.5,1.79,Graduate,1.0,1.0,0.0,0.6887857145,0.4000000000000057,0,0,0,0
4113,4,39,1,9500,1,1,140.0,1,38,37,7,7,101.5,1,0,0,1,0,0,24,0,0,8,11,7,12.16,0,0,8,11,7,12.16,0,10.8,1.4,1.74,Graduate,0.875,1.375,0.0,0.532,-38.5,0,0,0,0
4114,4,39,2,9556,1,1,133.1,1,38,37,7,7,101.5,1,0,0,1,0,0,24,0,0,7,0,0,0.0,0,0,7,0,0,0.0,0,10.8,1.4,1.74,Dropout,0.0,0.0,0.0,0.0,-31.599999999999994,0,0,0,0
4115,1,17,2,9773,1,1,130.0,1,2,1,2,7,126.2,1,0,0,1,0,0,20,0,0,6,6,6,14.33333333,0,0,6,6,6,15.5,0,12.4,0.5,1.79,Graduate,1.0,1.0,0.0,0.7166666665,-3.799999999999997,0,0,0,0
4116,1,1,3,9070,1,1,128.0,1,19,19,3,3,129.8,1,0,0,1,0,0,20,0,0,6,6,6,11.83333333,0,0,6,6,3,13.33333333,0,9.4,-0.8,-3.12,Enrolled,1.0,1.0,0.0,0.5916666665,1.8000000000000114,0,0,0,0
4117,1,1,1,9085,1,1,145.0,1,38,37,3,9,138.4,1,0,0,0,0,0,18,0,0,6,7,6,14.83333333,0,0,6,8,6,12.5,0,8.9,1.4,3.51,Enrolled,1.0,1.1666666666666667,0.0,0.7416666665,-6.599999999999994,0,0,1,0
4118,1,1,1,9500,1,1,146.0,1,1,37,9,9,129.3,0,0,0,1,0,0,18,0,0,8,8,7,14.2,0,0,8,8,7,14.2,0,12.7,3.7,-1.7,Graduate,0.875,1.0,0.0,0.62125,-16.69999999999999,0,0,0,0
4119,1,1,1,9085,1,1,119.0,1,2,1,4,3,113.1,1,0,0,1,0,0,21,0,0,5,6,5,12.2,0,0,5,5,5,13.2,0,10.8,1.4,1.74,Graduate,1.0,1.2,0.0,0.61,-5.900000000000006,0,0,0,0
4120,1,17,1,9853,1,1,160.0,1,1,38,4,10,144.3,1,0,0,1,0,0,18,0,0,6,10,4,13.0,0,0,6,9,5,13.66666667,0,9.4,-0.8,-3.12,Graduate,0.6666666666666666,1.6666666666666667,0.0,0.43333333333333335,-15.699999999999989,0,0,0,0
4121,1,17,5,9500,1,1,144.0,1,19,1,5,3,141.0,1,0,0,1,0,1,19,0,0,8,8,7,12.48571429,0,0,8,8,7,12.48571429,0,12.7,3.7,-1.7,Graduate,0.875,1.0,0.0,0.5462500001875,-3.0,0,0,0,0
4122,1,7,1,9085,1,40,130.0,1,1,1,4,4,130.0,1,0,0,1,0,0,22,0,0,6,7,6,17.0,0,0,6,7,6,16.28571429,0,11.1,0.6,2.02,Graduate,1.0,1.1666666666666667,0.0,0.85,0.0,0,0,0,0
4123,1,17,3,9238,1,1,122.0,1,19,19,7,7,117.5,1,0,0,1,0,0,19,0,0,6,7,5,10.8,0,0,6,9,6,10.16666667,0,8.9,1.4,3.51,Graduate,0.8333333333333334,1.1666666666666667,0.0,0.45000000000000007,-4.5,0,0,0,0
4124,1,1,3,9500,1,1,153.0,6,37,37,9,9,131.8,1,0,0,1,0,0,18,1,0,7,7,6,14.71666667,0,0,7,7,6,14.71666667,0,7.6,2.6,0.32,Graduate,0.8571428571428571,1.0,0.0,0.6307142858571428,-21.19999999999999,0,0,0,0
4125,1,1,1,9085,1,1,147.0,1,37,19,9,5,133.7,1,0,0,1,0,1,19,0,0,5,10,2,13.5,0,0,5,11,5,11.4,1,10.8,1.4,1.74,Enrolled,0.4,2.0,0.0,0.27,-13.300000000000011,0,0,0,0
4126,1,43,1,9500,1,1,121.0,1,38,19,5,5,115.4,1,0,0,1,0,1,24,0,0,8,8,7,11.97142857,0,0,8,8,7,11.97142857,0,12.7,3.7,-1.7,Enrolled,0.875,1.0,0.0,0.5237499999375,-5.599999999999994,0,0,0,0
4127,1,1,3,9085,1,1,134.0,1,38,19,9,5,129.1,0,0,0,1,0,0,19,0,0,5,7,3,12.0,0,0,5,7,4,13.5,0,7.6,2.6,0.32,Enrolled,0.6,1.4,0.0,0.36,-4.900000000000006,0,0,0,0
4128,1,1,1,8014,0,1,133.0,1,38,38,5,2,135.5,0,0,0,1,0,0,34,0,0,6,7,6,12.33333333,0,0,6,6,6,11.66666667,0,10.8,1.4,1.74,Graduate,1.0,1.1666666666666667,0.0,0.6166666665,2.5,0,0,0,1
4129,1,17,5,9085,1,1,118.0,1,38,38,9,9,112.4,1,0,0,1,0,0,19,0,0,12,22,6,15.30769231,0,0,10,13,6,13.875,0,15.5,2.8,-4.06,Graduate,0.5,1.8333333333333333,0.0,0.38269230775,-5.599999999999994,0,0,0,0
4130,1,1,1,9500,1,1,137.0,1,37,37,7,9,130.8,1,0,0,1,0,1,18,0,0,7,7,6,12.66666667,0,0,7,7,6,12.66666667,0,7.6,2.6,0.32,Graduate,0.8571428571428571,1.0,0.0,0.542857143,-6.199999999999989,0,0,0,0
4131,1,1,5,9500,1,1,143.0,1,37,37,9,5,131.6,1,0,0,1,0,1,19,0,0,7,10,7,14.368,0,0,8,8,8,14.44875,0,15.5,2.8,-4.06,Graduate,1.0,1.4285714285714286,0.0,0.7184,-11.400000000000006,0,0,0,0
4132,1,39,1,9500,1,1,123.0,1,19,1,1,1,140.8,0,0,0,1,0,0,25,0,0,8,8,7,12.08428571,0,0,8,8,7,12.08428571,0,10.8,1.4,1.74,Graduate,0.875,1.0,0.0,0.5286874998125,17.80000000000001,0,0,0,1
4133,1,44,1,9085,1,39,140.0,1,3,38,2,9,140.0,1,0,0,1,0,0,21,0,7,12,18,8,12.25,0,4,12,27,8,12.2,0,12.4,0.5,1.79,Enrolled,0.6666666666666666,1.5,0.0,0.4083333333333333,0.0,0,0,0,0
4134,1,1,1,9254,1,1,118.0,1,37,37,7,7,114.2,0,0,0,1,0,0,18,0,0,6,10,5,12.2,0,0,6,10,5,11.6,0,16.2,0.3,-0.92,Enrolled,0.8333333333333334,1.6666666666666667,0.0,0.5083333333333333,-3.799999999999997,0,0,0,0
4135,1,1,1,9238,1,1,142.0,1,34,38,4,7,127.3,0,0,0,1,0,1,18,0,0,6,12,4,11.0,0,0,6,9,6,11.5,0,9.4,-0.8,-3.12,Graduate,0.6666666666666666,2.0,0.0,0.3666666666666667,-14.700000000000003,0,0,0,0
4136,1,1,1,8014,0,1,115.0,1,38,38,9,7,115.0,1,0,0,1,0,0,28,0,0,6,8,5,12.8,0,0,6,8,5,11.0,0,9.4,-0.8,-3.12,Graduate,0.8333333333333334,1.3333333333333333,0.0,0.5333333333333333,0.0,0,0,0,1
4137,5,43,1,9500,1,1,131.0,1,1,38,5,5,118.8,0,0,0,1,0,1,18,0,0,8,8,7,11.85714286,0,0,8,8,7,11.85714286,0,12.7,3.7,-1.7,Graduate,0.875,1.0,0.0,0.518750000125,-12.200000000000003,0,0,0,0
4138,2,39,1,9254,1,1,130.0,1,37,37,9,9,125.0,0,0,0,1,0,0,41,0,0,6,8,6,12.28571429,0,0,6,10,5,13.0,0,8.9,1.4,3.51,Graduate,1.0,1.3333333333333333,0.0,0.6142857145,-5.0,0,0,0,1
4139,1,17,2,9853,1,1,133.1,1,37,37,5,0,111.5,0,0,0,1,0,0,18,0,0,6,11,3,12.33333333,0,0,6,11,4,13.5,0,7.6,2.6,0.32,Dropout,0.5,1.8333333333333333,0.0,0.30833333325,-21.599999999999994,0,0,0,0
4140,1,17,1,9238,1,1,134.0,1,38,19,7,7,124.2,0,0,0,1,0,1,21,0,0,6,11,4,11.25,0,0,6,12,4,11.4,0,15.5,2.8,-4.06,Graduate,0.6666666666666666,1.8333333333333333,0.0,0.375,-9.799999999999997,0,0,0,0
4141,4,7,1,9238,1,40,130.0,1,34,34,Unknown/not stated,Unknown/not stated,130.0,0,0,1,1,0,0,41,0,0,6,0,0,0.0,0,0,6,0,0,0.0,0,11.1,0.6,2.02,Dropout,0.0,0.0,0.0,0.0,0.0,0,0,1,1
4142,1,7,1,9070,1,3,133.1,1,3,5,2,2,120.0,1,0,0,1,0,0,32,0,0,3,3,2,16.0,0,0,3,3,1,16.0,0,7.6,2.6,0.32,Dropout,0.6666666666666666,1.0,0.0,0.5333333333333333,-13.099999999999994,0,0,0,1
4143,1,43,1,8014,0,12,114.0,1,34,34,0,Unknown/not stated,110.0,0,0,0,1,0,0,29,0,0,6,10,6,11.66666667,0,0,6,7,6,11.0,0,7.6,2.6,0.32,Graduate,1.0,1.6666666666666667,0.0,0.5833333334999999,-4.0,0,0,0,1
4144,1,39,1,9556,1,1,130.0,1,19,38,9,8,113.3,0,0,0,1,0,0,24,0,0,7,15,5,12.4,0,0,8,14,7,12.15,0,12.4,0.5,1.79,Enrolled,0.7142857142857143,2.142857142857143,0.0,0.44285714285714284,-16.700000000000003,0,0,0,0
4145,1,43,1,9556,1,1,128.0,1,38,38,7,8,123.5,1,0,0,1,0,0,22,0,0,7,14,6,10.74444444,1,0,8,10,8,11.8375,0,12.7,3.7,-1.7,Enrolled,0.8571428571428571,2.0,0.14285714285714285,0.4604761902857143,-4.5,0,0,0,0
4146,1,1,1,9238,1,1,133.1,1,19,1,1,3,101.0,0,0,0,1,0,0,21,0,0,6,0,0,0.0,0,0,6,0,0,0.0,0,15.5,2.8,-4.06,Dropout,0.0,0.0,0.0,0.0,-32.099999999999994,0,0,0,0
4147,2,39,1,9500,1,19,133.1,1,37,38,9,10,120.9,1,0,0,1,0,0,39,0,0,7,12,4,12.0,0,0,7,13,4,12.5625,0,11.1,0.6,2.02,Dropout,0.5714285714285714,1.7142857142857142,0.0,0.3428571428571428,-12.199999999999989,0,0,0,1
4148,4,39,1,9085,1,1,140.0,1,37,37,9,9,154.6,0,0,0,0,0,1,44,0,0,6,12,4,12.75,0,0,6,15,2,10.0,0,8.9,1.4,3.51,Enrolled,0.6666666666666666,2.0,0.0,0.42499999999999993,14.599999999999994,0,0,1,1
4149,1,1,1,9147,1,1,117.0,1,37,37,9,9,120.2,1,0,0,1,0,0,20,0,0,5,9,2,10.0,0,0,5,10,2,11.0,0,7.6,2.6,0.32,Enrolled,0.4,1.8,0.0,0.2,3.200000000000003,0,0,0,0
4150,1,43,3,9500,1,1,139.0,1,38,37,9,8,146.5,0,0,0,1,0,0,21,0,11,14,26,12,13.4173913,1,11,14,26,12,13.4173913,1,7.6,2.6,0.32,Graduate,0.8571428571428571,1.8571428571428572,0.07142857142857142,0.5750310557142857,7.5,0,0,0,0
4151,1,1,1,9773,1,1,159.0,1,34,26,0,6,160.1,1,0,0,1,0,0,18,0,0,6,6,6,15.16666667,0,0,6,7,6,14.85714286,0,7.6,2.6,0.32,Graduate,1.0,1.0,0.0,0.7583333335,1.0999999999999943,0,0,0,0
4152,1,39,1,9003,1,1,140.0,1,37,37,5,5,150.0,0,0,1,1,0,0,34,0,0,6,10,5,13.83333333,0,0,6,13,5,12.5,0,16.2,0.3,-0.92,Graduate,0.8333333333333334,1.6666666666666667,0.0,0.57638888875,10.0,0,0,1,1
4153,1,1,3,9085,1,1,140.0,1,10,19,90,90,135.8,1,0,0,1,0,0,18,0,0,5,6,5,13.33333333,0,0,5,7,4,14.8,0,7.6,2.6,0.32,Graduate,1.0,1.2,0.0,0.6666666665000001,-4.199999999999989,0,0,0,0
4154,1,1,1,171,1,1,135.0,1,19,4,9,2,143.8,1,0,1,1,0,0,19,0,0,0,0,0,0.0,0,0,0,0,0,0.0,0,12.7,3.7,-1.7,Enrolled,0.0,0.0,0.0,0.0,8.800000000000011,1,0,1,0
4155,1,1,1,9853,1,1,121.0,1,37,19,6,7,116.8,1,0,0,1,0,0,18,0,0,6,11,3,11.66666667,0,0,6,11,3,10.66666667,0,9.4,-0.8,-3.12,Dropout,0.5,1.8333333333333333,0.0,0.29166666674999997,-4.200000000000003,0,0,0,0
4156,1,1,5,9085,1,1,124.0,1,3,19,2,3,113.9,1,0,0,1,0,0,19,0,0,6,12,5,15.0,0,0,6,9,6,13.42857143,0,16.2,0.3,-0.92,Graduate,0.8333333333333334,2.0,0.0,0.625,-10.099999999999994,0,0,0,0
4157,1,1,3,9500,1,1,131.0,1,37,37,9,9,118.0,1,0,0,1,0,1,18,0,0,8,8,7,13.24285714,0,0,8,8,7,13.24285714,0,12.7,3.7,-1.7,Enrolled,0.875,1.0,0.0,0.579374999875,-13.0,0,0,0,0
4158,1,1,5,9130,1,1,160.0,1,3,1,2,9,150.2,1,0,0,1,0,0,19,0,0,5,13,1,13.0,0,0,5,7,2,12.5,0,12.7,3.7,-1.7,Dropout,0.2,2.6,0.0,0.13,-9.800000000000011,0,0,0,0
4159,1,1,2,9500,1,1,120.0,1,3,37,4,7,115.1,1,0,0,1,0,1,19,0,0,7,8,6,13.075,0,0,8,10,7,12.05,0,12.4,0.5,1.79,Graduate,0.8571428571428571,1.1428571428571428,0.0,0.5603571428571428,-4.900000000000006,0,0,0,0
4160,1,1,1,9670,1,1,140.0,1,19,19,5,9,131.3,1,0,0,1,0,1,18,0,0,6,6,6,13.5,0,0,6,9,6,13.66666667,0,10.8,1.4,1.74,Graduate,1.0,1.0,0.0,0.675,-8.699999999999989,0,0,0,0
4161,1,44,1,9991,0,39,120.0,1,37,37,7,7,120.0,1,0,0,1,0,1,23,0,2,6,8,5,11.8,0,2,6,8,6,12.33333333,0,9.4,-0.8,-3.12,Graduate,0.8333333333333334,1.3333333333333333,0.0,0.49166666666666675,0.0,0,0,0,0
4162,1,17,2,9254,1,1,118.0,22,19,37,9,9,110.3,1,0,0,0,0,0,18,1,0,6,7,5,12.6,0,0,6,6,5,11.8,0,11.1,0.6,2.02,Enrolled,0.8333333333333334,1.1666666666666667,0.0,0.525,-7.700000000000003,0,0,1,0
4163,4,43,1,9853,1,1,133.1,100,19,22,90,90,100.0,0,0,0,1,0,0,33,1,0,6,6,6,12.16666667,0,0,6,9,3,11.0,0,7.6,2.6,0.32,Dropout,1.0,1.0,0.0,0.6083333335,-33.099999999999994,0,0,0,1
4164,1,17,2,9238,1,1,111.0,1,19,38,9,9,110.7,1,0,0,1,0,0,19,0,0,6,9,6,12.16666667,0,0,6,9,6,11.0,0,8.9,1.4,3.51,Graduate,1.0,1.5,0.0,0.6083333335,-0.29999999999999716,0,0,0,0
4165,1,43,3,171,1,1,140.0,1,37,38,7,7,143.4,1,0,0,1,0,0,21,0,0,0,0,0,0.0,0,0,0,0,0,0.0,0,9.4,-0.8,-3.12,Dropout,0.0,0.0,0.0,0.0,3.4000000000000057,1,0,0,0
4166,1,1,6,9500,1,1,125.0,1,19,19,9,9,115.9,0,0,0,1,0,0,18,0,0,7,7,7,13.55714286,0,0,8,9,8,13.2,0,12.4,0.5,1.79,Graduate,1.0,1.0,0.0,0.677857143,-9.099999999999994,0,0,0,0
4167,1,18,1,9991,0,1,133.1,1,38,38,5,5,145.0,0,0,0,1,0,1,21,0,0,5,6,4,12.25,0,0,5,8,4,11.8,0,10.8,1.4,1.74,Enrolled,0.8,1.2,0.0,0.49000000000000005,11.900000000000006,0,0,0,0
4168,1,17,2,9070,1,1,136.0,1,19,38,4,7,140.9,1,0,0,1,0,0,19,0,0,6,6,6,14.33333333,0,0,6,6,6,13.5,0,9.4,-0.8,-3.12,Graduate,1.0,1.0,0.0,0.7166666665,4.900000000000006,0,0,0,0
4169,1,1,2,9773,1,1,115.0,1,34,38,0,5,108.4,1,0,0,1,0,0,20,0,0,6,10,4,10.5,0,0,6,8,4,11.75,0,7.6,2.6,0.32,Graduate,0.6666666666666666,1.6666666666666667,0.0,0.35,-6.599999999999994,0,0,0,0
4170,1,1,1,9773,1,1,116.0,1,37,37,0,5,114.3,1,0,0,1,0,0,20,0,0,4,8,0,0.0,0,0,4,8,0,0.0,0,7.6,2.6,0.32,Dropout,0.0,2.0,0.0,0.0,-1.7000000000000028,0,0,0,0
4171,1,18,5,9853,1,1,110.0,1,19,37,7,7,110.0,1,0,0,1,0,0,20,0,0,6,10,4,12.75,0,0,6,14,3,11.33333333,0,10.8,1.4,1.74,Enrolled,0.6666666666666666,1.6666666666666667,0.0,0.42499999999999993,0.0,0,0,0,0
4172,1,1,1,9238,1,1,135.0,1,38,38,4,7,121.7,1,0,0,1,0,1,18,0,0,6,14,0,0.0,0,0,6,9,4,11.0,0,7.6,2.6,0.32,Enrolled,0.0,2.3333333333333335,0.0,0.0,-13.299999999999997,0,0,0,0
4173,1,43,2,9147,1,1,131.0,1,19,37,5,9,123.7,1,0,0,1,0,0,18,0,0,5,10,1,14.0,0,0,5,10,1,14.0,0,7.6,2.6,0.32,Enrolled,0.2,2.0,0.0,0.13999999999999999,-7.299999999999997,0,0,0,0
4174,1,1,2,9500,1,1,124.0,1,37,37,7,7,116.5,1,0,0,1,0,1,20,0,0,7,9,7,14.09333333,0,0,8,8,8,15.0,0,11.1,0.6,2.02,Graduate,1.0,1.2857142857142858,0.0,0.7046666665,-7.5,0,0,0,0
4175,1,1,1,9238,1,1,163.0,1,37,37,5,6,155.0,0,0,0,1,0,1,21,0,0,6,6,6,13.33333333,0,0,6,8,6,13.16666667,0,9.4,-0.8,-3.12,Graduate,1.0,1.0,0.0,0.6666666665000001,-8.0,0,0,0,0
4176,1,43,1,9500,1,1,137.0,1,38,19,9,5,129.3,1,0,0,1,0,0,19,0,0,8,12,7,12.07142857,0,0,8,12,7,12.07142857,0,12.7,3.7,-1.7,Graduate,0.875,1.5,0.0,0.5281249999375,-7.699999999999989,0,0,0,0
4177,1,1,3,9254,1,1,128.0,1,19,1,7,9,121.7,1,0,0,1,0,1,18,0,0,6,6,6,12.66666667,0,0,6,6,6,12.5,0,12.4,0.5,1.79,Graduate,1.0,1.0,0.0,0.6333333335,-6.299999999999997,0,0,0,0
4178,1,39,1,9085,1,1,133.1,1,37,37,9,9,148.2,1,0,1,1,0,0,27,0,0,6,11,6,12.125,0,0,6,16,5,12.0,0,12.4,0.5,1.79,Enrolled,1.0,1.8333333333333333,0.0,0.60625,15.099999999999994,0,0,1,1
4179,1,1,2,9500,1,1,133.1,1,19,38,7,9,125.5,1,0,0,1,0,1,21,0,0,7,9,7,13.2,0,0,8,9,7,13.2575,0,15.5,2.8,-4.06,Graduate,1.0,1.2857142857142858,0.0,0.6599999999999999,-7.599999999999994,0,0,0,0
4180,1,17,4,9500,1,1,148.0,1,3,19,4,7,131.9,1,0,0,1,0,1,18,0,0,7,8,7,14.15,0,0,8,8,8,14.51125,0,15.5,2.8,-4.06,Graduate,1.0,1.1428571428571428,0.0,0.7075,-16.099999999999994,0,0,0,0
4181,1,17,1,9853,1,1,127.0,1,38,37,5,7,121.8,1,0,1,1,0,0,18,0,0,6,12,4,13.5,0,0,6,14,3,10.66666667,0,10.8,1.4,1.74,Enrolled,0.6666666666666666,2.0,0.0,0.45,-5.200000000000003,0,0,1,0
4182,1,43,1,9853,1,1,110.0,1,37,37,9,9,107.7,0,0,1,0,0,0,28,0,0,6,0,0,0.0,0,0,5,10,0,0.0,0,10.8,1.4,1.74,Dropout,0.0,0.0,0.0,0.0,-2.299999999999997,0,0,1,1
4183,1,39,1,9556,1,1,133.1,1,44,40,2,2,115.5,0,0,0,1,0,0,36,0,0,7,13,5,12.2,0,0,7,14,3,11.4,0,11.1,0.6,2.02,Dropout,0.7142857142857143,1.8571428571428572,0.0,0.4357142857142857,-17.599999999999994,0,0,0,1
4184,1,1,1,9085,1,1,145.0,1,38,38,9,10,139.8,1,0,0,1,0,0,20,0,0,5,6,5,14.8,1,0,5,6,5,14.0,0,12.7,3.7,-1.7,Graduate,1.0,1.2,0.2,0.74,-5.199999999999989,0,0,0,0
4185,1,1,1,9238,1,1,136.0,1,38,38,0,7,133.2,1,0,0,1,0,0,19,0,0,6,8,5,11.0,0,0,6,13,5,11.4,0,7.6,2.6,0.32,Graduate,0.8333333333333334,1.3333333333333333,0.0,0.45833333333333337,-2.8000000000000114,0,0,0,0
4186,1,1,1,9991,0,1,131.0,1,19,37,9,9,118.4,1,0,0,1,0,0,20,0,0,5,10,0,0.0,0,0,5,10,0,0.0,3,7.6,2.6,0.32,Enrolled,0.0,2.0,0.0,0.0,-12.599999999999994,0,0,0,0
4187,1,17,2,9085,1,1,138.0,1,37,37,9,7,123.3,1,0,0,1,0,0,19,0,0,5,15,3,14.0,3,0,5,10,4,11.75,1,9.4,-0.8,-3.12,Enrolled,0.6,3.0,0.6,0.42,-14.700000000000003,0,0,0,0
4188,2,39,1,8014,0,1,150.0,1,37,38,3,7,134.5,0,0,0,1,0,0,28,0,0,6,8,5,11.83333333,0,0,6,6,6,13.0,0,16.2,0.3,-0.92,Graduate,0.8333333333333334,1.3333333333333333,0.0,0.4930555554166667,-15.5,0,0,0,1
4189,1,1,1,9670,1,1,112.0,1,37,1,7,0,110.6,0,0,0,1,0,0,20,0,0,5,7,4,11.75,0,0,5,7,5,11.8,1,7.6,2.6,0.32,Graduate,0.8,1.4,0.0,0.47000000000000003,-1.4000000000000057,0,0,0,0
4190,1,42,1,9254,1,1,154.0,1,38,37,1,1,154.0,1,0,0,1,0,0,28,0,8,14,22,12,12.33333333,0,3,12,20,8,12.0,0,9.4,-0.8,-3.12,Graduate,0.8571428571428571,1.5714285714285714,0.0,0.5285714284285714,0.0,0,0,0,1
4191,1,43,1,9991,0,39,160.0,1,37,37,9,9,160.0,0,0,0,1,0,0,24,0,3,10,16,3,11.66666667,0,3,10,24,6,11.83333333,0,9.4,-0.8,-3.12,Dropout,0.3,1.6,0.0,0.17500000004999997,0.0,0,0,0,0
4192,1,44,1,9085,1,39,140.0,1,1,39,3,9,140.0,1,0,0,1,0,0,20,0,1,6,9,6,12.66666667,0,1,6,10,4,11.5,0,13.9,-0.3,0.79,Enrolled,1.0,1.5,0.0,0.6333333335,0.0,0,0,0,0
4193,1,17,2,9853,1,1,150.0,1,37,37,5,6,132.5,1,0,0,1,0,0,22,0,0,6,9,4,12.25,0,0,6,8,5,11.6,0,10.8,1.4,1.74,Enrolled,0.6666666666666666,1.5,0.0,0.4083333333333333,-17.5,0,0,0,0
4194,1,17,2,9254,1,1,141.0,1,1,4,4,4,127.7,0,0,0,1,0,1,18,0,0,6,7,6,11.28571429,0,0,6,9,4,13.5,0,16.2,0.3,-0.92,Graduate,1.0,1.1666666666666667,0.0,0.5642857145,-13.299999999999997,0,0,0,0
4195,1,1,5,9147,1,1,122.0,1,38,38,9,9,117.5,1,0,1,0,0,0,22,0,0,5,12,2,11.5,0,0,5,12,0,0.0,0,12.7,3.7,-1.7,Dropout,0.4,2.4,0.0,0.22999999999999998,-4.5,0,0,1,0
4196,1,1,5,9254,1,1,120.0,1,37,37,9,7,127.0,1,0,0,1,0,1,18,0,0,6,10,6,11.66666667,0,0,6,10,4,12.25,0,9.4,-0.8,-3.12,Graduate,1.0,1.6666666666666667,0.0,0.5833333334999999,7.0,0,0,0,0
4197,1,1,1,9500,1,1,139.0,1,19,37,5,5,125.5,0,0,0,1,0,1,21,0,0,8,8,7,13.51428571,0,0,8,8,7,13.51428571,0,12.7,3.7,-1.7,Graduate,0.875,1.0,0.0,0.5912499998125,-13.5,0,0,0,0
4198,1,17,6,9773,1,1,138.0,1,1,1,4,2,140.5,1,0,0,1,0,0,19,0,0,6,7,6,13.0,0,0,6,9,6,13.71428571,0,7.6,2.6,0.32,Graduate,1.0,1.1666666666666667,0.0,0.65,2.5,0,0,0,0
4199,1,5,1,9853,1,1,119.0,1,1,38,5,8,118.3,1,0,0,1,0,0,22,0,0,6,11,3,15.0,0,0,6,11,4,10.25,0,9.4,-0.8,-3.12,Enrolled,0.5,1.8333333333333333,0.0,0.375,-0.7000000000000028,0,0,0,0
4200,1,1,1,9500,1,1,129.0,1,38,38,5,5,120.8,1,0,0,1,0,1,20,0,0,8,8,7,12.74428571,0,0,8,8,7,12.74428571,0,10.8,1.4,1.74,Graduate,0.875,1.0,0.0,0.5575624998125001,-8.200000000000003,0,0,0,0
4201,1,1,1,9147,1,1,133.1,1,37,37,191,154,95.0,0,0,0,1,0,0,20,0,0,5,10,4,11.75,0,0,5,8,5,11.8,0,11.1,0.6,2.02,Graduate,0.8,2.0,0.0,0.47000000000000003,-38.099999999999994,0,0,0,0
4202,1,17,1,8014,0,1,125.0,1,37,37,5,6,122.2,1,0,1,1,0,0,19,0,0,6,6,6,12.16666667,0,0,6,7,6,11.66666667,0,10.8,1.4,1.74,Graduate,1.0,1.0,0.0,0.6083333335,-2.799999999999997,0,0,1,0
4203,1,17,1,171,1,1,125.0,1,1,1,7,3,143.9,1,0,0,1,0,0,20,0,0,0,0,0,0.0,0,0,0,0,0,0.0,0,15.5,2.8,-4.06,Enrolled,0.0,0.0,0.0,0.0,18.900000000000006,1,0,0,0
4204,1,1,2,9070,1,1,137.0,1,19,38,9,9,127.2,1,0,0,1,0,1,20,0,1,6,9,5,13.4,1,0,6,9,6,12.375,0,13.9,-0.3,0.79,Graduate,0.8333333333333334,1.5,0.16666666666666666,0.5583333333333333,-9.799999999999997,0,0,0,0
4205,1,1,1,9238,1,1,123.0,1,34,38,0,7,120.2,1,0,0,1,0,0,20,0,0,6,9,5,11.8,0,0,6,10,4,11.5,0,7.6,2.6,0.32,Dropout,0.8333333333333334,1.5,0.0,0.49166666666666675,-2.799999999999997,0,0,0,0
4206,1,1,3,9500,1,1,154.0,1,1,37,4,9,134.8,1,0,0,1,0,0,19,0,0,7,7,6,13.53333333,0,0,7,7,6,13.53333333,0,7.6,2.6,0.32,Graduate,0.8571428571428571,1.0,0.0,0.5799999998571428,-19.19999999999999,0,0,0,0
4207,1,1,1,9254,1,1,144.0,1,19,19,9,9,142.6,1,0,0,1,0,1,18,0,0,6,7,6,14.16666667,0,0,6,10,4,14.0,0,15.5,2.8,-4.06,Graduate,1.0,1.1666666666666667,0.0,0.7083333334999999,-1.4000000000000057,0,0,0,0
4208,1,1,1,9500,1,1,153.0,1,38,37,7,8,147.9,0,0,0,1,0,1,18,0,0,7,7,7,14.65285714,0,0,8,9,8,14.75555556,0,12.4,0.5,1.79,Graduate,1.0,1.0,0.0,0.732642857,-5.099999999999994,0,0,0,0
4209,1,1,1,171,1,1,152.0,1,1,38,4,9,160.4,1,0,0,0,0,0,19,0,0,0,0,0,0.0,0,0,0,0,0,0.0,0,7.6,2.6,0.32,Dropout,0.0,0.0,0.0,0.0,8.400000000000006,1,0,1,0
4210,1,1,1,9147,1,1,150.0,103,37,37,9,9,134.6,0,0,0,1,1,0,20,1,0,5,5,5,13.6,0,0,5,7,5,13.0,0,9.4,-0.8,-3.12,Graduate,1.0,1.0,0.0,0.6799999999999999,-15.400000000000006,0,0,0,0
4211,1,1,1,9254,1,1,129.0,1,19,1,3,7,121.0,0,0,0,1,0,1,22,0,0,6,9,6,12.83333333,0,0,6,6,4,13.25,0,16.2,0.3,-0.92,Graduate,1.0,1.5,0.0,0.6416666665,-8.0,0,0,0,0
4212,1,1,1,9238,1,1,150.0,1,19,37,5,4,142.7,1,0,0,1,0,1,18,0,0,6,6,6,14.66666667,0,0,6,6,6,15.16666667,0,9.4,-0.8,-3.12,Graduate,1.0,1.0,0.0,0.7333333335,-7.300000000000011,0,0,0,0
4213,1,17,2,9773,1,1,125.0,1,1,1,4,8,115.6,1,0,0,1,0,0,19,0,0,6,6,6,13.33333333,0,0,6,6,6,14.66666667,0,12.4,0.5,1.79,Graduate,1.0,1.0,0.0,0.6666666665000001,-9.400000000000006,0,0,0,0
4214,1,1,1,9238,1,1,133.1,1,19,37,9,9,130.0,0,0,0,0,0,1,20,0,0,6,10,5,13.4,0,0,6,9,5,11.4,0,10.8,1.4,1.74,Graduate,0.8333333333333334,1.6666666666666667,0.0,0.5583333333333333,-3.0999999999999943,0,0,1,0
4215,1,1,2,9500,1,1,140.0,1,38,37,5,6,124.3,1,0,0,1,0,1,19,0,0,7,9,7,13.3125,0,0,8,8,8,15.6375,0,13.9,-0.3,0.79,Graduate,1.0,1.2857142857142858,0.0,0.665625,-15.700000000000003,0,0,0,0
4216,1,1,1,171,1,1,140.0,1,19,37,5,6,137.9,1,0,1,0,0,0,18,0,0,0,0,0,0.0,0,0,0,0,0,0.0,0,8.9,1.4,3.51,Dropout,0.0,0.0,0.0,0.0,-2.0999999999999943,1,0,1,0
4217,1,1,6,9773,1,1,133.1,1,1,37,3,3,100.0,1,0,1,0,0,0,20,0,0,4,4,0,0.0,0,0,5,5,0,0.0,0,12.4,0.5,1.79,Dropout,0.0,1.0,0.0,0.0,-33.099999999999994,0,0,1,0
4218,1,1,2,9773,1,1,132.0,1,1,2,9,3,128.2,1,0,0,1,0,1,19,0,0,6,7,6,12.33333333,0,0,6,6,6,13.5,0,9.4,-0.8,-3.12,Graduate,1.0,1.1666666666666667,0.0,0.6166666665,-3.8000000000000114,0,0,0,0
4219,1,17,3,9773,1,1,135.0,1,1,19,5,7,135.0,0,0,0,1,0,0,18,0,0,6,6,6,13.5,0,0,6,6,6,13.33333333,0,12.4,0.5,1.79,Enrolled,1.0,1.0,0.0,0.675,0.0,0,0,0,0
4220,1,16,4,9238,1,1,135.0,1,37,37,9,9,121.0,1,0,0,1,0,0,18,0,0,6,8,5,13.0,0,0,6,7,6,11.83333333,0,10.8,1.4,1.74,Graduate,0.8333333333333334,1.3333333333333333,0.0,0.5416666666666667,-14.0,0,0,0,0
4221,1,1,1,9670,1,1,133.1,1,34,38,0,4,147.0,0,0,0,1,0,0,22,0,0,5,6,2,12.5,0,0,5,5,0,0.0,0,9.4,-0.8,-3.12,Dropout,0.4,1.2,0.0,0.25,13.900000000000006,0,0,0,0
4222,1,1,1,9238,1,1,168.0,1,37,37,9,9,149.5,0,0,0,1,0,0,18,0,0,6,10,6,17.0,0,0,6,11,6,16.0,0,12.4,0.5,1.79,Graduate,1.0,1.6666666666666667,0.0,0.85,-18.5,0,0,0,0
4223,1,1,1,9238,1,1,143.0,1,19,1,9,9,144.4,1,0,0,1,0,0,20,0,0,6,7,6,13.5,0,0,6,6,6,13.0,0,10.8,1.4,1.74,Graduate,1.0,1.1666666666666667,0.0,0.675,1.4000000000000057,0,0,0,0
4224,1,17,2,9254,1,1,116.0,1,19,38,5,5,116.0,1,0,0,1,0,0,19,0,0,6,7,6,12.71428571,0,0,6,6,6,11.83333333,0,8.9,1.4,3.51,Graduate,1.0,1.1666666666666667,0.0,0.6357142855,0.0,0,0,0,0
4225,1,43,1,9500,1,1,134.0,1,38,19,5,8,120.7,0,0,0,1,0,1,19,0,0,7,9,6,13.0,0,0,8,11,8,13.92727273,0,16.2,0.3,-0.92,Graduate,0.8571428571428571,1.2857142857142858,0.0,0.5571428571428572,-13.299999999999997,0,0,0,0
4226,1,44,1,9238,1,39,140.0,1,38,19,5,0,141.8,0,0,0,1,0,0,21,0,3,6,7,6,12.57142857,0,2,6,6,6,13.5,0,12.4,0.5,1.79,Graduate,1.0,1.1666666666666667,0.0,0.6285714285,1.8000000000000114,0,0,0,0
4227,1,17,2,8014,0,1,133.0,1,19,1,5,5,119.7,1,0,0,1,0,1,19,0,0,6,10,4,11.5,0,0,6,11,6,11.5,0,9.4,-0.8,-3.12,Dropout,0.6666666666666666,1.6666666666666667,0.0,0.3833333333333333,-13.299999999999997,0,0,0,0
4228,1,1,6,9238,1,1,125.0,1,38,1,7,4,118.4,1,0,0,1,0,1,19,0,0,6,6,6,13.5,0,0,6,7,6,13.28571429,0,11.1,0.6,2.02,Graduate,1.0,1.0,0.0,0.675,-6.599999999999994,0,0,0,0
4229,2,39,1,8014,0,1,133.1,1,37,37,5,4,134.5,0,0,0,1,0,0,45,0,0,6,8,5,13.6,0,0,6,7,5,13.0,0,15.5,2.8,-4.06,Enrolled,0.8333333333333334,1.3333333333333333,0.0,0.5666666666666667,1.4000000000000057,0,0,0,1
4230,2,39,1,9085,1,1,133.1,1,36,36,Unknown/not stated,5,128.2,0,0,0,0,0,1,28,0,0,5,14,1,12.0,3,0,5,5,0,0.0,5,9.4,-0.8,-3.12,Dropout,0.2,2.8,0.6,0.12,-4.900000000000006,0,0,1,1
4231,2,43,1,9500,1,1,137.0,1,3,3,2,2,115.0,0,0,0,1,0,0,28,0,0,7,8,7,14.95,0,0,8,8,8,14.7375,0,13.9,-0.3,0.79,Graduate,1.0,1.1428571428571428,0.0,0.7474999999999999,-22.0,0,0,0,1
4232,1,39,1,9991,0,1,140.0,1,38,19,9,5,130.0,0,0,1,1,0,0,25,0,0,5,10,4,11.25,0,0,5,9,4,12.0,0,12.7,3.7,-1.7,Enrolled,0.8,2.0,0.0,0.45,-10.0,0,0,1,1
4233,1,43,1,9670,1,1,134.0,1,1,38,4,4,120.7,0,0,1,0,0,0,19,0,0,6,13,3,10.66666667,0,0,6,6,4,12.25,0,15.5,2.8,-4.06,Dropout,0.5,2.1666666666666665,0.0,0.26666666675,-13.299999999999997,0,0,1,0
4234,1,1,5,9500,1,1,139.0,1,38,38,9,5,130.5,1,0,0,1,0,0,19,0,0,8,8,7,14.99285714,0,0,8,8,7,14.99285714,0,10.8,1.4,1.74,Graduate,0.875,1.0,0.0,0.655937499875,-8.5,0,0,0,0
4235,1,1,2,9147,1,1,113.0,1,38,38,9,5,107.4,1,0,0,1,1,0,20,0,0,5,12,3,10.5,0,0,5,10,4,11.25,0,12.4,0.5,1.79,Enrolled,0.6,2.4,0.0,0.315,-5.599999999999994,0,0,0,0
4236,1,1,3,9238,1,1,133.1,1,1,1,9,9,100.0,1,0,0,1,1,0,22,0,0,6,6,4,11.25,0,0,6,7,3,11.0,0,8.9,1.4,3.51,Enrolled,0.6666666666666666,1.0,0.0,0.375,-33.099999999999994,0,0,0,0
4237,1,43,1,9773,1,1,132.0,1,38,19,9,9,125.0,1,0,0,1,1,1,20,0,0,6,6,6,12.33333333,0,0,6,7,6,14.0,0,12.4,0.5,1.79,Graduate,1.0,1.0,0.0,0.6166666665,-7.0,0,0,0,0
4238,1,1,4,9500,1,1,127.0,1,19,37,7,7,121.5,1,0,0,1,1,0,20,0,0,7,7,6,13.01666667,0,0,7,7,6,13.01666667,0,7.6,2.6,0.32,Enrolled,0.8571428571428571,1.0,0.0,0.5578571429999999,-5.5,0,0,0,0
4239,1,1,1,9085,1,1,123.0,1,38,19,4,90,127.2,0,0,1,0,1,0,20,0,0,5,7,3,11.33333333,0,0,5,8,2,11.5,0,7.6,2.6,0.32,Dropout,0.6,1.4,0.0,0.33999999989999996,4.200000000000003,0,0,1,0
4240,1,39,1,9085,1,40,130.0,1,3,2,3,2,160.0,1,0,0,1,0,0,27,0,0,6,7,6,16.14285714,0,0,6,7,6,14.66666667,0,13.9,-0.3,0.79,Graduate,1.0,1.1666666666666667,0.0,0.807142857,30.0,0,0,0,1
4241,1,51,1,9085,1,1,125.0,1,1,1,9,4,120.0,0,0,0,1,0,0,22,0,0,6,8,6,14.83333333,0,0,6,10,5,13.83333333,0,11.1,0.6,2.02,Graduate,1.0,1.3333333333333333,0.0,0.7416666665,-5.0,0,0,0,0
4242,1,1,3,9500,1,1,140.0,1,37,37,9,9,141.5,1,0,1,0,0,0,19,0,0,8,8,7,13.32714286,0,0,8,8,7,13.32714286,0,10.8,1.4,1.74,Dropout,0.875,1.0,0.0,0.583062500125,1.5,0,0,1,0
4243,1,17,1,9238,1,1,111.0,1,19,38,3,3,111.4,1,0,0,0,0,0,19,0,0,6,13,4,11.0,0,0,6,13,2,11.5,0,12.7,3.7,-1.7,Dropout,0.6666666666666666,2.1666666666666665,0.0,0.3666666666666667,0.4000000000000057,0,0,1,0
4244,1,1,1,9070,1,1,132.0,1,4,39,2,2,136.6,1,0,0,1,0,0,18,0,1,6,10,6,11.71428571,1,0,6,15,6,10.375,0,13.9,-0.3,0.79,Enrolled,1.0,1.6666666666666667,0.16666666666666666,0.5857142855,4.599999999999994,0,0,0,0
4245,1,1,1,171,1,1,150.0,1,3,3,2,5,154.6,1,0,0,1,0,0,19,0,6,12,13,12,12.33333333,0,4,11,12,10,12.72727273,0,8.9,1.4,3.51,Dropout,1.0,1.0833333333333333,0.0,0.6166666665,4.599999999999994,0,0,0,0
4246,1,18,4,9853,1,1,118.0,1,19,37,9,6,111.4,1,0,1,0,0,0,20,0,0,7,9,0,0.0,0,0,6,6,0,0.0,0,11.1,0.6,2.02,Dropout,0.0,1.2857142857142858,0.0,0.0,-6.599999999999994,0,0,1,0
4247,2,43,1,9991,0,1,150.0,1,38,19,3,3,120.1,0,0,0,0,0,0,39,0,11,15,15,12,11.91666667,0,8,13,14,8,11.25,0,10.8,1.4,1.74,Dropout,0.8,1.0,0.0,0.4766666668,-29.900000000000006,0,0,1,1
4248,2,39,2,8014,0,19,100.0,1,37,37,4,7,100.0,0,0,1,1,0,0,37,0,0,6,9,6,11.83333333,0,0,6,7,6,11.0,0,7.6,2.6,0.32,Graduate,1.0,1.5,0.0,0.5916666665,0.0,0,0,1,1
4249,2,39,1,9500,1,3,130.0,1,1,1,4,6,140.0,0,0,1,0,0,0,30,0,3,7,11,3,12.33333333,0,3,7,9,3,11.66666667,0,13.9,-0.3,0.79,Dropout,0.42857142857142855,1.5714285714285714,0.0,0.2642857142142857,10.0,0,0,1,1
4250,2,43,1,9991,0,3,130.0,1,37,37,9,9,130.0,0,0,0,1,0,0,41,0,5,10,11,10,14.3,0,5,10,10,10,14.2,0,12.7,3.7,-1.7,Graduate,1.0,1.1,0.0,0.7150000000000001,0.0,0,0,0,1
4251,4,39,1,9500,1,19,133.1,1,37,37,5,7,100.0,0,0,0,0,0,0,40,0,0,8,11,5,11.832,4,0,8,11,5,11.832,4,9.4,-0.8,-3.12,Dropout,0.625,1.375,0.5,0.36975,-33.099999999999994,0,0,1,1
4252,1,1,1,9147,1,1,112.0,1,9,22,4,3,106.1,0,0,0,1,0,0,20,0,0,5,13,2,10.0,1,0,5,10,0,0.0,0,9.4,-0.8,-3.12,Dropout,0.4,2.6,0.2,0.2,-5.900000000000006,0,0,0,0
4253,2,1,1,9991,0,1,144.0,1,19,19,9,9,151.4,0,0,0,1,0,0,28,0,0,5,5,5,12.0,0,0,5,6,5,11.6,0,7.6,2.6,0.32,Graduate,1.0,1.0,0.0,0.6,7.400000000000006,0,0,0,1
4254,1,18,2,9853,1,1,120.0,1,19,37,9,4,113.7,1,0,1,0,0,0,19,0,0,7,11,5,12.2,0,0,7,13,0,0.0,0,12.4,0.5,1.79,Dropout,0.7142857142857143,1.5714285714285714,0.0,0.4357142857142857,-6.299999999999997,0,0,1,0
4255,1,1,1,9670,1,1,121.0,1,37,37,5,9,116.5,1,0,0,1,0,0,23,0,0,5,7,3,11.33333333,0,0,5,5,4,11.25,0,7.6,2.6,0.32,Dropout,0.6,1.4,0.0,0.33999999989999996,-4.5,0,0,0,0
4256,1,7,1,8014,0,4,120.0,1,2,3,2,2,120.0,0,0,0,1,0,0,18,0,10,16,24,13,13.84615385,0,7,11,15,9,12.55555556,0,15.5,2.8,-4.06,Dropout,0.8125,1.5,0.0,0.56250000015625,0.0,0,0,0,0
4257,1,39,1,9500,1,1,100.0,1,1,19,4,8,122.0,0,0,0,1,0,0,24,0,0,8,8,7,12.41285714,0,0,8,8,7,12.41285714,0,10.8,1.4,1.74,Graduate,0.875,1.0,0.0,0.543062499875,22.0,0,0,0,0
4258,1,17,5,9670,1,1,115.0,1,1,19,5,5,117.1,0,0,0,1,0,0,21,0,0,5,7,3,12.66666667,0,0,5,6,4,12.75,1,7.6,2.6,0.32,Enrolled,0.6,1.4,0.0,0.38000000009999996,2.0999999999999943,0,0,0,0
4259,1,1,2,9500,1,1,123.0,1,19,19,7,7,120.8,1,0,0,1,0,0,19,0,0,8,11,7,12.54571429,0,0,8,11,7,12.54571429,0,10.8,1.4,1.74,Graduate,0.875,1.375,0.0,0.5488750001874999,-2.200000000000003,0,0,0,0
4260,1,1,1,9773,1,1,134.0,1,37,19,9,10,141.4,1,0,0,1,0,0,19,0,0,6,12,3,13.0,0,0,6,13,2,14.0,0,9.4,-0.8,-3.12,Dropout,0.5,2.0,0.0,0.325,7.400000000000006,0,0,0,0
4261,1,39,1,9003,1,1,123.0,1,37,37,9,9,110.0,0,0,1,0,0,0,48,0,0,6,6,0,0.0,0,0,6,6,0,0.0,0,11.1,0.6,2.02,Dropout,0.0,1.0,0.0,0.0,-13.0,0,0,1,1
4262,2,43,1,9991,0,2,120.0,1,37,37,9,9,120.0,0,0,0,0,0,0,38,0,9,12,12,9,12.22222222,2,9,12,12,9,13.0,0,9.4,-0.8,-3.12,Dropout,0.75,1.0,0.16666666666666666,0.45833333325000003,0.0,0,0,1,1
4263,1,17,1,9147,1,1,131.0,1,1,37,3,7,120.2,0,0,0,1,0,0,19,0,0,5,10,5,13.28571429,0,0,5,8,5,13.0,0,12.7,3.7,-1.7,Graduate,1.0,2.0,0.0,0.6642857145,-10.799999999999997,0,0,0,0
4264,2,39,1,9991,0,12,133.1,1,37,1,9,4,138.4,0,0,0,1,1,0,30,0,0,5,7,3,11.66666667,0,0,5,8,1,11.0,0,7.6,2.6,0.32,Dropout,0.6,1.4,0.0,0.35000000009999993,5.300000000000011,0,0,0,1
4265,1,44,1,9003,1,39,150.0,1,37,19,9,9,150.0,0,0,0,1,1,1,24,0,0,6,9,6,13.55555556,0,0,6,7,6,12.66666667,0,13.9,-0.3,0.79,Graduate,1.0,1.5,0.0,0.677777778,0.0,0,0,0,0
4266,1,17,5,9773,1,1,134.0,1,1,19,9,5,121.8,1,0,0,1,1,0,19,0,0,6,6,6,13.16666667,0,0,6,8,6,12.42857143,0,16.2,0.3,-0.92,Graduate,1.0,1.0,0.0,0.6583333335,-12.200000000000003,0,0,0,0
4267,1,44,1,171,1,39,140.0,1,1,1,9,9,140.0,0,0,0,1,1,0,21,0,0,0,0,0,0.0,0,0,0,0,0,0.0,0,15.5,2.8,-4.06,Enrolled,0.0,0.0,0.0,0.0,0.0,1,0,0,0
4268,1,1,1,9254,1,1,117.0,1,1,1,5,5,116.3,1,0,0,1,1,1,21,0,0,6,6,6,11.66666667,0,0,6,7,5,12.2,0,10.8,1.4,1.74,Graduate,1.0,1.0,0.0,0.5833333334999999,-0.7000000000000028,0,0,0,0
4269,1,1,2,9991,0,1,143.0,1,5,1,4,4,131.5,0,0,0,1,1,0,19,0,0,5,11,4,11.0,0,0,5,8,4,12.25,0,15.5,2.8,-4.06,Dropout,0.8,2.2,0.0,0.44000000000000006,-11.5,0,0,0,0
4270,1,17,2,9070,1,1,142.0,1,3,1,2,4,141.0,1,0,0,1,1,0,18,0,0,6,6,6,13.0,0,0,6,8,1,10.0,0,10.8,1.4,1.74,Enrolled,1.0,1.0,0.0,0.65,-1.0,0,0,0,0
4271,1,17,1,9070,1,1,132.0,1,37,38,9,7,138.0,0,0,0,1,1,1,18,0,0,6,6,6,13.66666667,0,0,6,6,6,12.0,0,12.4,0.5,1.79,Graduate,1.0,1.0,0.0,0.6833333335,6.0,0,0,0,0
4272,1,17,4,9119,1,1,138.0,1,1,3,1,4,127.5,1,0,0,1,1,0,19,0,0,5,6,5,14.6,0,0,5,5,5,15.2,0,8.9,1.4,3.51,Dropout,1.0,1.2,0.0,0.73,-10.5,0,0,0,0
4273,1,1,1,9500,1,1,131.0,1,1,19,9,9,127.0,0,0,0,1,1,1,19,0,0,8,8,7,12.51428571,0,0,8,8,7,12.51428571,0,12.7,3.7,-1.7,Graduate,0.875,1.0,0.0,0.5474999998125,-4.0,0,0,0,0
4274,1,17,2,9085,1,1,123.0,1,3,19,2,9,118.9,0,0,0,1,1,0,18,0,0,5,5,3,14.0,0,0,5,7,3,12.66666667,0,7.6,2.6,0.32,Enrolled,0.6,1.0,0.0,0.42,-4.099999999999994,0,0,0,0
4275,1,1,1,9254,1,1,131.0,1,37,19,9,9,134.5,1,0,0,1,1,0,25,0,0,6,8,6,13.16666667,0,0,6,8,5,12.6,0,7.6,2.6,0.32,Enrolled,1.0,1.3333333333333333,0.0,0.6583333335,3.5,0,0,0,1
4276,1,17,1,9119,1,1,141.0,1,37,1,9,2,133.0,1,0,0,1,1,0,18,0,0,5,10,4,13.0,0,0,5,10,3,12.33333333,3,7.6,2.6,0.32,Enrolled,0.8,2.0,0.0,0.52,-8.0,0,0,0,0
4277,5,39,1,9147,1,1,133.1,1,1,19,4,7,114.0,0,0,0,0,1,0,29,0,0,5,5,1,13.0,0,0,5,5,0,0.0,0,8.9,1.4,3.51,Dropout,0.2,1.0,0.0,0.13,-19.099999999999994,0,0,1,1
4278,1,17,1,9119,1,1,116.0,1,19,37,90,5,116.7,1,0,0,1,1,0,21,0,0,5,10,1,10.0,0,0,5,8,3,13.66666667,3,7.6,2.6,0.32,Dropout,0.2,2.0,0.0,0.1,0.7000000000000028,0,0,0,0
4279,1,1,3,9773,1,1,123.0,1,1,1,4,7,125.1,1,0,1,1,1,1,18,0,0,6,6,6,14.33333333,0,0,6,6,6,15.33333333,0,11.1,0.6,2.02,Graduate,1.0,1.0,0.0,0.7166666665,2.0999999999999943,0,0,1,0
4280,1,17,1,9254,1,1,133.0,1,19,1,9,9,137.2,0,0,0,1,1,1,20,0,0,6,6,0,0.0,0,0,6,12,0,0.0,0,10.8,1.4,1.74,Dropout,0.0,1.0,0.0,0.0,4.199999999999989,0,0,0,0
4281,1,39,1,9991,0,1,133.1,1,19,37,9,7,111.4,0,0,0,1,1,0,27,0,0,5,7,1,11.0,0,0,5,7,0,0.0,0,13.9,-0.3,0.79,Dropout,0.2,1.4,0.0,0.11000000000000001,-21.69999999999999,0,0,0,1
4282,1,1,1,9085,1,1,133.1,1,3,1,4,9,105.0,1,0,0,1,1,0,21,0,0,6,15,3,11.25,0,0,6,9,0,0.0,0,12.4,0.5,1.79,Enrolled,0.5,2.5,0.0,0.28125,-28.099999999999994,0,0,0,0
4283,1,18,2,9147,1,1,140.0,1,37,37,5,9,124.3,1,0,0,1,1,0,20,0,0,5,7,4,10.75,0,0,5,12,3,10.57142857,0,10.8,1.4,1.74,Dropout,0.8,1.4,0.0,0.43,-15.700000000000003,0,0,0,0
4284,1,39,1,9147,1,19,100.0,1,38,19,7,9,132.0,0,0,1,0,1,0,28,0,0,5,7,1,11.0,0,0,5,9,0,0.0,0,10.8,1.4,1.74,Dropout,0.2,1.4,0.0,0.11000000000000001,32.0,0,0,1,1
4285,1,39,2,9556,1,1,130.0,1,37,19,9,8,110.0,0,0,0,1,1,1,24,0,0,7,13,6,10.85714286,0,0,7,7,7,11.85714286,0,12.7,3.7,-1.7,Enrolled,0.8571428571428571,1.8571428571428572,0.0,0.46530612257142856,-20.0,0,0,0,0
4286,1,1,5,9147,1,1,134.0,1,3,2,2,2,134.7,0,0,0,1,1,0,22,0,1,5,10,4,11.75,0,0,5,10,3,11.0,0,7.6,2.6,0.32,Enrolled,0.8,2.0,0.0,0.47000000000000003,0.6999999999999886,0,0,0,0
4287,1,1,1,9085,1,1,134.0,1,37,19,9,9,136.8,1,0,0,1,1,0,20,0,0,5,8,5,12.8,0,0,5,9,4,13.66666667,1,10.8,1.4,1.74,Graduate,1.0,1.6,0.0,0.64,2.8000000000000114,0,0,0,0
4288,1,44,1,9085,1,39,160.0,1,1,1,4,4,160.0,0,0,0,1,1,0,21,0,1,5,15,3,12.33333333,2,0,5,7,5,11.4,0,9.4,-0.8,-3.12,Graduate,0.6,3.0,0.4,0.3699999999,0.0,0,0,0,0
4289,1,44,1,9003,1,39,130.0,1,1,3,9,2,130.0,1,0,1,0,1,0,23,0,0,6,12,2,11.33333333,0,0,6,8,2,13.0,0,13.9,-0.3,0.79,Dropout,0.3333333333333333,2.0,0.0,0.18888888883333332,0.0,0,0,1,0
4290,1,1,1,9238,1,1,141.0,1,19,1,7,3,128.8,1,0,0,1,1,0,18,0,0,6,10,5,11.6,0,0,6,6,6,11.16666667,0,10.8,1.4,1.74,Graduate,0.8333333333333334,1.6666666666666667,0.0,0.48333333333333334,-12.199999999999989,0,0,0,0
4291,1,1,1,171,1,1,147.0,1,1,12,4,4,148.4,1,0,0,1,1,1,20,0,8,14,15,12,10.92307692,0,7,13,14,11,12.18181818,0,11.1,0.6,2.02,Graduate,0.8571428571428571,1.0714285714285714,0.0,0.46813186799999995,1.4000000000000057,0,0,0,0
4292,1,1,1,171,1,1,137.0,1,1,38,4,5,130.4,1,0,0,1,1,0,19,0,0,0,0,0,0.0,0,0,0,0,0,0.0,0,15.5,2.8,-4.06,Graduate,0.0,0.0,0.0,0.0,-6.599999999999994,1,0,0,0
4293,2,39,1,9500,1,3,130.0,1,1,1,4,6,126.0,0,0,0,1,1,0,32,0,0,7,7,7,13.62857143,0,0,8,8,8,13.9125,0,13.9,-0.3,0.79,Graduate,1.0,1.0,0.0,0.6814285714999999,-4.0,0,0,0,1
4294,1,1,6,9254,1,1,119.0,1,19,19,9,9,118.7,1,0,0,1,1,0,20,0,0,6,16,3,10.33333333,0,0,6,16,1,11.0,0,10.8,1.4,1.74,Dropout,0.5,2.6666666666666665,0.0,0.25833333325,-0.29999999999999716,0,0,0,0
4295,1,39,1,9003,1,1,130.0,1,38,37,7,7,120.0,0,0,0,1,1,0,32,0,12,18,25,18,13.73684211,0,10,13,15,12,13.75,1,15.5,2.8,-4.06,Graduate,1.0,1.3888888888888888,0.0,0.6868421055,-10.0,0,0,0,1
4296,1,39,1,9003,1,1,130.0,1,38,19,9,6,120.0,1,0,0,1,1,0,28,0,7,13,19,8,11.625,0,5,10,17,6,11.0,0,15.5,2.8,-4.06,Enrolled,0.6153846153846154,1.4615384615384615,0.0,0.35769230769230775,-10.0,0,0,0,1
4297,1,44,1,9070,1,39,120.0,1,1,38,5,5,116.3,1,1,0,1,1,1,21,0,2,7,7,4,11.5,0,5,9,10,7,12.14285714,0,12.4,0.5,1.79,Graduate,0.5714285714285714,1.0,0.0,0.3285714285714285,-3.700000000000003,0,0,0,0
4298,1,1,1,9773,1,1,130.0,1,38,37,9,6,133.9,0,0,0,1,1,1,19,0,0,6,8,5,14.0,0,0,6,8,6,13.0,0,10.8,1.4,1.74,Graduate,0.8333333333333334,1.3333333333333333,0.0,0.5833333333333334,3.9000000000000057,0,0,0,0
4299,1,39,1,9991,0,39,150.0,1,19,19,9,9,150.3,0,0,0,1,1,0,24,0,0,5,7,3,11.33333333,0,0,5,6,0,0.0,0,10.8,1.4,1.74,Dropout,0.6,1.4,0.0,0.33999999989999996,0.30000000000001137,0,0,0,0
4300,1,17,1,9147,1,1,120.0,1,38,38,9,8,118.3,0,0,0,1,1,0,18,0,0,5,13,1,10.0,0,0,5,5,1,10.0,0,12.7,3.7,-1.7,Dropout,0.2,2.6,0.0,0.1,-1.7000000000000028,0,0,0,0
4301,1,44,1,9003,1,39,130.0,1,1,37,6,6,130.0,1,0,0,1,1,0,20,0,0,6,14,5,11.71428571,0,0,6,15,5,12.0,0,16.2,0.3,-0.92,Graduate,0.8333333333333334,2.3333333333333335,0.0,0.4880952379166667,0.0,0,0,0,0
4302,1,43,1,171,1,39,140.0,1,38,37,9,7,140.0,0,0,0,0,1,0,25,0,0,0,0,0,0.0,0,0,0,0,0,0.0,0,15.5,2.8,-4.06,Dropout,0.0,0.0,0.0,0.0,0.0,1,0,1,1
4303,1,17,6,9147,1,1,130.0,1,37,37,9,9,110.4,1,0,0,1,1,0,25,0,13,15,15,13,10.76923077,0,11,14,15,12,11.83333333,0,7.6,2.6,0.32,Dropout,0.8666666666666667,1.0,0.0,0.4666666667,-19.599999999999994,0,0,0,1
4304,1,17,4,9773,1,1,147.0,1,1,1,4,5,139.7,1,0,0,1,1,0,18,0,0,6,10,5,11.6,0,0,6,6,6,12.0,0,9.4,-0.8,-3.12,Dropout,0.8333333333333334,1.6666666666666667,0.0,0.48333333333333334,-7.300000000000011,0,0,0,0
4305,1,1,1,9147,1,1,148.0,1,19,1,7,5,138.3,1,0,0,1,1,0,19,0,0,5,6,4,13.75,0,0,5,5,0,0.0,0,12.4,0.5,1.79,Dropout,0.8,1.2,0.0,0.55,-9.699999999999989,0,0,0,0
4306,1,1,5,9147,1,1,133.0,1,19,3,9,9,123.2,1,0,0,1,1,0,18,0,0,5,14,4,11.0,0,0,5,9,5,10.5,0,13.9,-0.3,0.79,Dropout,0.8,2.8,0.0,0.44000000000000006,-9.799999999999997,0,0,0,0
4307,1,42,1,9147,1,1,135.0,1,19,1,4,4,120.0,0,0,0,0,1,0,25,0,0,5,6,0,0.0,0,0,5,5,0,0.0,0,15.5,2.8,-4.06,Dropout,0.0,1.2,0.0,0.0,-15.0,0,0,1,1
4308,1,39,1,171,1,1,116.0,1,34,34,0,0,127.0,1,0,0,1,1,0,38,0,0,0,0,0,0.0,0,0,0,0,0,0.0,0,7.6,2.6,0.32,Dropout,0.0,0.0,0.0,0.0,11.0,1,0,0,1
4309,1,44,1,171,1,39,110.0,1,1,1,1,7,114.2,0,0,0,1,1,0,19,0,0,0,0,0,0.0,0,0,0,0,0,0.0,0,12.4,0.5,1.79,Dropout,0.0,0.0,0.0,0.0,4.200000000000003,1,0,0,0
4310,1,1,4,9773,1,1,133.0,1,1,19,9,9,119.7,1,0,0,1,1,0,19,0,0,6,7,6,12.33333333,0,0,6,10,5,13.2,0,16.2,0.3,-0.92,Graduate,1.0,1.1666666666666667,0.0,0.6166666665,-13.299999999999997,0,0,0,0
4311,1,44,1,9085,1,39,150.0,1,38,37,9,4,150.0,1,0,0,1,1,1,22,0,0,6,9,6,13.42857143,0,1,6,12,6,13.625,0,12.4,0.5,1.79,Graduate,1.0,1.5,0.0,0.6714285715,0.0,0,0,0,0
4312,1,1,6,9119,1,1,135.0,1,2,1,3,5,123.5,1,0,0,1,1,0,18,0,0,5,10,0,0.0,0,0,5,10,1,10.0,3,7.6,2.6,0.32,Enrolled,0.0,2.0,0.0,0.0,-11.5,0,0,0,0
4313,1,7,1,9991,0,3,130.0,1,19,19,3,9,130.0,0,0,0,0,1,0,32,0,0,5,12,4,14.75,0,0,5,9,2,15.0,0,16.2,0.3,-0.92,Dropout,0.8,2.4,0.0,0.5900000000000001,0.0,0,0,1,1
4314,1,43,1,9853,1,1,130.0,1,2,39,2,5,124.6,0,0,0,1,1,0,37,0,19,21,21,21,12.47619048,0,13,19,19,19,12.21052632,0,12.4,0.5,1.79,Graduate,1.0,1.0,0.0,0.623809524,-5.400000000000006,0,0,0,1
4315,1,17,1,9119,1,1,132.0,1,37,37,9,6,119.4,1,0,0,1,1,0,21,0,0,5,8,0,0.0,0,0,5,5,0,0.0,0,7.6,2.6,0.32,Dropout,0.0,1.6,0.0,0.0,-12.599999999999994,0,0,0,0
4316,1,1,1,9254,1,1,125.0,1,1,3,4,1,121.9,1,0,0,1,1,0,18,0,0,6,15,3,11.66666667,0,0,6,14,2,12.5,0,10.8,1.4,1.74,Dropout,0.5,2.5,0.0,0.29166666674999997,-3.0999999999999943,0,0,0,0
4317,1,1,3,9070,1,1,118.0,1,43,3,123,123,110.0,1,0,1,1,1,0,19,0,0,6,6,6,12.0,0,0,6,7,6,13.57142857,0,8.9,1.4,3.51,Graduate,1.0,1.0,0.0,0.6,-8.0,0,0,1,0
4318,1,17,1,9670,1,1,118.0,1,1,19,4,8,118.7,0,0,0,1,1,1,19,0,0,6,7,6,12.0,0,0,6,6,6,14.0,0,12.4,0.5,1.79,Graduate,1.0,1.1666666666666667,0.0,0.6,0.7000000000000028,0,0,0,0
4319,1,1,1,171,1,1,161.0,41,1,1,9,7,163.1,1,0,0,0,0,0,19,1,6,12,12,12,15.25,0,4,11,12,11,15.0,0,8.9,1.4,3.51,Graduate,1.0,1.0,0.0,0.7625,2.0999999999999943,0,0,1,0
4320,1,17,1,9773,1,1,136.0,1,19,38,9,9,121.7,1,0,0,1,1,1,19,0,0,6,9,5,12.4,0,0,6,6,6,13.16666667,0,12.7,3.7,-1.7,Graduate,0.8333333333333334,1.5,0.0,0.5166666666666667,-14.299999999999997,0,0,0,0
4321,1,15,1,9147,1,1,135.0,26,1,1,9,7,135.0,0,0,1,1,1,0,21,1,0,5,9,3,12.33333333,0,0,5,8,4,11.25,0,8.9,1.4,3.51,Enrolled,0.6,1.8,0.0,0.3699999999,0.0,0,0,1,0
4322,4,39,1,9991,0,1,147.0,1,19,19,7,8,147.9,0,0,0,1,0,0,28,0,0,5,8,4,11.5,0,0,5,7,4,12.0,0,10.8,1.4,1.74,Enrolled,0.8,1.6,0.0,0.45999999999999996,0.9000000000000057,0,0,0,1
4323,1,1,1,9773,1,1,124.0,17,1,1,3,5,118.1,1,0,1,0,0,0,19,1,0,6,8,5,12.2,0,0,6,6,4,11.75,0,16.2,0.3,-0.92,Dropout,0.8333333333333334,1.3333333333333333,0.0,0.5083333333333333,-5.900000000000006,0,0,1,0
4324,1,39,1,9991,0,19,133.1,1,37,37,9,6,105.3,0,0,1,1,0,0,28,0,0,5,14,2,10.5,0,0,5,6,0,0.0,0,12.4,0.5,1.79,Dropout,0.4,2.8,0.0,0.21000000000000002,-27.799999999999997,0,0,1,1
4325,1,1,1,9500,1,1,141.0,1,19,19,7,9,139.8,0,0,0,1,0,1,19,0,0,8,8,7,14.4,0,0,8,8,7,14.4,0,12.7,3.7,-1.7,Graduate,0.875,1.0,0.0,0.63,-1.1999999999999886,0,0,0,0
4326,2,7,1,8014,0,3,130.0,1,19,38,3,7,130.0,0,0,0,1,0,0,32,0,8,14,18,13,12.84615385,0,7,11,19,10,12.8,0,10.8,1.4,1.74,Graduate,0.9285714285714286,1.2857142857142858,0.0,0.5964285716071428,0.0,0,0,0,1
4327,1,39,1,8014,0,39,110.0,1,19,37,9,8,127.5,0,0,1,0,0,0,26,0,0,6,13,4,12.0,0,0,6,7,5,13.2,0,16.2,0.3,-0.92,Dropout,0.6666666666666666,2.1666666666666665,0.0,0.39999999999999997,17.5,0,0,1,1
4328,2,39,1,9147,1,12,133.1,1,37,37,9,9,120.0,0,0,0,1,0,0,25,0,0,5,0,0,0.0,0,0,5,0,0,0.0,0,9.4,-0.8,-3.12,Dropout,0.0,0.0,0.0,0.0,-13.099999999999994,0,0,0,1
4329,2,43,2,9853,1,1,130.0,1,38,31,4,1,124.2,0,0,0,1,0,0,31,0,3,7,8,6,13.66666667,0,1,6,8,5,13.5,0,9.4,-0.8,-3.12,Dropout,0.8571428571428571,1.1428571428571428,0.0,0.5857142858571428,-5.799999999999997,0,0,0,1
4330,1,17,1,9238,1,1,120.0,1,37,1,9,5,113.4,1,0,0,1,0,1,20,0,0,6,10,5,11.85714286,0,0,6,8,6,11.66666667,0,12.7,3.7,-1.7,Graduate,0.8333333333333334,1.6666666666666667,0.0,0.49404761916666673,-6.599999999999994,0,0,0,0
4331,1,1,4,9238,1,1,133.1,1,1,37,8,9,118.0,1,0,0,1,0,0,19,0,0,6,0,0,0.0,0,0,6,0,0,0.0,0,12.7,3.7,-1.7,Dropout,0.0,0.0,0.0,0.0,-15.099999999999994,0,0,0,0
4332,1,17,1,171,1,1,145.0,1,37,19,5,9,130.0,1,0,0,1,0,0,23,0,0,0,0,0,0.0,0,0,0,0,0,0.0,0,11.1,0.6,2.02,Dropout,0.0,0.0,0.0,0.0,-15.0,1,0,0,0
4333,1,1,1,9238,1,1,131.0,1,37,1,9,9,135.9,1,0,0,1,0,0,18,0,0,6,8,5,13.2,0,0,6,6,6,11.33333333,0,9.4,-0.8,-3.12,Graduate,0.8333333333333334,1.3333333333333333,0.0,0.5499999999999999,4.900000000000006,0,0,0,0
4334,1,1,2,9238,1,1,147.0,1,19,38,9,8,135.8,1,0,0,1,0,1,19,0,0,6,8,6,12.71428571,0,0,6,12,5,11.0,0,13.9,-0.3,0.79,Dropout,1.0,1.3333333333333333,0.0,0.6357142855,-11.199999999999989,0,0,0,0
4335,1,1,1,9254,1,1,138.0,1,38,19,9,10,133.1,0,0,0,1,0,0,18,0,0,6,6,6,12.5,0,0,6,6,6,12.66666667,0,15.5,2.8,-4.06,Graduate,1.0,1.0,0.0,0.625,-4.900000000000006,0,0,0,0
4336,1,1,1,9147,1,1,123.0,1,1,1,4,6,118.8,1,0,0,1,0,0,21,0,0,5,9,3,10.66666667,0,0,5,13,2,12.5,0,7.6,2.6,0.32,Enrolled,0.6,1.8,0.0,0.3200000001,-4.200000000000003,0,0,0,0
4337,1,1,2,9773,1,1,129.0,1,37,37,9,7,117.1,1,0,0,1,0,0,20,0,0,6,12,1,17.0,0,0,6,12,1,17.0,0,9.4,-0.8,-3.12,Enrolled,0.16666666666666666,2.0,0.0,0.14166666666666666,-11.900000000000006,0,0,0,0
4338,1,1,1,9085,1,1,125.0,1,1,19,4,9,114.5,1,0,0,1,0,0,24,0,0,5,6,5,13.0,1,0,5,9,4,13.25,0,12.7,3.7,-1.7,Graduate,1.0,1.2,0.2,0.65,-10.5,0,0,0,0
4339,1,1,1,9670,1,1,131.0,1,37,37,9,6,127.2,0,0,0,1,0,1,18,0,0,5,7,3,12.66666667,0,0,5,5,4,12.5,0,9.4,-0.8,-3.12,Enrolled,0.6,1.4,0.0,0.38000000009999996,-3.799999999999997,0,0,0,0
4340,1,42,1,9500,1,1,100.0,1,3,37,2,6,130.0,1,0,0,1,0,0,25,0,0,14,14,12,13.29166667,1,0,14,14,12,13.29166667,1,7.6,2.6,0.32,Graduate,0.8571428571428571,1.0,0.07142857142857142,0.5696428572857143,30.0,0,0,0,1
4341,1,17,1,9085,1,1,120.0,1,2,3,2,2,116.1,0,0,0,1,0,0,20,0,0,5,12,3,11.66666667,2,0,5,11,4,11.5,1,9.4,-0.8,-3.12,Graduate,0.6,2.4,0.4,0.35000000009999993,-3.9000000000000057,0,0,0,0
4342,1,17,2,9500,1,1,145.0,1,19,37,5,9,130.5,1,0,0,1,0,0,18,0,0,8,8,7,14.24,0,0,8,8,7,14.24,0,10.8,1.4,1.74,Graduate,0.875,1.0,0.0,0.623,-14.5,0,0,0,0
4343,1,39,1,9670,1,1,120.0,1,34,34,0,0,104.0,1,0,0,1,0,0,24,0,0,5,10,3,13.0,0,0,5,11,3,11.33333333,0,7.6,2.6,0.32,Dropout,0.6,2.0,0.0,0.39,-16.0,0,0,0,0
4344,1,17,2,9500,1,1,140.0,1,1,1,5,10,128.5,1,0,0,1,0,0,18,0,0,7,9,5,14.06,0,0,7,9,6,12.57142857,0,12.4,0.5,1.79,Enrolled,0.7142857142857143,1.2857142857142858,0.0,0.5021428571428572,-11.5,0,0,0,0
4345,1,17,5,9238,1,1,134.0,1,38,37,9,9,126.0,0,0,1,0,0,0,21,0,0,6,10,5,11.83333333,0,0,6,10,5,13.2,0,13.9,-0.3,0.79,Dropout,0.8333333333333334,1.6666666666666667,0.0,0.4930555554166667,-8.0,0,0,1,0
4346,1,1,1,9773,1,1,140.0,1,1,19,5,10,141.1,1,0,0,1,0,0,18,0,0,6,6,6,12.83333333,0,0,6,6,6,13.33333333,0,9.4,-0.8,-3.12,Graduate,1.0,1.0,0.0,0.6416666665,1.0999999999999943,0,0,0,0
4347,1,17,2,9254,1,1,107.0,1,12,19,5,5,102.8,1,0,0,1,0,0,20,0,0,6,16,1,10.0,0,0,6,12,0,0.0,0,10.8,1.4,1.74,Dropout,0.16666666666666666,2.6666666666666665,0.0,0.08333333333333333,-4.200000000000003,0,0,0,0
4348,1,17,5,9147,1,1,133.0,1,1,1,4,4,129.2,1,0,0,1,0,0,19,0,0,5,9,2,11.0,0,0,5,12,2,10.0,0,7.6,2.6,0.32,Dropout,0.4,1.8,0.0,0.22000000000000003,-3.8000000000000114,0,0,0,0
4349,1,1,1,9500,1,1,127.0,1,3,1,2,9,119.3,1,0,0,1,0,0,20,0,0,7,7,7,14.10571429,0,0,8,8,8,13.6625,0,11.1,0.6,2.02,Graduate,1.0,1.0,0.0,0.7052857145,-7.700000000000003,0,0,0,0
4350,1,1,5,9500,1,1,141.0,1,38,19,9,6,126.3,1,0,0,1,0,0,20,0,0,8,12,7,12.47142857,0,0,8,12,7,12.47142857,0,12.7,3.7,-1.7,Graduate,0.875,1.5,0.0,0.5456249999375,-14.700000000000003,0,0,0,0
4351,1,44,1,9085,1,39,140.0,1,3,1,4,3,140.0,1,0,0,1,0,1,20,0,2,6,11,6,11.83333333,0,1,6,17,5,11.85714286,0,12.4,0.5,1.79,Graduate,1.0,1.8333333333333333,0.0,0.5916666665,0.0,0,0,0,0
4352,1,1,3,9070,1,1,150.0,1,1,1,4,8,131.5,1,0,0,1,0,0,20,0,0,6,6,6,12.5,0,0,6,6,6,12.83333333,0,7.6,2.6,0.32,Graduate,1.0,1.0,0.0,0.625,-18.5,0,0,0,0
4353,1,1,6,9853,1,1,140.0,1,38,38,9,7,137.6,1,0,0,1,0,0,18,0,0,6,7,6,11.66666667,0,0,6,7,6,12.33333333,0,10.8,1.4,1.74,Dropout,1.0,1.1666666666666667,0.0,0.5833333334999999,-2.4000000000000057,0,0,0,0
4354,1,1,1,171,1,1,141.0,1,3,1,4,4,142.8,1,0,0,1,0,0,18,0,0,0,0,0,0.0,0,0,0,0,0,0.0,0,12.4,0.5,1.79,Graduate,0.0,0.0,0.0,0.0,1.8000000000000114,1,0,0,0
4355,4,39,1,9991,0,1,150.0,1,37,38,9,9,146.2,0,0,0,1,0,0,30,0,0,5,11,3,10.33333333,0,0,5,10,4,12.8,0,12.4,0.5,1.79,Enrolled,0.6,2.2,0.0,0.3099999999,-3.8000000000000114,0,0,0,1
4356,1,1,2,9085,1,1,160.0,1,4,19,2,5,162.1,1,0,0,1,0,0,18,0,0,5,8,5,16.16666667,2,0,5,9,5,14.28571429,1,9.4,-0.8,-3.12,Graduate,1.0,1.6,0.4,0.8083333335,2.0999999999999943,0,0,0,0
4357,1,39,1,9085,1,19,133.1,1,37,37,4,8,140.0,0,0,0,1,0,0,35,0,0,6,11,3,12.66666667,0,0,6,7,0,0.0,0,11.1,0.6,2.02,Dropout,0.5,1.8333333333333333,0.0,0.31666666675,6.900000000000006,0,0,0,1
4358,1,39,1,8014,0,1,133.1,1,19,37,7,8,120.0,0,0,1,0,0,0,31,0,0,6,14,2,10.5,0,0,6,6,3,12.33333333,0,11.1,0.6,2.02,Dropout,0.3333333333333333,2.3333333333333335,0.0,0.175,-13.099999999999994,0,0,1,1
4359,1,43,1,9254,1,1,134.0,1,37,37,9,9,133.3,1,0,1,1,0,0,19,0,0,6,13,2,11.5,0,0,6,13,1,11.0,0,7.6,2.6,0.32,Dropout,0.3333333333333333,2.1666666666666665,0.0,0.19166666666666665,-0.6999999999999886,0,0,1,0
4360,1,1,4,9238,1,1,130.0,1,1,19,4,5,124.8,1,0,0,1,0,0,19,0,0,6,6,6,13.0,0,0,6,8,5,13.4,0,8.9,1.4,3.51,Graduate,1.0,1.0,0.0,0.65,-5.200000000000003,0,0,0,0
4361,1,17,4,9500,1,1,140.0,1,19,37,4,8,133.3,1,0,0,1,0,0,19,0,0,7,7,6,11.96666667,0,0,7,7,6,11.96666667,0,7.6,2.6,0.32,Graduate,0.8571428571428571,1.0,0.0,0.5128571430000001,-6.699999999999989,0,0,0,0
4362,1,17,1,9500,1,1,145.0,1,3,3,2,3,141.8,0,0,0,1,0,0,19,0,0,8,8,8,13.3475,0,0,8,8,8,13.3475,0,9.4,-0.8,-3.12,Graduate,1.0,1.0,0.0,0.667375,-3.1999999999999886,0,0,0,0
4363,1,1,3,9085,1,1,133.0,1,1,38,9,90,128.2,0,0,0,1,0,0,21,0,0,5,7,5,12.0,0,0,5,7,4,12.5,0,7.6,2.6,0.32,Graduate,1.0,1.4,0.0,0.6,-4.800000000000011,0,0,0,0
4364,1,17,3,9853,1,1,133.1,1,34,34,0,0,115.0,0,0,0,1,0,0,18,0,0,6,10,2,10.5,0,0,6,13,0,0.0,0,7.6,2.6,0.32,Dropout,0.3333333333333333,1.6666666666666667,0.0,0.175,-18.099999999999994,0,0,0,0
4365,1,17,1,9238,1,1,132.0,1,37,37,9,9,123.6,1,0,0,1,0,0,18,0,0,6,9,4,11.5,0,0,6,10,4,10.75,0,7.6,2.6,0.32,Enrolled,0.6666666666666666,1.5,0.0,0.3833333333333333,-8.400000000000006,0,0,0,0
4366,1,1,2,171,1,1,117.0,1,38,38,4,9,120.2,1,0,0,1,1,0,19,0,0,0,0,0,0.0,0,0,0,0,0,0.0,0,7.6,2.6,0.32,Graduate,0.0,0.0,0.0,0.0,3.200000000000003,1,0,0,0
4367,1,1,1,9670,1,1,127.0,1,3,19,3,9,127.0,1,0,0,1,1,0,18,0,0,6,9,6,13.57142857,0,0,6,11,4,14.0,0,12.4,0.5,1.79,Graduate,1.0,1.5,0.0,0.6785714285,0.0,0,0,0,0
4368,1,17,1,9085,1,1,134.0,1,19,19,1,1,120.4,1,0,0,1,1,0,18,0,0,6,10,6,14.7,0,0,6,10,6,12.0,0,16.2,0.3,-0.92,Graduate,1.0,1.6666666666666667,0.0,0.735,-13.599999999999994,0,0,0,0
4369,1,39,1,9991,0,1,120.0,1,37,37,9,9,120.0,1,0,0,0,1,0,25,0,0,5,5,0,0.0,0,0,5,5,0,0.0,0,9.4,-0.8,-3.12,Dropout,0.0,1.0,0.0,0.0,0.0,0,0,1,1
4370,1,1,1,9500,1,1,136.0,1,2,2,3,3,120.0,1,0,0,1,1,0,18,0,0,7,8,6,11.83333333,0,0,7,8,6,11.83333333,0,7.6,2.6,0.32,Enrolled,0.8571428571428571,1.1428571428571428,0.0,0.507142857,-16.0,0,0,0,0
4371,1,1,3,171,1,1,137.0,1,1,3,5,2,133.9,1,0,0,1,1,0,19,0,0,0,0,0,0.0,0,0,0,0,0,0.0,0,12.7,3.7,-1.7,Graduate,0.0,0.0,0.0,0.0,-3.0999999999999943,1,0,0,0
4372,1,1,6,9500,1,1,118.0,1,38,19,3,3,113.5,1,0,0,1,1,0,18,0,0,7,7,7,13.17571429,0,0,8,8,8,14.925,0,12.4,0.5,1.79,Graduate,1.0,1.0,0.0,0.6587857145,-4.5,0,0,0,0
4373,1,39,1,9003,1,1,130.0,1,12,12,9,9,126.1,0,0,0,1,1,0,24,0,0,6,7,0,0.0,0,0,6,10,0,0.0,0,12.4,0.5,1.79,Dropout,0.0,1.1666666666666667,0.0,0.0,-3.9000000000000057,0,0,0,0
4374,1,1,1,9238,1,1,124.0,1,37,37,7,9,121.2,0,0,0,1,0,0,19,0,0,6,12,2,13.0,0,0,6,9,6,10.83333333,0,7.6,2.6,0.32,Enrolled,0.3333333333333333,2.0,0.0,0.21666666666666667,-2.799999999999997,0,0,0,0
4375,5,7,1,9500,1,40,150.0,1,37,37,4,9,150.0,0,0,0,1,0,0,29,0,1,8,11,7,13.74285714,0,1,8,11,7,13.74285714,0,12.7,3.7,-1.7,Graduate,0.875,1.375,0.0,0.601249999875,0.0,0,0,0,1
4376,1,43,1,9991,0,1,161.0,1,37,37,9,9,100.0,1,0,0,1,0,0,27,0,0,5,5,0,0.0,0,0,5,5,0,0.0,0,7.6,2.6,0.32,Dropout,0.0,1.0,0.0,0.0,-61.0,0,0,0,1
4377,1,17,6,9500,1,1,143.0,1,38,1,9,10,127.3,1,0,0,1,0,0,18,0,0,7,8,7,12.21714286,0,0,8,11,7,12.11875,0,11.1,0.6,2.02,Graduate,1.0,1.1428571428571428,0.0,0.6108571429999999,-15.700000000000003,0,0,0,0
4378,2,43,1,9991,0,1,130.0,1,37,37,9,9,103.8,0,0,0,1,0,0,28,0,14,15,15,14,11.07142857,0,12,14,16,12,11.33333333,1,9.4,-0.8,-3.12,Dropout,0.9333333333333333,1.0,0.0,0.5166666665999999,-26.200000000000003,0,0,0,1
4379,2,39,1,9853,1,19,133.1,1,37,37,9,9,131.0,0,0,0,1,0,1,32,0,0,7,10,7,13.42857143,0,2,8,8,8,13.25,0,13.9,-0.3,0.79,Graduate,1.0,1.4285714285714286,0.0,0.6714285715,-2.0999999999999943,0,0,0,1
4380,1,39,1,9991,0,1,110.0,1,37,37,7,7,133.9,0,0,0,1,0,0,30,0,0,5,7,5,11.4,0,0,5,6,5,13.66666667,0,10.8,1.4,1.74,Dropout,1.0,1.4,0.0,0.5700000000000001,23.900000000000006,0,0,0,1
4381,1,7,1,9500,1,2,140.0,1,38,37,7,8,140.0,0,0,0,1,0,0,29,0,0,8,14,4,11.325,1,0,8,14,4,11.325,1,12.7,3.7,-1.7,Dropout,0.5,1.75,0.125,0.28312499999999996,0.0,0,0,0,1
4382,1,1,2,9238,1,1,145.0,1,1,19,4,8,121.4,0,0,0,1,0,0,20,0,0,6,13,0,0.0,0,0,5,11,0,0.0,0,9.4,-0.8,-3.12,Enrolled,0.0,2.1666666666666665,0.0,0.0,-23.599999999999994,0,0,0,0
4383,1,1,1,9500,1,1,131.0,1,1,1,9,9,122.0,0,0,0,1,0,0,19,0,0,8,8,7,15.0,0,0,8,8,7,15.0,0,12.7,3.7,-1.7,Graduate,0.875,1.0,0.0,0.65625,-9.0,0,0,0,0
4384,1,39,2,8014,0,1,141.0,1,37,37,9,9,150.5,0,0,0,1,0,0,29,0,0,6,7,6,13.16666667,0,0,6,8,6,15.625,0,12.4,0.5,1.79,Graduate,1.0,1.1666666666666667,0.0,0.6583333335,9.5,0,0,0,1
4385,2,1,1,9238,1,1,145.0,1,37,34,9,7,139.4,0,0,0,0,0,0,27,0,0,6,12,2,11.0,0,0,6,14,4,10.5,0,9.4,-0.8,-3.12,Dropout,0.3333333333333333,2.0,0.0,0.18333333333333335,-5.599999999999994,0,0,1,1
4386,1,1,1,9238,1,1,122.0,1,19,19,193,194,112.6,0,0,0,1,0,0,19,0,0,6,0,0,0.0,0,0,6,0,0,0.0,0,12.4,0.5,1.79,Dropout,0.0,0.0,0.0,0.0,-9.400000000000006,0,0,0,0
4387,1,17,1,9670,1,1,118.0,1,37,38,8,7,115.2,1,0,0,1,0,1,21,0,0,5,7,3,12.33333333,0,0,5,5,2,12.5,0,7.6,2.6,0.32,Dropout,0.6,1.4,0.0,0.3699999999,-2.799999999999997,0,0,0,0
4388,2,1,1,9991,0,1,150.0,1,37,37,9,9,131.8,0,0,0,0,0,0,29,0,0,5,6,4,12.25,0,0,5,6,5,10.16666667,0,10.8,1.4,1.74,Dropout,0.8,1.2,0.0,0.49000000000000005,-18.19999999999999,0,0,1,1
4389,2,43,1,9147,1,2,120.0,1,37,37,9,9,122.8,0,0,1,0,0,0,42,0,13,13,13,13,11.92307692,0,12,12,12,12,12.5,0,15.5,2.8,-4.06,Dropout,1.0,1.0,0.0,0.596153846,2.799999999999997,0,0,1,1
4390,1,1,1,9238,1,1,167.0,1,19,19,9,7,156.2,0,0,0,1,0,1,18,0,0,6,6,6,14.33333333,0,0,6,7,6,14.14285714,0,15.5,2.8,-4.06,Graduate,1.0,1.0,0.0,0.7166666665,-10.800000000000011,0,0,0,0
4391,1,39,1,9085,1,1,150.0,1,38,38,9,9,132.0,1,0,0,1,0,0,24,0,0,5,6,5,12.0,0,0,5,5,5,13.0,0,10.8,1.4,1.74,Graduate,1.0,1.2,0.0,0.6,-18.0,0,0,0,0
4392,2,7,1,9500,1,3,130.0,1,37,37,9,5,130.0,0,0,0,1,0,0,32,0,0,7,9,7,13.76111111,0,1,8,11,7,12.06375,0,15.5,2.8,-4.06,Enrolled,1.0,1.2857142857142858,0.0,0.6880555555,0.0,0,0,0,1
4393,1,1,1,9147,1,1,151.0,1,37,1,4,10,138.4,0,0,0,1,0,0,18,0,0,5,6,4,11.25,0,0,5,8,5,11.0,0,10.8,1.4,1.74,Enrolled,0.8,1.2,0.0,0.45,-12.599999999999994,0,0,0,0
4394,1,39,1,9991,0,1,120.0,1,38,38,5,7,146.2,0,0,0,1,0,0,27,0,0,5,10,3,12.33333333,0,0,5,10,3,10.66666667,0,11.1,0.6,2.02,Graduate,0.6,2.0,0.0,0.3699999999,26.19999999999999,0,0,0,1
4395,1,1,4,9500,1,1,168.0,1,38,1,9,10,166.0,1,0,0,1,0,0,18,0,0,8,8,8,14.88875,0,0,8,8,8,14.88875,0,9.4,-0.8,-3.12,Graduate,1.0,1.0,0.0,0.7444375,-2.0,0,0,0,0
4396,1,17,3,9773,1,1,153.0,1,34,34,Unknown/not stated,Unknown/not stated,133.1,1,0,1,1,0,1,19,0,0,6,8,6,12.16666667,0,0,6,8,5,12.4,0,9.4,-0.8,-3.12,Dropout,1.0,1.3333333333333333,0.0,0.6083333335,-19.900000000000006,0,0,1,0
4397,1,1,2,9773,1,1,131.0,1,19,37,9,10,121.9,1,0,0,1,0,1,18,0,0,6,7,6,12.66666667,0,0,6,6,6,13.33333333,0,11.1,0.6,2.02,Graduate,1.0,1.1666666666666667,0.0,0.6333333335,-9.099999999999994,0,0,0,0
4398,1,5,4,9853,1,1,116.0,1,3,38,3,8,110.4,1,0,0,1,0,0,21,0,0,6,9,5,12.6,0,0,6,9,3,11.66666667,0,9.4,-0.8,-3.12,Enrolled,0.8333333333333334,1.5,0.0,0.525,-5.599999999999994,0,0,0,0
4399,1,39,1,9147,1,1,160.0,1,38,38,7,9,121.4,0,1,0,1,0,1,26,0,0,5,8,4,13.0,0,0,5,10,4,12.25,2,16.2,0.3,-0.92,Graduate,0.8,1.6,0.0,0.52,-38.599999999999994,0,0,0,1
4400,1,1,1,9254,1,1,152.0,1,37,19,9,9,137.0,1,0,0,1,0,1,22,0,0,6,9,6,13.875,0,0,6,6,6,14.33333333,0,9.4,-0.8,-3.12,Graduate,1.0,1.5,0.0,0.69375,-15.0,0,0,0,0
4401,2,39,1,9991,0,1,133.1,1,37,37,6,3,140.0,0,0,1,1,1,0,37,0,0,5,10,4,10.75,0,0,5,12,3,13.33333333,0,9.4,-0.8,-3.12,Dropout,0.8,2.0,0.0,0.43,6.900000000000006,0,0,1,1
4402,1,7,1,9085,1,3,150.0,1,19,37,90,90,140.0,0,0,0,1,1,0,24,0,3,5,10,3,14.66666667,1,0,5,5,0,0.0,0,7.6,2.6,0.32,Dropout,0.6,2.0,0.2,0.44000000009999995,-10.0,0,0,0,0
4403,1,18,2,9853,1,1,168.0,1,1,19,3,9,126.8,1,0,0,1,1,0,18,0,0,6,7,5,12.6,0,0,6,6,6,13.0,0,10.8,1.4,1.74,Enrolled,0.8333333333333334,1.1666666666666667,0.0,0.525,-41.2,0,0,0,0
4404,1,17,3,9500,1,1,137.0,1,1,1,4,10,124.8,1,0,0,1,1,1,19,0,0,7,11,6,12.4125,0,0,8,12,7,11.2625,0,15.5,2.8,-4.06,Graduate,0.8571428571428571,1.5714285714285714,0.0,0.5319642857142857,-12.200000000000003,0,0,0,0
4405,2,39,1,9130,1,19,133.1,1,2,1,8,8,120.0,1,0,1,0,1,0,28,0,0,6,12,1,11.0,0,0,6,9,2,10.5,0,16.2,0.3,-0.92,Dropout,0.16666666666666666,2.0,0.0,0.09166666666666667,-13.099999999999994,0,0,1,1
4406,1,1,4,9500,1,1,160.0,1,37,37,7,7,133.0,1,0,0,1,1,1,18,0,0,8,8,7,14.31428571,0,0,8,8,7,14.31428571,0,12.7,3.7,-1.7,Graduate,0.875,1.0,0.0,0.6262499998125001,-27.0,0,0,0,0
4407,1,1,1,9070,1,1,145.0,1,1,38,5,7,127.5,1,0,0,1,1,0,20,0,0,6,6,4,12.0,0,0,6,8,2,11.33333333,0,10.8,1.4,1.74,Enrolled,0.6666666666666666,1.0,0.0,0.39999999999999997,-17.5,0,0,0,0
4408,1,1,1,9773,1,1,138.0,1,1,19,4,4,131.7,1,0,0,1,1,0,18,0,0,6,6,6,12.83333333,0,0,6,7,6,13.28571429,0,15.5,2.8,-4.06,Graduate,1.0,1.0,0.0,0.6416666665,-6.300000000000011,0,0,0,0
4409,2,39,1,9773,1,1,100.0,1,37,37,9,9,133.0,0,0,0,1,1,0,47,0,0,6,8,5,11.4,0,0,6,10,6,11.66666667,0,12.7,3.7,-1.7,Dropout,0.8333333333333334,1.3333333333333333,0.0,0.4750000000000001,33.0,0,0,0,1
4410,2,43,1,9991,0,1,140.0,1,37,37,4,1,122.7,0,0,0,1,1,0,38,0,0,5,5,5,14.6,0,0,5,6,5,14.33333333,0,13.9,-0.3,0.79,Graduate,1.0,1.0,0.0,0.73,-17.299999999999997,0,0,0,1
4411,1,1,1,9070,1,1,124.0,1,37,19,9,4,121.2,0,0,0,1,1,1,20,0,1,6,7,6,13.5,0,1,6,9,5,12.5,0,10.8,1.4,1.74,Graduate,1.0,1.1666666666666667,0.0,0.675,-2.799999999999997,0,0,0,0
4412,1,44,1,9130,1,39,150.0,1,37,37,9,3,150.0,1,0,0,1,1,0,21,0,1,6,8,6,12.5,0,0,6,11,3,13.33333333,0,13.9,-0.3,0.79,Dropout,1.0,1.3333333333333333,0.0,0.625,0.0,0,0,0,0
4413,1,43,1,9070,1,1,125.0,1,19,19,7,8,133.4,1,0,0,1,1,1,19,0,4,6,6,4,13.0,0,2,6,7,5,12.2,0,13.9,-0.3,0.79,Enrolled,0.6666666666666666,1.0,0.0,0.43333333333333335,8.400000000000006,0,0,0,0
4414,1,43,1,33,1,1,143.0,1,37,1,9,10,121.2,1,0,0,1,1,0,25,0,5,10,13,5,11.6,0,2,8,10,2,13.0,0,12.4,0.5,1.79,Enrolled,0.5,1.3,0.0,0.29,-21.799999999999997,0,0,0,1
4415,1,1,1,9130,1,1,137.0,1,3,38,3,5,129.3,1,0,0,1,0,0,18,0,0,5,6,5,11.8,1,0,5,8,5,11.6,0,9.4,-0.8,-3.12,Graduate,1.0,1.2,0.2,0.5900000000000001,-7.699999999999989,0,0,0,0
4416,4,39,1,9500,1,19,133.1,1,37,37,6,6,117.8,0,0,1,0,0,0,46,0,0,7,14,3,12.33333333,0,0,7,12,3,11.08333333,0,11.1,0.6,2.02,Dropout,0.42857142857142855,2.0,0.0,0.2642857142142857,-15.299999999999997,0,0,1,1
4417,1,43,2,9500,1,1,136.0,1,38,38,9,5,131.3,0,0,0,1,0,0,23,0,11,14,15,12,12.625,1,11,14,15,12,12.625,1,7.6,2.6,0.32,Graduate,0.8571428571428571,1.0714285714285714,0.07142857142857142,0.5410714285714285,-4.699999999999989,0,0,0,0
4418,1,1,1,9070,1,1,132.0,1,1,1,9,9,133.8,1,0,0,1,0,1,20,0,0,6,6,6,13.83333333,0,0,6,6,6,13.5,0,16.2,0.3,-0.92,Graduate,1.0,1.0,0.0,0.6916666665,1.8000000000000114,0,0,0,0
4419,1,44,1,9070,1,39,120.0,1,3,38,3,9,120.0,0,0,0,1,1,0,20,0,2,7,7,6,12.5,0,5,9,10,7,13.14285714,1,16.2,0.3,-0.92,Graduate,0.8571428571428571,1.0,0.0,0.5357142857142857,0.0,0,0,0,0
4420,1,1,6,9773,1,1,125.0,1,1,1,5,4,122.2,0,0,0,1,1,0,19,0,0,6,7,5,13.6,0,0,6,8,5,12.66666667,0,15.5,2.8,-4.06,Graduate,0.8333333333333334,1.1666666666666667,0.0,0.5666666666666667,-2.799999999999997,0,0,0,0
4421,1,1,2,9773,1,1,120.0,105,1,1,9,9,119.0,1,0,1,0,0,0,18,1,0,6,6,6,12.0,0,0,6,6,2,11.0,0,11.1,0.6,2.02,Dropout,1.0,1.0,0.0,0.6,-1.0,0,0,1,0
4422,1,1,1,9500,1,1,154.0,1,37,37,9,9,149.5,1,0,0,1,0,1,30,0,0,7,8,7,14.9125,0,0,8,9,1,13.5,0,13.9,-0.3,0.79,Dropout,1.0,1.1428571428571428,0.0,0.745625,-4.5,0,0,0,1
4423,1,1,1,9147,1,1,180.0,1,37,37,7,4,153.8,1,0,0,1,0,1,20,0,0,5,5,5,13.8,0,0,5,6,5,12.0,0,9.4,-0.8,-3.12,Graduate,1.0,1.0,0.0,0.6900000000000001,-26.19999999999999,0,0,0,0
4424,1,10,1,9773,1,1,152.0,22,38,37,5,9,152.0,1,0,0,1,0,0,22,1,0,6,8,6,11.66666667,0,0,6,6,6,13.0,0,12.7,3.7,-1.7,Graduate,1.0,1.3333333333333333,0.0,0.5833333334999999,0.0,0,0,0,0
