record_id,numeric__first_sem_progress_index,numeric__first_sem_approval_rate,numeric__Curricular units 1st sem (approved),numeric__Curricular units 1st sem (grade),numeric__first_sem_evaluation_intensity,numeric__Curricular units 1st sem (evaluations),categorical__Tuition fees up to date_0,categorical__Tuition fees up to date_1,categorical__financial_risk_flag_1,categorical__financial_risk_flag_0,numeric__Curricular units 1st sem (enrolled),numeric__Previous qualification (grade),categorical__Scholarship holder_0,categorical__Scholarship holder_1,categorical__Debtor_1,categorical__Debtor_0,numeric__academic_preparation_gap,categorical__Application mode_39,categorical__Application mode_1,categorical__Course_9500,numeric__Admission grade,categorical__Course_9119,categorical__Mother's occupation_0,categorical__Mother's qualification_34,categorical__Previous qualification_1,categorical__Father's qualification_34,numeric__Application order,numeric__GDP,numeric__Inflation rate,categorical__Father's occupation_0,Target
1,-1.5686274513099354,-1.6666666666666667,-1.6666666666666667,-5.1354731137974134,-1.9999999999999996,-2.0,0.0,1.0,0.0,1.0,-3.0,-0.7399999999999997,1.0,0.0,0.0,1.0,0.8974358974358984,0.0,0.0,0.0,0.0760233918128653,0.0,0.0,0.0,1.0,0.0,4.0,0.4068767908309455,0.0,0.0,Dropout
2,0.4901960785343547,0.33333333333333326,0.3333333333333333,0.7002917882451017,-0.3333333333333332,-0.5,1.0,0.0,1.0,0.0,0.0,1.7933333333333337,1.0,0.0,0.0,1.0,-1.051282051282052,0.0,0.0,0.0,0.9649122807017539,0.0,0.0,0.0,1.0,0.0,0.0,0.1346704871060172,-0.7391304347826085,0.0,Graduate
4,0.40616246528140665,0.33333333333333326,0.3333333333333333,0.4620973030429342,0.22222222222222213,0.0,0.0,1.0,0.0,1.0,0.0,-0.7399999999999997,1.0,0.0,0.0,1.0,0.2393162393162393,0.0,0.0,0.0,-0.37426900584795336,0.0,0.0,0.0,1.0,0.0,1.0,-0.98567335243553,-0.9565217391304347,0.0,Graduate
5,-0.05718954290417129,0.0,0.0,0.005557869945810766,0.5,0.25,0.0,1.0,0.0,1.0,0.0,-2.206666666666666,1.0,0.0,0.0,1.0,3.9914529914529955,1.0,0.0,0.0,0.9064327485380113,0.0,0.0,0.0,1.0,0.0,0.0,0.1346704871060172,-0.7391304347826085,0.0,Graduate
6,0.17507002846815203,0.33333333333333326,0.0,-0.1929375323051273,1.3333333333333333,0.5,0.0,1.0,1.0,0.0,-0.5,0.0,1.0,0.0,1.0,0.0,-1.1196581196581203,1.0,0.0,0.0,-0.654970760233918,0.0,0.0,0.0,0.0,0.0,0.0,-0.3553008595988538,-0.4782608695652173,0.0,Graduate
7,0.3872549020421404,0.33333333333333326,0.6666666666666666,0.40850354314297627,0.14285714285714307,0.25,0.0,1.0,0.0,1.0,0.5,0.5933333333333337,0.0,1.0,0.0,1.0,-0.717948717948718,0.0,1.0,1.0,0.14035087719298273,0.0,0.0,0.0,1.0,0.0,0.0,-1.2550143266475644,0.608695652173913,0.0,Graduate
8,-1.5686274513099354,-1.6666666666666667,-1.6666666666666667,-5.1354731137974134,-0.3333333333333332,-0.75,1.0,0.0,1.0,0.0,-0.5,-0.9399999999999996,1.0,0.0,0.0,1.0,-0.05982905982906013,0.0,0.0,0.0,-0.7543859649122806,0.0,0.0,0.0,1.0,0.0,3.0,-1.2550143266475644,0.608695652173913,0.0,Dropout
9,0.47181372558931645,0.33333333333333326,0.3333333333333333,0.648186744476865,0.22222222222222213,0.0,0.0,1.0,0.0,1.0,0.0,0.2600000000000004,0.0,1.0,0.0,1.0,-0.21367521367521267,0.0,1.0,0.0,0.19298245614035145,0.0,0.0,0.0,1.0,0.0,2.0,-0.3553008595988538,-0.4782608695652173,0.0,Graduate
10,-0.1715686274870239,0.0,0.0,-0.38349312213422243,0.5,0.25,1.0,0.0,1.0,0.0,0.0,0.32666666666666705,1.0,0.0,1.0,0.0,-0.8376068376068382,0.0,1.0,0.0,-0.17543859649122798,0.0,0.0,0.0,1.0,0.0,0.0,0.9140401146131805,0.0,0.0,Dropout
11,0.24509803877698141,0.33333333333333326,0.3333333333333333,0.005557869945810766,-0.3333333333333332,-0.5,0.0,1.0,0.0,1.0,0.0,0.3933333333333337,1.0,0.0,0.0,1.0,-0.27350427350427403,0.0,1.0,0.0,0.2690058479532159,0.0,0.0,0.0,1.0,0.0,0.0,0.1346704871060172,-0.7391304347826085,0.0,Graduate
12,0.13174019555463726,0.08333333333333326,0.6666666666666666,0.37277436848686946,-0.3333333333333332,0.0,0.0,1.0,0.0,1.0,1.0,0.19333333333333372,0.0,1.0,0.0,1.0,-0.9829059829059839,0.0,1.0,1.0,-0.391812865497076,0.0,0.0,0.0,1.0,0.0,0.0,-0.5787965616045845,1.0,0.0,Graduate
13,-1.5686274513099354,-1.6666666666666667,-1.6666666666666667,-5.1354731137974134,-0.3333333333333332,-0.5,0.0,1.0,0.0,1.0,0.0,-0.006666666666666288,1.0,0.0,0.0,1.0,0.2051282051282046,0.0,1.0,0.0,0.2456140350877185,0.0,0.0,0.0,1.0,0.0,1.0,-0.5787965616045845,1.0,0.0,Dropout
14,-0.01400560245392257,0.33333333333333326,0.3333333333333333,-0.7288751271363065,-0.05555555555555535,-0.25,0.0,1.0,0.0,1.0,0.0,-1.5399999999999996,0.0,1.0,0.0,1.0,0.5982905982905988,0.0,0.0,0.0,-0.8304093567251459,0.0,0.0,0.0,0.0,0.0,0.0,0.9140401146131805,0.0,0.0,Graduate
15,-0.009803921570686996,-0.06666666666666665,-0.3333333333333333,0.3876615256356813,0.3333333333333332,-0.25,0.0,1.0,0.0,1.0,-0.5,1.0600000000000003,0.0,1.0,0.0,1.0,-0.5726495726495735,0.0,1.0,0.0,0.6491228070175432,0.0,0.0,0.0,1.0,0.0,0.0,0.4068767908309455,0.0,0.0,Graduate
16,0.04901960785343531,0.0,0.0,0.36681950812838626,-0.3333333333333332,-0.5,0.0,1.0,0.0,1.0,0.0,-0.4066666666666663,1.0,0.0,0.0,1.0,-0.09401709401709363,0.0,1.0,0.0,-0.30994152046783596,0.0,0.0,0.0,1.0,0.0,0.0,-1.2550143266475644,0.608695652173913,0.0,Dropout
17,-1.2745098041893226,-1.3333333333333335,-1.3333333333333333,-0.13338891204668618,0.7777777777777779,0.5,0.0,1.0,0.0,1.0,0.0,0.2600000000000004,1.0,0.0,0.0,1.0,0.4786324786324798,0.0,0.0,0.0,0.6666666666666666,0.0,0.0,0.0,1.0,0.0,0.0,0.4068767908309455,0.0,0.0,Enrolled
18,0.3881740196893922,0.33333333333333326,0.6666666666666666,0.41110879533138794,-0.09523809523809526,0.0,0.0,1.0,0.0,1.0,0.5,0.12666666666666704,1.0,0.0,0.0,1.0,-0.2136752136752139,0.0,0.0,1.0,0.0760233918128653,0.0,0.0,0.0,1.0,0.0,1.0,-1.2550143266475644,0.608695652173913,0.0,Graduate
20,-0.09803921528670312,0.04761904761904745,0.3333333333333333,-0.2723356940391831,-0.3333333333333332,-0.25,0.0,1.0,0.0,1.0,0.5,0.46000000000000035,1.0,0.0,0.0,1.0,-0.8717948717948729,0.0,1.0,0.0,-0.08187134502924005,0.0,0.0,0.0,1.0,0.0,0.0,-0.3553008595988538,-0.4782608695652173,0.0,Enrolled
21,-1.5686274513099354,-1.6666666666666667,-1.6666666666666667,-5.1354731137974134,-1.9999999999999996,-2.0,0.0,1.0,0.0,1.0,-3.0,-0.7399999999999997,0.0,1.0,0.0,1.0,0.2991452991452994,0.0,1.0,0.0,-0.3333333333333333,0.0,0.0,0.0,1.0,0.0,2.0,0.48710601719197705,-0.3478260869565217,0.0,Graduate
23,0.08578431411115921,0.08333333333333326,0.6666666666666666,0.22390281784076668,0.5,1.0,0.0,1.0,0.0,1.0,1.0,0.5933333333333337,1.0,0.0,0.0,1.0,-0.9658119658119665,0.0,1.0,1.0,-0.02923976608187133,0.0,0.0,0.0,1.0,0.0,3.0,-0.5787965616045845,1.0,0.0,Graduate
24,0.3982843138091632,0.33333333333333326,0.3333333333333333,0.439766569403918,0.22222222222222213,0.0,0.0,1.0,0.0,1.0,0.0,-0.5399999999999996,0.0,1.0,0.0,1.0,-0.4188034188034185,0.0,1.0,0.0,-0.6491228070175432,0.0,0.0,0.0,1.0,0.0,3.0,0.48710601719197705,-0.3478260869565217,0.0,Graduate
25,0.10742296963041102,0.04761904761904745,0.3333333333333333,0.40711407669862437,-0.09523809523809526,0.0,0.0,1.0,0.0,1.0,0.5,-0.47333333333333294,1.0,0.0,0.0,1.0,0.26495726495726596,0.0,1.0,1.0,-0.12280701754385925,0.0,0.0,0.0,1.0,0.0,0.0,0.48710601719197705,-0.3478260869565217,0.0,Graduate
26,-0.14705882356030642,0.0,0.0,-0.3001250521050439,0.22222222222222213,0.0,0.0,1.0,1.0,0.0,0.0,1.1933333333333338,0.0,1.0,1.0,0.0,0.9572649572649584,0.0,1.0,0.0,1.8128654970760225,0.0,0.0,0.0,1.0,0.0,0.0,0.0,0.5217391304347826,0.0,Enrolled
28,0.29411764761080894,0.33333333333333326,0.0,0.14450465610671082,1.0,0.25,0.0,1.0,0.0,1.0,-0.5,0.32666666666666705,1.0,0.0,0.0,1.0,-0.15384615384615374,0.0,1.0,0.0,0.2923976608187133,0.0,0.0,0.0,1.0,0.0,0.0,-0.98567335243553,-0.9565217391304347,0.0,Enrolled
29,0.1960784314137419,0.33333333333333326,0.0,-0.13338891204668618,0.0,-0.5,0.0,1.0,0.0,1.0,-0.5,0.12666666666666704,1.0,0.0,0.0,1.0,-0.658119658119659,0.0,1.0,0.0,-0.2280701754385967,0.0,0.0,0.0,1.0,0.0,0.0,-0.3553008595988538,-0.4782608695652173,0.0,Graduate
30,0.06162464945272215,0.04761904761904745,0.3333333333333333,0.255662080033347,0.14285714285714307,0.25,0.0,1.0,0.0,1.0,0.5,-0.4066666666666663,1.0,0.0,0.0,1.0,-0.25641025641025667,0.0,0.0,1.0,-0.42105263157894735,0.0,0.0,0.0,1.0,0.0,1.0,-0.3553008595988538,-0.4782608695652173,0.0,Enrolled
33,-0.5686274513939693,-0.4666666666666668,-0.6666666666666666,-0.4112824802000832,1.0,0.25,1.0,0.0,1.0,0.0,-0.5,0.6600000000000004,1.0,0.0,0.0,1.0,0.08547008547008676,0.0,1.0,0.0,0.7485380116959067,0.0,0.0,0.0,1.0,0.0,0.0,0.9140401146131805,0.0,0.0,Enrolled
34,0.29411764761080894,0.33333333333333326,0.3333333333333333,0.14450465610671082,-0.3333333333333332,-0.5,0.0,1.0,0.0,1.0,0.0,0.32666666666666705,1.0,0.0,0.0,1.0,0.14529914529914567,0.0,0.0,0.0,0.4970760233918126,0.0,0.0,0.0,1.0,0.0,0.0,0.42120343839541546,-0.39130434782608686,0.0,Graduate
35,0.25490196083786454,0.33333333333333326,0.0,0.033347228011671545,0.0,-0.5,0.0,1.0,0.0,1.0,-0.5,-0.20666666666666628,1.0,0.0,0.0,1.0,0.5641025641025654,0.0,1.0,0.0,0.3157894736842107,0.0,0.0,0.0,1.0,0.0,0.0,0.1346704871060172,-0.7391304347826085,0.0,Graduate
36,-1.5686274513099354,-1.6666666666666667,-1.6666666666666667,-5.1354731137974134,-0.3333333333333332,-0.25,1.0,0.0,1.0,0.0,0.5,-0.20666666666666628,1.0,0.0,1.0,0.0,-1.9059829059829076,1.0,0.0,0.0,-1.3742690058479525,0.0,0.0,0.0,1.0,0.0,0.0,0.9140401146131805,0.0,0.0,Dropout
37,-1.5686274513099354,-1.6666666666666667,-1.6666666666666667,-5.1354731137974134,-1.9999999999999996,-2.0,0.0,1.0,0.0,1.0,-0.5,0.0,1.0,0.0,0.0,1.0,0.0769230769230787,1.0,0.0,0.0,0.1637426900584801,1.0,1.0,1.0,0.0,0.0,0.0,0.0,0.5217391304347826,1.0,Dropout
39,0.049019607853435634,0.33333333333333326,0.0,-0.5502292621925802,0.6666666666666667,0.0,0.0,1.0,0.0,1.0,-0.5,-0.873333333333333,1.0,0.0,0.0,1.0,-0.07692307692307628,1.0,0.0,0.0,-0.7076023391812859,0.0,0.0,0.0,1.0,0.0,0.0,0.0,0.5217391304347826,0.0,Graduate
40,-0.7107843136297165,-0.6666666666666667,-0.6666666666666666,-0.2723356940391831,1.6111111111111107,1.25,1.0,0.0,1.0,0.0,0.0,-0.873333333333333,1.0,0.0,1.0,0.0,0.44444444444444514,0.0,0.0,0.0,-0.35087719298245595,0.0,0.0,0.0,0.0,0.0,0.0,0.42120343839541546,-0.39130434782608686,0.0,Dropout
41,-0.3186274510473308,-0.3333333333333335,-0.3333333333333333,0.1792413505627343,-0.3333333333333332,-0.5,0.0,1.0,1.0,0.0,0.0,-0.47333333333333294,1.0,0.0,1.0,0.0,0.02564102564102542,0.0,1.0,0.0,-0.2865497076023394,0.0,0.0,0.0,1.0,0.0,4.0,-0.5787965616045845,1.0,0.0,Dropout
43,-0.10560224091854381,-0.23809523809523814,0.0,0.6702792830345977,0.14285714285714307,0.25,0.0,1.0,0.0,1.0,0.5,-2.0066666666666664,1.0,0.0,0.0,1.0,0.2393162393162393,0.0,1.0,1.0,-1.485380116959064,0.0,0.0,0.0,1.0,0.0,5.0,0.48710601719197705,-0.3478260869565217,0.0,Graduate
44,-0.29411764712061284,-0.3333333333333335,-0.3333333333333333,0.28345143809920775,-0.05555555555555535,-0.25,1.0,0.0,1.0,0.0,0.0,-0.873333333333333,1.0,0.0,0.0,1.0,0.5641025641025654,0.0,0.0,0.0,-0.2690058479532159,0.0,0.0,0.0,1.0,0.0,0.0,0.42120343839541546,-0.39130434782608686,0.0,Dropout
45,-1.5686274513099354,-1.6666666666666667,-1.6666666666666667,-5.1354731137974134,-1.9999999999999996,-2.0,0.0,1.0,0.0,1.0,-0.5,0.0,1.0,0.0,0.0,1.0,-1.555555555555556,1.0,0.0,0.0,-0.9532163742690052,0.0,0.0,0.0,1.0,0.0,0.0,-0.3553008595988538,-0.4782608695652173,0.0,Dropout
46,-0.8921568629325258,-0.8666666666666667,-1.0,-0.34180908711963315,1.0,0.25,0.0,1.0,0.0,1.0,-0.5,1.3933333333333338,1.0,0.0,0.0,1.0,-1.256410256410258,0.0,0.0,0.0,0.4736842105263152,0.0,0.0,0.0,1.0,0.0,0.0,0.0,0.5217391304347826,0.0,Enrolled
47,0.14705882405050236,0.33333333333333326,0.3333333333333333,-0.2723356940391831,-0.3333333333333332,-0.5,0.0,1.0,0.0,1.0,0.0,-0.20666666666666628,1.0,0.0,0.0,1.0,0.2393162393162393,0.0,0.0,0.0,0.09356725146198792,0.0,0.0,0.0,1.0,0.0,1.0,0.48710601719197705,-0.3478260869565217,0.0,Graduate
48,0.1351540620732114,0.04761904761904745,0.3333333333333333,0.49881895373072055,-0.09523809523809526,0.0,0.0,1.0,0.0,1.0,0.5,-0.07333333333333296,0.0,1.0,0.0,1.0,0.4786324786324798,0.0,0.0,1.0,0.37426900584795336,0.0,0.0,0.0,1.0,0.0,5.0,0.48710601719197705,-0.3478260869565217,0.0,Graduate
49,0.1225490196335886,0.33333333333333326,0.3333333333333333,-0.34180908711963315,-0.3333333333333332,-0.5,0.0,1.0,0.0,1.0,0.0,-0.20666666666666628,0.0,1.0,0.0,1.0,0.7350427350427365,0.0,0.0,0.0,0.43274853801169605,0.0,0.0,0.0,0.0,0.0,0.0,0.42120343839541546,-0.39130434782608686,0.0,Graduate
50,-0.05718954290417129,0.0,0.0,0.005557869945810766,-0.05555555555555535,-0.25,0.0,1.0,0.0,1.0,0.0,0.3933333333333337,0.0,1.0,0.0,1.0,-0.658119658119659,0.0,1.0,0.0,0.005847953216373934,0.0,0.0,0.0,1.0,0.0,0.0,-0.5787965616045845,1.0,0.0,Graduate
51,0.4411764711711155,0.33333333333333326,0.3333333333333333,0.5613450062526048,-0.3333333333333332,-0.5,0.0,1.0,0.0,1.0,0.0,-0.20666666666666628,0.0,1.0,0.0,1.0,-0.9658119658119665,1.0,0.0,0.0,-0.7309941520467833,0.0,0.0,0.0,1.0,0.0,0.0,0.42120343839541546,-0.39130434782608686,0.0,Graduate
52,-0.26348039257986283,-0.16666666666666674,0.3333333333333333,-0.2028623051271362,0.0833333333333334,0.5,0.0,1.0,0.0,1.0,1.0,0.3933333333333337,0.0,1.0,0.0,1.0,-1.0683760683760695,0.0,1.0,1.0,-0.2748538011695907,0.0,0.0,0.0,1.0,0.0,0.0,-0.98567335243553,-0.9565217391304347,0.0,Enrolled
54,0.5952380947328932,0.33333333333333326,0.0,0.9980348937057104,0.3333333333333332,-0.25,0.0,1.0,0.0,1.0,-0.5,2.2600000000000002,1.0,0.0,0.0,1.0,-0.21367521367521267,0.0,1.0,0.0,1.9473684210526312,0.0,0.0,0.0,1.0,0.0,2.0,0.0,0.5217391304347826,0.0,Graduate
56,0.34967320203424507,0.33333333333333326,0.6666666666666666,0.30197767403084574,0.14285714285714307,0.25,0.0,1.0,0.0,1.0,0.5,-0.20666666666666628,1.0,0.0,0.0,1.0,0.36752136752136766,0.0,1.0,1.0,0.1812865497076019,0.0,0.0,0.0,1.0,0.0,0.0,-1.2550143266475644,0.608695652173913,0.0,Graduate
58,0.02450980392671798,0.0,0.0,0.28345143809920775,0.5,0.25,0.0,1.0,0.0,1.0,0.0,-0.27333333333333293,1.0,0.0,0.0,1.0,2.692307692307696,1.0,0.0,0.0,1.7134502923976607,0.0,0.0,0.0,0.0,0.0,0.0,0.42120343839541546,-0.39130434782608686,0.0,Dropout
59,0.6276960785632415,0.33333333333333326,1.0,1.0900375156315127,-0.3333333333333332,0.0,0.0,1.0,0.0,1.0,1.0,0.5266666666666671,1.0,0.0,0.0,1.0,0.34188034188034344,0.0,0.0,1.0,0.8070175438596494,0.0,0.0,0.0,1.0,0.0,0.0,-0.98567335243553,-0.9565217391304347,0.0,Graduate
60,-1.5686274513099354,-1.6666666666666667,-1.6666666666666667,-5.1354731137974134,-1.9999999999999996,-2.0,0.0,1.0,0.0,1.0,-3.0,-0.5399999999999996,1.0,0.0,0.0,1.0,-0.39316239316239304,0.0,1.0,0.0,-0.6315789473684206,0.0,0.0,0.0,1.0,0.0,2.0,0.0,0.5217391304347826,0.0,Enrolled
61,0.0868347334916318,0.04761904761904745,0.3333333333333333,0.3390301500625255,-0.09523809523809526,0.0,0.0,1.0,0.0,1.0,0.5,-0.5399999999999996,1.0,0.0,0.0,1.0,-0.4188034188034185,0.0,1.0,1.0,-0.6491228070175432,0.0,0.0,0.0,1.0,0.0,1.0,-0.3553008595988538,-0.4782608695652173,0.0,Graduate
62,0.1960784314137419,0.33333333333333326,0.3333333333333333,-0.13338891204668618,-0.05555555555555535,-0.25,0.0,1.0,0.0,1.0,0.0,-0.20666666666666628,0.0,1.0,0.0,1.0,0.6068376068376081,0.0,0.0,0.0,0.345029239766082,0.0,0.0,0.0,0.0,0.0,0.0,0.1346704871060172,-0.7391304347826085,0.0,Graduate
63,-1.5686274513099354,-1.6666666666666667,-1.6666666666666667,-5.1354731137974134,-1.9999999999999996,-2.0,0.0,1.0,0.0,1.0,-3.0,-0.006666666666666288,0.0,1.0,0.0,1.0,-0.15384615384615374,0.0,0.0,0.0,0.0,0.0,0.0,0.0,1.0,0.0,2.0,0.4068767908309455,0.0,0.0,Enrolled
64,-0.1715686274870239,0.0,0.0,-0.38349312213422243,-0.3333333333333332,-0.5,0.0,1.0,0.0,1.0,0.0,-0.4066666666666663,1.0,0.0,0.0,1.0,0.717948717948718,0.0,0.0,0.0,0.2456140350877185,0.0,0.0,0.0,1.0,0.0,0.0,0.4068767908309455,0.0,0.0,Enrolled
65,-1.5686274513099354,-1.6666666666666667,-1.6666666666666667,-5.1354731137974134,-0.3333333333333332,-0.5,0.0,1.0,0.0,1.0,0.0,-1.1399999999999997,1.0,0.0,0.0,1.0,0.8632478632478648,0.0,0.0,0.0,-0.29824561403508726,0.0,0.0,0.0,1.0,0.0,0.0,-0.5787965616045845,1.0,0.0,Enrolled
66,-0.31862745104733065,-0.23809523809523814,0.0,-0.17507294706127544,0.38095238095238104,0.5,0.0,1.0,0.0,1.0,0.5,0.0,1.0,0.0,0.0,1.0,-0.16239316239316182,0.0,0.0,1.0,0.0,0.0,0.0,0.0,0.0,0.0,0.0,0.1346704871060172,-0.7391304347826085,0.0,Dropout
67,-1.5686274513099354,-1.6666666666666667,-1.6666666666666667,-5.1354731137974134,-1.9999999999999996,-2.0,0.0,1.0,0.0,1.0,-3.0,0.3933333333333337,0.0,1.0,0.0,1.0,-0.4786324786324798,0.0,1.0,0.0,0.1286549707602332,0.0,0.0,0.0,1.0,0.0,2.0,0.4068767908309455,0.0,0.0,Graduate
68,0.28011204466669026,0.33333333333333326,0.3333333333333333,0.10480557315548135,0.22222222222222213,0.0,0.0,1.0,0.0,1.0,0.0,-0.20666666666666628,1.0,0.0,0.0,1.0,0.44444444444444514,0.0,0.0,0.0,0.23391812865497064,0.0,0.0,0.0,0.0,0.0,0.0,0.9140401146131805,0.0,0.0,Graduate
69,0.07843137256549662,0.33333333333333326,0.0,-0.46686119216340166,0.6666666666666667,0.0,0.0,1.0,1.0,0.0,-0.5,-0.5399999999999996,1.0,0.0,1.0,0.0,0.02564102564102542,0.0,1.0,0.0,-0.345029239766082,0.0,0.0,0.0,1.0,0.0,2.0,-0.3553008595988538,-0.4782608695652173,0.0,Dropout
70,0.1960784314137419,0.33333333333333326,0.3333333333333333,-0.13338891204668618,-0.05555555555555535,-0.25,0.0,1.0,0.0,1.0,0.0,1.7933333333333337,1.0,0.0,0.0,1.0,-4.683760683760688,1.0,0.0,0.0,-1.5204678362573092,0.0,0.0,0.0,1.0,0.0,0.0,-0.5787965616045845,1.0,0.0,Enrolled
71,-1.5686274513099354,-1.6666666666666667,-1.6666666666666667,-5.1354731137974134,1.0,0.25,0.0,1.0,0.0,1.0,-0.5,0.9933333333333337,1.0,0.0,0.0,1.0,-0.7521367521367526,0.0,0.0,0.0,0.4678362573099413,0.0,0.0,0.0,1.0,0.0,0.0,0.0,0.5217391304347826,0.0,Enrolled
72,0.1924019608247343,0.33333333333333326,0.6666666666666666,-0.1438099208003337,-0.09523809523809526,0.0,0.0,1.0,0.0,1.0,0.5,1.1266666666666671,1.0,0.0,0.0,1.0,-1.1965811965811965,0.0,0.0,1.0,0.28070175438596545,0.0,0.0,0.0,1.0,0.0,0.0,0.1346704871060172,-0.7391304347826085,0.0,Graduate
73,-1.5686274513099354,-1.6666666666666667,-1.6666666666666667,-5.1354731137974134,-1.9999999999999996,-2.0,0.0,1.0,0.0,1.0,-3.0,0.5266666666666671,1.0,0.0,0.0,1.0,1.2146029671112836e-15,0.0,1.0,0.0,0.5730994152046788,0.0,0.0,0.0,1.0,0.0,0.0,-1.2550143266475644,0.608695652173913,0.0,Dropout
74,-0.7107843136297165,-0.6666666666666667,-0.6666666666666666,-0.2723356940391831,1.3333333333333333,1.0,0.0,1.0,0.0,1.0,0.0,-1.0066666666666664,1.0,0.0,0.0,1.0,-0.09401709401709363,0.0,0.0,0.0,-0.8362573099415199,0.0,0.0,0.0,1.0,0.0,3.0,0.42120343839541546,-0.39130434782608686,0.0,Dropout
79,0.6141456579721591,0.33333333333333326,0.6666666666666666,1.0516286536056683,-0.3333333333333332,-0.25,0.0,1.0,0.0,1.0,0.5,1.1266666666666671,0.0,1.0,0.0,1.0,-1.1965811965811965,0.0,0.0,1.0,0.28070175438596545,0.0,0.0,0.0,1.0,0.0,3.0,-0.3553008595988538,-0.4782608695652173,0.0,Graduate
80,0.1960784314137419,0.33333333333333326,0.3333333333333333,-0.13338891204668618,0.22222222222222213,0.0,0.0,1.0,0.0,1.0,0.0,-0.873333333333333,1.0,0.0,0.0,1.0,0.18803418803418845,1.0,0.0,0.0,-0.526315789473684,0.0,0.0,0.0,1.0,0.0,0.0,0.4068767908309455,0.0,0.0,Graduate
81,-0.07352941178015329,0.0,0.0,-0.05002084201750769,0.22222222222222213,0.0,0.0,1.0,0.0,1.0,0.0,-1.273333333333333,1.0,0.0,0.0,1.0,0.11965811965812026,0.0,1.0,0.0,-0.9239766081871339,0.0,0.0,0.0,1.0,0.0,5.0,0.4068767908309455,0.0,0.0,Dropout
82,-1.5686274513099354,-1.6666666666666667,-1.6666666666666667,-5.1354731137974134,-0.3333333333333332,-1.75,0.0,1.0,0.0,1.0,-2.5,0.46000000000000035,1.0,0.0,0.0,1.0,1.7863247863247873,1.0,0.0,0.0,1.7368421052631564,0.0,0.0,0.0,0.0,0.0,0.0,0.4068767908309455,0.0,0.0,Dropout
83,-0.6740196077396399,-0.6666666666666667,0.3333333333333333,-0.06391551896623615,0.36111111111111127,2.25,0.0,1.0,1.0,0.0,3.0,1.7933333333333337,1.0,0.0,1.0,0.0,2.188034188034191,1.0,0.0,0.0,3.1812865497076013,0.0,0.0,0.0,0.0,0.0,0.0,0.42120343839541546,-0.39130434782608686,0.0,Dropout
84,0.1960784314137419,0.33333333333333326,0.0,-0.13338891204668618,0.0,-0.5,0.0,1.0,0.0,1.0,-0.5,-0.873333333333333,1.0,0.0,0.0,1.0,0.9145299145299156,0.0,0.0,0.0,-0.02923976608187133,0.0,0.0,0.0,1.0,0.0,0.0,-0.5787965616045845,1.0,0.0,Enrolled
87,-0.33333333340336113,-0.06666666666666665,-0.3333333333333333,-0.7586494372655271,0.3333333333333332,-0.25,0.0,1.0,0.0,1.0,-0.5,-0.873333333333333,0.0,1.0,0.0,1.0,-1.264957264957266,1.0,0.0,0.0,-1.5204678362573092,0.0,0.0,0.0,1.0,0.0,0.0,-0.98567335243553,-0.9565217391304347,0.0,Graduate
88,4.901961190933602e-10,0.33333333333333326,0.3333333333333333,-0.689176044185077,0.5,0.25,0.0,1.0,0.0,1.0,0.0,-0.6066666666666662,1.0,0.0,0.0,1.0,-0.10256410256410291,0.0,0.0,0.0,-0.4912280701754387,0.0,0.0,0.0,1.0,0.0,0.0,0.0,0.5217391304347826,1.0,Graduate
89,0.07843137256549662,-0.06666666666666665,-0.3333333333333333,0.7002917882451017,0.0,-0.5,0.0,1.0,0.0,1.0,-0.5,0.6600000000000004,1.0,0.0,0.0,1.0,-0.7777777777777792,0.0,1.0,0.0,0.15789473684210453,0.0,0.0,0.0,1.0,0.0,5.0,0.48710601719197705,-0.3478260869565217,0.0,Enrolled
91,-1.5686274513099354,-1.6666666666666667,-1.6666666666666667,-5.1354731137974134,2.2857142857142856,2.5,0.0,1.0,0.0,1.0,0.5,0.0,1.0,0.0,0.0,1.0,-2.3162393162393182,1.0,0.0,1.0,-1.4736842105263153,0.0,0.0,0.0,1.0,0.0,0.0,0.1346704871060172,-0.7391304347826085,0.0,Dropout
92,0.4901960785343547,0.33333333333333326,0.3333333333333333,0.7002917882451017,-0.3333333333333332,-0.5,1.0,0.0,1.0,0.0,0.0,0.0,1.0,0.0,0.0,1.0,-1.9572649572649585,0.0,0.0,0.0,-1.2280701754385959,0.0,0.0,0.0,1.0,0.0,1.0,0.9140401146131805,0.0,0.0,Graduate
94,-0.6372549018495632,-0.6666666666666667,-0.6666666666666666,0.14450465610671082,1.3333333333333333,1.0,0.0,1.0,0.0,1.0,0.0,0.0,1.0,0.0,0.0,1.0,-1.05982905982906,1.0,0.0,0.0,-0.6140350877192979,0.0,1.0,0.0,0.0,1.0,0.0,0.0,0.5217391304347826,1.0,Dropout
95,0.17769607846870364,0.33333333333333326,1.0,-0.18549395581492292,0.2916666666666667,0.75,0.0,1.0,0.0,1.0,1.0,0.0,1.0,0.0,0.0,1.0,-1.1880341880341885,1.0,0.0,0.0,-0.7017543859649119,0.0,0.0,0.0,1.0,0.0,0.0,-0.5787965616045845,1.0,0.0,Graduate
96,0.4901960785343547,0.33333333333333326,0.0,0.7002917882451017,1.0,0.25,0.0,1.0,0.0,1.0,-0.5,-0.20666666666666628,1.0,0.0,0.0,1.0,1.042735042735044,0.0,0.0,0.0,0.6432748538011692,1.0,0.0,0.0,1.0,0.0,0.0,0.1346704871060172,-0.7391304347826085,0.0,Enrolled
97,0.4411764711711155,0.33333333333333326,0.3333333333333333,0.5613450062526048,-0.3333333333333332,-0.5,0.0,1.0,0.0,1.0,0.0,0.12666666666666704,1.0,0.0,0.0,1.0,-0.4188034188034185,0.0,1.0,0.0,-0.0643274853801166,0.0,0.0,0.0,1.0,0.0,4.0,0.9140401146131805,0.0,0.0,Graduate
98,0.45343137264427824,0.33333333333333326,0.6666666666666666,0.5960817007086282,-0.3333333333333332,-0.25,0.0,1.0,0.0,1.0,0.5,-0.07333333333333296,0.0,1.0,0.0,1.0,-0.5555555555555561,0.0,1.0,1.0,-0.3333333333333333,0.0,0.0,0.0,1.0,0.0,4.0,0.42120343839541546,-0.39130434782608686,0.0,Graduate
99,0.5196078432464161,0.33333333333333326,0.0,0.7836598582742802,0.3333333333333332,-0.25,0.0,1.0,0.0,1.0,-0.5,0.12666666666666704,1.0,0.0,0.0,1.0,0.3846153846153862,0.0,1.0,0.0,0.48538011695906474,0.0,0.0,0.0,1.0,0.0,0.0,-0.5787965616045845,1.0,0.0,Enrolled
100,-0.5635854342920695,-0.523809523809524,-0.3333333333333333,-0.1500625260525216,0.38095238095238104,0.5,1.0,0.0,1.0,0.0,0.5,-1.2066666666666663,1.0,0.0,1.0,0.0,0.14529914529914567,0.0,1.0,1.0,-0.8479532163742686,0.0,0.0,0.0,1.0,0.0,3.0,0.1346704871060172,-0.7391304347826085,0.0,Dropout
101,-0.05392156863877897,-0.06666666666666665,1.0,0.23134639433097104,0.0,1.0,0.0,1.0,0.0,1.0,2.0,-0.20666666666666628,1.0,0.0,0.0,1.0,0.34188034188034344,0.0,0.0,0.0,0.1637426900584801,0.0,0.0,0.0,0.0,0.0,0.0,0.9140401146131805,0.0,0.0,Dropout
102,-1.5686274513099354,-1.6666666666666667,-1.6666666666666667,-5.1354731137974134,-1.9999999999999996,-2.0,0.0,1.0,0.0,1.0,-3.0,0.0,1.0,0.0,0.0,1.0,-1.5299145299145307,0.0,1.0,0.0,-0.9356725146198825,0.0,0.0,0.0,1.0,0.0,3.0,-0.3553008595988538,-0.4782608695652173,0.0,Graduate
103,-1.5686274513099354,-1.6666666666666667,-1.6666666666666667,-5.1354731137974134,-1.9999999999999996,-2.0,0.0,1.0,0.0,1.0,0.0,-0.20666666666666628,1.0,0.0,0.0,1.0,-0.9658119658119665,1.0,0.0,0.0,-0.7309941520467833,0.0,0.0,0.0,1.0,0.0,0.0,-0.98567335243553,-0.9565217391304347,0.0,Dropout
104,0.5830753359068084,0.33333333333333326,4.333333333333333,0.9635593789078777,-0.2407407407407406,2.75,0.0,1.0,0.0,1.0,6.0,0.0,1.0,0.0,0.0,1.0,2.743589743589747,1.0,0.0,0.0,1.9883040935672505,0.0,0.0,0.0,0.0,0.0,0.0,-1.2550143266475644,0.608695652173913,0.0,Graduate
105,-1.5686274513099354,-1.6666666666666667,-1.6666666666666667,-5.1354731137974134,-1.9999999999999996,-2.0,0.0,1.0,0.0,1.0,0.0,-0.673333333333333,1.0,0.0,0.0,1.0,-0.03418803418803349,0.0,0.0,0.0,-0.5029239766081866,0.0,0.0,0.0,1.0,0.0,0.0,0.48710601719197705,-0.3478260869565217,0.0,Dropout
106,0.34313725497404846,0.33333333333333326,1.6666666666666667,0.28345143809920775,0.0,1.0,0.0,1.0,1.0,0.0,2.0,-0.20666666666666628,1.0,0.0,1.0,0.0,-0.22222222222222196,0.0,0.0,0.0,-0.22222222222222193,0.0,0.0,0.0,1.0,0.0,0.0,0.48710601719197705,-0.3478260869565217,0.0,Graduate
107,-1.5686274513099354,-1.6666666666666667,-1.6666666666666667,-5.1354731137974134,-1.9999999999999996,-2.0,0.0,1.0,0.0,1.0,0.0,-0.7399999999999997,1.0,0.0,0.0,1.0,0.11965811965812026,0.0,1.0,0.0,-0.45614035087719257,0.0,0.0,0.0,1.0,0.0,1.0,-0.3553008595988538,-0.4782608695652173,0.0,Dropout
108,-0.1764705882723679,-0.3333333333333335,-0.3333333333333333,0.7836598582742802,2.1666666666666665,1.75,0.0,1.0,0.0,1.0,0.0,-1.3399999999999996,1.0,0.0,0.0,1.0,-0.09401709401709363,0.0,1.0,0.0,-1.1286549707602331,0.0,0.0,0.0,1.0,0.0,0.0,-1.2550143266475644,0.608695652173913,0.0,Dropout
110,-0.09803921528670312,0.04761904761904745,0.3333333333333333,-0.2723356940391831,0.857142857142857,1.0,0.0,1.0,0.0,1.0,0.5,0.0,1.0,0.0,0.0,1.0,-1.7863247863247873,0.0,0.0,0.0,-1.1111111111111105,0.0,0.0,0.0,1.0,0.0,1.0,-0.3553008595988538,-0.4782608695652173,0.0,Enrolled
111,0.4691876755887649,0.33333333333333326,0.3333333333333333,0.6407431679866606,0.22222222222222213,0.0,0.0,1.0,0.0,1.0,0.0,0.5933333333333337,1.0,0.0,0.0,1.0,-0.05982905982906013,0.0,1.0,0.0,0.5906432748538005,0.0,0.0,0.0,1.0,0.0,0.0,0.1346704871060172,-0.7391304347826085,0.0,Graduate
112,-0.4215686275395451,-0.4666666666666668,-0.6666666666666666,0.28345143809920775,1.0,0.25,0.0,1.0,0.0,1.0,-0.5,-0.673333333333333,0.0,1.0,0.0,1.0,-0.2136752136752139,0.0,0.0,0.0,-0.6257309941520466,0.0,0.0,0.0,1.0,0.0,1.0,0.9140401146131805,0.0,0.0,Enrolled
113,0.40196078439817107,0.33333333333333326,0.0,0.4501875781575655,0.0,-0.5,0.0,1.0,0.0,1.0,-0.5,-0.13999999999999962,1.0,0.0,0.0,1.0,1.196581196581199,0.0,1.0,0.0,0.8070175438596494,0.0,0.0,0.0,1.0,0.0,0.0,0.4068767908309455,0.0,0.0,Graduate
114,0.29411764761080894,0.33333333333333326,0.3333333333333333,0.14450465610671082,-0.3333333333333332,-0.5,0.0,1.0,0.0,1.0,0.0,1.6600000000000004,1.0,0.0,0.0,1.0,0.3589743589743596,0.0,1.0,0.0,1.8128654970760225,0.0,0.0,0.0,1.0,0.0,2.0,0.4068767908309455,0.0,0.0,Graduate
115,0.00910364187866282,0.04761904761904745,0.3333333333333333,0.08197860358482659,-0.3333333333333332,-0.25,0.0,1.0,0.0,1.0,0.5,-0.7399999999999997,1.0,0.0,0.0,1.0,1.2136752136752151,0.0,0.0,1.0,0.2923976608187133,0.0,0.0,0.0,1.0,0.0,1.0,0.0,0.5217391304347826,0.0,Dropout
116,-0.10434173629643045,0.04761904761904745,0.3333333333333333,-0.29317771154647737,0.619047619047619,0.75,0.0,1.0,0.0,1.0,0.5,-0.20666666666666628,1.0,0.0,0.0,1.0,-2.1196581196581215,0.0,0.0,1.0,-1.5204678362573092,0.0,0.0,0.0,1.0,0.0,0.0,0.1346704871060172,-0.7391304347826085,0.0,Enrolled
117,-1.0784313727755808,-1.0,-1.0,-0.9670696123384741,1.6111111111111107,1.25,0.0,1.0,0.0,1.0,0.0,1.3933333333333338,0.0,1.0,0.0,1.0,-0.717948717948718,0.0,0.0,0.0,0.8421052631578947,0.0,0.0,0.0,1.0,0.0,0.0,0.0,0.5217391304347826,0.0,Enrolled
118,-0.6568627455301531,-0.4666666666666668,-0.6666666666666666,-0.8281228303459771,1.6666666666666667,0.75,0.0,1.0,0.0,1.0,-0.5,-0.873333333333333,1.0,0.0,0.0,1.0,-0.11965811965811904,0.0,0.0,0.0,-0.7368421052631572,0.0,0.0,0.0,1.0,0.0,0.0,0.42120343839541546,-0.39130434782608686,0.0,Enrolled
119,0.3641456579196383,0.33333333333333326,0.0,0.3430000583576489,1.9999999999999996,1.0,0.0,1.0,0.0,1.0,-0.5,0.46000000000000035,1.0,0.0,0.0,1.0,0.18803418803418845,0.0,1.0,0.0,0.6432748538011692,0.0,0.0,0.0,1.0,0.0,1.0,-0.98567335243553,-0.9565217391304347,0.0,Graduate
120,0.28431372554992584,0.33333333333333326,0.0,0.11671529804085004,-0.3333333333333332,-0.75,0.0,1.0,0.0,1.0,-0.5,-0.4066666666666663,1.0,0.0,0.0,1.0,0.0,0.0,1.0,0.0,-0.24561403508771934,0.0,0.0,0.0,1.0,0.0,0.0,0.48710601719197705,-0.3478260869565217,0.0,Graduate
121,-0.7598039217282498,-0.6666666666666667,-0.6666666666666666,-0.5502292621925802,1.3333333333333333,1.0,0.0,1.0,0.0,1.0,0.0,0.0,1.0,0.0,0.0,1.0,0.26495726495726596,0.0,0.0,0.0,0.2923976608187133,0.0,0.0,0.0,1.0,0.0,0.0,-0.98567335243553,-0.9565217391304347,0.0,Dropout
122,0.01960784314137432,0.33333333333333326,0.0,-0.6335973322217586,0.6666666666666667,0.0,0.0,1.0,0.0,1.0,-0.5,-0.873333333333333,1.0,0.0,0.0,1.0,0.32478632478632485,0.0,1.0,0.0,-0.43274853801169605,0.0,0.0,0.0,1.0,0.0,1.0,-0.3553008595988538,-0.4782608695652173,0.0,Graduate
124,0.31372549026198715,0.33333333333333326,0.0,0.20008336807002927,-0.3333333333333332,-0.75,0.0,1.0,0.0,1.0,-0.5,-0.13999999999999962,0.0,1.0,0.0,1.0,0.1794871794871804,0.0,1.0,0.0,0.11111111111111138,0.0,0.0,0.0,1.0,0.0,0.0,-0.98567335243553,-0.9565217391304347,0.0,Graduate
125,0.5147058829512685,0.33333333333333326,0.3333333333333333,0.7697651813255517,2.1666666666666665,1.75,0.0,1.0,0.0,1.0,0.0,-0.20666666666666628,1.0,0.0,0.0,1.0,-0.2991452991452994,0.0,1.0,0.0,-0.2748538011695907,0.0,0.0,0.0,1.0,0.0,0.0,-1.2550143266475644,0.608695652173913,0.0,Graduate
126,-0.2976190476815725,-0.23809523809523814,0.0,-0.09170487703209694,0.857142857142857,1.0,0.0,1.0,0.0,1.0,0.5,-0.7399999999999997,1.0,0.0,0.0,1.0,0.02564102564102542,0.0,0.0,0.0,-0.52046783625731,0.0,0.0,0.0,1.0,0.0,5.0,0.1346704871060172,-0.7391304347826085,0.0,Dropout
127,0.5147058829512685,0.33333333333333326,0.3333333333333333,0.7697651813255517,-0.05555555555555535,-0.25,0.0,1.0,0.0,1.0,0.0,1.7933333333333337,1.0,0.0,0.0,1.0,0.44444444444444514,0.0,0.0,0.0,1.9883040935672505,0.0,0.0,0.0,0.0,0.0,0.0,0.42120343839541546,-0.39130434782608686,0.0,Graduate
128,0.0,0.0,0.0,0.20008336807002927,0.22222222222222213,0.0,0.0,1.0,0.0,1.0,0.0,0.8600000000000004,0.0,1.0,0.0,1.0,0.3846153846153862,0.0,1.0,0.0,1.128654970760234,0.0,0.0,0.0,1.0,0.0,0.0,-0.98567335243553,-0.9565217391304347,0.0,Enrolled
129,0.34313725497404846,0.33333333333333326,0.3333333333333333,0.28345143809920775,-0.05555555555555535,-0.25,0.0,1.0,0.0,1.0,0.0,-0.13999999999999962,1.0,0.0,0.0,1.0,-0.27350427350427403,0.0,0.0,0.0,-0.19883040935672538,0.0,0.0,0.0,1.0,0.0,2.0,0.42120343839541546,-0.39130434782608686,0.0,Graduate
130,0.41183473440024515,0.33333333333333326,0.6666666666666666,0.47817543142976177,-0.3333333333333332,-0.25,0.0,1.0,0.0,1.0,0.5,-0.07333333333333296,1.0,0.0,0.0,1.0,0.10256410256410291,0.0,0.0,1.0,0.11695906432748532,0.0,0.0,0.0,1.0,0.0,5.0,0.42120343839541546,-0.39130434782608686,0.0,Graduate
131,0.37806372556962115,0.33333333333333326,0.6666666666666666,0.3824510212588579,0.14285714285714307,0.25,0.0,1.0,0.0,1.0,0.5,0.32666666666666705,0.0,1.0,0.0,1.0,-0.6752136752136751,0.0,1.0,1.0,-0.0643274853801166,0.0,0.0,0.0,1.0,0.0,2.0,0.1346704871060172,-0.7391304347826085,0.0,Dropout
132,0.24509803877698141,0.33333333333333326,0.3333333333333333,0.005557869945810766,-0.3333333333333332,-0.5,0.0,1.0,0.0,1.0,0.0,-0.20666666666666628,1.0,0.0,0.0,1.0,-0.09401709401709363,0.0,0.0,0.0,-0.13450292397660796,0.0,0.0,0.0,1.0,0.0,1.0,0.0,0.5217391304347826,0.0,Graduate
133,0.25490196083786454,0.33333333333333326,0.0,0.033347228011671545,0.3333333333333332,-0.25,0.0,1.0,0.0,1.0,-0.5,-0.47333333333333294,1.0,0.0,0.0,1.0,-0.05982905982906013,0.0,1.0,0.0,-0.345029239766082,0.0,0.0,0.0,1.0,0.0,3.0,0.9140401146131805,0.0,0.0,Graduate
135,0.14705882405050236,0.33333333333333326,1.3333333333333333,-0.2723356940391831,0.7777777777777779,1.75,0.0,1.0,0.0,1.0,1.5,-0.20666666666666628,1.0,0.0,0.0,1.0,0.717948717948718,0.0,0.0,0.0,0.4210526315789465,0.0,0.0,0.0,1.0,0.0,0.0,0.0,0.5217391304347826,0.0,Graduate
136,-0.09803921570687095,0.0,0.0,-0.13338891204668618,-0.05555555555555535,-0.25,1.0,0.0,1.0,0.0,0.0,-1.073333333333333,0.0,1.0,1.0,0.0,-0.2136752136752139,0.0,1.0,0.0,-0.9766081871345026,0.0,0.0,0.0,1.0,0.0,0.0,0.42120343839541546,-0.39130434782608686,0.0,Dropout
137,-0.1333333333613445,-0.06666666666666665,-0.3333333333333333,-0.05002084201750769,0.3333333333333332,-0.25,0.0,1.0,0.0,1.0,-0.5,-0.873333333333333,1.0,0.0,0.0,1.0,-0.15384615384615374,0.0,0.0,0.0,-0.7602339181286546,0.0,0.0,0.0,1.0,0.0,0.0,0.0,0.5217391304347826,0.0,Graduate
138,0.6127450976777475,0.33333333333333326,0.3333333333333333,1.0476587453105457,-0.3333333333333332,-0.5,0.0,1.0,1.0,0.0,0.0,1.326666666666667,0.0,1.0,1.0,0.0,0.8632478632478648,0.0,1.0,0.0,1.8654970760233913,0.0,0.0,0.0,1.0,0.0,0.0,0.9140401146131805,0.0,0.0,Graduate
140,0.9497549021603123,0.33333333333333326,0.6666666666666666,2.0029178824510203,-0.09523809523809526,0.0,0.0,1.0,0.0,1.0,0.5,2.9933333333333336,1.0,0.0,0.0,1.0,0.16239316239316182,0.0,0.0,1.0,2.847953216374267,0.0,0.0,0.0,1.0,0.0,0.0,0.1346704871060172,-0.7391304347826085,0.0,Graduate
141,0.028011204907845467,0.04761904761904745,0.3333333333333333,0.14450465610671082,-0.3333333333333332,-0.25,0.0,1.0,0.0,1.0,0.5,-0.27333333333333293,1.0,0.0,0.0,1.0,0.427350427350429,0.0,1.0,1.0,0.1637426900584801,0.0,0.0,0.0,1.0,0.0,4.0,0.0,0.5217391304347826,0.0,Graduate
142,0.29411764761080894,0.33333333333333326,0.3333333333333333,0.14450465610671082,0.22222222222222213,0.0,0.0,1.0,0.0,1.0,0.0,-1.1399999999999997,0.0,1.0,0.0,1.0,-0.05982905982906013,0.0,1.0,0.0,-0.9298245614035087,0.0,0.0,0.0,1.0,0.0,5.0,0.42120343839541546,-0.39130434782608686,0.0,Graduate
143,-1.5686274513099354,-1.6666666666666667,-1.6666666666666667,-5.1354731137974134,0.6666666666666667,0.0,1.0,0.0,1.0,0.0,-0.5,-2.273333333333333,1.0,0.0,1.0,0.0,0.5042735042735053,0.0,0.0,0.0,-1.5380116959064318,0.0,0.0,0.0,1.0,0.0,0.0,0.9140401146131805,0.0,0.0,Enrolled
144,0.09803921521667483,0.33333333333333326,0.3333333333333333,-0.4112824802000832,-0.05555555555555535,-0.25,0.0,1.0,0.0,1.0,0.0,0.12666666666666704,0.0,1.0,0.0,1.0,-0.7521367521367526,0.0,1.0,0.0,-0.2923976608187133,0.0,0.0,0.0,1.0,0.0,2.0,0.42120343839541546,-0.39130434782608686,0.0,Graduate
146,-0.09803921570687095,0.0,0.0,-0.13338891204668618,0.7777777777777779,0.5,0.0,1.0,0.0,1.0,0.0,-0.07333333333333296,0.0,1.0,0.0,1.0,-0.658119658119659,0.0,0.0,0.0,-0.4035087719298247,0.0,0.0,0.0,1.0,0.0,4.0,-0.98567335243553,-0.9565217391304347,0.0,Graduate
147,-1.5686274513099354,-1.6666666666666667,-1.6666666666666667,-5.1354731137974134,1.3333333333333333,0.5,0.0,1.0,0.0,1.0,-0.5,-0.07333333333333296,1.0,0.0,0.0,1.0,-0.17948717948717918,0.0,1.0,0.0,-0.0760233918128653,0.0,0.0,0.0,1.0,0.0,3.0,0.0,0.5217391304347826,0.0,Dropout
148,-0.19607843141374204,0.0,0.0,-0.46686119216340166,0.22222222222222213,0.0,0.0,1.0,0.0,1.0,0.0,-1.3399999999999996,1.0,0.0,0.0,1.0,0.8034188034188047,0.0,0.0,0.0,-0.5146198830409352,0.0,0.0,0.0,1.0,0.0,0.0,0.0,0.5217391304347826,0.0,Dropout
149,0.3982843138091632,0.33333333333333326,0.0,0.439766569403918,1.3333333333333333,0.5,0.0,1.0,0.0,1.0,-0.5,0.06000000000000038,1.0,0.0,0.0,1.0,1.2146029671112836e-15,0.0,1.0,0.0,0.1637426900584801,0.0,0.0,0.0,1.0,0.0,0.0,0.1346704871060172,-0.7391304347826085,0.0,Graduate
150,0.17885154023365235,0.04761904761904745,0.3333333333333333,0.6433236056690282,-0.09523809523809526,0.0,0.0,1.0,0.0,1.0,0.5,0.19333333333333372,0.0,1.0,0.0,1.0,0.05982905982906013,0.0,1.0,1.0,0.3216374269005846,0.0,0.0,0.0,1.0,0.0,0.0,0.48710601719197705,-0.3478260869565217,0.0,Graduate
152,0.25490196083786454,0.33333333333333326,0.0,0.033347228011671545,0.0,-0.5,0.0,1.0,0.0,1.0,-0.5,-0.27333333333333293,1.0,0.0,0.0,1.0,-0.03418803418803349,0.0,1.0,0.0,-0.1520467836257306,0.0,0.0,0.0,1.0,0.0,0.0,0.0,0.5217391304347826,0.0,Graduate
153,-0.661764706266477,-0.6666666666666667,-0.6666666666666666,0.005557869945810766,1.0555555555555554,0.75,0.0,1.0,0.0,1.0,0.0,0.32666666666666705,1.0,0.0,0.0,1.0,-0.6923076923076925,0.0,0.0,0.0,-0.0760233918128653,0.0,0.0,0.0,1.0,0.0,0.0,-0.98567335243553,-0.9565217391304347,0.0,Enrolled
154,0.39215686233728797,0.33333333333333326,0.3333333333333333,0.42239822009170475,-0.05555555555555535,-0.25,0.0,1.0,0.0,1.0,0.0,0.2600000000000004,1.0,0.0,0.0,1.0,0.08547008547008676,0.0,1.0,0.0,0.39766081871345077,0.0,0.0,0.0,1.0,0.0,0.0,0.0,0.5217391304347826,0.0,Graduate
155,-0.6372549018495632,-0.6666666666666667,-0.6666666666666666,0.14450465610671082,0.7777777777777779,0.5,0.0,1.0,0.0,1.0,0.0,-1.2066666666666663,1.0,0.0,0.0,1.0,-0.09401709401709363,0.0,0.0,0.0,-1.0116959064327478,0.0,0.0,0.0,1.0,0.0,0.0,-0.98567335243553,-0.9565217391304347,0.0,Dropout
156,0.1960784314137419,0.33333333333333326,0.3333333333333333,-0.13338891204668618,0.22222222222222213,0.0,0.0,1.0,0.0,1.0,0.0,-0.27333333333333293,1.0,0.0,0.0,1.0,1.2222222222222232,0.0,1.0,0.0,0.7076023391812859,0.0,0.0,0.0,1.0,0.0,0.0,0.0,0.5217391304347826,0.0,Dropout
158,0.2328431373038187,0.33333333333333326,0.3333333333333333,-0.029178824510212698,0.22222222222222213,0.0,0.0,1.0,0.0,1.0,0.0,-0.006666666666666288,0.0,1.0,0.0,1.0,-0.03418803418803349,0.0,0.0,0.0,0.08187134502924005,0.0,0.0,0.0,1.0,0.0,1.0,-0.5787965616045845,1.0,0.0,Graduate
159,-0.4901960785343547,-0.3333333333333335,-0.3333333333333333,-0.5502292621925802,0.7777777777777779,0.5,0.0,1.0,0.0,1.0,0.0,-0.5399999999999996,1.0,0.0,0.0,1.0,0.32478632478632485,0.0,1.0,0.0,-0.14035087719298273,0.0,0.0,0.0,1.0,0.0,2.0,-0.98567335243553,-0.9565217391304347,0.0,Graduate
160,-0.22058823534045954,0.0,0.0,-0.5502292621925802,1.0555555555555554,0.75,0.0,1.0,0.0,1.0,0.0,-0.873333333333333,0.0,1.0,0.0,1.0,0.6153846153846162,1.0,0.0,0.0,-0.23391812865497064,0.0,0.0,0.0,1.0,0.0,0.0,0.48710601719197705,-0.3478260869565217,0.0,Graduate
161,0.36764705939096226,0.33333333333333326,0.3333333333333333,0.3529248311796578,-0.3333333333333332,-0.5,0.0,1.0,0.0,1.0,0.0,-0.33999999999999964,1.0,0.0,0.0,1.0,-0.39316239316239304,0.0,1.0,0.0,-0.45614035087719257,0.0,0.0,0.0,1.0,0.0,0.0,0.4068767908309455,0.0,0.0,Dropout
162,0.3218954255578212,0.33333333333333326,0.6666666666666666,0.22324116715298056,0.14285714285714307,0.25,0.0,1.0,0.0,1.0,0.5,-0.4066666666666663,0.0,1.0,0.0,1.0,0.1794871794871804,0.0,1.0,1.0,-0.12280701754385925,0.0,0.0,0.0,1.0,0.0,0.0,-1.2550143266475644,0.608695652173913,0.0,Graduate
163,0.6253063726803861,0.33333333333333326,0.6666666666666666,1.0832638599416415,-0.09523809523809526,0.0,0.0,1.0,0.0,1.0,0.5,0.06000000000000038,1.0,0.0,0.0,1.0,-0.25641025641025667,0.0,1.0,1.0,-0.011695906432748699,0.0,0.0,0.0,1.0,0.0,1.0,-1.2550143266475644,0.608695652173913,0.0,Graduate
164,-0.4411764706809194,-0.3333333333333335,-0.3333333333333333,-0.34180908711963315,1.6111111111111107,1.25,0.0,1.0,0.0,1.0,0.0,-0.07333333333333296,1.0,0.0,0.0,1.0,-0.2991452991452994,0.0,0.0,0.0,-0.15789473684210534,0.0,0.0,0.0,1.0,0.0,4.0,0.4068767908309455,0.0,0.0,Dropout
165,0.5196078432464161,0.33333333333333326,0.0,0.7836598582742802,-0.3333333333333332,-0.75,0.0,1.0,0.0,1.0,-0.5,-0.6066666666666662,1.0,0.0,0.0,1.0,0.4786324786324798,0.0,0.0,0.0,-0.09356725146198792,0.0,0.0,0.0,1.0,0.0,1.0,0.0,0.5217391304347826,0.0,Graduate
166,0.2696078431938952,0.33333333333333326,0.3333333333333333,0.0750312630262608,-0.3333333333333332,-0.5,0.0,1.0,0.0,1.0,0.0,0.0,0.0,1.0,0.0,1.0,-0.16239316239316182,0.0,0.0,0.0,0.0,0.0,0.0,0.0,1.0,0.0,0.0,-1.2550143266475644,0.608695652173913,0.0,Graduate
167,-1.5686274513099354,-1.6666666666666667,-1.6666666666666667,-5.1354731137974134,-0.3333333333333332,-1.75,0.0,1.0,1.0,0.0,-2.5,2.4600000000000004,1.0,0.0,1.0,0.0,0.44444444444444514,1.0,0.0,0.0,2.573099415204677,0.0,0.0,0.0,1.0,0.0,0.0,0.9140401146131805,0.0,0.0,Enrolled
170,-0.6862745099480968,-0.6666666666666667,-0.6666666666666666,-0.13338891204668618,1.6111111111111107,1.25,0.0,1.0,0.0,1.0,0.0,-0.5399999999999996,1.0,0.0,0.0,1.0,-0.2393162393162393,0.0,0.0,0.0,-0.526315789473684,0.0,0.0,0.0,1.0,0.0,0.0,-0.3553008595988538,-0.4782608695652173,0.0,Dropout
171,-0.24509803926717735,-0.06666666666666665,-0.3333333333333333,-0.4460191746561067,2.333333333333333,1.25,0.0,1.0,0.0,1.0,-0.5,-0.20666666666666628,1.0,0.0,0.0,1.0,0.44444444444444514,1.0,0.0,0.0,0.23391812865497064,0.0,0.0,0.0,1.0,0.0,0.0,-0.5787965616045845,1.0,0.0,Enrolled
172,0.26330532260433565,0.33333333333333326,0.6666666666666666,0.057166677782408935,-0.09523809523809526,0.0,0.0,1.0,0.0,1.0,0.5,0.0,1.0,0.0,0.0,1.0,-1.7008547008547017,0.0,0.0,0.0,-1.052631578947368,0.0,0.0,0.0,1.0,0.0,1.0,-1.2550143266475644,0.608695652173913,0.0,Graduate
173,-0.09593837579046309,0.04761904761904745,0.3333333333333333,-0.26538835764902047,-0.3333333333333332,-0.25,0.0,1.0,0.0,1.0,0.5,-0.13999999999999962,1.0,0.0,0.0,1.0,0.5555555555555574,0.0,0.0,1.0,0.3684210526315794,0.0,0.0,0.0,1.0,0.0,0.0,0.0,0.5217391304347826,0.0,Graduate
174,-0.7107843136297165,-0.6666666666666667,-0.6666666666666666,-0.2723356940391831,0.7777777777777779,0.5,0.0,1.0,0.0,1.0,0.0,1.1266666666666671,1.0,0.0,0.0,1.0,0.27350427350427403,0.0,0.0,0.0,1.2865497076023384,0.0,0.0,0.0,1.0,0.0,0.0,-0.98567335243553,-0.9565217391304347,0.0,Graduate
175,-0.4166666667542016,-0.3333333333333335,-0.3333333333333333,-0.23759899958315966,0.22222222222222213,0.0,1.0,0.0,1.0,0.0,0.0,-0.5399999999999996,1.0,0.0,1.0,0.0,0.2393162393162393,0.0,0.0,0.0,-0.19883040935672538,0.0,0.0,0.0,1.0,0.0,1.0,0.48710601719197705,-0.3478260869565217,0.0,Dropout
176,-0.5392156860936729,-0.4666666666666668,-0.6666666666666666,-0.2723356940391831,0.0,-0.5,0.0,1.0,0.0,1.0,-0.5,-0.13999999999999962,0.0,1.0,0.0,1.0,-0.2393162393162393,0.0,1.0,0.0,-0.17543859649122798,0.0,0.0,0.0,1.0,0.0,0.0,0.0,0.5217391304347826,0.0,Enrolled
178,-0.5644257704267002,-0.523809523809524,-0.3333333333333333,-0.15423092955398118,-0.09523809523809526,0.0,0.0,1.0,0.0,1.0,0.5,-0.673333333333333,1.0,0.0,0.0,1.0,-0.38461538461538497,0.0,1.0,1.0,-0.742690058479532,0.0,0.0,1.0,1.0,1.0,1.0,0.0,0.5217391304347826,0.0,Dropout
179,-0.04901960785343531,0.0,0.0,0.033347228011671545,0.22222222222222213,0.0,0.0,1.0,0.0,1.0,0.0,0.5266666666666671,1.0,0.0,0.0,1.0,-0.2393162393162393,0.0,1.0,0.0,0.40935672514619864,0.0,0.0,0.0,1.0,0.0,4.0,-0.98567335243553,-0.9565217391304347,0.0,Dropout
180,0.24019607848183386,0.04761904761904745,0.3333333333333333,0.8461859107961645,-0.09523809523809526,0.0,0.0,1.0,0.0,1.0,0.5,0.46000000000000035,1.0,0.0,0.0,1.0,0.44444444444444514,0.0,0.0,1.0,0.8187134502923973,0.0,0.0,0.0,0.0,0.0,0.0,-0.3553008595988538,-0.4782608695652173,0.0,Dropout
181,0.28711484613874944,0.33333333333333326,5.333333333333333,0.12465511463109609,-0.3333333333333332,3.25,0.0,1.0,0.0,1.0,7.5,0.46000000000000035,1.0,0.0,0.0,1.0,-0.5555555555555549,0.0,0.0,0.0,0.1345029239766088,0.0,0.0,0.0,1.0,0.0,0.0,0.42120343839541546,-0.39130434782608686,0.0,Graduate
182,0.29411764761080894,0.33333333333333326,0.3333333333333333,0.14450465610671082,-0.05555555555555535,-0.25,0.0,1.0,0.0,1.0,0.0,0.46000000000000035,0.0,1.0,0.0,1.0,0.44444444444444514,0.0,0.0,0.0,0.8187134502923973,0.0,0.0,0.0,0.0,0.0,0.0,-0.98567335243553,-0.9565217391304347,0.0,Enrolled
184,0.22058823583065565,0.33333333333333326,0.3333333333333333,-0.06391551896623615,-0.3333333333333332,-0.5,1.0,0.0,1.0,0.0,0.0,-0.13999999999999962,1.0,0.0,0.0,1.0,-0.2991452991452994,0.0,0.0,0.0,-0.21637426900584802,0.0,0.0,0.0,1.0,0.0,2.0,-1.2550143266475644,0.608695652173913,0.0,Dropout
185,-1.5686274513099354,-1.6666666666666667,-1.6666666666666667,-5.1354731137974134,-1.9999999999999996,-2.0,0.0,1.0,0.0,1.0,0.0,0.6600000000000004,1.0,0.0,0.0,1.0,-0.2393162393162393,0.0,0.0,0.0,0.526315789473684,0.0,0.0,0.0,1.0,0.0,1.0,0.48710601719197705,-0.3478260869565217,0.0,Dropout
186,-0.6862745099480968,-0.4666666666666668,-0.6666666666666666,-0.9670696123384741,1.0,0.25,1.0,0.0,1.0,0.0,-0.5,-0.07333333333333296,1.0,0.0,1.0,0.0,-0.658119658119659,0.0,0.0,0.0,-0.4035087719298247,0.0,0.0,0.0,1.0,0.0,1.0,0.4068767908309455,0.0,0.0,Dropout
188,0.07633053222892096,0.04761904761904745,0.3333333333333333,0.3042934556065028,-0.3333333333333332,-0.25,0.0,1.0,0.0,1.0,0.5,0.5266666666666671,0.0,1.0,0.0,1.0,-0.5811965811965815,0.0,0.0,1.0,0.17543859649122798,0.0,0.0,0.0,1.0,0.0,2.0,0.0,0.5217391304347826,0.0,Graduate
189,-1.029411764922145,-1.0,-1.0,-0.5502292621925802,0.7777777777777779,0.5,0.0,1.0,0.0,1.0,0.0,0.0,1.0,0.0,0.0,1.0,2.940170940170945,1.0,0.0,0.0,2.122807017543859,0.0,0.0,0.0,1.0,0.0,0.0,0.9140401146131805,0.0,0.0,Dropout
191,0.1960784314137419,0.33333333333333326,0.3333333333333333,-0.13338891204668618,-0.05555555555555535,-0.25,0.0,1.0,0.0,1.0,0.0,-0.5399999999999996,0.0,1.0,0.0,1.0,0.14529914529914567,0.0,1.0,0.0,-0.263157894736842,0.0,0.0,0.0,1.0,0.0,0.0,0.1346704871060172,-0.7391304347826085,0.0,Graduate
193,-1.5686274513099354,-1.6666666666666667,-1.6666666666666667,-5.1354731137974134,-0.3333333333333332,-0.75,0.0,1.0,0.0,1.0,-0.5,0.46000000000000035,1.0,0.0,0.0,1.0,-1.435897435897437,1.0,0.0,0.0,-0.4678362573099413,0.0,0.0,0.0,1.0,0.0,0.0,0.0,0.5217391304347826,0.0,Dropout
194,-1.5686274513099354,-1.6666666666666667,-1.6666666666666667,-5.1354731137974134,-1.9999999999999996,-2.0,0.0,1.0,0.0,1.0,0.0,0.3933333333333337,1.0,0.0,0.0,1.0,0.017094017094017352,0.0,0.0,0.0,0.4678362573099413,0.0,0.0,0.0,1.0,0.0,0.0,0.42120343839541546,-0.39130434782608686,0.0,Dropout
195,0.006740195712200364,0.08333333333333326,0.6666666666666666,-0.03215625677365583,-0.3333333333333332,0.0,0.0,1.0,0.0,1.0,1.0,0.5933333333333337,1.0,0.0,0.0,1.0,-0.5982905982905976,0.0,1.0,1.0,0.22222222222222276,0.0,0.0,0.0,1.0,0.0,3.0,-0.5787965616045845,1.0,0.0,Graduate
196,-1.5686274513099354,-1.6666666666666667,-1.6666666666666667,-5.1354731137974134,-1.9999999999999996,-2.0,0.0,1.0,0.0,1.0,-0.5,-0.20666666666666628,1.0,0.0,0.0,1.0,2.324786324786327,1.0,0.0,0.0,1.5204678362573092,0.0,0.0,0.0,0.0,0.0,0.0,0.9140401146131805,0.0,0.0,Dropout
197,0.333394607913178,0.33333333333333326,1.0,0.25583576490204224,-0.3333333333333332,0.0,0.0,1.0,0.0,1.0,1.0,-0.47333333333333294,1.0,0.0,0.0,1.0,0.1709401709401711,0.0,0.0,1.0,-0.18713450292397668,0.0,0.0,0.0,1.0,0.0,5.0,-0.98567335243553,-0.9565217391304347,0.0,Graduate
198,-1.5686274513099354,-1.6666666666666667,-1.6666666666666667,-5.1354731137974134,-1.9999999999999996,-2.0,0.0,1.0,0.0,1.0,-0.5,1.1266666666666671,1.0,0.0,0.0,1.0,0.44444444444444514,0.0,0.0,0.0,1.4035087719298238,1.0,0.0,0.0,0.0,0.0,0.0,0.1346704871060172,-0.7391304347826085,0.0,Dropout
199,0.28011204466669026,0.33333333333333326,0.6666666666666666,0.10480557315548135,0.14285714285714307,0.25,0.0,1.0,0.0,1.0,0.5,-0.20666666666666628,1.0,0.0,0.0,1.0,0.5982905982906,0.0,1.0,0.0,0.3391812865497081,0.0,0.0,0.0,1.0,0.0,0.0,0.48710601719197705,-0.3478260869565217,0.0,Graduate
201,0.049019607853435634,-0.06666666666666665,-0.3333333333333333,0.5960817007086282,1.0,0.25,0.0,1.0,0.0,1.0,-0.5,0.32666666666666705,1.0,0.0,0.0,1.0,-0.05982905982906013,0.0,1.0,0.0,0.3567251461988299,0.0,0.0,0.0,1.0,0.0,0.0,0.4068767908309455,0.0,0.0,Graduate
203,0.017218136707048724,0.08333333333333326,0.6666666666666666,0.0017864568570235733,-0.3333333333333332,0.0,0.0,1.0,0.0,1.0,1.0,0.46000000000000035,1.0,0.0,0.0,1.0,-0.4529914529914532,0.0,1.0,1.0,0.20467836257309932,0.0,0.0,0.0,1.0,0.0,3.0,0.4068767908309455,0.0,0.0,Graduate
204,0.22058823583065565,0.33333333333333326,0.3333333333333333,-0.06391551896623615,-0.3333333333333332,-0.5,0.0,1.0,1.0,0.0,0.0,-0.20666666666666628,1.0,0.0,1.0,0.0,0.16239316239316304,0.0,0.0,0.0,0.040935672514620026,0.0,0.0,0.0,0.0,0.0,0.0,0.1346704871060172,-0.7391304347826085,0.0,Graduate
205,-0.20308123288580124,0.0,0.0,-0.490680641934139,1.0555555555555554,0.75,0.0,1.0,0.0,1.0,0.0,-0.33999999999999964,0.0,1.0,0.0,1.0,-0.5384615384615388,0.0,0.0,0.0,-0.5555555555555552,0.0,0.0,0.0,1.0,0.0,1.0,-0.3553008595988538,-0.4782608695652173,0.0,Graduate
207,0.09313725437005664,0.08333333333333326,0.6666666666666666,0.24772226344310094,-0.3333333333333332,0.0,0.0,1.0,0.0,1.0,1.0,1.0600000000000003,1.0,0.0,0.0,1.0,-1.4786324786324798,0.0,1.0,1.0,0.02923976608187133,0.0,0.0,0.0,1.0,0.0,1.0,-0.5787965616045845,1.0,0.0,Graduate
208,0.46568627411744096,0.33333333333333326,0.3333333333333333,0.6308183951646517,-0.3333333333333332,-0.5,0.0,1.0,0.0,1.0,0.0,1.4600000000000004,0.0,1.0,0.0,1.0,1.2146029671112836e-15,0.0,1.0,0.0,1.391812865497076,0.0,0.0,0.0,1.0,0.0,3.0,-0.3553008595988538,-0.4782608695652173,0.0,Graduate
210,0.44817927117258666,0.33333333333333326,0.3333333333333333,0.5811945435598164,-0.05555555555555535,-0.25,0.0,1.0,0.0,1.0,0.0,0.0,0.0,1.0,0.0,1.0,-0.2905982905982902,1.0,0.0,0.0,-0.08771929824561399,0.0,0.0,0.0,0.0,0.0,0.0,-0.3553008595988538,-0.4782608695652173,0.0,Dropout
211,0.05821078395830783,0.08333333333333326,0.6666666666666666,0.1345798832847019,-0.3333333333333332,0.0,0.0,1.0,0.0,1.0,1.0,-0.13999999999999962,0.0,1.0,0.0,1.0,0.2136752136752151,0.0,1.0,1.0,0.1345029239766088,0.0,0.0,0.0,1.0,0.0,1.0,-0.5787965616045845,1.0,0.0,Graduate
212,0.05952380995648245,0.04761904761904745,0.3333333333333333,0.24871474364318433,-0.3333333333333332,-0.25,0.0,1.0,0.0,1.0,0.5,1.0600000000000003,0.0,1.0,0.0,1.0,-0.6666666666666671,0.0,1.0,1.0,0.5847953216374266,0.0,0.0,0.0,1.0,0.0,0.0,0.0,0.5217391304347826,0.0,Graduate
213,0.7291666668198529,0.33333333333333326,0.3333333333333333,1.3776573572321795,0.22222222222222213,0.0,0.0,1.0,0.0,1.0,0.0,0.46000000000000035,0.0,1.0,0.0,1.0,0.44444444444444514,0.0,0.0,0.0,0.8187134502923973,0.0,0.0,0.0,1.0,0.0,0.0,0.1346704871060172,-0.7391304347826085,0.0,Graduate
214,-1.5686274513099354,-1.6666666666666667,-1.6666666666666667,-5.1354731137974134,0.3333333333333332,-0.25,0.0,1.0,0.0,1.0,-0.5,0.0,0.0,1.0,0.0,1.0,-0.1367521367521364,1.0,0.0,0.0,0.017543859649122633,0.0,0.0,0.0,1.0,0.0,0.0,-0.3553008595988538,-0.4782608695652173,0.0,Dropout
219,-1.323529412042758,-1.3333333333333335,-1.3333333333333333,-0.9670696123384741,2.4444444444444438,2.0,0.0,1.0,0.0,1.0,0.0,0.0,0.0,1.0,0.0,1.0,-2.170940170940172,1.0,0.0,0.0,-1.3742690058479525,0.0,0.0,0.0,1.0,0.0,0.0,0.9140401146131805,0.0,0.0,Dropout
220,-1.5686274513099354,-1.6666666666666667,-1.6666666666666667,-5.1354731137974134,1.3333333333333333,0.5,0.0,1.0,0.0,1.0,-0.5,-0.8066666666666663,1.0,0.0,0.0,1.0,1.3418803418803433,0.0,0.0,0.0,0.3216374269005846,0.0,0.0,0.0,1.0,0.0,0.0,0.0,0.5217391304347826,0.0,Dropout
221,-0.03921568628274831,-0.06666666666666665,-0.3333333333333333,0.28345143809920775,0.3333333333333332,-0.25,0.0,1.0,0.0,1.0,-0.5,-0.006666666666666288,0.0,1.0,0.0,1.0,1.641025641025643,0.0,1.0,0.0,1.2280701754385959,0.0,0.0,0.0,1.0,0.0,0.0,-0.98567335243553,-0.9565217391304347,0.0,Graduate
222,0.39215686233728797,0.33333333333333326,0.3333333333333333,0.42239822009170475,-0.3333333333333332,-0.5,0.0,1.0,0.0,1.0,0.0,0.06000000000000038,0.0,1.0,0.0,1.0,-0.5384615384615388,0.0,1.0,0.0,-0.20467836257309932,0.0,0.0,0.0,1.0,0.0,3.0,0.4068767908309455,0.0,0.0,Graduate
223,-0.46568627460763706,-0.3333333333333335,-0.3333333333333333,-0.4460191746561067,0.5,0.25,0.0,1.0,0.0,1.0,0.0,-1.2066666666666663,1.0,0.0,0.0,1.0,0.658119658119659,0.0,1.0,0.0,-0.4970760233918126,0.0,0.0,0.0,1.0,0.0,2.0,-0.98567335243553,-0.9565217391304347,0.0,Dropout
224,-0.11379551823118944,-0.23809523809523814,0.0,0.6377657357232175,0.14285714285714307,0.25,0.0,1.0,0.0,1.0,0.5,-0.4066666666666663,0.0,1.0,0.0,1.0,2.410256410256413,0.0,0.0,1.0,1.4035087719298238,0.0,0.0,0.0,1.0,0.0,0.0,0.48710601719197705,-0.3478260869565217,0.0,Graduate
225,0.16351540661698521,0.04761904761904745,0.3333333333333333,0.5926080325135473,-0.09523809523809526,0.0,0.0,1.0,0.0,1.0,0.5,0.12666666666666704,0.0,1.0,0.0,1.0,-0.19658119658119652,0.0,0.0,1.0,0.08771929824561399,0.0,0.0,0.0,1.0,0.0,0.0,-0.3553008595988538,-0.4782608695652173,0.0,Graduate
226,0.6862745094579008,0.33333333333333326,0.3333333333333333,1.2560789203834926,-0.05555555555555535,-0.25,0.0,1.0,0.0,1.0,0.0,0.46000000000000035,1.0,0.0,0.0,1.0,0.44444444444444514,0.0,0.0,0.0,0.8187134502923973,0.0,0.0,0.0,0.0,0.0,0.0,0.48710601719197705,-0.3478260869565217,0.0,Graduate
228,0.1960784314137419,0.33333333333333326,0.3333333333333333,-0.13338891204668618,-0.3333333333333332,-0.5,0.0,1.0,0.0,1.0,0.0,0.12666666666666704,0.0,1.0,0.0,1.0,0.29914529914530064,0.0,1.0,0.0,0.4269005847953221,0.0,0.0,0.0,1.0,0.0,0.0,0.48710601719197705,-0.3478260869565217,0.0,Graduate
229,-1.5686274513099354,-1.6666666666666667,-1.6666666666666667,-5.1354731137974134,-0.3333333333333332,-0.75,0.0,1.0,0.0,1.0,-0.5,0.46000000000000035,1.0,0.0,0.0,1.0,-3.2307692307692335,1.0,0.0,0.0,-1.6959064327485371,0.0,1.0,1.0,1.0,1.0,1.0,0.0,0.5217391304347826,1.0,Dropout
230,-0.07965686294565624,0.08333333333333326,0.6666666666666666,-0.3120347769904126,1.125,1.75,0.0,1.0,0.0,1.0,1.0,-0.873333333333333,0.0,1.0,0.0,1.0,-0.2393162393162393,0.0,0.0,1.0,-0.8187134502923973,0.0,0.0,0.0,1.0,0.0,0.0,-0.5787965616045845,1.0,0.0,Graduate
232,-1.5686274513099354,-1.6666666666666667,-1.6666666666666667,-5.1354731137974134,-1.9999999999999996,-2.0,0.0,1.0,0.0,1.0,0.0,0.0,1.0,0.0,0.0,1.0,0.22222222222222315,1.0,0.0,0.0,0.263157894736842,0.0,0.0,0.0,0.0,0.0,0.0,-1.2550143266475644,0.608695652173913,0.0,Dropout
233,0.34313725497404846,0.33333333333333326,0.0,0.28345143809920775,-0.3333333333333332,-0.75,0.0,1.0,0.0,1.0,-0.5,0.12666666666666704,1.0,0.0,0.0,1.0,0.29914529914530064,0.0,1.0,0.0,0.4269005847953221,0.0,0.0,0.0,1.0,0.0,1.0,-0.98567335243553,-0.9565217391304347,0.0,Graduate
235,-0.5098039216757291,-0.4666666666666668,-0.6666666666666666,-0.13338891204668618,1.9999999999999996,1.0,0.0,1.0,0.0,1.0,-0.5,0.0,1.0,0.0,0.0,1.0,-2.3846153846153864,0.0,1.0,0.0,-1.5204678362573092,0.0,0.0,0.0,1.0,0.0,0.0,-0.3553008595988538,-0.4782608695652173,0.0,Dropout
236,-0.024509803926717654,0.0,0.0,0.11671529804085004,-0.3333333333333332,-0.5,0.0,1.0,0.0,1.0,0.0,1.3933333333333338,0.0,1.0,0.0,1.0,-0.717948717948718,0.0,1.0,0.0,0.8421052631578947,0.0,0.0,0.0,1.0,0.0,0.0,0.4068767908309455,0.0,0.0,Graduate
237,0.07352941178015329,0.0,0.0,0.4501875781575655,0.22222222222222213,0.0,0.0,1.0,0.0,1.0,0.0,0.9933333333333337,0.0,1.0,0.0,1.0,-0.09401709401709483,0.0,1.0,0.0,0.9181286549707591,0.0,0.0,0.0,1.0,0.0,0.0,-0.98567335243553,-0.9565217391304347,0.0,Graduate
238,0.09803921521667483,0.33333333333333326,0.3333333333333333,-0.4112824802000832,0.5,0.25,0.0,1.0,0.0,1.0,0.0,-0.006666666666666288,0.0,1.0,0.0,1.0,-0.6923076923076925,0.0,0.0,0.0,-0.3684210526315786,0.0,0.0,0.0,1.0,0.0,1.0,-1.2550143266475644,0.608695652173913,0.0,Graduate
239,0.01960784314137432,-0.06666666666666665,-0.3333333333333333,0.4918716131721548,2.666666666666666,1.5,1.0,0.0,1.0,0.0,-0.5,-0.47333333333333294,1.0,0.0,0.0,1.0,0.14529914529914567,0.0,1.0,0.0,-0.20467836257309932,0.0,0.0,0.0,1.0,0.0,0.0,-0.98567335243553,-0.9565217391304347,0.0,Dropout
240,-0.704656862893135,-0.6666666666666667,-0.6666666666666666,-0.23759899958315966,1.0555555555555554,0.75,1.0,0.0,1.0,0.0,0.0,0.0,1.0,0.0,1.0,0.0,1.0341880341880358,1.0,0.0,0.0,0.8187134502923973,0.0,0.0,0.0,0.0,0.0,0.0,-0.3553008595988538,-0.4782608695652173,0.0,Dropout
241,0.0034013603648602193,0.04761904761904745,0.3333333333333333,0.0631215381408921,0.38095238095238104,0.5,0.0,1.0,0.0,1.0,0.5,-0.5399999999999996,1.0,0.0,0.0,1.0,-0.03418803418803349,0.0,1.0,1.0,-0.38596491228070123,0.0,0.0,0.0,1.0,0.0,2.0,0.42120343839541546,-0.39130434782608686,0.0,Enrolled
242,-0.34025374854322327,-0.37254901960784315,2.0,0.24555686119216308,-0.1372549019607842,2.75,0.0,1.0,0.0,1.0,5.5,0.7933333333333337,1.0,0.0,0.0,1.0,1.2991452991453007,0.0,0.0,0.0,1.6959064327485371,0.0,0.0,0.0,1.0,0.0,0.0,0.42120343839541546,-0.39130434782608686,0.0,Enrolled
244,-1.5686274513099354,-1.6666666666666667,-1.6666666666666667,-5.1354731137974134,-0.3333333333333332,-0.75,1.0,0.0,1.0,0.0,-0.5,-0.873333333333333,1.0,0.0,0.0,1.0,0.6752136752136764,1.0,0.0,0.0,-0.19298245614035062,0.0,0.0,0.0,1.0,0.0,0.0,0.4068767908309455,0.0,0.0,Dropout
247,0.12365196062646772,0.08333333333333326,0.6666666666666666,0.34657297624009986,-0.3333333333333332,0.0,0.0,1.0,0.0,1.0,1.0,-0.27333333333333293,0.0,1.0,0.0,1.0,-0.32478632478632485,0.0,0.0,1.0,-0.35087719298245595,0.0,0.0,0.0,1.0,0.0,2.0,0.4068767908309455,0.0,0.0,Graduate
248,-0.6311274511129819,-0.6666666666666667,-0.6666666666666666,0.1792413505627343,1.6111111111111107,1.25,1.0,0.0,1.0,0.0,0.0,-0.20666666666666628,1.0,0.0,1.0,0.0,0.44444444444444514,0.0,0.0,0.0,0.23391812865497064,0.0,0.0,0.0,0.0,0.0,0.0,0.1346704871060172,-0.7391304347826085,0.0,Dropout
250,0.3799019608641249,0.33333333333333326,0.3333333333333333,0.3876615256356813,0.7777777777777779,0.5,0.0,1.0,0.0,1.0,0.0,0.19333333333333372,0.0,1.0,0.0,1.0,-0.6324786324786323,0.0,1.0,0.0,-0.1520467836257306,0.0,0.0,0.0,1.0,0.0,0.0,0.48710601719197705,-0.3478260869565217,0.0,Graduate
251,-0.04901960785343531,0.0,0.0,0.033347228011671545,-0.05555555555555535,-0.25,0.0,1.0,0.0,1.0,0.0,-0.5399999999999996,1.0,0.0,0.0,1.0,0.4786324786324798,0.0,1.0,0.0,-0.035087719298245265,0.0,0.0,0.0,1.0,0.0,2.0,-0.98567335243553,-0.9565217391304347,0.0,Enrolled
252,0.6372549020946613,0.33333333333333326,0.3333333333333333,1.1171321383909958,-0.3333333333333332,-0.5,0.0,1.0,0.0,1.0,0.0,-0.13999999999999962,0.0,1.0,0.0,1.0,0.11965811965812026,0.0,1.0,0.0,0.07017543859649136,0.0,0.0,0.0,1.0,0.0,2.0,0.9140401146131805,0.0,0.0,Dropout
254,-1.2990196081160403,-1.3333333333333335,-1.3333333333333333,-0.5502292621925802,1.3333333333333333,1.0,0.0,1.0,0.0,1.0,0.0,-0.4066666666666663,1.0,0.0,0.0,1.0,0.11965811965812026,0.0,1.0,0.0,-0.16374269005847927,0.0,0.0,0.0,1.0,0.0,0.0,-0.98567335243553,-0.9565217391304347,0.0,Enrolled
255,0.25490196083786454,0.33333333333333326,0.0,0.033347228011671545,0.6666666666666667,0.0,0.0,1.0,0.0,1.0,-0.5,0.19333333333333372,1.0,0.0,0.0,1.0,-0.5726495726495735,0.0,0.0,0.0,-0.11111111111111138,0.0,0.0,0.0,1.0,0.0,0.0,0.9140401146131805,0.0,0.0,Graduate
256,-1.2324929974578065,-1.380952380952381,-1.3333333333333333,1.5339724885368897,1.0952380952380953,1.25,1.0,0.0,1.0,0.0,0.5,0.0,0.0,1.0,1.0,0.0,-2.427350427350429,1.0,0.0,0.0,-1.5497076023391805,0.0,0.0,0.0,0.0,0.0,0.0,0.9140401146131805,0.0,0.0,Dropout
258,0.17156862699682812,0.33333333333333326,0.3333333333333333,-0.2028623051271362,-0.3333333333333332,-0.5,0.0,1.0,0.0,1.0,0.0,-1.1399999999999997,1.0,0.0,0.0,1.0,0.0,0.0,0.0,0.0,-0.8888888888888886,0.0,0.0,0.0,1.0,0.0,2.0,0.0,0.5217391304347826,0.0,Enrolled
259,-0.1388888885095706,0.0,0.0,-0.2723356940391831,0.22222222222222213,0.0,0.0,1.0,0.0,1.0,0.0,-0.8066666666666663,0.0,1.0,0.0,1.0,0.26495726495726596,0.0,1.0,0.0,-0.4152046783625726,0.0,0.0,0.0,1.0,0.0,0.0,0.42120343839541546,-0.39130434782608686,0.0,Graduate
260,-0.5245098043258773,-0.4666666666666668,0.3333333333333333,-0.2028623051271362,0.6666666666666667,2.0,1.0,0.0,1.0,0.0,2.0,-0.6066666666666662,1.0,0.0,1.0,0.0,0.0,0.0,0.0,0.0,-0.42105263157894735,0.0,0.0,0.0,1.0,0.0,0.0,-0.3553008595988538,-0.4782608695652173,0.0,Dropout
262,-1.5686274513099354,-1.6666666666666667,-1.6666666666666667,-5.1354731137974134,-1.9999999999999996,-2.0,0.0,1.0,0.0,1.0,0.0,-2.206666666666666,1.0,0.0,0.0,1.0,0.44444444444444514,1.0,0.0,0.0,-1.5204678362573092,0.0,0.0,0.0,1.0,0.0,0.0,-0.5787965616045845,1.0,0.0,Dropout
263,-0.4166666667542016,-0.3333333333333335,1.0,-0.23759899958315966,0.36111111111111127,2.25,1.0,0.0,1.0,0.0,3.0,-0.20666666666666628,1.0,0.0,1.0,0.0,-0.4102564102564104,0.0,0.0,0.0,-0.35087719298245595,1.0,0.0,0.0,1.0,0.0,0.0,0.0,0.5217391304347826,0.0,Dropout
264,0.4901960785343547,0.33333333333333326,0.3333333333333333,0.7002917882451017,-0.05555555555555535,-0.25,0.0,1.0,0.0,1.0,0.0,0.12666666666666704,1.0,0.0,0.0,1.0,-0.5982905982905988,0.0,1.0,0.0,-0.18713450292397668,0.0,0.0,0.0,1.0,0.0,0.0,0.4068767908309455,0.0,0.0,Graduate
265,0.3186274505571347,0.33333333333333326,0.3333333333333333,0.21397804501875775,-0.3333333333333332,-0.5,0.0,1.0,0.0,1.0,0.0,-0.20666666666666628,1.0,0.0,0.0,1.0,-0.27350427350427403,0.0,1.0,0.0,-0.25730994152046804,0.0,0.0,0.0,1.0,0.0,0.0,0.42120343839541546,-0.39130434782608686,0.0,Graduate
266,-0.3676470589007661,-0.3333333333333335,-0.3333333333333333,-0.029178824510212698,1.0555555555555554,0.75,0.0,1.0,0.0,1.0,0.0,0.8600000000000004,1.0,0.0,0.0,1.0,0.717948717948718,0.0,1.0,0.0,1.356725146198829,0.0,0.0,0.0,1.0,0.0,1.0,-0.98567335243553,-0.9565217391304347,0.0,Graduate
267,0.3394607845688641,0.08333333333333326,0.6666666666666666,1.045673793247186,-0.3333333333333332,0.0,0.0,1.0,0.0,1.0,1.0,0.8600000000000004,1.0,0.0,0.0,1.0,-0.0683760683760682,0.0,0.0,1.0,0.8187134502923973,0.0,0.0,0.0,1.0,0.0,3.0,-0.5787965616045845,1.0,0.0,Graduate
268,-0.1715686274870239,0.0,0.0,-0.38349312213422243,-0.05555555555555535,-0.25,0.0,1.0,0.0,1.0,0.0,1.3933333333333338,0.0,1.0,0.0,1.0,-1.316239316239317,0.0,1.0,0.0,0.43274853801169605,0.0,0.0,0.0,1.0,0.0,1.0,-0.5787965616045845,1.0,0.0,Graduate
269,0.34313725497404846,0.33333333333333326,0.3333333333333333,0.28345143809920775,-0.3333333333333332,-0.5,0.0,1.0,0.0,1.0,0.0,0.2600000000000004,0.0,1.0,0.0,1.0,-0.4786324786324786,0.0,1.0,0.0,0.011695906432748699,0.0,0.0,0.0,1.0,0.0,0.0,0.4068767908309455,0.0,0.0,Graduate
270,0.19056372534640698,0.08333333333333326,0.6666666666666666,0.5633299583159646,-0.3333333333333332,0.0,0.0,1.0,0.0,1.0,1.0,1.1933333333333338,0.0,1.0,0.0,1.0,-1.5384615384615399,0.0,1.0,1.0,0.10526315789473663,0.0,0.0,0.0,1.0,0.0,4.0,-0.5787965616045845,1.0,0.0,Graduate
271,0.29411764761080894,0.33333333333333326,0.3333333333333333,0.14450465610671082,0.5,0.25,0.0,1.0,0.0,1.0,0.0,1.1266666666666671,0.0,1.0,0.0,1.0,0.44444444444444514,0.0,0.0,0.0,1.4035087719298238,0.0,0.0,0.0,0.0,0.0,0.0,0.1346704871060172,-0.7391304347826085,0.0,Graduate
272,-0.9803921570687096,-0.8666666666666667,-1.0,-0.9670696123384741,1.3333333333333333,0.5,1.0,0.0,1.0,0.0,-0.5,-0.8066666666666663,1.0,0.0,0.0,1.0,-0.17948717948717918,0.0,1.0,0.0,-0.7192982456140345,0.0,0.0,0.0,1.0,0.0,1.0,0.0,0.5217391304347826,0.0,Dropout
273,0.4166666667542018,0.33333333333333326,0.0,0.4918716131721548,1.3333333333333333,0.5,0.0,1.0,0.0,1.0,-0.5,-0.7399999999999997,1.0,0.0,0.0,1.0,0.08547008547008556,0.0,0.0,0.0,-0.47953216374269,0.0,0.0,0.0,1.0,0.0,0.0,0.1346704871060172,-0.7391304347826085,0.0,Graduate
276,0.4439775917599391,0.33333333333333326,0.6666666666666666,0.5692848228428509,-0.3333333333333332,-0.25,0.0,1.0,0.0,1.0,0.5,0.7933333333333337,1.0,0.0,0.0,1.0,1.2146029671112836e-15,0.0,0.0,1.0,0.8070175438596494,0.0,0.0,0.0,1.0,0.0,2.0,0.1346704871060172,-0.7391304347826085,0.0,Graduate
277,-0.22058823534045954,0.0,0.0,-0.5502292621925802,0.22222222222222213,0.0,0.0,1.0,0.0,1.0,0.0,-0.873333333333333,1.0,0.0,0.0,1.0,-0.09401709401709363,0.0,0.0,0.0,-0.7192982456140345,0.0,0.0,0.0,1.0,0.0,0.0,-0.5787965616045845,1.0,0.0,Dropout
278,-0.24691357979043468,-0.11111111111111116,0.6666666666666666,-0.31865128803668186,0.9629629629629627,2.0,1.0,0.0,1.0,0.0,1.5,0.46000000000000035,1.0,0.0,1.0,0.0,0.44444444444444514,0.0,0.0,0.0,0.8187134502923973,0.0,0.0,0.0,0.0,0.0,0.0,0.0,0.5217391304347826,1.0,Dropout
280,0.4907475491227059,0.33333333333333326,0.6666666666666666,0.7018549395581489,-0.09523809523809526,0.0,0.0,1.0,0.0,1.0,0.5,-0.27333333333333293,0.0,1.0,0.0,1.0,-0.3589743589743596,0.0,1.0,1.0,-0.37426900584795336,0.0,0.0,0.0,1.0,0.0,0.0,-1.2550143266475644,0.608695652173913,0.0,Graduate
281,-0.15686274513099357,-0.06666666666666665,-0.3333333333333333,-0.13338891204668618,0.6666666666666667,0.0,0.0,1.0,0.0,1.0,-0.5,0.3933333333333337,0.0,1.0,0.0,1.0,-0.8632478632478636,0.0,0.0,0.0,-0.13450292397660796,0.0,0.0,0.0,1.0,0.0,1.0,-0.3553008595988538,-0.4782608695652173,0.0,Graduate
282,0.1674836605744014,0.0,0.0,0.7697651813255517,0.5,0.25,0.0,1.0,0.0,1.0,0.0,0.0,0.0,1.0,0.0,1.0,1.2905982905982927,0.0,1.0,0.0,0.9941520467836252,0.0,0.0,0.0,1.0,0.0,0.0,-0.3553008595988538,-0.4782608695652173,0.0,Graduate
283,0.4901960785343547,0.33333333333333326,0.0,0.7002917882451017,-0.3333333333333332,-0.75,0.0,1.0,0.0,1.0,-0.5,-0.4066666666666663,1.0,0.0,0.0,1.0,-1.8547008547008568,0.0,0.0,0.0,-1.5146198830409352,0.0,0.0,0.0,1.0,0.0,0.0,0.9140401146131805,0.0,0.0,Graduate
284,0.12254901963358893,0.0,0.0,0.6169237182159233,-0.05555555555555535,-0.25,0.0,1.0,0.0,1.0,0.0,-0.47333333333333294,0.0,1.0,0.0,1.0,-0.11965811965811904,0.0,1.0,0.0,-0.38596491228070123,0.0,0.0,0.0,1.0,0.0,0.0,-0.3553008595988538,-0.4782608695652173,0.0,Graduate
285,0.0,0.0,0.0,0.20008336807002927,0.22222222222222213,0.0,0.0,1.0,0.0,1.0,0.0,-0.33999999999999964,1.0,0.0,0.0,1.0,-0.05982905982906013,0.0,1.0,0.0,-0.2280701754385967,0.0,1.0,0.0,1.0,0.0,0.0,0.0,0.5217391304347826,1.0,Graduate
286,0.22058823583065565,0.33333333333333326,0.3333333333333333,-0.06391551896623615,-0.3333333333333332,-0.5,0.0,1.0,0.0,1.0,0.0,-2.206666666666666,1.0,0.0,0.0,1.0,0.44444444444444514,1.0,0.0,0.0,-1.5204678362573092,0.0,0.0,0.0,0.0,0.0,0.0,0.0,0.5217391304347826,0.0,Graduate
288,-0.3921568628274839,-0.3333333333333335,-0.3333333333333333,-0.13338891204668618,0.5,0.25,0.0,1.0,0.0,1.0,0.0,2.4600000000000004,1.0,0.0,0.0,1.0,-5.4529914529914585,1.0,0.0,0.0,-1.4619883040935666,0.0,0.0,1.0,0.0,0.0,0.0,0.0,0.5217391304347826,0.0,Graduate
289,0.02450980343652186,0.33333333333333326,0.3333333333333333,-0.6197026552730301,0.22222222222222213,0.0,0.0,1.0,0.0,1.0,0.0,-1.073333333333333,0.0,1.0,0.0,1.0,0.0,0.0,0.0,0.0,-0.8304093567251459,0.0,0.0,0.0,1.0,0.0,1.0,0.4068767908309455,0.0,0.0,Graduate
291,0.7352941182917283,0.33333333333333326,0.3333333333333333,1.3950257065443927,1.8888888888888888,1.5,0.0,1.0,0.0,1.0,0.0,-0.673333333333333,1.0,0.0,0.0,1.0,0.5641025641025654,0.0,0.0,0.0,-0.09356725146198792,0.0,0.0,0.0,1.0,0.0,3.0,-1.2550143266475644,0.608695652173913,0.0,Graduate
293,0.11204481816079384,0.33333333333333326,0.3333333333333333,-0.3715833972488537,0.7777777777777779,0.5,0.0,1.0,0.0,1.0,0.0,0.46000000000000035,1.0,0.0,0.0,1.0,0.44444444444444514,0.0,0.0,0.0,0.8187134502923973,0.0,0.0,0.0,0.0,0.0,0.0,0.42120343839541546,-0.39130434782608686,0.0,Enrolled
294,0.14705882405050236,0.33333333333333326,0.3333333333333333,-0.2723356940391831,0.5,0.25,0.0,1.0,0.0,1.0,0.0,-0.673333333333333,0.0,1.0,0.0,1.0,-0.15384615384615374,0.0,0.0,0.0,-0.5847953216374266,0.0,0.0,0.0,1.0,0.0,3.0,0.9140401146131805,0.0,0.0,Graduate
295,-0.09803921570687095,0.0,0.0,-0.13338891204668618,0.5,0.25,0.0,1.0,0.0,1.0,0.0,-0.20666666666666628,0.0,1.0,0.0,1.0,0.9230769230769237,0.0,1.0,0.0,0.5614035087719292,0.0,0.0,0.0,1.0,0.0,0.0,0.9140401146131805,0.0,0.0,Dropout
297,0.5147058829512685,0.33333333333333326,0.3333333333333333,0.7697651813255517,-0.3333333333333332,-0.5,0.0,1.0,0.0,1.0,0.0,-0.47333333333333294,0.0,1.0,0.0,1.0,-0.17948717948717918,0.0,0.0,0.0,-0.4269005847953213,0.0,0.0,0.0,1.0,0.0,1.0,0.42120343839541546,-0.39130434782608686,0.0,Graduate
298,0.13305322110638368,0.33333333333333326,0.3333333333333333,-0.3120347769904126,0.7777777777777779,0.5,0.0,1.0,0.0,1.0,0.0,-0.5399999999999996,1.0,0.0,0.0,1.0,0.5042735042735053,0.0,1.0,0.0,-0.017543859649122633,0.0,0.0,0.0,1.0,0.0,0.0,0.42120343839541546,-0.39130434782608686,0.0,Graduate
299,0.2696078431938952,0.33333333333333326,0.6666666666666666,0.0750312630262608,-0.3333333333333332,-0.25,0.0,1.0,0.0,1.0,0.5,-1.4066666666666663,1.0,0.0,0.0,1.0,0.02564102564102542,0.0,0.0,0.0,-1.1052631578947367,0.0,0.0,0.0,1.0,0.0,3.0,0.42120343839541546,-0.39130434782608686,0.0,Graduate
300,0.32254901967560556,0.33333333333333326,1.0,0.22509378907878239,0.0833333333333334,0.5,0.0,1.0,0.0,1.0,1.0,0.5266666666666671,1.0,0.0,0.0,1.0,-0.880341880341881,0.0,1.0,1.0,-0.02923976608187133,0.0,0.0,0.0,1.0,0.0,0.0,-0.98567335243553,-0.9565217391304347,0.0,Graduate
302,-0.15686274513099357,-0.06666666666666665,-0.3333333333333333,-0.13338891204668618,0.3333333333333332,-0.25,0.0,1.0,0.0,1.0,-0.5,-1.073333333333333,0.0,1.0,0.0,1.0,0.14529914529914567,0.0,1.0,0.0,-0.7309941520467833,0.0,0.0,0.0,1.0,0.0,1.0,0.4068767908309455,0.0,0.0,Graduate
303,0.6544117653335599,0.33333333333333326,0.6666666666666666,1.1657635139641516,0.14285714285714307,0.25,0.0,1.0,0.0,1.0,0.5,1.7933333333333337,0.0,1.0,0.0,1.0,-0.03418803418803349,0.0,1.0,1.0,1.6608187134502919,0.0,0.0,0.0,1.0,0.0,0.0,-1.2550143266475644,0.608695652173913,0.0,Graduate
304,-0.8333333335084032,-0.8666666666666667,-1.0,0.0750312630262608,0.0,-0.5,1.0,0.0,1.0,0.0,-0.5,0.19333333333333372,1.0,0.0,1.0,0.0,-0.7521367521367526,0.0,0.0,0.0,-0.23391812865497064,0.0,0.0,0.0,1.0,0.0,0.0,-0.98567335243553,-0.9565217391304347,0.0,Dropout
305,-1.5686274513099354,-1.6666666666666667,-1.6666666666666667,-5.1354731137974134,1.0555555555555554,0.75,0.0,1.0,0.0,1.0,0.0,0.6600000000000004,1.0,0.0,0.0,1.0,-0.8376068376068382,0.0,0.0,0.0,0.11695906432748532,0.0,0.0,0.0,1.0,0.0,1.0,-0.98567335243553,-0.9565217391304347,0.0,Dropout
306,-0.4901960785343547,-0.3333333333333335,-0.3333333333333333,-0.5502292621925802,0.22222222222222213,0.0,0.0,1.0,0.0,1.0,0.0,-0.9399999999999996,1.0,0.0,0.0,1.0,0.14529914529914567,0.0,1.0,0.0,-0.6140350877192979,0.0,0.0,0.0,1.0,0.0,0.0,0.4068767908309455,0.0,0.0,Enrolled
307,0.17769607846870364,0.33333333333333326,0.3333333333333333,-0.18549395581492292,0.22222222222222213,0.0,0.0,1.0,0.0,1.0,0.0,-0.873333333333333,1.0,0.0,0.0,1.0,0.20512820512820581,0.0,0.0,0.0,-0.5146198830409352,0.0,0.0,0.0,1.0,0.0,3.0,0.48710601719197705,-0.3478260869565217,0.0,Graduate
308,-1.2450980394772613,-1.2666666666666666,-1.3333333333333333,-0.5502292621925802,0.0,-0.5,0.0,1.0,0.0,1.0,-0.5,1.1266666666666671,1.0,0.0,0.0,1.0,0.44444444444444514,1.0,0.0,0.0,1.4035087719298238,0.0,0.0,0.0,0.0,0.0,0.0,-0.5787965616045845,1.0,0.0,Dropout
311,0.6127450976777475,0.33333333333333326,0.3333333333333333,1.0476587453105457,-0.3333333333333332,-0.5,0.0,1.0,1.0,0.0,0.0,1.7933333333333337,1.0,0.0,1.0,0.0,-3.307692307692311,0.0,0.0,0.0,-0.5789473684210527,0.0,0.0,0.0,1.0,0.0,0.0,0.48710601719197705,-0.3478260869565217,0.0,Graduate
312,-0.7352941180466303,-0.6666666666666667,-0.6666666666666666,-0.4112824802000832,1.3333333333333333,1.0,0.0,1.0,0.0,1.0,0.0,0.0,1.0,0.0,0.0,1.0,-0.7692307692307687,0.0,0.0,0.0,-0.4152046783625726,0.0,1.0,1.0,1.0,1.0,0.0,0.0,0.5217391304347826,1.0,Dropout
313,0.07843137256549662,0.33333333333333326,0.0,-0.46686119216340166,-0.3333333333333332,-0.75,0.0,1.0,0.0,1.0,-0.5,0.5933333333333337,0.0,1.0,0.0,1.0,-0.8119658119658127,0.0,0.0,0.0,0.0760233918128653,0.0,0.0,0.0,1.0,0.0,1.0,0.48710601719197705,-0.3478260869565217,0.0,Graduate
314,0.07352941178015329,0.0,0.0,0.4501875781575655,0.22222222222222213,0.0,0.0,1.0,0.0,1.0,0.0,-0.8066666666666663,0.0,1.0,0.0,1.0,-0.17948717948717918,0.0,0.0,0.0,-0.7192982456140345,0.0,0.0,0.0,1.0,0.0,3.0,-0.98567335243553,-0.9565217391304347,0.0,Graduate
315,-0.9509803923566483,-0.8666666666666667,-1.0,-0.7586494372655271,1.9999999999999996,1.0,0.0,1.0,0.0,1.0,-0.5,0.12666666666666704,1.0,0.0,0.0,1.0,-0.9658119658119665,0.0,0.0,0.0,-0.43859649122806993,0.0,0.0,0.0,1.0,0.0,0.0,0.48710601719197705,-0.3478260869565217,0.0,Dropout
316,0.8137254903670289,0.33333333333333326,0.0,1.617340558566068,-0.3333333333333332,-0.75,0.0,1.0,0.0,1.0,-0.5,1.326666666666667,1.0,0.0,0.0,1.0,-0.09401709401709483,0.0,1.0,0.0,1.2105263157894723,0.0,0.0,0.0,1.0,0.0,0.0,0.48710601719197705,-0.3478260869565217,0.0,Graduate
317,0.5700280109040675,0.33333333333333326,0.6666666666666666,0.9265765485619006,-0.3333333333333332,-0.25,0.0,1.0,0.0,1.0,0.5,0.46000000000000035,0.0,1.0,0.0,1.0,-0.8974358974358984,0.0,1.0,1.0,-0.09941520467836269,0.0,0.0,0.0,1.0,0.0,0.0,-0.3553008595988538,-0.4782608695652173,0.0,Graduate
318,0.44523809470138054,0.33333333333333326,0.6666666666666666,0.5728577365568988,-0.3333333333333332,-0.25,0.0,1.0,0.0,1.0,0.5,1.2600000000000005,1.0,0.0,0.0,1.0,-0.7692307692307687,0.0,1.0,1.0,0.690058479532164,0.0,0.0,0.0,1.0,0.0,0.0,0.48710601719197705,-0.3478260869565217,0.0,Graduate
319,0.09103641521520367,0.33333333333333326,0.3333333333333333,-0.43113201750729485,0.22222222222222213,0.0,0.0,1.0,0.0,1.0,0.0,-0.873333333333333,0.0,1.0,0.0,1.0,1.316239316239317,0.0,1.0,0.0,0.2456140350877185,0.0,0.0,0.0,1.0,0.0,0.0,0.42120343839541546,-0.39130434782608686,0.0,Graduate
320,-0.08663465351960106,0.04761904761904745,0.3333333333333333,-0.23462156731971653,0.619047619047619,0.75,0.0,1.0,0.0,1.0,0.5,1.7933333333333337,1.0,0.0,0.0,1.0,-0.5982905982905976,0.0,0.0,1.0,1.2748538011695907,0.0,0.0,0.0,1.0,0.0,0.0,-1.2550143266475644,0.608695652173913,0.0,Enrolled
321,-1.5686274513099354,-1.6666666666666667,-1.6666666666666667,-5.1354731137974134,-0.3333333333333332,-1.25,1.0,0.0,1.0,0.0,-1.5,1.1266666666666671,1.0,0.0,1.0,0.0,0.44444444444444514,0.0,0.0,0.0,1.4035087719298238,0.0,0.0,0.0,0.0,0.0,0.0,0.9140401146131805,0.0,0.0,Dropout
322,0.11170343157983967,0.08333333333333326,0.6666666666666666,0.30786637348895374,-0.3333333333333332,0.0,0.0,1.0,0.0,1.0,1.0,-2.206666666666666,0.0,1.0,0.0,1.0,0.44444444444444514,0.0,0.0,1.0,-1.5204678362573092,0.0,0.0,0.0,1.0,0.0,0.0,0.4068767908309455,0.0,0.0,Graduate
323,0.534313725602447,0.33333333333333326,0.6666666666666666,0.8253438932888703,-0.3333333333333332,-0.25,0.0,1.0,0.0,1.0,0.5,1.1266666666666671,1.0,0.0,0.0,1.0,0.9230769230769237,0.0,1.0,1.0,1.7309941520467824,0.0,0.0,0.0,1.0,0.0,0.0,-0.3553008595988538,-0.4782608695652173,0.0,Graduate
325,-0.6568627455301531,-0.4666666666666668,-0.6666666666666666,-0.8281228303459771,1.0,0.25,0.0,1.0,0.0,1.0,-0.5,0.5266666666666671,1.0,0.0,0.0,1.0,-0.5982905982905976,0.0,0.0,0.0,0.1637426900584801,0.0,0.0,0.0,1.0,0.0,2.0,0.0,0.5217391304347826,0.0,Enrolled
326,-0.01400560245392257,0.33333333333333326,0.3333333333333333,-0.7288751271363065,-0.05555555555555535,-0.25,0.0,1.0,0.0,1.0,0.0,-0.8066666666666663,1.0,0.0,0.0,1.0,0.14529914529914567,0.0,1.0,0.0,-0.4970760233918126,0.0,0.0,0.0,1.0,0.0,0.0,-0.3553008595988538,-0.4782608695652173,0.0,Graduate
327,0.11204481753054178,0.04761904761904745,0.3333333333333333,0.42239822009170475,-0.3333333333333332,-0.25,0.0,1.0,0.0,1.0,0.5,0.06000000000000038,1.0,0.0,0.0,1.0,-0.717948717948718,0.0,0.0,1.0,-0.32748538011695855,0.0,0.0,0.0,0.0,0.0,0.0,0.0,0.5217391304347826,0.0,Graduate
328,0.17507002846815203,0.33333333333333326,0.3333333333333333,-0.1929375323051273,0.7777777777777779,0.5,0.0,1.0,1.0,0.0,0.0,0.06000000000000038,1.0,0.0,1.0,0.0,0.1794871794871804,0.0,1.0,0.0,0.2865497076023394,0.0,0.0,0.0,1.0,0.0,0.0,0.1346704871060172,-0.7391304347826085,0.0,Graduate
329,-0.024509803926717654,0.0,0.0,0.11671529804085004,0.5,0.25,0.0,1.0,0.0,1.0,0.0,-0.07333333333333296,1.0,0.0,0.0,1.0,-0.15384615384615374,0.0,1.0,0.0,-0.05847953216374266,0.0,0.0,0.0,1.0,0.0,0.0,-0.98567335243553,-0.9565217391304347,0.0,Enrolled
330,0.4901960785343547,0.33333333333333326,0.0,0.7002917882451017,1.6666666666666667,0.75,0.0,1.0,0.0,1.0,-0.5,0.12666666666666704,1.0,0.0,0.0,1.0,0.5982905982906,0.0,1.0,0.0,0.6315789473684214,0.0,0.0,0.0,1.0,0.0,0.0,-0.98567335243553,-0.9565217391304347,0.0,Enrolled
333,0.1960784314137419,0.33333333333333326,0.3333333333333333,-0.13338891204668618,-0.05555555555555535,-0.25,0.0,1.0,0.0,1.0,0.0,-1.7399999999999995,1.0,0.0,0.0,1.0,0.14529914529914567,0.0,1.0,0.0,-1.31578947368421,0.0,0.0,0.0,1.0,0.0,0.0,0.42120343839541546,-0.39130434782608686,0.0,Graduate
335,0.22058823583065565,0.33333333333333326,0.3333333333333333,-0.06391551896623615,-0.3333333333333332,-0.5,0.0,1.0,0.0,1.0,0.0,-0.006666666666666288,0.0,1.0,0.0,1.0,0.5641025641025654,0.0,1.0,0.0,0.4912280701754387,0.0,0.0,1.0,1.0,0.0,0.0,-0.98567335243553,-0.9565217391304347,0.0,Graduate
337,0.6372549020946613,0.33333333333333326,0.6666666666666666,1.1171321383909958,-0.09523809523809526,0.0,0.0,1.0,1.0,0.0,0.5,-1.5399999999999996,1.0,0.0,1.0,0.0,0.44444444444444514,0.0,0.0,0.0,-0.9356725146198825,0.0,0.0,0.0,0.0,0.0,0.0,0.42120343839541546,-0.39130434782608686,0.0,Graduate
338,0.40067401969201816,0.33333333333333326,1.0,0.44654022509378855,-0.3333333333333332,0.0,0.0,1.0,0.0,1.0,1.0,0.5266666666666671,0.0,1.0,0.0,1.0,-0.2820512820512821,0.0,1.0,1.0,0.3801169590643273,0.0,0.0,0.0,1.0,0.0,3.0,-0.98567335243553,-0.9565217391304347,0.0,Graduate
339,-0.07761437869277613,0.0,0.0,-0.06391551896623615,0.5,0.25,0.0,1.0,0.0,1.0,0.0,-0.7399999999999997,1.0,0.0,0.0,1.0,-0.17948717948717918,0.0,0.0,0.0,-0.6608187134502919,0.0,0.0,0.0,1.0,0.0,0.0,0.1346704871060172,-0.7391304347826085,0.0,Graduate
340,-0.24509803926717735,-0.06666666666666665,-0.3333333333333333,-0.4460191746561067,1.0,0.25,0.0,1.0,0.0,1.0,-0.5,1.526666666666667,1.0,0.0,0.0,1.0,1.376068376068378,0.0,0.0,0.0,2.391812865497075,0.0,0.0,0.0,1.0,0.0,0.0,0.0,0.5217391304347826,0.0,Graduate
341,-0.15686274513099357,-0.06666666666666665,-0.3333333333333333,-0.13338891204668618,2.333333333333333,1.25,0.0,1.0,0.0,1.0,-0.5,-0.27333333333333293,1.0,0.0,0.0,1.0,0.1794871794871804,0.0,1.0,0.0,-0.005847953216373934,0.0,0.0,0.0,1.0,0.0,0.0,-0.98567335243553,-0.9565217391304347,0.0,Enrolled
342,-1.5686274513099354,-1.6666666666666667,-1.6666666666666667,-5.1354731137974134,-1.9999999999999996,-2.0,0.0,1.0,0.0,1.0,-3.0,3.6600000000000006,1.0,0.0,0.0,1.0,-0.38461538461538375,0.0,1.0,0.0,3.0584795321637417,0.0,0.0,0.0,1.0,0.0,0.0,-1.2550143266475644,0.608695652173913,0.0,Dropout
343,0.3186274505571347,0.33333333333333326,0.3333333333333333,0.21397804501875775,-0.05555555555555535,-0.25,0.0,1.0,0.0,1.0,0.0,-0.873333333333333,1.0,0.0,0.0,1.0,0.18803418803418845,1.0,0.0,0.0,-0.526315789473684,0.0,0.0,0.0,1.0,0.0,0.0,0.42120343839541546,-0.39130434782608686,0.0,Graduate
344,0.4901960785343547,0.33333333333333326,0.3333333333333333,0.7002917882451017,0.7777777777777779,0.5,0.0,1.0,0.0,1.0,0.0,-0.20666666666666628,1.0,0.0,0.0,1.0,2.153846153846156,1.0,0.0,0.0,1.4035087719298238,0.0,0.0,0.0,0.0,0.0,0.0,-0.3553008595988538,-0.4782608695652173,0.0,Graduate
345,-0.03921568628274831,-0.06666666666666665,-0.3333333333333333,0.28345143809920775,-0.3333333333333332,-0.75,0.0,1.0,0.0,1.0,-0.5,-0.20666666666666628,1.0,0.0,0.0,1.0,0.44444444444444514,0.0,0.0,0.0,0.23391812865497064,0.0,0.0,0.0,1.0,0.0,0.0,-0.98567335243553,-0.9565217391304347,0.0,Enrolled
346,0.4166666667542018,0.33333333333333326,0.3333333333333333,0.4918716131721548,-0.05555555555555535,-0.25,0.0,1.0,0.0,1.0,0.0,0.46000000000000035,1.0,0.0,0.0,1.0,0.02564102564102542,0.0,1.0,0.0,0.5321637426900578,0.0,0.0,0.0,1.0,0.0,0.0,-0.98567335243553,-0.9565217391304347,0.0,Graduate
347,-0.29105392190550844,-0.04166666666666674,2.6666666666666665,-0.6784878324301792,0.5,4.0,0.0,1.0,0.0,1.0,5.0,-1.5399999999999996,1.0,0.0,0.0,1.0,0.44444444444444514,0.0,0.0,0.0,-0.9356725146198825,0.0,0.0,0.0,1.0,0.0,0.0,-1.2550143266475644,0.608695652173913,0.0,Enrolled
348,0.049019607853435634,0.33333333333333326,0.0,-0.5502292621925802,0.0,-0.5,0.0,1.0,0.0,1.0,-0.5,0.0,1.0,0.0,0.0,1.0,0.7094017094017099,1.0,0.0,0.0,0.5964912280701745,0.0,0.0,0.0,1.0,0.0,0.0,0.4068767908309455,0.0,0.0,Graduate
349,0.34313725497404846,0.33333333333333326,0.3333333333333333,0.28345143809920775,0.22222222222222213,0.0,0.0,1.0,0.0,1.0,0.0,-0.873333333333333,1.0,0.0,0.0,1.0,0.10256410256410291,1.0,0.0,0.0,-0.5847953216374266,0.0,0.0,0.0,1.0,0.0,0.0,-0.5787965616045845,1.0,0.0,Graduate
350,-0.09803921570687095,0.0,0.0,-0.13338891204668618,0.7777777777777779,0.5,0.0,1.0,0.0,1.0,0.0,-2.473333333333333,1.0,0.0,0.0,1.0,0.7863247863247873,0.0,1.0,0.0,-1.5204678362573092,0.0,0.0,0.0,1.0,0.0,1.0,-0.98567335243553,-0.9565217391304347,0.0,Enrolled
351,-0.3333333334033613,-0.3333333333333335,-0.3333333333333333,0.11671529804085004,0.5,0.25,0.0,1.0,0.0,1.0,0.0,-1.073333333333333,1.0,0.0,0.0,1.0,0.38461538461538497,0.0,1.0,0.0,-0.567251461988304,0.0,0.0,0.0,1.0,0.0,0.0,-0.5787965616045845,1.0,0.0,Dropout
353,-1.5686274513099354,-1.6666666666666667,-1.6666666666666667,-5.1354731137974134,-1.9999999999999996,-2.0,1.0,0.0,1.0,0.0,-3.0,-0.4066666666666663,1.0,0.0,0.0,1.0,0.20512820512820581,0.0,1.0,0.0,-0.10526315789473663,0.0,0.0,0.0,1.0,0.0,3.0,-0.98567335243553,-0.9565217391304347,0.0,Dropout
354,0.22128851545265155,0.04761904761904745,0.3333333333333333,0.7836598582742802,-0.3333333333333332,-0.25,0.0,1.0,1.0,0.0,0.5,1.1933333333333338,0.0,1.0,1.0,0.0,-0.9658119658119665,0.0,1.0,1.0,0.4970760233918126,0.0,0.0,0.0,1.0,0.0,0.0,0.0,0.5217391304347826,0.0,Graduate
358,-1.5686274513099354,-1.6666666666666667,-1.6666666666666667,-5.1354731137974134,-1.9999999999999996,-2.0,0.0,1.0,0.0,1.0,-0.5,0.0,1.0,0.0,0.0,1.0,0.02564102564102542,1.0,0.0,0.0,0.1286549707602332,0.0,0.0,0.0,1.0,0.0,0.0,-0.5787965616045845,1.0,0.0,Dropout
359,-1.5686274513099354,-1.6666666666666667,-1.6666666666666667,-5.1354731137974134,-0.3333333333333332,-0.5,0.0,1.0,1.0,0.0,0.0,0.0,0.0,1.0,1.0,0.0,0.1794871794871804,1.0,0.0,0.0,0.23391812865497064,0.0,0.0,0.0,1.0,0.0,0.0,0.48710601719197705,-0.3478260869565217,0.0,Enrolled
360,-1.5686274513099354,-1.6666666666666667,-1.6666666666666667,-5.1354731137974134,-1.9999999999999996,-2.0,0.0,1.0,0.0,1.0,0.0,1.7933333333333337,1.0,0.0,0.0,1.0,1.4700854700854717,1.0,0.0,0.0,2.6900584795321625,0.0,0.0,0.0,0.0,0.0,0.0,0.9140401146131805,0.0,0.0,Dropout
361,0.14705882405050236,0.33333333333333326,0.3333333333333333,-0.2723356940391831,-0.05555555555555535,-0.25,0.0,1.0,0.0,1.0,0.0,0.46000000000000035,1.0,0.0,0.0,1.0,-0.5384615384615388,0.0,0.0,0.0,0.14619883040935666,0.0,0.0,0.0,1.0,0.0,3.0,0.4068767908309455,0.0,0.0,Graduate
363,-0.6568627455301531,-0.4666666666666668,-0.6666666666666666,-0.8281228303459771,1.3333333333333333,0.5,0.0,1.0,0.0,1.0,-0.5,-1.4066666666666663,1.0,0.0,0.0,1.0,0.44444444444444514,0.0,0.0,0.0,-0.8187134502923973,0.0,0.0,0.0,1.0,0.0,3.0,-0.3553008595988538,-0.4782608695652173,0.0,Enrolled
364,-0.12477718362692651,-0.21212121212121215,1.0,0.4918716131721548,0.7272727272727274,2.5,0.0,1.0,0.0,1.0,2.5,0.46000000000000035,0.0,1.0,0.0,1.0,0.658119658119659,0.0,0.0,0.0,0.9649122807017539,0.0,0.0,0.0,0.0,0.0,0.0,0.9140401146131805,0.0,0.0,Graduate
366,0.8069381594832501,0.33333333333333326,0.3333333333333333,1.5981017715714874,1.6111111111111107,1.25,0.0,1.0,0.0,1.0,0.0,0.0,0.0,1.0,0.0,1.0,-1.871794871794873,0.0,1.0,0.0,-1.1695906432748533,0.0,0.0,0.0,1.0,0.0,0.0,-1.2550143266475644,0.608695652173913,0.0,Graduate
367,0.2002801116667254,0.04761904761904745,0.3333333333333333,0.7141864651938302,-0.3333333333333332,-0.25,0.0,1.0,0.0,1.0,0.5,0.19333333333333372,0.0,1.0,0.0,1.0,-0.4529914529914532,0.0,1.0,1.0,-0.02923976608187133,0.0,0.0,0.0,1.0,0.0,3.0,0.0,0.5217391304347826,0.0,Graduate
369,0.4691876755887649,0.33333333333333326,0.6666666666666666,0.6407431679866606,-0.09523809523809526,0.0,0.0,1.0,0.0,1.0,0.5,-0.7399999999999997,0.0,1.0,0.0,1.0,-0.3333333333333329,0.0,1.0,0.0,-0.7660818713450285,0.0,0.0,0.0,1.0,0.0,0.0,0.9140401146131805,0.0,0.0,Graduate
370,0.15747548967769098,0.08333333333333326,0.6666666666666666,0.4561424385160479,-0.3333333333333332,0.0,0.0,1.0,0.0,1.0,1.0,0.32666666666666705,1.0,0.0,0.0,1.0,-0.6837606837606844,0.0,1.0,1.0,-0.07017543859649136,0.0,0.0,0.0,1.0,0.0,5.0,-0.5787965616045845,1.0,0.0,Dropout
372,-0.24509803926717735,-0.06666666666666665,-0.3333333333333333,-0.4460191746561067,1.6666666666666667,0.75,0.0,1.0,0.0,1.0,-0.5,-0.20666666666666628,0.0,1.0,0.0,1.0,1.982905982905985,1.0,0.0,0.0,1.2865497076023384,0.0,0.0,0.0,1.0,0.0,0.0,0.1346704871060172,-0.7391304347826085,0.0,Enrolled
373,0.46568627411744096,0.33333333333333326,0.3333333333333333,0.6308183951646517,-0.3333333333333332,-0.5,0.0,1.0,0.0,1.0,0.0,1.8600000000000003,0.0,1.0,0.0,1.0,-0.6324786324786323,0.0,0.0,0.0,1.309941520467836,0.0,0.0,0.0,1.0,0.0,0.0,-1.2550143266475644,0.608695652173913,0.0,Graduate
374,0.1960784314137419,0.33333333333333326,0.0,-0.13338891204668618,0.6666666666666667,0.0,0.0,1.0,0.0,1.0,-0.5,0.46000000000000035,1.0,0.0,0.0,1.0,-0.43589743589743707,1.0,0.0,0.0,0.2163742690058472,0.0,0.0,0.0,1.0,0.0,0.0,0.1346704871060172,-0.7391304347826085,0.0,Graduate
375,-1.5686274513099354,-1.6666666666666667,-1.6666666666666667,-5.1354731137974134,-1.9999999999999996,-2.0,0.0,1.0,0.0,1.0,0.0,0.0,1.0,0.0,0.0,1.0,0.02564102564102542,1.0,0.0,0.0,0.1286549707602332,0.0,0.0,0.0,0.0,0.0,0.0,-0.5787965616045845,1.0,0.0,Dropout
376,0.022281639933379744,0.15151515151515138,1.6666666666666667,-0.17507294706127544,0.12121212121212123,1.5,0.0,1.0,1.0,0.0,2.5,0.0,1.0,0.0,1.0,0.0,-2.042735042735044,0.0,0.0,0.0,-1.2865497076023384,0.0,0.0,0.0,0.0,0.0,0.0,0.48710601719197705,-0.3478260869565217,0.0,Enrolled
377,-1.5686274513099354,-1.6666666666666667,-1.6666666666666667,-5.1354731137974134,-0.3333333333333332,-0.75,1.0,0.0,1.0,0.0,-0.5,-0.20666666666666628,1.0,0.0,0.0,1.0,-0.4188034188034185,0.0,0.0,0.0,-0.3567251461988299,0.0,0.0,0.0,1.0,0.0,3.0,-0.98567335243553,-0.9565217391304347,0.0,Dropout
378,0.6572128859223835,0.33333333333333326,0.6666666666666666,1.1737033305543967,-0.3333333333333332,-0.25,0.0,1.0,0.0,1.0,0.5,1.2600000000000005,0.0,1.0,0.0,1.0,-0.49572649572649596,0.0,1.0,1.0,0.8771929824561399,0.0,0.0,0.0,1.0,0.0,0.0,0.42120343839541546,-0.39130434782608686,0.0,Graduate
379,0.23809523877551025,0.33333333333333326,0.6666666666666666,-0.014291667361400867,-0.3333333333333332,-0.25,1.0,0.0,1.0,0.0,0.5,-0.5399999999999996,0.0,1.0,0.0,1.0,-0.27350427350427403,0.0,0.0,0.0,-0.5497076023391814,0.0,0.0,0.0,1.0,0.0,0.0,0.9140401146131805,0.0,0.0,Enrolled
380,-0.01633986887598167,0.0,0.0,0.14450465610671082,2.4444444444444438,2.0,0.0,1.0,0.0,1.0,0.0,0.46000000000000035,1.0,0.0,0.0,1.0,0.44444444444444514,0.0,0.0,0.0,0.8187134502923973,0.0,0.0,0.0,0.0,0.0,0.0,-0.3553008595988538,-0.4782608695652173,0.0,Enrolled
381,-0.2303921569111467,-0.23809523809523814,0.0,0.17507294706127544,1.0952380952380953,1.25,0.0,1.0,0.0,1.0,0.5,0.0,0.0,1.0,0.0,1.0,1.0341880341880358,1.0,0.0,1.0,0.8187134502923973,0.0,0.0,0.0,0.0,0.0,0.0,-0.3553008595988538,-0.4782608695652173,0.0,Dropout
382,0.1015406162678306,0.04761904761904745,0.3333333333333333,0.3876615256356813,-0.09523809523809526,0.0,0.0,1.0,0.0,1.0,0.5,2.4600000000000004,1.0,0.0,0.0,1.0,-5.538461538461544,0.0,0.0,1.0,-1.5204678362573092,0.0,0.0,0.0,1.0,0.0,0.0,0.1346704871060172,-0.7391304347826085,0.0,Enrolled
383,-0.8088235298267834,-0.6666666666666667,-0.6666666666666666,-0.8281228303459771,1.6111111111111107,1.25,0.0,1.0,0.0,1.0,0.0,0.12666666666666704,1.0,0.0,0.0,1.0,-0.7521367521367526,0.0,1.0,0.0,-0.2923976608187133,0.0,0.0,0.0,1.0,0.0,0.0,0.0,0.5217391304347826,0.0,Enrolled
385,-0.05793226329202778,-0.030303030303030276,1.3333333333333333,0.09818906210921209,0.8787878787878788,2.75,0.0,1.0,0.0,1.0,2.5,0.46000000000000035,1.0,0.0,0.0,1.0,0.46153846153846123,0.0,0.0,0.0,0.8304093567251452,0.0,0.0,0.0,0.0,0.0,0.0,0.9140401146131805,0.0,0.0,Graduate
386,0.1225490196335886,0.33333333333333326,0.3333333333333333,-0.34180908711963315,0.22222222222222213,0.0,0.0,1.0,0.0,1.0,0.0,-0.6066666666666662,1.0,0.0,0.0,1.0,0.8974358974358996,0.0,1.0,0.0,0.19298245614035145,0.0,1.0,1.0,1.0,1.0,0.0,0.0,0.5217391304347826,1.0,Graduate
387,0.4411764711711155,0.33333333333333326,0.3333333333333333,0.5613450062526048,-0.3333333333333332,-0.5,0.0,1.0,0.0,1.0,0.0,0.46000000000000035,1.0,0.0,0.0,1.0,0.8974358974358996,0.0,1.0,0.0,1.128654970760234,0.0,0.0,0.0,1.0,0.0,0.0,0.0,0.5217391304347826,0.0,Graduate
389,0.044934640940812794,0.0,0.0,0.3529248311796578,0.7777777777777779,0.5,0.0,1.0,0.0,1.0,0.0,0.06000000000000038,1.0,0.0,0.0,1.0,-0.5384615384615388,0.0,0.0,0.0,-0.20467836257309932,0.0,0.0,0.0,1.0,0.0,0.0,-1.2550143266475644,0.608695652173913,0.0,Enrolled
390,0.5882352947314218,0.33333333333333326,0.3333333333333333,0.9781853563984988,-0.3333333333333332,-0.5,0.0,1.0,0.0,1.0,0.0,1.7933333333333337,0.0,1.0,0.0,1.0,0.11111111111111098,0.0,0.0,0.0,1.7602339181286537,0.0,0.0,0.0,0.0,0.0,0.0,0.1346704871060172,-0.7391304347826085,0.0,Graduate
391,-0.3186274510473308,-0.3333333333333335,-0.3333333333333333,0.1792413505627343,1.0555555555555554,0.75,0.0,1.0,0.0,1.0,0.0,0.46000000000000035,1.0,0.0,0.0,1.0,0.44444444444444514,0.0,0.0,0.0,0.8187134502923973,0.0,0.0,0.0,0.0,0.0,0.0,0.42120343839541546,-0.39130434782608686,0.0,Enrolled
392,-0.3921568628274839,-0.23809523809523814,0.0,-0.46686119216340166,0.619047619047619,0.75,0.0,1.0,0.0,1.0,0.5,1.1266666666666671,1.0,0.0,0.0,1.0,-0.4102564102564104,1.0,0.0,1.0,0.8187134502923973,0.0,0.0,0.0,1.0,0.0,0.0,-0.3553008595988538,-0.4782608695652173,0.0,Enrolled
394,-0.9509803923566483,-0.8666666666666667,-1.0,-0.7586494372655271,0.6666666666666667,0.0,1.0,0.0,1.0,0.0,-0.5,-0.873333333333333,1.0,0.0,0.0,1.0,0.017094017094017352,0.0,0.0,0.0,-0.6432748538011692,0.0,0.0,0.0,1.0,0.0,1.0,0.0,0.5217391304347826,0.0,Dropout
395,0.6162464991490711,0.33333333333333326,0.3333333333333333,1.0575835181325546,-0.05555555555555535,-0.25,0.0,1.0,0.0,1.0,0.0,2.193333333333334,1.0,0.0,0.0,1.0,-0.1794871794871804,0.0,0.0,0.0,1.9122807017543844,0.0,0.0,0.0,1.0,0.0,1.0,0.48710601719197705,-0.3478260869565217,0.0,Graduate
396,0.08615196080241301,0.08333333333333326,0.6666666666666666,0.22509378907878239,0.2916666666666667,0.75,0.0,1.0,0.0,1.0,1.0,0.9266666666666671,0.0,1.0,0.0,1.0,-1.4786324786324798,0.0,1.0,1.0,-0.08771929824561399,0.0,0.0,0.0,1.0,0.0,3.0,0.4068767908309455,0.0,0.0,Graduate
397,0.1559714799347279,0.33333333333333326,2.0,-0.24707264276782026,-0.18181818181818185,1.0,0.0,1.0,0.0,1.0,2.5,-0.8066666666666663,1.0,0.0,0.0,1.0,-0.3333333333333329,0.0,0.0,0.0,-0.8245614035087712,0.0,0.0,0.0,1.0,0.0,0.0,0.42120343839541546,-0.39130434782608686,0.0,Graduate
398,0.3641456579196383,0.33333333333333326,0.3333333333333333,0.3430000583576489,1.0555555555555554,0.75,0.0,1.0,0.0,1.0,0.0,1.1266666666666671,0.0,1.0,0.0,1.0,0.44444444444444514,0.0,0.0,0.0,1.4035087719298238,0.0,0.0,0.0,0.0,0.0,0.0,0.1346704871060172,-0.7391304347826085,0.0,Graduate
399,-0.12254901963358843,0.0,0.0,-0.2167569820758647,-0.3333333333333332,-0.5,0.0,1.0,1.0,0.0,0.0,-0.6066666666666662,1.0,0.0,1.0,0.0,-0.39316239316239304,0.0,0.0,0.0,-0.6900584795321633,0.0,0.0,0.0,1.0,0.0,0.0,0.4068767908309455,0.0,0.0,Dropout
400,-0.6274509802298565,-0.4666666666666668,-0.6666666666666666,-0.689176044185077,1.3333333333333333,0.5,0.0,1.0,0.0,1.0,-0.5,-2.473333333333333,1.0,0.0,0.0,1.0,0.44444444444444514,0.0,0.0,0.0,-1.7543859649122797,0.0,0.0,0.0,1.0,0.0,0.0,-0.3553008595988538,-0.4782608695652173,0.0,Dropout
401,-0.14705882356030642,0.0,0.0,-0.3001250521050439,0.5,0.25,0.0,1.0,0.0,1.0,0.0,-0.5399999999999996,0.0,1.0,0.0,1.0,0.7777777777777792,0.0,0.0,0.0,0.16959064327485404,0.0,0.0,0.0,1.0,0.0,3.0,0.9140401146131805,0.0,0.0,Enrolled
402,-0.8088235298267834,-0.6666666666666667,-0.6666666666666666,-0.8281228303459771,1.6111111111111107,1.25,0.0,1.0,0.0,1.0,0.0,0.19333333333333372,1.0,0.0,0.0,1.0,-0.777777777777778,0.0,0.0,0.0,-0.2514619883040933,0.0,0.0,0.0,1.0,0.0,0.0,0.4068767908309455,0.0,0.0,Enrolled
403,-0.3676470589007661,-0.3333333333333335,-0.3333333333333333,-0.029178824510212698,1.0555555555555554,0.75,0.0,1.0,0.0,1.0,0.0,-0.873333333333333,1.0,0.0,0.0,1.0,0.0,0.0,1.0,0.0,-0.654970760233918,0.0,0.0,0.0,1.0,0.0,0.0,0.0,0.5217391304347826,0.0,Enrolled
404,0.1960784314137419,0.33333333333333326,0.3333333333333333,-0.13338891204668618,-0.3333333333333332,-0.5,0.0,1.0,0.0,1.0,0.0,-0.33999999999999964,1.0,0.0,0.0,1.0,0.3589743589743596,0.0,1.0,0.0,0.05847953216374266,0.0,0.0,0.0,1.0,0.0,0.0,0.42120343839541546,-0.39130434782608686,0.0,Enrolled
405,0.32696078419859137,0.08333333333333326,0.6666666666666666,1.0051807294706123,-0.3333333333333332,0.0,0.0,1.0,0.0,1.0,1.0,0.5933333333333337,1.0,0.0,0.0,1.0,-0.4700854700854693,0.0,0.0,1.0,0.3099415204678368,0.0,0.0,0.0,1.0,0.0,0.0,0.4068767908309455,0.0,0.0,Graduate
406,-1.5686274513099354,-1.6666666666666667,-1.6666666666666667,-5.1354731137974134,-1.9999999999999996,-2.0,0.0,1.0,0.0,1.0,-3.0,0.12666666666666704,1.0,0.0,0.0,1.0,0.6239316239316243,0.0,1.0,0.0,0.6491228070175432,0.0,0.0,0.0,1.0,0.0,0.0,-0.5787965616045845,1.0,0.0,Graduate
407,0.4336349932283545,0.33333333333333326,2.6666666666666665,0.5399685785744058,-0.20512820512820512,1.5,0.0,1.0,0.0,1.0,3.5,-0.873333333333333,1.0,0.0,0.0,1.0,0.44444444444444514,0.0,0.0,0.0,-0.35087719298245595,0.0,0.0,0.0,0.0,0.0,0.0,0.1346704871060172,-0.7391304347826085,0.0,Graduate
408,0.7549019609429065,0.33333333333333326,0.0,1.4506044185077112,-0.3333333333333332,-0.75,0.0,1.0,0.0,1.0,-0.5,0.46000000000000035,1.0,0.0,0.0,1.0,0.3589743589743596,1.0,0.0,0.0,0.7602339181286546,0.0,0.0,0.0,0.0,0.0,0.0,0.9140401146131805,0.0,0.0,Graduate
410,-1.5686274513099354,-1.6666666666666667,-1.6666666666666667,-5.1354731137974134,-0.3333333333333332,-0.75,0.0,1.0,0.0,1.0,-0.5,0.0,1.0,0.0,0.0,1.0,0.02564102564102542,1.0,0.0,0.0,0.1286549707602332,0.0,1.0,1.0,1.0,1.0,0.0,0.0,0.5217391304347826,1.0,Dropout
411,0.3170343132406232,0.08333333333333326,0.6666666666666666,0.9730244726969566,-0.3333333333333332,0.0,0.0,1.0,0.0,1.0,1.0,0.2600000000000004,0.0,1.0,0.0,1.0,-0.940170940170941,0.0,1.0,1.0,-0.304093567251462,0.0,0.0,0.0,1.0,0.0,1.0,0.4068767908309455,0.0,0.0,Graduate
412,0.02714460766501622,0.08333333333333326,0.6666666666666666,0.033942713630679404,-0.3333333333333332,0.0,0.0,1.0,0.0,1.0,1.0,-0.7399999999999997,1.0,0.0,0.0,1.0,1.6239316239316268,1.0,0.0,1.0,0.5730994152046788,0.0,0.0,0.0,0.0,0.0,0.0,0.4068767908309455,0.0,0.0,Graduate
413,0.13541666669511546,0.33333333333333326,0.6666666666666666,-0.3053355564818673,-0.09523809523809526,0.0,0.0,1.0,0.0,1.0,0.5,-0.33999999999999964,1.0,0.0,0.0,1.0,-0.3333333333333329,0.0,1.0,1.0,-0.4152046783625726,0.0,0.0,0.0,1.0,0.0,2.0,0.1346704871060172,-0.7391304347826085,0.0,Graduate
416,0.4901960785343547,0.33333333333333326,0.0,0.7002917882451017,-0.3333333333333332,-0.75,0.0,1.0,0.0,1.0,-0.5,-0.13999999999999962,1.0,0.0,0.0,1.0,0.9572649572649584,0.0,1.0,0.0,0.6432748538011692,0.0,0.0,0.0,1.0,0.0,0.0,0.0,0.5217391304347826,0.0,Graduate
418,-0.14705882356030642,0.0,0.0,-0.3001250521050439,0.5,0.25,0.0,1.0,0.0,1.0,0.0,0.0,1.0,0.0,0.0,1.0,-2.6410256410256427,0.0,1.0,0.0,-1.6959064327485371,0.0,0.0,0.0,1.0,0.0,0.0,-0.5787965616045845,1.0,0.0,Dropout
420,-1.5686274513099354,-1.6666666666666667,-1.6666666666666667,-5.1354731137974134,-1.9999999999999996,-2.0,0.0,1.0,0.0,1.0,0.5,0.46000000000000035,1.0,0.0,0.0,1.0,-0.6239316239316243,0.0,1.0,1.0,0.08771929824561399,0.0,0.0,0.0,1.0,0.0,3.0,-0.5787965616045845,1.0,0.0,Dropout
423,-1.5686274513099354,-1.6666666666666667,-1.6666666666666667,-5.1354731137974134,-1.9999999999999996,-2.0,0.0,1.0,0.0,1.0,0.0,0.46000000000000035,1.0,0.0,0.0,1.0,0.44444444444444514,0.0,0.0,0.0,0.8187134502923973,0.0,0.0,0.0,0.0,0.0,0.0,-1.2550143266475644,0.608695652173913,0.0,Dropout
425,0.45868347411596977,0.33333333333333326,0.6666666666666666,0.61096885785744,-0.3333333333333332,-0.25,0.0,1.0,0.0,1.0,0.5,-1.2066666666666663,1.0,0.0,0.0,1.0,0.20512820512820581,0.0,0.0,0.0,-0.8070175438596485,0.0,0.0,0.0,1.0,0.0,5.0,0.42120343839541546,-0.39130434782608686,0.0,Graduate
426,0.18557423015103072,0.04761904761904745,0.3333333333333333,0.6655550937890783,-0.3333333333333332,-0.25,0.0,1.0,0.0,1.0,0.5,0.726666666666667,1.0,0.0,0.0,1.0,1.000000000000001,0.0,1.0,1.0,1.432748538011695,0.0,0.0,0.0,1.0,0.0,0.0,0.0,0.5217391304347826,0.0,Graduate
427,0.4166666667542018,0.33333333333333326,0.3333333333333333,0.4918716131721548,0.22222222222222213,0.0,0.0,1.0,0.0,1.0,0.0,-0.33999999999999964,1.0,0.0,0.0,1.0,-0.15384615384615374,0.0,1.0,0.0,-0.2923976608187133,0.0,0.0,0.0,1.0,0.0,3.0,0.48710601719197705,-0.3478260869565217,0.0,Graduate
428,-0.5686274513939693,-0.4666666666666668,-0.6666666666666666,-0.4112824802000832,0.6666666666666667,0.0,0.0,1.0,0.0,1.0,-0.5,-1.1399999999999997,1.0,0.0,0.0,1.0,0.11965811965812026,0.0,0.0,0.0,-0.8070175438596485,0.0,0.0,0.0,1.0,0.0,0.0,0.4068767908309455,0.0,0.0,Enrolled
429,-1.5686274513099354,-1.6666666666666667,-1.6666666666666667,-5.1354731137974134,0.6666666666666667,0.0,0.0,1.0,0.0,1.0,-0.5,0.12666666666666704,1.0,0.0,0.0,1.0,-0.03418803418803349,0.0,1.0,0.0,0.19883040935672538,0.0,0.0,0.0,1.0,0.0,1.0,0.4068767908309455,0.0,0.0,Dropout
431,-0.013848039586242557,0.08333333333333326,0.6666666666666666,-0.09885071279699892,-0.3333333333333332,0.0,0.0,1.0,0.0,1.0,1.0,0.06000000000000038,0.0,1.0,0.0,1.0,-0.7264957264957272,0.0,1.0,1.0,-0.3333333333333333,0.0,0.0,0.0,1.0,0.0,2.0,0.4068767908309455,0.0,0.0,Graduate
433,0.40196078439817107,0.33333333333333326,0.0,0.4501875781575655,0.0,-0.5,0.0,1.0,0.0,1.0,-0.5,-0.5399999999999996,0.0,1.0,0.0,1.0,-0.4529914529914532,0.0,0.0,0.0,-0.6725146198830406,0.0,0.0,0.0,1.0,0.0,1.0,0.42120343839541546,-0.39130434782608686,0.0,Graduate
435,0.17156862748702423,0.0,0.0,0.7836598582742802,-0.05555555555555535,-0.25,0.0,1.0,0.0,1.0,0.0,0.46000000000000035,1.0,0.0,0.0,1.0,-0.8717948717948729,0.0,1.0,0.0,-0.08187134502924005,0.0,0.0,0.0,1.0,0.0,0.0,-1.2550143266475644,0.608695652173913,0.0,Graduate
436,0.20894607792379813,0.08333333333333326,0.6666666666666666,0.6228785785744057,-0.3333333333333332,0.0,0.0,1.0,0.0,1.0,1.0,0.726666666666667,0.0,1.0,0.0,1.0,-0.726495726495726,0.0,1.0,1.0,0.2514619883040941,0.0,0.0,0.0,1.0,0.0,5.0,-0.5787965616045845,1.0,0.0,Graduate
437,-0.46568627460763706,-0.3333333333333335,-0.3333333333333333,-0.4460191746561067,0.7777777777777779,0.5,0.0,1.0,0.0,1.0,0.0,-0.7399999999999997,0.0,1.0,0.0,1.0,0.11965811965812026,0.0,0.0,0.0,-0.45614035087719257,0.0,0.0,0.0,1.0,0.0,0.0,0.42120343839541546,-0.39130434782608686,0.0,Enrolled
438,0.563725490314508,0.33333333333333326,0.3333333333333333,0.9087119633180487,-0.3333333333333332,-0.5,0.0,1.0,0.0,1.0,0.0,-0.20666666666666628,0.0,1.0,0.0,1.0,-0.5128205128205133,0.0,1.0,0.0,-0.42105263157894735,0.0,0.0,0.0,1.0,0.0,0.0,-0.5787965616045845,1.0,0.0,Graduate
439,-1.5686274513099354,-1.6666666666666667,-1.6666666666666667,-5.1354731137974134,-1.9999999999999996,-2.0,0.0,1.0,0.0,1.0,0.0,0.0,1.0,0.0,0.0,1.0,0.43589743589743707,0.0,1.0,0.0,0.40935672514619864,0.0,0.0,0.0,1.0,0.0,4.0,0.0,0.5217391304347826,0.0,Dropout
440,-0.14425770311153857,0.04761904761904745,0.3333333333333333,-0.42517715714881166,-0.3333333333333332,-0.25,0.0,1.0,0.0,1.0,0.5,0.0,1.0,0.0,0.0,1.0,0.09401709401709483,1.0,0.0,1.0,0.17543859649122798,0.0,0.0,0.0,0.0,0.0,0.0,0.0,0.5217391304347826,0.0,Graduate
441,-1.5686274513099354,-1.6666666666666667,-1.6666666666666667,-5.1354731137974134,-0.3333333333333332,-1.5,0.0,1.0,0.0,1.0,-2.0,0.9266666666666671,1.0,0.0,0.0,1.0,-3.572649572649576,0.0,0.0,0.0,-1.5204678362573092,0.0,0.0,0.0,1.0,0.0,0.0,0.4068767908309455,0.0,0.0,Enrolled
442,-1.2156862747652,-1.2666666666666666,-1.3333333333333333,-0.13338891204668618,1.6666666666666667,0.75,0.0,1.0,1.0,0.0,-0.5,-0.4066666666666663,1.0,0.0,1.0,0.0,-0.09401709401709363,0.0,0.0,0.0,-0.30994152046783596,0.0,0.0,0.0,1.0,0.0,0.0,-0.5787965616045845,1.0,0.0,Enrolled
443,0.014093137257862619,0.08333333333333326,0.6666666666666666,-0.008336807002917702,-0.1249999999999999,0.25,0.0,1.0,0.0,1.0,1.0,0.19333333333333372,1.0,0.0,0.0,1.0,0.14529914529914567,0.0,0.0,1.0,0.3801169590643273,0.0,0.0,0.0,1.0,0.0,5.0,-0.5787965616045845,1.0,0.0,Graduate
444,0.064828430834698,0.08333333333333326,0.6666666666666666,0.15601738641100477,-0.3333333333333332,0.0,0.0,1.0,0.0,1.0,1.0,-0.4066666666666663,0.0,1.0,0.0,1.0,-0.12820512820512833,0.0,1.0,1.0,-0.3333333333333333,0.0,0.0,0.0,1.0,0.0,4.0,0.4068767908309455,0.0,0.0,Graduate
445,-0.2745098039792385,-0.06666666666666665,-0.3333333333333333,-0.5502292621925802,-0.3333333333333332,-0.75,0.0,1.0,0.0,1.0,-0.5,-0.673333333333333,1.0,0.0,0.0,1.0,-0.27350427350427403,0.0,0.0,0.0,-0.6666666666666666,0.0,0.0,0.0,1.0,0.0,0.0,-0.98567335243553,-0.9565217391304347,0.0,Graduate
446,0.34313725497404846,0.33333333333333326,0.3333333333333333,0.28345143809920775,-0.3333333333333332,-0.5,0.0,1.0,0.0,1.0,0.0,-0.33999999999999964,0.0,1.0,0.0,1.0,-0.5384615384615388,0.0,1.0,0.0,-0.5555555555555552,0.0,0.0,0.0,1.0,0.0,0.0,0.42120343839541546,-0.39130434782608686,0.0,Graduate
448,0.33265931379537655,0.33333333333333326,0.6666666666666666,0.2537515631513132,-0.09523809523809526,0.0,0.0,1.0,0.0,1.0,0.5,0.46000000000000035,1.0,0.0,0.0,1.0,-0.4188034188034185,0.0,1.0,1.0,0.2280701754385967,0.0,0.0,0.0,1.0,0.0,1.0,-1.2550143266475644,0.608695652173913,0.0,Dropout
449,0.39215686233728797,0.33333333333333326,0.3333333333333333,0.42239822009170475,-0.3333333333333332,-0.5,0.0,1.0,0.0,1.0,0.0,-0.8066666666666663,1.0,0.0,0.0,1.0,0.26495726495726596,0.0,1.0,0.0,-0.4152046783625726,0.0,0.0,0.0,1.0,0.0,1.0,0.48710601719197705,-0.3478260869565217,0.0,Graduate
450,0.0,0.0,0.0,0.20008336807002927,0.22222222222222213,0.0,0.0,1.0,0.0,1.0,0.0,-0.7399999999999997,0.0,1.0,0.0,1.0,-0.2136752136752139,0.0,1.0,0.0,-0.6842105263157893,0.0,0.0,0.0,1.0,0.0,2.0,0.42120343839541546,-0.39130434782608686,0.0,Enrolled
452,0.1532475488679793,0.08333333333333326,0.6666666666666666,0.4424462567736557,-0.3333333333333332,0.0,0.0,1.0,0.0,1.0,1.0,0.12666666666666704,0.0,1.0,0.0,1.0,-0.5811965811965815,0.0,1.0,1.0,-0.17543859649122798,0.0,0.0,0.0,1.0,0.0,3.0,0.4068767908309455,0.0,0.0,Graduate
453,0.509497549126645,0.33333333333333326,0.6666666666666666,0.7550020842017502,-0.09523809523809526,0.0,0.0,1.0,0.0,1.0,0.5,-0.13999999999999962,1.0,0.0,0.0,1.0,-0.3162393162393168,0.0,1.0,1.0,-0.2280701754385967,0.0,0.0,0.0,1.0,0.0,1.0,-1.2550143266475644,0.608695652173913,0.0,Graduate
454,0.15406162405197385,0.33333333333333326,0.0,-0.2524861567319715,1.6666666666666667,0.75,0.0,1.0,0.0,1.0,-0.5,0.46000000000000035,1.0,0.0,0.0,1.0,-0.9487179487179491,0.0,0.0,0.0,-0.13450292397660796,0.0,0.0,0.0,1.0,0.0,3.0,-0.98567335243553,-0.9565217391304347,0.0,Graduate
455,0.1666666667016809,0.33333333333333326,0.0,-0.2167569820758647,-0.3333333333333332,-0.75,0.0,1.0,0.0,1.0,-0.5,-0.13999999999999962,1.0,0.0,0.0,1.0,0.5641025641025654,0.0,1.0,0.0,0.37426900584795336,0.0,0.0,0.0,1.0,0.0,2.0,-0.98567335243553,-0.9565217391304347,0.0,Enrolled
456,0.07352941227034941,0.33333333333333326,0.3333333333333333,-0.48075586911213014,0.5,0.25,0.0,1.0,0.0,1.0,0.0,-0.20666666666666628,1.0,0.0,0.0,1.0,-0.8547008547008556,1.0,0.0,0.0,-0.654970760233918,0.0,0.0,1.0,1.0,1.0,0.0,0.0,0.5217391304347826,0.0,Graduate
457,-1.5686274513099354,-1.6666666666666667,-1.6666666666666667,-5.1354731137974134,-0.05555555555555535,-0.25,0.0,1.0,0.0,1.0,0.0,-0.20666666666666628,1.0,0.0,0.0,1.0,0.44444444444444514,0.0,0.0,0.0,0.23391812865497064,0.0,0.0,0.0,0.0,0.0,0.0,0.42120343839541546,-0.39130434782608686,0.0,Dropout
458,0.09803921570687095,0.0,0.0,0.5335556481867441,0.5,0.25,0.0,1.0,0.0,1.0,0.0,0.46000000000000035,1.0,0.0,0.0,1.0,-1.0683760683760695,0.0,0.0,0.0,-0.21637426900584802,0.0,0.0,0.0,1.0,0.0,0.0,-0.5787965616045845,1.0,0.0,Dropout
459,0.46757164470607243,0.33333333333333326,2.3333333333333335,0.6361625052105041,-0.05555555555555535,1.5,0.0,1.0,0.0,1.0,3.0,-0.20666666666666628,1.0,0.0,0.0,1.0,2.358974358974362,1.0,0.0,0.0,1.5438596491228065,0.0,0.0,0.0,1.0,0.0,0.0,0.9140401146131805,0.0,0.0,Graduate
461,0.8431372550790902,0.33333333333333326,0.0,1.7007086285952466,-0.3333333333333332,-0.75,0.0,1.0,0.0,1.0,-0.5,1.7933333333333337,1.0,0.0,0.0,1.0,0.02564102564102542,0.0,1.0,0.0,1.7017543859649111,0.0,0.0,0.0,1.0,0.0,0.0,-0.5787965616045845,1.0,0.0,Graduate
462,0.4634581108816787,0.33333333333333326,2.0,0.6245026344310124,-0.3333333333333332,0.75,0.0,1.0,0.0,1.0,2.5,-0.20666666666666628,0.0,1.0,0.0,1.0,-0.02564102564102542,0.0,0.0,0.0,-0.08771929824561399,0.0,0.0,0.0,1.0,0.0,0.0,0.48710601719197705,-0.3478260869565217,0.0,Graduate
463,-0.269607843193895,0.0,0.0,-0.7169654022509379,0.22222222222222213,0.0,0.0,1.0,0.0,1.0,0.0,0.726666666666667,1.0,0.0,0.0,1.0,-1.0170940170940173,0.0,0.0,0.0,0.05263157894736873,0.0,0.0,0.0,1.0,0.0,0.0,-1.2550143266475644,0.608695652173913,0.0,Graduate
466,-0.05392156922701431,0.1333333333333333,1.3333333333333333,-0.36496688620258444,-0.3333333333333332,0.5,0.0,1.0,0.0,1.0,2.0,0.0,1.0,0.0,0.0,1.0,0.6068376068376081,0.0,0.0,0.0,0.526315789473684,0.0,0.0,0.0,1.0,0.0,0.0,0.4068767908309455,0.0,0.0,Dropout
467,0.1879084963630059,0.0,0.0,0.8392385702375987,0.5,0.25,0.0,1.0,0.0,1.0,0.0,-0.006666666666666288,1.0,0.0,0.0,1.0,0.29914529914530064,0.0,1.0,0.0,0.3099415204678368,0.0,0.0,0.0,1.0,0.0,0.0,-1.2550143266475644,0.608695652173913,0.0,Enrolled
468,0.34313725497404846,0.33333333333333326,3.6666666666666665,0.28345143809920775,-0.1249999999999999,2.5,0.0,1.0,0.0,1.0,5.0,-0.27333333333333293,0.0,1.0,0.0,1.0,0.11965811965812026,0.0,0.0,0.0,-0.04678362573099396,0.0,1.0,1.0,1.0,1.0,5.0,-0.98567335243553,-0.9565217391304347,1.0,Graduate
469,0.38872549027774334,0.33333333333333326,1.0,0.41267194664443513,-0.1249999999999999,0.25,0.0,1.0,0.0,1.0,1.0,0.726666666666667,0.0,1.0,0.0,1.0,0.2136752136752151,0.0,1.0,1.0,0.8947368421052634,0.0,0.0,0.0,1.0,0.0,4.0,-0.98567335243553,-0.9565217391304347,0.0,Graduate
470,-0.2731092439299246,0.0,0.0,-0.7288751271363065,0.7777777777777779,0.5,0.0,1.0,0.0,1.0,0.0,-0.873333333333333,0.0,1.0,0.0,1.0,0.19658119658119652,0.0,0.0,0.0,-0.52046783625731,0.0,0.0,0.0,1.0,0.0,0.0,-0.5787965616045845,1.0,0.0,Graduate
471,0.16685049059877827,0.08333333333333326,0.6666666666666666,0.4865122384326802,-0.3333333333333332,0.0,0.0,1.0,0.0,1.0,1.0,0.726666666666667,0.0,1.0,0.0,1.0,-1.051282051282052,0.0,0.0,1.0,0.02923976608187133,0.0,0.0,0.0,1.0,0.0,2.0,0.4068767908309455,0.0,0.0,Graduate
472,0.24509803877698141,0.33333333333333326,0.3333333333333333,0.005557869945810766,-0.3333333333333332,-0.5,0.0,1.0,0.0,1.0,0.0,-0.07333333333333296,0.0,1.0,0.0,1.0,-0.5726495726495735,0.0,1.0,0.0,-0.345029239766082,0.0,0.0,0.0,1.0,0.0,0.0,0.1346704871060172,-0.7391304347826085,0.0,Graduate
473,0.17769607846870364,0.33333333333333326,0.3333333333333333,-0.18549395581492292,1.0555555555555554,0.75,0.0,1.0,0.0,1.0,0.0,0.5933333333333337,1.0,0.0,0.0,1.0,-0.717948717948718,0.0,1.0,0.0,0.14035087719298273,0.0,0.0,0.0,1.0,0.0,0.0,0.48710601719197705,-0.3478260869565217,0.0,Dropout
474,0.19187675116075836,0.04761904761904745,0.3333333333333333,0.6863971112963733,-0.3333333333333332,-0.25,0.0,1.0,0.0,1.0,0.5,0.19333333333333372,1.0,0.0,0.0,1.0,0.7863247863247873,0.0,1.0,1.0,0.8187134502923973,0.0,0.0,0.0,1.0,0.0,1.0,0.0,0.5217391304347826,0.0,Graduate
475,-1.5686274513099354,-1.6666666666666667,-1.6666666666666667,-5.1354731137974134,1.3333333333333333,0.5,1.0,0.0,1.0,0.0,-0.5,0.0,1.0,0.0,0.0,1.0,-1.5299145299145307,1.0,0.0,0.0,-0.9356725146198825,0.0,1.0,1.0,0.0,1.0,0.0,0.0,0.5217391304347826,1.0,Dropout
477,0.2696078431938952,0.33333333333333326,-1.0,0.0750312630262608,-0.3333333333333332,-1.5,0.0,1.0,0.0,1.0,-2.0,0.0,1.0,0.0,0.0,1.0,-2.0000000000000013,0.0,1.0,0.0,-1.2573099415204672,0.0,0.0,0.0,1.0,0.0,1.0,0.42120343839541546,-0.39130434782608686,0.0,Dropout
479,-0.05854341737924603,0.04761904761904745,0.3333333333333333,-0.14172571904960388,0.38095238095238104,0.5,0.0,1.0,0.0,1.0,0.5,-1.073333333333333,1.0,0.0,0.0,1.0,0.11965811965812026,0.0,1.0,1.0,-0.748538011695906,0.0,0.0,0.0,1.0,0.0,0.0,-0.3553008595988538,-0.4782608695652173,0.0,Graduate
480,0.04901960785343531,0.0,0.0,0.36681950812838626,0.22222222222222213,0.0,0.0,1.0,0.0,1.0,0.0,-0.33999999999999964,0.0,1.0,0.0,1.0,-0.3589743589743596,0.0,0.0,0.0,-0.43274853801169605,0.0,0.0,0.0,1.0,0.0,0.0,0.9140401146131805,0.0,0.0,Enrolled
481,-0.10464185730489661,0.04761904761904745,0.3333333333333333,-0.2941701917465608,0.38095238095238104,0.5,0.0,1.0,0.0,1.0,0.5,0.19333333333333372,1.0,0.0,0.0,1.0,-0.5982905982905988,0.0,1.0,1.0,-0.12865497076023402,0.0,0.0,0.0,1.0,0.0,0.0,0.1346704871060172,-0.7391304347826085,0.0,Graduate
482,0.27328431323143243,0.08333333333333326,0.6666666666666666,0.8312987536473526,-0.3333333333333332,0.0,0.0,1.0,0.0,1.0,1.0,0.5266666666666671,0.0,1.0,0.0,1.0,-0.777777777777778,0.0,0.0,1.0,0.040935672514620026,0.0,0.0,0.0,1.0,0.0,5.0,-0.5787965616045845,1.0,0.0,Graduate
484,0.29411764761080894,0.33333333333333326,0.3333333333333333,0.14450465610671082,0.5,0.25,0.0,1.0,0.0,1.0,0.0,0.46000000000000035,1.0,0.0,0.0,1.0,0.44444444444444514,0.0,0.0,0.0,0.8187134502923973,0.0,0.0,0.0,0.0,0.0,0.0,0.1346704871060172,-0.7391304347826085,0.0,Enrolled
487,0.1225490196335886,0.33333333333333326,0.3333333333333333,-0.34180908711963315,-0.05555555555555535,-0.25,0.0,1.0,0.0,1.0,0.0,-0.5399999999999996,1.0,0.0,0.0,1.0,-1.1282051282051295,0.0,0.0,0.0,-1.134502923976608,0.0,0.0,0.0,1.0,0.0,1.0,0.4068767908309455,0.0,0.0,Dropout
488,-0.1715686274870239,0.0,0.0,-0.38349312213422243,1.6111111111111107,1.25,0.0,1.0,0.0,1.0,0.0,-0.873333333333333,1.0,0.0,0.0,1.0,2.188034188034191,1.0,0.0,0.0,0.8421052631578947,0.0,0.0,0.0,1.0,0.0,0.0,0.1346704871060172,-0.7391304347826085,0.0,Dropout
489,0.5940563726738214,0.33333333333333326,0.6666666666666666,0.9946852855356396,-0.09523809523809526,0.0,0.0,1.0,0.0,1.0,0.5,-0.07333333333333296,0.0,1.0,0.0,1.0,0.12820512820512955,0.0,0.0,1.0,0.1345029239766088,0.0,0.0,0.0,1.0,0.0,2.0,-1.2550143266475644,0.608695652173913,0.0,Graduate
490,-0.07943177326598695,0.04761904761904745,0.3333333333333333,-0.21080212171738225,0.14285714285714307,0.25,0.0,1.0,0.0,1.0,0.5,-0.33999999999999964,0.0,1.0,0.0,1.0,-0.3589743589743596,0.0,1.0,1.0,-0.43274853801169605,0.0,0.0,0.0,1.0,0.0,2.0,0.1346704871060172,-0.7391304347826085,0.0,Graduate
491,0.34313725497404846,0.33333333333333326,0.3333333333333333,0.28345143809920775,0.22222222222222213,0.0,0.0,1.0,0.0,1.0,0.0,-1.2066666666666663,1.0,0.0,0.0,1.0,1.1623931623931643,0.0,1.0,0.0,-0.1520467836257306,0.0,0.0,0.0,1.0,0.0,0.0,0.1346704871060172,-0.7391304347826085,0.0,Graduate
492,0.6162464991490711,0.33333333333333326,0.3333333333333333,1.0575835181325546,-0.05555555555555535,-0.25,0.0,1.0,0.0,1.0,0.0,-0.5399999999999996,1.0,0.0,0.0,1.0,0.3589743589743596,0.0,1.0,0.0,-0.11695906432748532,0.0,0.0,0.0,1.0,0.0,0.0,0.42120343839541546,-0.39130434782608686,0.0,Graduate
494,0.06535947672941764,0.0,0.0,0.42239822009170475,0.5,0.25,0.0,1.0,1.0,0.0,0.0,-2.1399999999999997,1.0,0.0,1.0,0.0,0.44444444444444514,0.0,1.0,0.0,-1.4619883040935666,0.0,0.0,0.0,1.0,0.0,0.0,0.42120343839541546,-0.39130434782608686,0.0,Enrolled
495,-0.22408963548125138,0.04761904761904745,0.3333333333333333,-0.689176044185077,0.38095238095238104,0.5,0.0,1.0,0.0,1.0,0.5,-0.47333333333333294,1.0,0.0,0.0,1.0,-0.3333333333333329,0.0,1.0,0.0,-0.5321637426900578,0.0,0.0,0.0,1.0,0.0,0.0,0.1346704871060172,-0.7391304347826085,0.0,Enrolled
496,-0.8921568629325258,-0.8666666666666667,-1.0,-0.34180908711963315,0.0,-0.5,1.0,0.0,1.0,0.0,-0.5,-0.20666666666666628,1.0,0.0,1.0,0.0,0.44444444444444514,0.0,0.0,0.0,0.23391812865497064,0.0,0.0,0.0,0.0,0.0,2.0,-0.5787965616045845,1.0,0.0,Dropout
497,-1.3585434176523548,-1.380952380952381,-1.3333333333333333,-0.9670696123384741,0.14285714285714307,0.25,0.0,1.0,0.0,1.0,0.5,-2.206666666666666,1.0,0.0,0.0,1.0,2.153846153846156,1.0,0.0,0.0,-0.35087719298245595,0.0,0.0,0.0,0.0,0.0,0.0,-0.5787965616045845,1.0,0.0,Dropout
498,-0.12254901963358843,0.0,0.0,-0.2167569820758647,0.7777777777777779,0.5,0.0,1.0,0.0,1.0,0.0,-0.7399999999999997,1.0,0.0,0.0,1.0,1.1623931623931643,0.0,0.0,0.0,0.25730994152046804,0.0,0.0,0.0,1.0,0.0,0.0,0.48710601719197705,-0.3478260869565217,0.0,Graduate
499,-0.12254901963358843,0.0,0.0,-0.2167569820758647,-0.05555555555555535,-0.25,0.0,1.0,0.0,1.0,0.0,-0.47333333333333294,1.0,0.0,0.0,1.0,-0.17948717948717918,0.0,0.0,0.0,-0.4269005847953213,0.0,0.0,0.0,1.0,0.0,0.0,-0.3553008595988538,-0.4782608695652173,0.0,Graduate
501,-0.5686274513939693,-0.4666666666666668,-0.6666666666666666,-0.4112824802000832,2.333333333333333,1.25,0.0,1.0,0.0,1.0,-0.5,0.06000000000000038,1.0,0.0,0.0,1.0,-0.717948717948718,0.0,0.0,0.0,-0.32748538011695855,0.0,0.0,0.0,1.0,0.0,2.0,-0.98567335243553,-0.9565217391304347,0.0,Enrolled
502,0.29411764761080894,0.33333333333333326,0.3333333333333333,0.14450465610671082,-0.3333333333333332,-0.5,0.0,1.0,0.0,1.0,0.0,-0.33999999999999964,1.0,0.0,0.0,1.0,0.5384615384615388,0.0,0.0,0.0,0.1812865497076019,0.0,0.0,0.0,1.0,0.0,1.0,0.48710601719197705,-0.3478260869565217,0.0,Graduate
504,-1.2156862747652,-1.2666666666666666,-1.3333333333333333,-0.13338891204668618,1.0,0.25,1.0,0.0,1.0,0.0,-0.5,-0.20666666666666628,1.0,0.0,0.0,1.0,0.44444444444444514,0.0,0.0,0.0,0.23391812865497064,0.0,0.0,0.0,0.0,0.0,1.0,0.4068767908309455,0.0,0.0,Dropout
505,-0.06035539235336595,0.08333333333333326,0.6666666666666666,-0.24950872446852837,0.5,1.0,0.0,1.0,0.0,1.0,1.0,0.12666666666666704,0.0,1.0,0.0,1.0,0.2564102564102579,0.0,1.0,1.0,0.39766081871345077,0.0,0.0,0.0,1.0,0.0,1.0,-0.5787965616045845,1.0,0.0,Graduate
506,-0.3921568628274839,-0.523809523809524,-0.3333333333333333,0.7002917882451017,0.857142857142857,1.0,0.0,1.0,0.0,1.0,0.5,0.0,1.0,0.0,0.0,1.0,1.3504273504273514,1.0,0.0,1.0,1.0350877192982444,0.0,0.0,0.0,0.0,0.0,0.0,0.42120343839541546,-0.39130434782608686,0.0,Enrolled
507,0.6004901962045848,0.33333333333333326,0.6666666666666666,1.0129220508545222,0.14285714285714307,0.25,0.0,1.0,0.0,1.0,0.5,0.46000000000000035,1.0,0.0,0.0,1.0,1.5384615384615412,1.0,0.0,0.0,1.567251461988304,0.0,0.0,0.0,1.0,0.0,0.0,-0.3553008595988538,-0.4782608695652173,0.0,Enrolled
508,0.29411764761080894,0.33333333333333326,0.3333333333333333,0.14450465610671082,-0.3333333333333332,-0.5,0.0,1.0,0.0,1.0,0.0,0.32666666666666705,1.0,0.0,0.0,1.0,0.05982905982906013,0.0,1.0,0.0,0.43859649122806993,0.0,0.0,0.0,1.0,0.0,1.0,-0.5787965616045845,1.0,0.0,Graduate
509,-0.03921568628274831,-0.06666666666666665,-0.3333333333333333,0.28345143809920775,1.9999999999999996,1.0,0.0,1.0,0.0,1.0,-0.5,1.1266666666666671,1.0,0.0,0.0,1.0,0.11965811965811904,0.0,1.0,0.0,1.181286549707601,0.0,0.0,0.0,1.0,0.0,0.0,-0.98567335243553,-0.9565217391304347,0.0,Dropout
510,-1.5686274513099354,-1.6666666666666667,-1.6666666666666667,-5.1354731137974134,0.0,-0.5,0.0,1.0,0.0,1.0,-0.5,-0.5399999999999996,1.0,0.0,0.0,1.0,-0.39316239316239304,0.0,1.0,0.0,-0.6315789473684206,0.0,0.0,0.0,1.0,0.0,1.0,-1.2550143266475644,0.608695652173913,0.0,Dropout
513,-0.09803921570687095,-0.06666666666666665,-0.3333333333333333,0.0750312630262608,0.0,-0.5,0.0,1.0,0.0,1.0,-0.5,0.46000000000000035,1.0,0.0,0.0,1.0,-2.974358974358977,1.0,0.0,0.0,-1.5204678362573092,0.0,1.0,1.0,1.0,1.0,1.0,0.0,0.5217391304347826,1.0,Graduate
514,-1.5686274513099354,-1.6666666666666667,-1.6666666666666667,-5.1354731137974134,-0.3333333333333332,-1.0,1.0,0.0,1.0,0.0,-1.0,-2.206666666666666,1.0,0.0,0.0,1.0,2.316239316239319,1.0,0.0,0.0,-0.23976608187134457,0.0,0.0,0.0,1.0,0.0,0.0,-0.5787965616045845,1.0,0.0,Dropout
515,-1.5686274513099354,-1.6666666666666667,-1.6666666666666667,-5.1354731137974134,-0.3333333333333332,-0.75,1.0,0.0,1.0,0.0,-0.5,0.46000000000000035,1.0,0.0,1.0,0.0,-1.2307692307692313,0.0,0.0,0.0,-0.32748538011695855,0.0,0.0,0.0,1.0,0.0,1.0,-0.98567335243553,-0.9565217391304347,0.0,Dropout
516,-1.5686274513099354,-1.6666666666666667,-1.6666666666666667,-5.1354731137974134,-1.9999999999999996,-2.0,1.0,0.0,1.0,0.0,0.0,0.46000000000000035,1.0,0.0,1.0,0.0,-1.2307692307692313,0.0,0.0,0.0,-0.32748538011695855,0.0,0.0,0.0,1.0,0.0,1.0,-0.98567335243553,-0.9565217391304347,0.0,Dropout
517,0.2696078431938952,0.33333333333333326,0.3333333333333333,0.0750312630262608,-0.05555555555555535,-0.25,0.0,1.0,0.0,1.0,0.0,-0.873333333333333,1.0,0.0,0.0,1.0,2.90598290598291,1.0,0.0,0.0,1.3333333333333333,0.0,0.0,0.0,1.0,0.0,0.0,0.9140401146131805,0.0,0.0,Graduate
519,-1.323529412042758,-1.3333333333333335,-1.3333333333333333,-0.9670696123384741,1.0555555555555554,0.75,0.0,1.0,0.0,1.0,0.0,0.0,1.0,0.0,0.0,1.0,-2.3846153846153864,1.0,0.0,0.0,-1.5204678362573092,0.0,1.0,1.0,0.0,1.0,0.0,-0.98567335243553,-0.9565217391304347,1.0,Dropout
520,-0.46568627460763706,-0.3333333333333335,-0.3333333333333333,-0.4460191746561067,1.0555555555555554,0.75,0.0,1.0,0.0,1.0,0.0,-1.0066666666666664,1.0,0.0,0.0,1.0,-0.05982905982906013,0.0,0.0,0.0,-0.8128654970760233,0.0,0.0,0.0,1.0,0.0,1.0,0.0,0.5217391304347826,0.0,Dropout
521,0.05398284314859584,0.08333333333333326,0.6666666666666666,0.12088370154230889,-0.3333333333333332,0.0,0.0,1.0,0.0,1.0,1.0,0.12666666666666704,0.0,1.0,0.0,1.0,-0.25641025641025667,0.0,1.0,1.0,0.04678362573099396,0.0,0.0,0.0,1.0,0.0,5.0,0.4068767908309455,0.0,0.0,Graduate
522,-0.8627450982204645,-0.8666666666666667,-1.0,-0.13338891204668618,2.666666666666666,1.5,0.0,1.0,0.0,1.0,-0.5,-0.20666666666666628,1.0,0.0,0.0,1.0,-0.7606837606837606,0.0,0.0,0.0,-0.5906432748538005,0.0,0.0,0.0,1.0,0.0,0.0,-0.98567335243553,-0.9565217391304347,0.0,Graduate
523,0.02450980392671798,0.0,0.0,0.28345143809920775,0.5,0.25,1.0,0.0,1.0,0.0,0.0,1.1266666666666671,1.0,0.0,0.0,1.0,-1.051282051282052,0.0,0.0,0.0,0.3801169590643273,0.0,0.0,0.0,1.0,0.0,0.0,0.1346704871060172,-0.7391304347826085,0.0,Graduate
524,-0.15686274513099357,-0.06666666666666665,-0.3333333333333333,-0.13338891204668618,1.0,0.25,0.0,1.0,0.0,1.0,-0.5,1.0600000000000003,0.0,1.0,0.0,1.0,-0.9914529914529931,0.0,0.0,0.0,0.3625730994152038,0.0,0.0,0.0,1.0,0.0,2.0,0.4068767908309455,0.0,0.0,Graduate
525,-0.5602240897535485,-0.523809523809524,-0.3333333333333333,-0.13338891204668618,-0.09523809523809526,0.0,0.0,1.0,0.0,1.0,0.5,3.126666666666667,1.0,0.0,0.0,1.0,0.7435897435897445,0.0,1.0,0.0,3.362573099415203,0.0,0.0,0.0,1.0,0.0,0.0,-0.3553008595988538,-0.4782608695652173,0.0,Dropout
526,-1.2156862747652,-1.2666666666666666,-1.3333333333333333,-0.13338891204668618,1.9999999999999996,1.0,0.0,1.0,0.0,1.0,-0.5,0.0,1.0,0.0,0.0,1.0,0.6923076923076937,0.0,0.0,0.0,0.5847953216374266,1.0,0.0,0.0,1.0,0.0,0.0,-0.3553008595988538,-0.4782608695652173,0.0,Dropout
527,-1.2156862747652,-1.2666666666666666,-1.3333333333333333,-0.13338891204668618,1.0,0.25,0.0,1.0,0.0,1.0,-0.5,0.0,1.0,0.0,0.0,1.0,-2.307692307692309,1.0,0.0,0.0,-1.4678362573099404,1.0,0.0,0.0,0.0,0.0,0.0,0.4068767908309455,0.0,0.0,Enrolled
528,-1.5686274513099354,-1.6666666666666667,-1.6666666666666667,-5.1354731137974134,-1.9999999999999996,-2.0,0.0,1.0,0.0,1.0,-3.0,0.7933333333333337,1.0,0.0,0.0,1.0,-2.162393162393164,1.0,0.0,0.0,-0.6725146198830406,0.0,0.0,0.0,1.0,0.0,0.0,-0.98567335243553,-0.9565217391304347,0.0,Graduate
529,-1.5686274513099354,-1.6666666666666667,-1.6666666666666667,-5.1354731137974134,-0.3333333333333332,-0.75,1.0,0.0,1.0,0.0,-0.5,-1.5399999999999996,1.0,0.0,1.0,0.0,0.4700854700854705,1.0,0.0,0.0,-0.9181286549707599,0.0,0.0,0.0,1.0,0.0,0.0,0.4068767908309455,0.0,0.0,Dropout
530,0.10110294119771081,0.0,0.0,0.5439766569403915,1.0555555555555554,0.75,0.0,1.0,1.0,0.0,0.0,1.3933333333333338,1.0,0.0,1.0,0.0,-0.9914529914529931,0.0,1.0,0.0,0.6549707602339171,0.0,0.0,0.0,1.0,0.0,0.0,-0.3553008595988538,-0.4782608695652173,0.0,Dropout
531,-0.5392156860936729,-0.4666666666666668,-0.6666666666666666,-0.2723356940391831,1.9999999999999996,1.0,0.0,1.0,0.0,1.0,-0.5,-0.47333333333333294,0.0,1.0,0.0,1.0,-0.3333333333333329,0.0,0.0,0.0,-0.5321637426900578,0.0,0.0,0.0,1.0,0.0,0.0,-0.5787965616045845,1.0,0.0,Enrolled
532,-1.5686274513099354,-1.6666666666666667,-1.6666666666666667,-5.1354731137974134,-1.9999999999999996,-2.0,0.0,1.0,0.0,1.0,0.0,-0.006666666666666288,1.0,0.0,0.0,1.0,-0.5128205128205133,0.0,0.0,0.0,-0.24561403508771934,0.0,0.0,0.0,1.0,0.0,0.0,0.1346704871060172,-0.7391304347826085,0.0,Dropout
533,-0.06439950981745088,0.08333333333333326,0.6666666666666666,-0.2626094205919135,-0.3333333333333332,0.0,0.0,1.0,0.0,1.0,1.0,0.7933333333333337,1.0,0.0,0.0,1.0,-1.0683760683760695,0.0,1.0,1.0,0.0760233918128653,0.0,0.0,0.0,1.0,0.0,1.0,0.4068767908309455,0.0,0.0,Graduate
534,-1.5686274513099354,-1.6666666666666667,-1.6666666666666667,-5.1354731137974134,1.0555555555555554,0.75,1.0,0.0,1.0,0.0,0.0,-0.873333333333333,1.0,0.0,1.0,0.0,0.44444444444444514,0.0,0.0,0.0,-0.35087719298245595,0.0,0.0,0.0,0.0,0.0,0.0,-0.3553008595988538,-0.4782608695652173,0.0,Dropout
535,-1.5686274513099354,-1.6666666666666667,-1.6666666666666667,-5.1354731137974134,-1.9999999999999996,-2.0,0.0,1.0,0.0,1.0,-3.0,1.1266666666666671,1.0,0.0,0.0,1.0,0.44444444444444514,0.0,0.0,0.0,1.4035087719298238,0.0,0.0,0.0,0.0,0.0,0.0,-1.2550143266475644,0.608695652173913,0.0,Graduate
536,-0.21568627455511621,-0.06666666666666665,-0.3333333333333333,-0.34180908711963315,1.3333333333333333,0.5,0.0,1.0,0.0,1.0,-0.5,1.1266666666666671,1.0,0.0,0.0,1.0,-3.8290598290598323,0.0,0.0,0.0,-1.5204678362573092,0.0,0.0,0.0,1.0,0.0,0.0,0.1346704871060172,-0.7391304347826085,0.0,Graduate
538,-0.22058823534045954,0.0,0.0,-0.5502292621925802,-0.05555555555555535,-0.25,0.0,1.0,0.0,1.0,0.0,-0.4066666666666663,1.0,0.0,0.0,1.0,-0.4188034188034185,0.0,0.0,0.0,-0.5321637426900578,0.0,0.0,0.0,1.0,0.0,0.0,-1.2550143266475644,0.608695652173913,0.0,Graduate
539,0.3221288520284583,0.33333333333333326,0.3333333333333333,0.22390281784076668,-0.05555555555555535,-0.25,0.0,1.0,0.0,1.0,0.0,0.46000000000000035,1.0,0.0,0.0,1.0,0.44444444444444514,0.0,0.0,0.0,0.8187134502923973,0.0,0.0,0.0,0.0,0.0,0.0,0.42120343839541546,-0.39130434782608686,0.0,Graduate
540,-0.34313725497404846,-0.3333333333333335,-0.3333333333333333,0.0750312630262608,0.5,0.25,0.0,1.0,0.0,1.0,0.0,-0.33999999999999964,1.0,0.0,0.0,1.0,-0.05982905982906013,0.0,0.0,0.0,-0.2280701754385967,0.0,0.0,0.0,1.0,0.0,2.0,0.4068767908309455,0.0,0.0,Dropout
542,-0.09803921570687095,0.33333333333333326,0.0,-0.9670696123384741,0.6666666666666667,0.0,0.0,1.0,0.0,1.0,-0.5,-1.073333333333333,1.0,0.0,0.0,1.0,0.5641025641025654,0.0,1.0,0.0,-0.44444444444444386,0.0,0.0,0.0,1.0,0.0,0.0,0.0,0.5217391304347826,0.0,Enrolled
543,0.34313725497404846,0.33333333333333326,0.3333333333333333,0.28345143809920775,0.22222222222222213,0.0,0.0,1.0,0.0,1.0,0.0,1.1266666666666671,0.0,1.0,0.0,1.0,0.44444444444444514,0.0,0.0,0.0,1.4035087719298238,0.0,0.0,0.0,0.0,0.0,0.0,-1.2550143266475644,0.608695652173913,0.0,Graduate
544,0.7780112050654083,0.33333333333333326,0.6666666666666666,1.5161079032930378,-0.3333333333333332,-0.25,0.0,1.0,0.0,1.0,0.5,1.3933333333333338,0.0,1.0,0.0,1.0,-0.3333333333333329,0.0,1.0,1.0,1.1052631578947367,0.0,0.0,0.0,1.0,0.0,0.0,-0.3553008595988538,-0.4782608695652173,0.0,Graduate
545,0.37254901968610943,0.33333333333333326,0.0,0.36681950812838626,0.0,-0.5,0.0,1.0,0.0,1.0,-0.5,-0.4066666666666663,0.0,1.0,0.0,1.0,-0.05982905982906013,0.0,0.0,0.0,-0.2865497076023394,1.0,0.0,0.0,1.0,0.0,1.0,0.9140401146131805,0.0,0.0,Enrolled
546,-0.36862745105783473,-0.06666666666666665,-0.3333333333333333,-0.8837015423092957,1.0,0.25,0.0,1.0,0.0,1.0,-0.5,-0.006666666666666288,1.0,0.0,0.0,1.0,-0.5128205128205133,0.0,1.0,0.0,-0.24561403508771934,0.0,0.0,0.0,1.0,0.0,1.0,-1.2550143266475644,0.608695652173913,0.0,Enrolled
547,0.5196078432464161,0.33333333333333326,0.0,0.7836598582742802,0.0,-0.5,0.0,1.0,0.0,1.0,-0.5,-0.873333333333333,1.0,0.0,0.0,1.0,2.735042735042739,1.0,0.0,0.0,1.216374269005848,1.0,0.0,0.0,0.0,0.0,0.0,-0.3553008595988538,-0.4782608695652173,0.0,Enrolled
549,-0.0800245094530865,-0.16666666666666674,0.3333333333333333,0.4904821467278028,0.2916666666666667,0.75,0.0,1.0,0.0,1.0,1.0,1.0600000000000003,1.0,0.0,0.0,1.0,-0.49572649572649596,0.0,1.0,1.0,0.7017543859649119,0.0,0.0,0.0,1.0,0.0,0.0,-0.98567335243553,-0.9565217391304347,0.0,Enrolled
550,0.3799019608641249,0.33333333333333326,0.0,0.3876615256356813,0.6666666666666667,0.0,0.0,1.0,0.0,1.0,-0.5,-0.5399999999999996,1.0,0.0,0.0,1.0,-0.2991452991452994,0.0,0.0,0.0,-0.567251461988304,0.0,0.0,0.0,1.0,0.0,1.0,0.1346704871060172,-0.7391304347826085,0.0,Graduate
551,-0.5098039216757291,-0.4666666666666668,-0.6666666666666666,-0.13338891204668618,1.9999999999999996,1.0,0.0,1.0,0.0,1.0,-0.5,-0.47333333333333294,1.0,0.0,0.0,1.0,0.14529914529914567,0.0,1.0,0.0,-0.20467836257309932,1.0,0.0,0.0,1.0,0.0,4.0,0.42120343839541546,-0.39130434782608686,0.0,Dropout
553,-0.1515151512796028,-0.030303030303030276,1.3333333333333333,-0.2260201000416844,-0.18181818181818185,1.0,0.0,1.0,1.0,0.0,2.5,-1.2066666666666663,1.0,0.0,1.0,0.0,0.44444444444444514,0.0,0.0,0.0,-0.6432748538011692,0.0,0.0,0.0,1.0,0.0,0.0,-1.2550143266475644,0.608695652173913,0.0,Dropout
554,-0.9215686276445869,-0.8666666666666667,-1.0,-0.5502292621925802,1.3333333333333333,0.5,0.0,1.0,0.0,1.0,-0.5,-1.073333333333333,1.0,0.0,0.0,1.0,0.6837606837606844,0.0,0.0,0.0,-0.36257309941520466,1.0,0.0,0.0,1.0,0.0,2.0,0.48710601719197705,-0.3478260869565217,0.0,Dropout
555,-1.5686274513099354,-1.6666666666666667,-1.6666666666666667,-5.1354731137974134,2.666666666666666,1.5,0.0,1.0,0.0,1.0,-0.5,0.0,1.0,0.0,0.0,1.0,-2.811965811965814,0.0,0.0,0.0,-1.8128654970760225,0.0,0.0,0.0,1.0,0.0,1.0,0.48710601719197705,-0.3478260869565217,0.0,Dropout
557,-0.5980392158119128,-0.4666666666666668,-0.6666666666666666,-0.5502292621925802,0.6666666666666667,0.0,0.0,1.0,0.0,1.0,-0.5,-0.20666666666666628,1.0,0.0,0.0,1.0,-0.5982905982905988,0.0,0.0,0.0,-0.47953216374269,0.0,0.0,0.0,1.0,0.0,0.0,0.4068767908309455,0.0,0.0,Enrolled
558,-1.5686274513099354,-1.6666666666666667,-1.6666666666666667,-5.1354731137974134,-1.9999999999999996,-2.0,0.0,1.0,0.0,1.0,-3.0,1.8600000000000003,1.0,0.0,0.0,1.0,-0.9914529914529931,0.0,1.0,0.0,1.0643274853801157,0.0,0.0,0.0,1.0,0.0,0.0,0.0,0.5217391304347826,0.0,Graduate
559,-0.7230392158381734,-0.6666666666666667,-0.6666666666666666,-0.34180908711963315,1.3333333333333333,1.0,0.0,1.0,1.0,0.0,0.0,-0.20666666666666628,1.0,0.0,1.0,0.0,0.44444444444444514,0.0,0.0,0.0,0.23391812865497064,0.0,0.0,0.0,0.0,0.0,0.0,0.9140401146131805,0.0,0.0,Enrolled
560,0.27071078437059753,0.33333333333333326,1.0,0.07815756565235511,-0.3333333333333332,0.0,0.0,1.0,0.0,1.0,1.0,-1.473333333333333,1.0,0.0,0.0,1.0,1.9145299145299157,0.0,0.0,1.0,0.1286549707602332,0.0,0.0,0.0,1.0,0.0,0.0,-0.98567335243553,-0.9565217391304347,0.0,Graduate
561,0.061274509694245104,0.16666666666666652,2.0,-0.09549433513964149,0.5,2.5,0.0,1.0,0.0,1.0,3.0,0.46000000000000035,1.0,0.0,0.0,1.0,0.04273504273504399,0.0,0.0,0.0,0.5438596491228074,0.0,0.0,0.0,0.0,0.0,0.0,0.9140401146131805,0.0,0.0,Graduate
562,-0.9215686276445869,-0.8666666666666667,-1.0,-0.5502292621925802,2.666666666666666,1.5,0.0,1.0,0.0,1.0,-0.5,-0.07333333333333296,1.0,0.0,0.0,1.0,1.4615384615384637,0.0,1.0,0.0,1.046783625730994,0.0,0.0,0.0,1.0,0.0,0.0,-0.98567335243553,-0.9565217391304347,0.0,Enrolled
564,0.4166666667542018,0.33333333333333326,0.3333333333333333,0.4918716131721548,-0.3333333333333332,-0.5,0.0,1.0,0.0,1.0,0.0,-0.07333333333333296,1.0,0.0,0.0,1.0,0.3076923076923087,0.0,1.0,0.0,0.25730994152046804,0.0,0.0,0.0,1.0,0.0,0.0,0.9140401146131805,0.0,0.0,Graduate
565,0.5147058829512685,0.33333333333333326,0.3333333333333333,0.7697651813255517,-0.3333333333333332,-0.5,0.0,1.0,0.0,1.0,0.0,-0.9399999999999996,1.0,0.0,0.0,1.0,0.8034188034188047,0.0,1.0,0.0,-0.16374269005847927,0.0,0.0,0.0,0.0,0.0,5.0,0.4068767908309455,0.0,0.0,Graduate
568,-0.5392156860936729,-0.4666666666666668,-0.6666666666666666,-0.2723356940391831,1.0,0.25,0.0,1.0,0.0,1.0,-0.5,-0.27333333333333293,1.0,0.0,0.0,1.0,-0.4188034188034185,0.0,0.0,0.0,-0.4152046783625726,1.0,1.0,1.0,1.0,0.0,3.0,0.0,0.5217391304347826,0.0,Dropout
569,0.5784313726705387,0.33333333333333326,0.0,0.950395998332638,0.3333333333333332,-0.25,0.0,1.0,0.0,1.0,-0.5,-0.33999999999999964,1.0,0.0,0.0,1.0,-0.4786324786324786,0.0,0.0,0.0,-0.5146198830409352,0.0,0.0,0.0,1.0,0.0,0.0,-0.5787965616045845,1.0,0.0,Graduate
570,0.02450980392671798,0.0,0.0,0.28345143809920775,0.7777777777777779,0.5,0.0,1.0,0.0,1.0,0.0,-0.873333333333333,1.0,0.0,0.0,1.0,0.44444444444444514,1.0,0.0,0.0,-0.35087719298245595,0.0,0.0,0.0,1.0,0.0,0.0,-0.3553008595988538,-0.4782608695652173,0.0,Graduate
572,-1.5686274513099354,-1.6666666666666667,-1.6666666666666667,-5.1354731137974134,1.0,0.25,0.0,1.0,0.0,1.0,-0.5,-0.20666666666666628,1.0,0.0,0.0,1.0,0.0,0.0,1.0,0.0,-0.07017543859649136,0.0,0.0,0.0,1.0,0.0,0.0,0.0,0.5217391304347826,0.0,Dropout
573,-0.6421568628800048,-0.4666666666666668,-0.6666666666666666,-0.7586494372655271,1.3333333333333333,0.5,0.0,1.0,0.0,1.0,-0.5,-1.473333333333333,1.0,0.0,0.0,1.0,0.05982905982906013,0.0,0.0,0.0,-1.1403508771929818,1.0,0.0,0.0,1.0,0.0,5.0,0.42120343839541546,-0.39130434782608686,0.0,Dropout
574,-0.4745098040212555,-0.4666666666666668,-0.6666666666666666,0.033347228011671545,2.666666666666666,1.5,0.0,1.0,0.0,1.0,-0.5,-0.8066666666666663,1.0,0.0,0.0,1.0,0.08547008547008556,0.0,1.0,0.0,-0.5380116959064326,0.0,0.0,0.0,1.0,0.0,5.0,0.1346704871060172,-0.7391304347826085,0.0,Enrolled
575,-1.5686274513099354,-1.6666666666666667,-1.6666666666666667,-5.1354731137974134,-1.9999999999999996,-2.0,0.0,1.0,0.0,1.0,-3.0,-1.073333333333333,1.0,0.0,0.0,1.0,-0.2136752136752139,0.0,0.0,0.0,-0.9766081871345026,0.0,0.0,0.0,1.0,0.0,3.0,-0.98567335243553,-0.9565217391304347,0.0,Graduate
576,-1.5686274513099354,-1.6666666666666667,-1.6666666666666667,-5.1354731137974134,1.9999999999999996,1.0,1.0,0.0,1.0,0.0,-0.5,0.0,1.0,0.0,0.0,1.0,-0.6752136752136751,1.0,0.0,0.0,-0.35087719298245595,0.0,0.0,0.0,0.0,0.0,0.0,-0.98567335243553,-0.9565217391304347,0.0,Dropout
577,0.2107843139535961,0.08333333333333326,0.6666666666666666,0.628833443101292,-0.3333333333333332,0.0,0.0,1.0,0.0,1.0,1.0,1.0600000000000003,1.0,0.0,0.0,1.0,-0.5384615384615388,0.0,1.0,1.0,0.6725146198830406,0.0,0.0,0.0,1.0,0.0,1.0,-0.5787965616045845,1.0,0.0,Graduate
578,-0.009803921570686996,0.33333333333333326,0.0,-0.7169654022509379,0.3333333333333332,-0.25,0.0,1.0,0.0,1.0,-0.5,2.5933333333333337,0.0,1.0,0.0,1.0,-1.435897435897437,1.0,0.0,0.0,1.4035087719298238,0.0,0.0,0.0,1.0,0.0,1.0,-0.98567335243553,-0.9565217391304347,0.0,Enrolled
579,0.1225490196335886,0.33333333333333326,0.3333333333333333,-0.34180908711963315,-0.05555555555555535,-0.25,0.0,1.0,0.0,1.0,0.0,0.06000000000000038,1.0,0.0,0.0,1.0,-0.717948717948718,0.0,1.0,0.0,-0.32748538011695855,0.0,0.0,0.0,1.0,0.0,0.0,0.0,0.5217391304347826,0.0,Graduate
580,-0.24509803926717735,-0.3333333333333335,-0.3333333333333333,0.4918716131721548,-0.3333333333333332,-0.5,0.0,1.0,0.0,1.0,0.0,0.19333333333333372,1.0,0.0,0.0,1.0,0.504273504273504,0.0,1.0,0.0,0.6257309941520458,0.0,0.0,0.0,1.0,0.0,3.0,0.4068767908309455,0.0,0.0,Graduate
581,-1.5686274513099354,-1.6666666666666667,-1.6666666666666667,-5.1354731137974134,1.3333333333333333,1.0,0.0,1.0,0.0,1.0,0.0,0.0,1.0,0.0,0.0,1.0,-0.8034188034188035,1.0,0.0,0.0,-0.43859649122806993,0.0,1.0,1.0,1.0,0.0,0.0,0.0,0.5217391304347826,0.0,Dropout
582,0.2751225490774066,0.33333333333333326,0.6666666666666666,0.09066277615673167,-0.09523809523809526,0.0,0.0,1.0,0.0,1.0,0.5,0.5266666666666671,1.0,0.0,0.0,1.0,-0.2393162393162393,0.0,0.0,1.0,0.40935672514619864,0.0,0.0,0.0,1.0,0.0,4.0,0.1346704871060172,-0.7391304347826085,0.0,Graduate
583,0.6127450976777475,0.33333333333333326,0.3333333333333333,1.0476587453105457,-0.3333333333333332,-0.5,0.0,1.0,0.0,1.0,0.0,0.5266666666666671,1.0,0.0,0.0,1.0,-0.5982905982905976,0.0,0.0,0.0,0.1637426900584801,0.0,0.0,0.0,1.0,0.0,0.0,0.9140401146131805,0.0,0.0,Enrolled
584,-0.15686274513099357,-0.06666666666666665,-0.3333333333333333,-0.13338891204668618,1.3333333333333333,0.5,0.0,1.0,0.0,1.0,-0.5,0.9933333333333337,1.0,0.0,0.0,1.0,-0.8376068376068382,0.0,1.0,0.0,0.40935672514619864,0.0,0.0,0.0,1.0,0.0,0.0,0.1346704871060172,-0.7391304347826085,0.0,Graduate
585,-0.12254901963358843,0.0,0.0,-0.2167569820758647,0.22222222222222213,0.0,0.0,1.0,0.0,1.0,0.0,-2.073333333333333,1.0,0.0,0.0,1.0,0.44444444444444514,0.0,0.0,0.0,-1.4035087719298238,0.0,0.0,0.0,1.0,0.0,0.0,0.4068767908309455,0.0,0.0,Graduate
586,0.6372549020946613,0.33333333333333326,0.0,1.1171321383909958,-0.3333333333333332,-0.75,0.0,1.0,0.0,1.0,-0.5,0.6600000000000004,0.0,1.0,0.0,1.0,-0.3333333333333329,0.0,1.0,0.0,0.46198830409356734,0.0,0.0,0.0,1.0,0.0,0.0,-0.5787965616045845,1.0,0.0,Graduate
587,-0.5098039216757291,-0.4666666666666668,-0.6666666666666666,-0.13338891204668618,0.3333333333333332,-0.25,0.0,1.0,0.0,1.0,-0.5,-0.873333333333333,1.0,0.0,0.0,1.0,1.042735042735044,0.0,0.0,0.0,0.05847953216374266,0.0,0.0,0.0,1.0,0.0,0.0,0.0,0.5217391304347826,0.0,Graduate
588,0.3186274505571347,0.33333333333333326,0.3333333333333333,0.21397804501875775,-0.3333333333333332,-0.5,0.0,1.0,0.0,1.0,0.0,-0.8066666666666663,0.0,1.0,0.0,1.0,0.39316239316239426,0.0,0.0,0.0,-0.32748538011695855,0.0,0.0,0.0,1.0,0.0,0.0,-1.2550143266475644,0.608695652173913,0.0,Graduate
589,0.14705882405050236,0.33333333333333326,0.3333333333333333,-0.2723356940391831,1.3333333333333333,1.0,0.0,1.0,0.0,1.0,0.0,-0.7399999999999997,1.0,0.0,0.0,1.0,0.658119658119659,0.0,1.0,0.0,-0.08771929824561399,0.0,0.0,0.0,1.0,0.0,2.0,0.0,0.5217391304347826,0.0,Graduate
590,0.21997549024229182,0.33333333333333326,0.6666666666666666,-0.06565235514797857,0.14285714285714307,0.25,0.0,1.0,0.0,1.0,0.5,-0.7399999999999997,1.0,0.0,0.0,1.0,0.6068376068376081,0.0,1.0,0.0,-0.12280701754385925,0.0,0.0,0.0,1.0,0.0,3.0,0.1346704871060172,-0.7391304347826085,0.0,Graduate
591,0.46568627411744096,0.33333333333333326,0.3333333333333333,0.6308183951646517,-0.3333333333333332,-0.5,0.0,1.0,0.0,1.0,0.0,-0.673333333333333,1.0,0.0,0.0,1.0,0.0,0.0,1.0,0.0,-0.47953216374269,0.0,0.0,0.0,1.0,0.0,1.0,0.4068767908309455,0.0,0.0,Graduate
593,0.21446078435878013,0.33333333333333326,0.3333333333333333,-0.08128386827844944,0.5,0.25,0.0,1.0,0.0,1.0,0.0,-1.5399999999999996,0.0,1.0,0.0,1.0,0.44444444444444514,0.0,0.0,0.0,-0.9356725146198825,0.0,0.0,0.0,0.0,0.0,0.0,0.48710601719197705,-0.3478260869565217,0.0,Graduate
594,0.07352941178015329,0.0,0.0,0.4501875781575655,0.22222222222222213,0.0,0.0,1.0,0.0,1.0,0.0,1.4600000000000004,1.0,0.0,0.0,1.0,-1.2905982905982927,0.0,0.0,0.0,0.5087719298245604,0.0,0.0,0.0,1.0,0.0,0.0,-0.5787965616045845,1.0,0.0,Enrolled
595,0.39215686233728797,0.33333333333333326,0.3333333333333333,0.42239822009170475,0.22222222222222213,0.0,0.0,1.0,1.0,0.0,0.0,-0.9399999999999996,1.0,0.0,1.0,0.0,-0.05128205128205084,0.0,0.0,0.0,-0.748538011695906,0.0,0.0,0.0,1.0,0.0,0.0,0.48710601719197705,-0.3478260869565217,0.0,Enrolled
596,-0.3333333338935574,-0.20000000000000018,2.0,-0.36075637765735746,-0.3333333333333332,1.75,0.0,1.0,0.0,1.0,4.5,-0.873333333333333,1.0,0.0,0.0,1.0,2.2393162393162416,1.0,0.0,0.0,0.8771929824561399,0.0,0.0,0.0,0.0,0.0,0.0,0.4068767908309455,0.0,0.0,Dropout
597,-0.3921568628274839,-0.3333333333333335,-0.3333333333333333,-0.13338891204668618,0.7777777777777779,0.5,1.0,0.0,1.0,0.0,0.0,0.0,0.0,1.0,0.0,1.0,-1.4017094017094023,0.0,0.0,0.0,-0.8479532163742686,0.0,0.0,0.0,1.0,0.0,0.0,0.0,0.5217391304347826,1.0,Dropout
600,0.17973856229266216,0.33333333333333326,4.333333333333333,-0.17970450604418492,0.03703703703703727,3.5,0.0,1.0,0.0,1.0,6.0,-0.006666666666666288,1.0,0.0,0.0,1.0,-0.2136752136752139,0.0,0.0,0.0,-0.040935672514620026,0.0,0.0,0.0,1.0,0.0,0.0,-1.2550143266475644,0.608695652173913,0.0,Graduate
602,-0.29411764712061284,-0.3333333333333335,-0.3333333333333333,0.28345143809920775,-0.3333333333333332,-0.5,1.0,0.0,1.0,0.0,0.0,-0.7399999999999997,1.0,0.0,1.0,0.0,0.2393162393162393,0.0,0.0,0.0,-0.37426900584795336,0.0,0.0,0.0,1.0,0.0,4.0,0.4068767908309455,0.0,0.0,Dropout
603,0.9145658271529199,0.33333333333333326,0.6666666666666666,1.9031739433097112,-0.3333333333333332,-0.25,0.0,1.0,0.0,1.0,0.5,2.4600000000000004,1.0,0.0,0.0,1.0,0.44444444444444514,0.0,0.0,1.0,2.573099415204677,0.0,0.0,0.0,0.0,0.0,0.0,-0.3553008595988538,-0.4782608695652173,0.0,Graduate
604,0.2696078431938952,0.33333333333333326,0.3333333333333333,0.0750312630262608,-0.3333333333333332,-0.5,0.0,1.0,0.0,1.0,0.0,-0.873333333333333,1.0,0.0,0.0,1.0,3.0512820512820547,1.0,0.0,0.0,1.432748538011695,0.0,0.0,0.0,1.0,0.0,0.0,-1.2550143266475644,0.608695652173913,0.0,Graduate
605,0.3513071902698825,0.33333333333333326,0.6666666666666666,0.30660923718215904,0.14285714285714307,0.25,0.0,1.0,0.0,1.0,0.5,0.6600000000000004,0.0,1.0,0.0,1.0,-0.8376068376068382,0.0,1.0,1.0,0.11695906432748532,0.0,0.0,0.0,1.0,0.0,0.0,0.1346704871060172,-0.7391304347826085,0.0,Graduate
606,-1.5686274513099354,-1.6666666666666667,-1.6666666666666667,-5.1354731137974134,-1.9999999999999996,-2.0,1.0,0.0,1.0,0.0,-3.0,-1.2066666666666663,1.0,0.0,0.0,1.0,-0.09401709401709363,0.0,1.0,0.0,-1.0116959064327478,0.0,0.0,0.0,1.0,0.0,2.0,-0.98567335243553,-0.9565217391304347,0.0,Dropout
607,-1.5686274513099354,-1.6666666666666667,-1.6666666666666667,-5.1354731137974134,0.3333333333333332,-0.25,0.0,1.0,1.0,0.0,-0.5,-0.673333333333333,0.0,1.0,1.0,0.0,0.32478632478632485,0.0,0.0,0.0,-0.25730994152046804,0.0,0.0,0.0,1.0,0.0,0.0,0.0,0.5217391304347826,0.0,Dropout
608,0.021262255457898137,0.08333333333333326,0.6666666666666666,0.014887157148811829,-0.3333333333333332,0.0,0.0,1.0,0.0,1.0,1.0,-0.13999999999999962,0.0,1.0,0.0,1.0,-0.04273504273504278,0.0,1.0,1.0,-0.040935672514620026,0.0,0.0,0.0,1.0,0.0,5.0,0.4068767908309455,0.0,0.0,Graduate
609,-1.5686274513099354,-1.6666666666666667,-1.6666666666666667,-5.1354731137974134,-1.9999999999999996,-2.0,0.0,1.0,0.0,1.0,0.0,-0.4066666666666663,1.0,0.0,0.0,1.0,-0.3589743589743596,0.0,0.0,0.0,-0.4912280701754387,0.0,0.0,0.0,1.0,0.0,0.0,0.42120343839541546,-0.39130434782608686,0.0,Dropout
610,-0.3102240897010275,-0.23809523809523814,0.0,-0.14172571904960388,-0.09523809523809526,0.0,0.0,1.0,0.0,1.0,0.5,-0.47333333333333294,0.0,1.0,0.0,1.0,0.2991452991452994,0.0,0.0,1.0,-0.09941520467836269,0.0,0.0,0.0,1.0,0.0,2.0,0.0,0.5217391304347826,0.0,Enrolled
611,0.4691876755887649,0.33333333333333326,0.6666666666666666,0.6407431679866606,-0.3333333333333332,-0.25,0.0,1.0,1.0,0.0,0.5,-1.4066666666666663,0.0,1.0,1.0,0.0,-0.05982905982906013,0.0,1.0,0.0,-1.1637426900584793,0.0,0.0,0.0,1.0,0.0,1.0,0.9140401146131805,0.0,0.0,Graduate
613,0.3186274505571347,0.33333333333333326,0.3333333333333333,0.21397804501875775,-0.3333333333333332,-0.5,0.0,1.0,0.0,1.0,0.0,-1.1399999999999997,1.0,0.0,0.0,1.0,0.0,0.0,1.0,0.0,-0.8888888888888886,0.0,0.0,0.0,1.0,0.0,0.0,0.42120343839541546,-0.39130434782608686,0.0,Graduate
614,-0.2745098039792385,-0.06666666666666665,-0.3333333333333333,-0.5502292621925802,1.6666666666666667,0.75,0.0,1.0,0.0,1.0,-0.5,-1.0066666666666664,1.0,0.0,0.0,1.0,0.44444444444444514,0.0,0.0,0.0,-0.4678362573099413,0.0,0.0,0.0,1.0,0.0,2.0,0.42120343839541546,-0.39130434782608686,0.0,Enrolled
615,0.021446078803524872,0.08333333333333326,0.6666666666666666,0.015482642767819688,-0.3333333333333332,0.0,0.0,1.0,0.0,1.0,1.0,-0.20666666666666628,0.0,1.0,0.0,1.0,-0.5982905982905988,0.0,1.0,1.0,-0.47953216374269,0.0,0.0,0.0,1.0,0.0,0.0,-0.5787965616045845,1.0,0.0,Graduate
616,0.2144607847264272,0.08333333333333326,0.6666666666666666,0.6407431679866606,-0.3333333333333332,0.0,0.0,1.0,0.0,1.0,1.0,0.726666666666667,0.0,1.0,0.0,1.0,-0.9658119658119665,0.0,1.0,1.0,0.08771929824561399,0.0,0.0,0.0,1.0,0.0,5.0,-0.5787965616045845,1.0,0.0,Graduate
617,0.24509803877698141,0.33333333333333326,0.3333333333333333,0.005557869945810766,-0.3333333333333332,-0.5,0.0,1.0,0.0,1.0,0.0,-1.8733333333333329,0.0,1.0,0.0,1.0,2.555555555555557,0.0,0.0,0.0,0.2163742690058472,0.0,0.0,0.0,0.0,0.0,1.0,-0.98567335243553,-0.9565217391304347,0.0,Graduate
620,-0.01633986887598167,0.0,0.0,0.14450465610671082,0.7777777777777779,0.5,0.0,1.0,0.0,1.0,0.0,0.46000000000000035,1.0,0.0,0.0,1.0,0.44444444444444514,0.0,0.0,0.0,0.8187134502923973,0.0,0.0,0.0,0.0,0.0,0.0,0.42120343839541546,-0.39130434782608686,0.0,Enrolled
621,0.46568627411744096,0.33333333333333326,0.3333333333333333,0.6308183951646517,-0.3333333333333332,-0.5,0.0,1.0,0.0,1.0,0.0,0.0,1.0,0.0,0.0,1.0,-1.9572649572649585,0.0,1.0,0.0,-1.2280701754385959,0.0,0.0,0.0,1.0,0.0,0.0,-0.5787965616045845,1.0,0.0,Graduate
623,-0.2696078431938952,-0.3333333333333335,-0.3333333333333333,0.3876615256356813,1.0555555555555554,0.75,0.0,1.0,0.0,1.0,0.0,-1.073333333333333,1.0,0.0,0.0,1.0,0.2393162393162393,0.0,0.0,0.0,-0.6666666666666666,0.0,0.0,0.0,1.0,0.0,4.0,-0.98567335243553,-0.9565217391304347,0.0,Dropout
624,0.4506740197025224,0.33333333333333326,1.0,0.5882659441433924,-0.3333333333333332,0.0,0.0,1.0,0.0,1.0,1.0,0.2600000000000004,0.0,1.0,0.0,1.0,-0.0683760683760682,0.0,0.0,1.0,0.2923976608187133,0.0,0.0,0.0,1.0,0.0,0.0,-0.98567335243553,-0.9565217391304347,0.0,Graduate
625,0.39215686233728797,0.33333333333333326,0.3333333333333333,0.42239822009170475,-0.3333333333333332,-0.5,0.0,1.0,0.0,1.0,0.0,-1.1399999999999997,0.0,1.0,0.0,1.0,-0.15384615384615374,0.0,0.0,0.0,-0.9941520467836252,0.0,0.0,0.0,1.0,0.0,3.0,0.48710601719197705,-0.3478260869565217,0.0,Dropout
626,-0.09803921570687095,0.0,0.0,-0.13338891204668618,0.22222222222222213,0.0,0.0,1.0,0.0,1.0,0.0,0.0,1.0,0.0,0.0,1.0,0.3504273504273515,0.0,1.0,0.0,0.35087719298245595,0.0,0.0,0.0,1.0,0.0,0.0,-0.5787965616045845,1.0,0.0,Dropout
627,0.032679738732355905,0.33333333333333326,1.3333333333333333,-0.5965448561900789,-0.14814814814814797,0.5,0.0,1.0,0.0,1.0,1.5,-0.20666666666666628,1.0,0.0,0.0,1.0,0.44444444444444514,0.0,0.0,0.0,0.23391812865497064,0.0,0.0,0.0,0.0,0.0,0.0,0.48710601719197705,-0.3478260869565217,0.0,Graduate
628,0.34681372556305606,0.33333333333333326,0.6666666666666666,0.2938724468528553,-0.09523809523809526,0.0,0.0,1.0,0.0,1.0,0.5,-1.8066666666666662,1.0,0.0,0.0,1.0,0.7435897435897445,0.0,1.0,1.0,-0.9649122807017539,0.0,0.0,0.0,1.0,0.0,2.0,0.1346704871060172,-0.7391304347826085,0.0,Graduate
629,0.34313725497404846,0.33333333333333326,0.3333333333333333,0.28345143809920775,-0.3333333333333332,-0.5,0.0,1.0,0.0,1.0,0.0,-0.5399999999999996,1.0,0.0,0.0,1.0,-0.3333333333333329,0.0,0.0,0.0,-0.5906432748538005,0.0,0.0,0.0,1.0,0.0,1.0,0.42120343839541546,-0.39130434782608686,0.0,Graduate
631,-0.01899509841085337,0.08333333333333326,0.6666666666666666,-0.11552432680283432,-0.3333333333333332,0.0,0.0,1.0,0.0,1.0,1.0,0.0,0.0,1.0,0.0,1.0,-0.6752136752136751,1.0,0.0,1.0,-0.35087719298245595,0.0,0.0,0.0,1.0,0.0,0.0,-0.5787965616045845,1.0,0.0,Graduate
635,0.4166666667542018,0.33333333333333326,0.3333333333333333,0.4918716131721548,-0.05555555555555535,-0.25,0.0,1.0,0.0,1.0,0.0,0.12666666666666704,0.0,1.0,0.0,1.0,0.2393162393162393,0.0,1.0,0.0,0.38596491228070123,0.0,0.0,0.0,1.0,0.0,0.0,0.9140401146131805,0.0,0.0,Graduate
636,0.21446078435878013,0.33333333333333326,0.3333333333333333,-0.08128386827844944,0.22222222222222213,0.0,0.0,1.0,0.0,1.0,0.0,-0.7399999999999997,0.0,1.0,0.0,1.0,-0.3333333333333329,0.0,0.0,0.0,-0.7660818713450285,0.0,0.0,0.0,1.0,0.0,4.0,-0.3553008595988538,-0.4782608695652173,0.0,Graduate
637,0.05637254921527435,0.08333333333333326,0.6666666666666666,0.12862502292621875,0.5,1.0,0.0,1.0,0.0,1.0,1.0,0.9266666666666671,0.0,1.0,0.0,1.0,-0.6410256410256404,0.0,1.0,1.0,0.48538011695906474,0.0,0.0,0.0,1.0,0.0,4.0,-0.5787965616045845,1.0,0.0,Graduate
639,-0.19607843141374204,0.0,0.0,-0.46686119216340166,1.0555555555555554,0.75,0.0,1.0,0.0,1.0,0.0,-0.8066666666666663,1.0,0.0,0.0,1.0,0.11965811965812026,0.0,0.0,0.0,-0.5146198830409352,0.0,0.0,0.0,1.0,0.0,2.0,-1.2550143266475644,0.608695652173913,0.0,Graduate
640,0.29411764761080894,0.33333333333333326,0.3333333333333333,0.14450465610671082,-0.3333333333333332,-0.5,0.0,1.0,0.0,1.0,0.0,0.12666666666666704,0.0,1.0,0.0,1.0,1.2146029671112836e-15,0.0,0.0,0.0,0.22222222222222276,0.0,0.0,0.0,1.0,0.0,0.0,-0.5787965616045845,1.0,0.0,Dropout
641,-0.24509803926717735,-0.3333333333333335,-0.3333333333333333,0.4918716131721548,-0.05555555555555535,-0.25,1.0,0.0,1.0,0.0,0.0,-0.20666666666666628,1.0,0.0,1.0,0.0,2.8376068376068404,1.0,0.0,0.0,1.871345029239765,0.0,0.0,0.0,1.0,0.0,0.0,-0.5787965616045845,1.0,1.0,Dropout
643,-0.9509803923566483,-0.8666666666666667,-1.0,-0.7586494372655271,0.6666666666666667,0.0,0.0,1.0,0.0,1.0,-0.5,-0.27333333333333293,1.0,0.0,0.0,1.0,-0.2393162393162393,0.0,1.0,0.0,-0.2923976608187133,0.0,0.0,0.0,1.0,0.0,0.0,0.0,0.5217391304347826,0.0,Enrolled
644,0.5297181373661873,0.33333333333333326,1.0,0.8123176323468111,-0.3333333333333332,0.0,0.0,1.0,0.0,1.0,1.0,0.6600000000000004,1.0,0.0,0.0,1.0,-0.341880341880341,0.0,1.0,1.0,0.4561403508771934,0.0,0.0,0.0,1.0,0.0,2.0,-0.98567335243553,-0.9565217391304347,0.0,Enrolled
645,-1.5686274513099354,-1.6666666666666667,-1.6666666666666667,-5.1354731137974134,-1.9999999999999996,-2.0,1.0,0.0,1.0,0.0,0.0,-1.673333333333333,1.0,0.0,1.0,0.0,1.042735042735044,0.0,1.0,0.0,-0.6432748538011692,0.0,0.0,0.0,1.0,0.0,1.0,0.9140401146131805,0.0,0.0,Dropout
646,-0.9509803923566483,-0.8666666666666667,-1.0,-0.7586494372655271,0.6666666666666667,0.0,0.0,1.0,0.0,1.0,-0.5,-0.20666666666666628,0.0,1.0,0.0,1.0,0.5982905982906,0.0,1.0,0.0,0.3391812865497081,0.0,0.0,0.0,1.0,0.0,0.0,0.0,0.5217391304347826,0.0,Enrolled
647,-0.19607843141374204,0.0,0.0,-0.46686119216340166,1.0555555555555554,0.75,0.0,1.0,0.0,1.0,0.0,0.12666666666666704,1.0,0.0,0.0,1.0,-0.7521367521367526,0.0,1.0,0.0,-0.2923976608187133,0.0,0.0,0.0,1.0,0.0,0.0,0.0,0.5217391304347826,0.0,Enrolled
648,0.1960784314137419,0.33333333333333326,0.0,-0.13338891204668618,-0.3333333333333332,-0.75,0.0,1.0,0.0,1.0,-0.5,0.46000000000000035,1.0,0.0,0.0,1.0,1.5042735042735065,1.0,0.0,0.0,1.5438596491228065,0.0,0.0,0.0,0.0,0.0,0.0,0.4068767908309455,0.0,0.0,Graduate
649,0.2296918770090391,0.33333333333333326,0.6666666666666666,-0.03811111713213826,0.14285714285714307,0.25,0.0,1.0,0.0,1.0,0.5,-0.873333333333333,1.0,0.0,0.0,1.0,-0.39316239316239304,0.0,0.0,0.0,-0.9239766081871339,0.0,0.0,0.0,1.0,0.0,1.0,0.4068767908309455,0.0,0.0,Graduate
650,-0.21568627455511621,-0.06666666666666665,-0.3333333333333333,-0.34180908711963315,0.0,-0.5,0.0,1.0,0.0,1.0,-0.5,-1.073333333333333,1.0,0.0,0.0,1.0,0.14529914529914567,0.0,1.0,0.0,-0.7309941520467833,0.0,0.0,0.0,1.0,0.0,0.0,-0.98567335243553,-0.9565217391304347,0.0,Graduate
651,0.6924019609297764,0.33333333333333326,0.3333333333333333,1.273447269695706,0.22222222222222213,0.0,0.0,1.0,0.0,1.0,0.0,1.1933333333333338,1.0,0.0,0.0,1.0,-0.11965811965811904,0.0,0.0,0.0,1.0760233918128652,0.0,0.0,0.0,1.0,0.0,0.0,-0.3553008595988538,-0.4782608695652173,1.0,Graduate
654,-0.07352941178015329,0.0,0.0,-0.05002084201750769,-0.05555555555555535,-0.25,0.0,1.0,0.0,1.0,0.0,-0.20666666666666628,0.0,1.0,0.0,1.0,0.12820512820512833,0.0,0.0,0.0,0.017543859649122633,0.0,0.0,0.0,0.0,0.0,0.0,0.1346704871060172,-0.7391304347826085,0.0,Graduate
656,-0.1715686274870239,0.0,0.0,-0.38349312213422243,0.5,0.25,0.0,1.0,1.0,0.0,0.0,-0.5399999999999996,0.0,1.0,1.0,0.0,-0.4188034188034185,0.0,1.0,0.0,-0.6491228070175432,0.0,0.0,0.0,1.0,0.0,3.0,0.9140401146131805,0.0,0.0,Enrolled
657,-0.269607843193895,0.0,0.0,-0.7169654022509379,0.7777777777777779,0.5,0.0,1.0,1.0,0.0,0.0,0.12666666666666704,1.0,0.0,1.0,0.0,-0.7521367521367526,0.0,1.0,0.0,-0.2923976608187133,0.0,0.0,0.0,1.0,0.0,0.0,0.0,0.5217391304347826,0.0,Enrolled
658,-0.26348039257986283,-0.04166666666666674,2.6666666666666665,-0.5822939057940809,-0.3333333333333332,2.0,0.0,1.0,0.0,1.0,5.0,-0.8066666666666663,1.0,0.0,0.0,1.0,-0.2991452991452994,0.0,0.0,0.0,-0.8011695906432746,0.0,0.0,0.0,1.0,0.0,0.0,-0.3553008595988538,-0.4782608695652173,0.0,Graduate
660,-1.5686274513099354,-1.6666666666666667,-1.6666666666666667,-5.1354731137974134,-0.3333333333333332,-0.5,0.0,1.0,0.0,1.0,0.0,-0.20666666666666628,1.0,0.0,0.0,1.0,-0.4102564102564104,1.0,0.0,0.0,-0.35087719298245595,0.0,0.0,0.0,1.0,0.0,0.0,0.48710601719197705,-0.3478260869565217,0.0,Dropout
661,0.7598039212380541,0.33333333333333326,0.3333333333333333,1.4644990954564396,-0.3333333333333332,-0.5,0.0,1.0,0.0,1.0,0.0,3.126666666666667,1.0,0.0,0.0,1.0,0.44444444444444514,0.0,0.0,0.0,3.1578947368421035,0.0,0.0,0.0,0.0,0.0,0.0,-1.2550143266475644,0.608695652173913,0.0,Graduate
662,-0.3291316527302095,-0.23809523809523814,0.0,-0.2167569820758647,0.857142857142857,1.0,0.0,1.0,0.0,1.0,0.5,-1.073333333333333,1.0,0.0,0.0,1.0,0.4786324786324798,0.0,1.0,1.0,-0.5029239766081866,0.0,0.0,0.0,1.0,0.0,0.0,0.48710601719197705,-0.3478260869565217,0.0,Enrolled
664,-0.5098039216757291,-0.4666666666666668,-0.6666666666666666,-0.13338891204668618,0.3333333333333332,-0.25,0.0,1.0,0.0,1.0,-0.5,-0.47333333333333294,1.0,0.0,0.0,1.0,1.3418803418803433,0.0,1.0,0.0,0.6140350877192979,0.0,1.0,0.0,1.0,0.0,2.0,0.0,0.5217391304347826,1.0,Graduate
666,0.6960784315187839,0.33333333333333326,0.0,1.2838682784493534,0.0,-0.5,0.0,1.0,0.0,1.0,-0.5,0.726666666666667,0.0,1.0,0.0,1.0,-0.10256410256410291,0.0,1.0,0.0,0.6783625730994145,0.0,0.0,0.0,1.0,0.0,0.0,0.4068767908309455,0.0,0.0,Graduate
667,-0.07352941178015329,0.0,0.0,-0.05002084201750769,0.5,0.25,1.0,0.0,1.0,0.0,0.0,-0.47333333333333294,1.0,0.0,1.0,0.0,0.7435897435897445,0.0,0.0,0.0,0.20467836257309932,0.0,0.0,0.0,1.0,0.0,1.0,0.4068767908309455,0.0,0.0,Dropout
669,-1.5686274513099354,-1.6666666666666667,-1.6666666666666667,-5.1354731137974134,-1.9999999999999996,-2.0,0.0,1.0,0.0,1.0,0.5,0.9933333333333337,1.0,0.0,0.0,1.0,-1.0769230769230786,0.0,0.0,1.0,0.2456140350877185,0.0,0.0,0.0,1.0,0.0,4.0,0.42120343839541546,-0.39130434782608686,0.0,Dropout
670,0.40118679028036147,0.33333333333333326,4.0,0.4479936807002916,0.05882352941176486,3.25,0.0,1.0,0.0,1.0,5.5,-2.206666666666666,1.0,0.0,0.0,1.0,3.3760683760683805,0.0,0.0,1.0,0.48538011695906474,0.0,0.0,0.0,1.0,0.0,0.0,-0.3553008595988538,-0.4782608695652173,0.0,Graduate
671,0.5269607844244315,0.33333333333333326,0.3333333333333333,0.8045018757815753,0.22222222222222213,0.0,0.0,1.0,0.0,1.0,0.0,1.1933333333333338,0.0,1.0,0.0,1.0,-0.6324786324786323,0.0,1.0,0.0,0.7251461988304093,0.0,0.0,0.0,1.0,0.0,0.0,-0.5787965616045845,1.0,0.0,Graduate
672,0.04901960731867647,-0.030303030303030276,1.3333333333333333,0.4687138140892035,0.8787878787878788,2.75,0.0,1.0,0.0,1.0,2.5,-0.873333333333333,1.0,0.0,0.0,1.0,0.44444444444444514,0.0,0.0,0.0,-0.35087719298245595,0.0,0.0,0.0,1.0,0.0,0.0,0.0,0.5217391304347826,0.0,Dropout
673,0.23809523877551025,0.33333333333333326,0.6666666666666666,-0.014291667361400867,-0.09523809523809526,0.0,0.0,1.0,0.0,1.0,0.5,0.12666666666666704,0.0,1.0,0.0,1.0,-0.5384615384615388,0.0,1.0,1.0,-0.14619883040935666,0.0,0.0,0.0,1.0,0.0,3.0,0.42120343839541546,-0.39130434782608686,0.0,Graduate
675,0.22058823583065565,0.33333333333333326,0.3333333333333333,-0.06391551896623615,0.22222222222222213,0.0,0.0,1.0,0.0,1.0,0.0,-1.1399999999999997,1.0,0.0,0.0,1.0,0.0,0.0,1.0,0.0,-0.8888888888888886,0.0,0.0,0.0,1.0,0.0,0.0,0.48710601719197705,-0.3478260869565217,0.0,Graduate
676,-1.0784313727755808,-1.0,-1.0,-0.9670696123384741,1.0555555555555554,0.75,0.0,1.0,0.0,1.0,0.0,0.9266666666666671,1.0,0.0,0.0,1.0,0.08547008547008676,0.0,0.0,0.0,0.9824561403508774,0.0,0.0,0.0,1.0,0.0,0.0,0.0,0.5217391304347826,0.0,Dropout
677,0.4901960785343547,0.33333333333333326,0.3333333333333333,0.7002917882451017,-0.3333333333333332,-0.5,0.0,1.0,0.0,1.0,0.0,1.7933333333333337,1.0,0.0,0.0,1.0,0.05982905982906013,0.0,0.0,0.0,1.7251461988304084,0.0,0.0,0.0,1.0,0.0,3.0,0.48710601719197705,-0.3478260869565217,0.0,Graduate
679,-1.2009803924091693,-1.3333333333333335,-1.3333333333333333,1.1171321383909958,-0.05555555555555535,-0.25,1.0,0.0,1.0,0.0,0.0,-2.206666666666666,1.0,0.0,1.0,0.0,5.871794871794878,1.0,0.0,0.0,2.1929824561403497,0.0,1.0,0.0,0.0,0.0,0.0,0.4068767908309455,0.0,1.0,Dropout
680,-1.5686274513099354,-1.6666666666666667,-1.6666666666666667,-5.1354731137974134,-1.9999999999999996,-2.0,0.0,1.0,0.0,1.0,-3.0,1.1933333333333338,0.0,1.0,0.0,1.0,1.376068376068378,0.0,1.0,0.0,2.099415204678362,0.0,0.0,0.0,1.0,0.0,0.0,0.1346704871060172,-0.7391304347826085,0.0,Graduate
682,0.3641456579196383,0.33333333333333326,0.3333333333333333,0.3430000583576489,-0.05555555555555535,-0.25,0.0,1.0,1.0,0.0,0.0,0.46000000000000035,0.0,1.0,1.0,0.0,0.23076923076923123,0.0,0.0,0.0,0.6725146198830406,0.0,0.0,0.0,0.0,0.0,0.0,0.42120343839541546,-0.39130434782608686,0.0,Graduate
683,0.5490196079584774,0.33333333333333326,0.0,0.8670279283034594,0.6666666666666667,0.0,1.0,0.0,1.0,0.0,-0.5,2.4600000000000004,0.0,1.0,1.0,0.0,0.15384615384615374,0.0,0.0,0.0,2.374269005847952,0.0,0.0,0.0,1.0,0.0,3.0,-0.5787965616045845,1.0,0.0,Dropout
684,-1.5686274513099354,-1.6666666666666667,-1.6666666666666667,-5.1354731137974134,-1.9999999999999996,-2.0,1.0,0.0,1.0,0.0,0.0,0.0,1.0,0.0,0.0,1.0,-2.085470085470087,1.0,0.0,0.0,-1.31578947368421,0.0,0.0,0.0,0.0,0.0,0.0,0.1346704871060172,-0.7391304347826085,0.0,Dropout
685,-0.5392156863877902,-0.5,0.6666666666666666,-0.13338891204668618,0.36111111111111127,2.25,0.0,1.0,0.0,1.0,3.0,0.0,1.0,0.0,0.0,1.0,-1.5299145299145307,1.0,0.0,0.0,-0.9356725146198825,0.0,0.0,0.0,0.0,0.0,0.0,-1.2550143266475644,0.608695652173913,0.0,Graduate
686,0.0460784313822295,0.1333333333333333,1.3333333333333333,-0.05002084201750769,0.1666666666666668,1.25,0.0,1.0,0.0,1.0,2.0,-2.206666666666666,1.0,0.0,0.0,1.0,2.8547008547008565,0.0,0.0,0.0,0.1286549707602332,0.0,0.0,0.0,1.0,0.0,0.0,0.0,0.5217391304347826,0.0,Graduate
687,0.24509803877698141,0.33333333333333326,-0.6666666666666666,0.005557869945810766,-0.3333333333333332,-1.25,1.0,0.0,1.0,0.0,-1.5,-0.873333333333333,1.0,0.0,0.0,1.0,1.9572649572649585,1.0,0.0,0.0,0.6842105263157885,0.0,0.0,0.0,0.0,0.0,0.0,0.42120343839541546,-0.39130434782608686,0.0,Dropout
688,0.17218137258519228,0.33333333333333326,0.6666666666666666,-0.20112546894539382,-0.09523809523809526,0.0,0.0,1.0,0.0,1.0,0.5,-0.006666666666666288,1.0,0.0,0.0,1.0,0.08547008547008676,0.0,0.0,1.0,0.1637426900584801,0.0,0.0,0.0,1.0,0.0,2.0,0.1346704871060172,-0.7391304347826085,0.0,Graduate
689,0.1666666667016809,0.33333333333333326,0.0,-0.2167569820758647,-0.3333333333333332,-0.75,0.0,1.0,0.0,1.0,-0.5,-0.873333333333333,1.0,0.0,0.0,1.0,4.7179487179487225,1.0,0.0,0.0,2.573099415204677,0.0,0.0,0.0,1.0,0.0,0.0,-0.98567335243553,-0.9565217391304347,0.0,Graduate
690,-1.5686274513099354,-1.6666666666666667,-1.6666666666666667,-5.1354731137974134,-0.3333333333333332,-0.75,1.0,0.0,1.0,0.0,-0.5,0.0,1.0,0.0,1.0,0.0,-0.9829059829059826,1.0,0.0,0.0,-0.5614035087719292,0.0,0.0,0.0,0.0,0.0,1.0,0.4068767908309455,0.0,0.0,Dropout
691,-1.5686274513099354,-1.6666666666666667,-1.6666666666666667,-5.1354731137974134,-1.9999999999999996,-2.0,0.0,1.0,0.0,1.0,0.0,0.0,1.0,0.0,0.0,1.0,-2.307692307692309,1.0,0.0,0.0,-1.4678362573099404,0.0,0.0,0.0,0.0,0.0,0.0,-1.2550143266475644,0.608695652173913,0.0,Dropout
692,0.29669762702311564,0.33333333333333326,4.666666666666667,0.15181764485202134,-0.3333333333333332,2.75,0.0,1.0,0.0,1.0,6.5,0.0,1.0,0.0,0.0,1.0,0.6923076923076937,0.0,0.0,0.0,0.5847953216374266,0.0,0.0,0.0,1.0,0.0,0.0,-1.2550143266475644,0.608695652173913,0.0,Graduate
693,0.28011204466669026,0.33333333333333326,0.3333333333333333,0.10480557315548135,0.22222222222222213,0.0,0.0,1.0,0.0,1.0,0.0,0.46000000000000035,1.0,0.0,0.0,1.0,-0.4102564102564104,0.0,1.0,0.0,0.23391812865497064,0.0,0.0,0.0,1.0,0.0,0.0,-0.5787965616045845,1.0,0.0,Enrolled
694,-0.8595938377156008,-0.8095238095238096,-0.6666666666666666,-0.4460191746561067,2.2857142857142856,2.5,1.0,0.0,1.0,0.0,0.5,-2.206666666666666,1.0,0.0,1.0,0.0,0.44444444444444514,1.0,0.0,0.0,-1.5204678362573092,0.0,0.0,0.0,1.0,0.0,0.0,-0.3553008595988538,-0.4782608695652173,0.0,Dropout
695,0.07843137256549662,-0.06666666666666665,-0.3333333333333333,0.7002917882451017,2.333333333333333,1.25,0.0,1.0,0.0,1.0,-0.5,0.0,1.0,0.0,0.0,1.0,2.4871794871794903,1.0,0.0,0.0,1.8128654970760225,0.0,0.0,0.0,0.0,0.0,0.0,0.4068767908309455,0.0,0.0,Graduate
696,-3.9215656873850437e-10,-0.06666666666666665,-0.3333333333333333,0.42239822009170475,2.9999999999999996,1.75,0.0,1.0,1.0,0.0,-0.5,0.6600000000000004,1.0,0.0,1.0,0.0,1.2222222222222232,0.0,1.0,0.0,1.5263157894736832,0.0,0.0,0.0,1.0,0.0,0.0,0.1346704871060172,-0.7391304347826085,0.0,Dropout
698,-0.8333333335084032,-0.6666666666666667,-0.6666666666666666,-0.9670696123384741,1.3333333333333333,1.0,0.0,1.0,0.0,1.0,0.0,1.3933333333333338,1.0,0.0,0.0,1.0,-0.9914529914529931,0.0,1.0,0.0,0.6549707602339171,0.0,0.0,0.0,1.0,0.0,0.0,-1.2550143266475644,0.608695652173913,0.0,Enrolled
699,-0.024509803926717654,0.0,0.0,0.11671529804085004,1.3333333333333333,1.0,0.0,1.0,0.0,1.0,0.0,0.46000000000000035,1.0,0.0,0.0,1.0,0.44444444444444514,0.0,0.0,0.0,0.8187134502923973,0.0,0.0,0.0,0.0,0.0,0.0,0.42120343839541546,-0.39130434782608686,0.0,Graduate
701,0.04901960785343531,0.0,0.0,0.36681950812838626,0.7777777777777779,0.5,1.0,0.0,1.0,0.0,0.0,-0.20666666666666628,1.0,0.0,0.0,1.0,0.44444444444444514,0.0,0.0,0.0,0.23391812865497064,0.0,0.0,0.0,0.0,0.0,0.0,0.42120343839541546,-0.39130434782608686,0.0,Enrolled
703,0.47181372558931645,0.33333333333333326,-0.3333333333333333,0.648186744476865,-0.3333333333333332,-1.0,0.0,1.0,0.0,1.0,-1.0,3.793333333333334,1.0,0.0,0.0,1.0,0.44444444444444514,0.0,0.0,0.0,3.74269005847953,0.0,0.0,0.0,0.0,0.0,0.0,0.48710601719197705,-0.3478260869565217,0.0,Dropout
705,0.3594771240951282,0.33333333333333326,1.3333333333333333,0.3297670320967065,-0.3333333333333332,0.25,0.0,1.0,0.0,1.0,1.5,-2.206666666666666,1.0,0.0,0.0,1.0,2.521367521367524,1.0,0.0,0.0,-0.09941520467836269,0.0,0.0,0.0,0.0,0.0,0.0,0.4068767908309455,0.0,0.0,Graduate
706,0.34313725497404846,0.33333333333333326,0.0,0.28345143809920775,0.6666666666666667,0.0,0.0,1.0,0.0,1.0,-0.5,-0.873333333333333,0.0,1.0,0.0,1.0,1.991452991452993,1.0,0.0,0.0,0.7076023391812859,0.0,0.0,0.0,1.0,0.0,0.0,-0.3553008595988538,-0.4782608695652173,0.0,Dropout
707,0.2696078431938952,0.33333333333333326,1.6666666666666667,0.0750312630262608,-0.3333333333333332,0.5,0.0,1.0,0.0,1.0,2.0,0.0,1.0,0.0,0.0,1.0,1.4017094017094047,1.0,0.0,0.0,1.0701754385964914,0.0,0.0,0.0,1.0,0.0,0.0,0.4068767908309455,0.0,0.0,Graduate
709,0.597147950615647,0.33333333333333326,2.0,1.0034484076698615,-0.3333333333333332,0.75,0.0,1.0,0.0,1.0,2.5,-0.873333333333333,1.0,0.0,0.0,1.0,2.8632478632478673,1.0,0.0,0.0,1.304093567251462,0.0,0.0,0.0,1.0,0.0,0.0,0.4068767908309455,0.0,0.0,Graduate
710,-1.5686274513099354,-1.6666666666666667,-1.6666666666666667,-5.1354731137974134,-0.3333333333333332,-0.5,1.0,0.0,1.0,0.0,0.0,0.0,1.0,0.0,1.0,0.0,-2.7264957264957284,1.0,0.0,0.0,-1.7543859649122797,0.0,0.0,0.0,1.0,0.0,0.0,0.42120343839541546,-0.39130434782608686,0.0,Dropout
711,-1.5686274513099354,-1.6666666666666667,-1.6666666666666667,-5.1354731137974134,-0.3333333333333332,-0.75,0.0,1.0,0.0,1.0,-0.5,0.0,1.0,0.0,0.0,1.0,-0.5299145299145295,1.0,0.0,0.0,-0.2514619883040933,0.0,0.0,0.0,0.0,0.0,0.0,0.0,0.5217391304347826,0.0,Dropout
712,-1.5686274513099354,-1.6666666666666667,-1.6666666666666667,-5.1354731137974134,-0.3333333333333332,-0.75,1.0,0.0,1.0,0.0,-0.5,-2.206666666666666,1.0,0.0,1.0,0.0,5.572649572649579,1.0,0.0,0.0,1.9883040935672505,1.0,0.0,0.0,1.0,0.0,0.0,-1.2550143266475644,0.608695652173913,0.0,Dropout
713,0.01960784314137432,-0.06666666666666665,-0.3333333333333333,0.4918716131721548,0.3333333333333332,-0.25,0.0,1.0,0.0,1.0,-0.5,0.0,1.0,0.0,0.0,1.0,-1.5042735042735051,1.0,0.0,0.0,-0.9181286549707599,0.0,0.0,0.0,1.0,0.0,0.0,0.0,0.5217391304347826,0.0,Graduate
715,0.4166666667542018,0.33333333333333326,0.0,0.4918716131721548,0.6666666666666667,0.0,0.0,1.0,0.0,1.0,-0.5,-0.873333333333333,1.0,0.0,0.0,1.0,3.0085470085470116,1.0,0.0,0.0,1.4035087719298238,0.0,0.0,0.0,1.0,0.0,0.0,-0.98567335243553,-0.9565217391304347,0.0,Graduate
716,0.17345399758545962,0.33333333333333326,2.6666666666666665,-0.1975181950812838,0.30769230769230765,2.5,0.0,1.0,0.0,1.0,3.5,1.8600000000000003,1.0,0.0,0.0,1.0,-4.769230769230774,0.0,0.0,0.0,-1.5204678362573092,0.0,0.0,0.0,1.0,0.0,0.0,-0.5787965616045845,1.0,0.0,Graduate
717,-1.5686274513099354,-1.6666666666666667,-1.6666666666666667,-5.1354731137974134,-0.3333333333333332,-0.75,0.0,1.0,0.0,1.0,-0.5,0.0,1.0,0.0,0.0,1.0,-1.7435897435897445,1.0,0.0,0.0,-1.0818713450292392,0.0,1.0,1.0,0.0,0.0,0.0,0.0,0.5217391304347826,0.0,Dropout
718,-0.5147058827061706,-0.6666666666666667,-0.6666666666666666,0.8392385702375987,1.0555555555555554,0.75,1.0,0.0,1.0,0.0,0.0,0.46000000000000035,1.0,0.0,1.0,0.0,3.0085470085470116,1.0,0.0,0.0,2.573099415204677,0.0,0.0,0.0,1.0,0.0,0.0,-0.5787965616045845,1.0,0.0,Dropout
719,0.7549019609429065,0.33333333333333326,0.0,1.4506044185077112,1.3333333333333333,0.5,0.0,1.0,0.0,1.0,-0.5,-0.673333333333333,1.0,0.0,0.0,1.0,0.44444444444444514,0.0,0.0,0.0,-0.17543859649122798,0.0,0.0,0.0,0.0,0.0,0.0,-0.98567335243553,-0.9565217391304347,0.0,Enrolled
720,0.12254901963358893,0.0,0.0,0.6169237182159233,2.4444444444444438,2.0,0.0,1.0,0.0,1.0,0.0,0.5933333333333337,1.0,0.0,0.0,1.0,0.14529914529914567,0.0,0.0,0.0,0.7309941520467833,0.0,0.0,0.0,1.0,0.0,0.0,0.1346704871060172,-0.7391304347826085,0.0,Enrolled
721,-0.4509803919574889,-0.4666666666666668,0.3333333333333333,0.14450465610671082,1.0,2.5,0.0,1.0,1.0,0.0,2.0,0.0,1.0,0.0,1.0,0.0,1.0341880341880358,0.0,0.0,0.0,0.8187134502923973,0.0,0.0,0.0,0.0,0.0,0.0,-0.3553008595988538,-0.4782608695652173,0.0,Dropout
722,0.34313725497404846,0.33333333333333326,0.3333333333333333,0.28345143809920775,0.7777777777777779,0.5,0.0,1.0,0.0,1.0,0.0,-1.2066666666666663,1.0,0.0,0.0,1.0,0.32478632478632485,0.0,1.0,0.0,-0.7251461988304093,0.0,0.0,0.0,1.0,0.0,0.0,0.48710601719197705,-0.3478260869565217,0.0,Enrolled
723,-1.5686274513099354,-1.6666666666666667,-1.6666666666666667,-5.1354731137974134,-1.9999999999999996,-2.0,0.0,1.0,0.0,1.0,-3.0,1.526666666666667,1.0,0.0,0.0,1.0,1.641025641025643,0.0,1.0,0.0,2.573099415204677,0.0,0.0,0.0,1.0,0.0,0.0,0.0,0.5217391304347826,0.0,Graduate
725,-1.5686274513099354,-1.6666666666666667,-1.6666666666666667,-5.1354731137974134,1.0,0.25,1.0,0.0,1.0,0.0,-0.5,-0.20666666666666628,1.0,0.0,0.0,1.0,0.44444444444444514,0.0,0.0,0.0,0.23391812865497064,0.0,0.0,0.0,0.0,0.0,2.0,0.4068767908309455,0.0,0.0,Dropout
726,0.6666666668067226,0.33333333333333326,0.6666666666666666,1.2005002084201741,-0.3333333333333332,-0.25,0.0,1.0,0.0,1.0,0.5,0.46000000000000035,1.0,0.0,0.0,1.0,0.44444444444444514,0.0,0.0,1.0,0.8187134502923973,0.0,0.0,0.0,0.0,0.0,0.0,0.1346704871060172,-0.7391304347826085,0.0,Graduate
727,0.553221288841713,0.33333333333333326,0.3333333333333333,0.8789376531888282,-0.05555555555555535,-0.25,0.0,1.0,0.0,1.0,0.0,0.46000000000000035,1.0,0.0,0.0,1.0,-0.7008547008547018,0.0,0.0,0.0,0.035087719298245265,0.0,0.0,0.0,1.0,0.0,0.0,0.48710601719197705,-0.3478260869565217,0.0,Graduate
728,-1.5686274513099354,-1.6666666666666667,-1.6666666666666667,-5.1354731137974134,-0.3333333333333332,-0.75,0.0,1.0,0.0,1.0,-0.5,0.0,1.0,0.0,0.0,1.0,1.3076923076923088,1.0,0.0,0.0,1.005847953216373,0.0,0.0,0.0,1.0,0.0,0.0,0.48710601719197705,-0.3478260869565217,0.0,Dropout
730,-0.2205882353404597,-0.3333333333333335,-0.3333333333333333,0.5960817007086282,1.6111111111111107,1.25,0.0,1.0,0.0,1.0,0.0,0.5266666666666671,1.0,0.0,0.0,1.0,-0.21367521367521267,0.0,0.0,0.0,0.4269005847953221,0.0,0.0,0.0,1.0,0.0,0.0,0.1346704871060172,-0.7391304347826085,0.0,Enrolled
733,0.1960784314137419,0.33333333333333326,0.3333333333333333,-0.13338891204668618,0.5,0.25,0.0,1.0,0.0,1.0,0.0,-0.07333333333333296,1.0,0.0,0.0,1.0,-0.17948717948717918,0.0,1.0,0.0,-0.0760233918128653,0.0,0.0,0.0,1.0,0.0,0.0,0.1346704871060172,-0.7391304347826085,0.0,Graduate
734,-0.5392156860936729,-0.4666666666666668,-0.6666666666666666,-0.2723356940391831,1.3333333333333333,0.5,0.0,1.0,0.0,1.0,-0.5,-0.20666666666666628,1.0,0.0,0.0,1.0,1.2991452991453007,1.0,0.0,0.0,0.8187134502923973,0.0,0.0,0.0,1.0,0.0,1.0,-0.98567335243553,-0.9565217391304347,0.0,Graduate
736,0.17769607846870364,0.33333333333333326,0.3333333333333333,-0.18549395581492292,0.7777777777777779,0.5,0.0,1.0,0.0,1.0,0.0,-1.5399999999999996,1.0,0.0,0.0,1.0,0.9230769230769237,0.0,0.0,0.0,-0.608187134502924,0.0,0.0,0.0,1.0,0.0,1.0,0.48710601719197705,-0.3478260869565217,0.0,Graduate
737,-0.5124777180666651,-0.39393939393939403,0.6666666666666666,-0.43113201750729485,0.2727272727272726,1.75,0.0,1.0,0.0,1.0,2.5,0.46000000000000035,1.0,0.0,0.0,1.0,-1.5299145299145307,0.0,0.0,0.0,-0.5321637426900578,0.0,0.0,0.0,1.0,0.0,0.0,0.1346704871060172,-0.7391304347826085,0.0,Enrolled
740,0.17507002762781576,0.04761904761904745,0.3333333333333333,0.6308183951646517,-0.3333333333333332,-0.25,0.0,1.0,0.0,1.0,0.5,1.6600000000000004,1.0,0.0,0.0,1.0,-3.0512820512820547,0.0,0.0,0.0,-0.52046783625731,0.0,0.0,0.0,1.0,0.0,0.0,0.9140401146131805,0.0,0.0,Dropout
741,-1.5686274513099354,-1.6666666666666667,-1.6666666666666667,-5.1354731137974134,-1.9999999999999996,-2.0,0.0,1.0,0.0,1.0,0.0,-0.6066666666666662,1.0,0.0,0.0,1.0,-0.4188034188034185,0.0,1.0,0.0,-0.7076023391812859,0.0,0.0,0.0,1.0,0.0,0.0,0.42120343839541546,-0.39130434782608686,0.0,Dropout
742,0.553221288841713,0.33333333333333326,0.3333333333333333,0.8789376531888282,-0.05555555555555535,-0.25,0.0,1.0,0.0,1.0,0.0,0.19333333333333372,1.0,0.0,0.0,1.0,-0.1794871794871804,0.0,1.0,0.0,0.15789473684210453,0.0,0.0,0.0,1.0,0.0,0.0,0.9140401146131805,0.0,0.0,Graduate
747,-0.7352941180466303,-0.6666666666666667,-0.6666666666666666,-0.4112824802000832,1.3333333333333333,1.0,1.0,0.0,1.0,0.0,0.0,-0.20666666666666628,1.0,0.0,1.0,0.0,-0.4102564102564104,0.0,0.0,0.0,-0.35087719298245595,0.0,0.0,0.0,0.0,0.0,0.0,0.9140401146131805,0.0,0.0,Dropout
749,-1.5686274513099354,-1.6666666666666667,-1.6666666666666667,-5.1354731137974134,-0.3333333333333332,-0.75,0.0,1.0,0.0,1.0,-0.5,0.0,1.0,0.0,0.0,1.0,-1.7863247863247873,1.0,0.0,0.0,-1.1111111111111105,0.0,0.0,0.0,0.0,0.0,0.0,0.0,0.5217391304347826,0.0,Dropout
750,0.4124649858709662,0.33333333333333326,0.6666666666666666,0.47996188828678604,-0.3333333333333332,-0.25,0.0,1.0,0.0,1.0,0.5,0.06000000000000038,1.0,0.0,0.0,1.0,-0.03418803418803349,0.0,1.0,1.0,0.14035087719298273,0.0,0.0,0.0,1.0,0.0,1.0,-0.3553008595988538,-0.4782608695652173,0.0,Graduate
752,0.39215686233728797,0.33333333333333326,0.3333333333333333,0.42239822009170475,0.5,0.25,0.0,1.0,1.0,0.0,0.0,0.5266666666666671,0.0,1.0,1.0,0.0,-0.777777777777778,0.0,1.0,0.0,0.040935672514620026,0.0,0.0,0.0,1.0,0.0,0.0,-0.5787965616045845,1.0,0.0,Graduate
753,0.3585784314478806,0.33333333333333326,1.0,0.3272196748645268,-0.3333333333333332,0.0,0.0,1.0,0.0,1.0,1.0,-0.673333333333333,0.0,1.0,0.0,1.0,0.44444444444444514,0.0,0.0,1.0,-0.17543859649122798,0.0,0.0,0.0,1.0,0.0,0.0,-0.98567335243553,-0.9565217391304347,0.0,Graduate
754,-1.5686274513099354,-1.6666666666666667,-1.6666666666666667,-5.1354731137974134,-0.3333333333333332,-0.75,1.0,0.0,1.0,0.0,-0.5,0.0,1.0,0.0,1.0,0.0,0.7948717948717954,1.0,0.0,0.0,0.6549707602339171,0.0,0.0,0.0,0.0,0.0,0.0,0.4068767908309455,0.0,0.0,Dropout
755,0.7107843138748146,0.33333333333333326,0.3333333333333333,1.3255523134639426,-0.3333333333333332,-0.5,0.0,1.0,0.0,1.0,0.0,-0.7399999999999997,0.0,1.0,0.0,1.0,0.7777777777777792,0.0,1.0,0.0,-0.005847953216373934,0.0,0.0,0.0,1.0,0.0,2.0,0.42120343839541546,-0.39130434782608686,0.0,Graduate
756,-1.5686274513099354,-1.6666666666666667,-1.6666666666666667,-5.1354731137974134,-1.9999999999999996,-2.0,1.0,0.0,1.0,0.0,-3.0,-0.07333333333333296,1.0,0.0,1.0,0.0,0.9572649572649584,0.0,1.0,0.0,0.7017543859649119,0.0,0.0,0.0,1.0,0.0,3.0,-1.2550143266475644,0.608695652173913,0.0,Dropout
757,-0.46568627460763706,-0.3333333333333335,-0.3333333333333333,-0.4460191746561067,-0.3333333333333332,-0.5,1.0,0.0,1.0,0.0,0.0,0.0,1.0,0.0,1.0,0.0,0.02564102564102542,0.0,0.0,0.0,0.1286549707602332,0.0,0.0,0.0,1.0,0.0,0.0,0.9140401146131805,0.0,0.0,Dropout
758,-0.2745098039792385,-0.06666666666666665,2.3333333333333335,-0.5502292621925802,0.6666666666666667,4.0,1.0,0.0,1.0,0.0,4.5,-0.20666666666666628,1.0,0.0,0.0,1.0,0.14529914529914567,0.0,0.0,0.0,0.02923976608187133,0.0,0.0,0.0,1.0,0.0,0.0,0.0,0.5217391304347826,0.0,Dropout
759,0.24509803877698141,0.33333333333333326,0.3333333333333333,0.005557869945810766,0.7777777777777779,0.5,0.0,1.0,0.0,1.0,0.0,-1.473333333333333,1.0,0.0,0.0,1.0,0.5641025641025654,0.0,1.0,0.0,-0.7953216374268999,0.0,0.0,0.0,1.0,0.0,0.0,0.42120343839541546,-0.39130434782608686,0.0,Graduate
762,-1.5686274513099354,-1.6666666666666667,-1.6666666666666667,-5.1354731137974134,-1.9999999999999996,-2.0,0.0,1.0,0.0,1.0,-3.0,0.2600000000000004,1.0,0.0,0.0,1.0,1.1025641025641029,0.0,0.0,0.0,1.0935672514619872,0.0,0.0,0.0,1.0,0.0,0.0,-0.3553008595988538,-0.4782608695652173,0.0,Enrolled
763,0.1960784314137419,0.33333333333333326,1.3333333333333333,-0.13338891204668618,0.03703703703703727,0.75,0.0,1.0,0.0,1.0,1.5,-2.206666666666666,1.0,0.0,0.0,1.0,2.153846153846156,0.0,0.0,0.0,-0.35087719298245595,0.0,0.0,0.0,0.0,0.0,2.0,-0.98567335243553,-0.9565217391304347,0.0,Graduate
764,-1.2450980394772613,-1.2666666666666666,-1.3333333333333333,-0.5502292621925802,1.3333333333333333,0.5,0.0,1.0,1.0,0.0,-0.5,0.0,1.0,0.0,1.0,0.0,-2.3846153846153864,0.0,0.0,0.0,-1.5204678362573092,0.0,0.0,0.0,1.0,0.0,0.0,0.48710601719197705,-0.3478260869565217,0.0,Enrolled
765,0.5085784314793933,0.33333333333333326,3.6666666666666665,0.7523968320133385,-0.22916666666666655,2.25,0.0,1.0,0.0,1.0,5.0,1.1266666666666671,1.0,0.0,0.0,1.0,0.7863247863247873,0.0,0.0,0.0,1.6374269005847946,0.0,0.0,0.0,0.0,0.0,0.0,0.42120343839541546,-0.39130434782608686,0.0,Graduate
766,-0.06862745099480963,0.33333333333333326,0.0,-0.8837015423092957,0.6666666666666667,0.0,0.0,1.0,0.0,1.0,-0.5,-0.873333333333333,1.0,0.0,0.0,1.0,-0.2991452991452994,0.0,1.0,0.0,-0.8596491228070173,0.0,0.0,0.0,1.0,0.0,3.0,0.42120343839541546,-0.39130434782608686,0.0,Enrolled
767,-0.15686274513099357,-0.06666666666666665,-0.3333333333333333,-0.13338891204668618,0.3333333333333332,-0.25,0.0,1.0,0.0,1.0,-0.5,1.1266666666666671,1.0,0.0,0.0,1.0,0.44444444444444514,0.0,0.0,0.0,1.4035087719298238,0.0,0.0,0.0,0.0,0.0,0.0,0.4068767908309455,0.0,0.0,Enrolled
768,0.24509803877698141,0.33333333333333326,1.3333333333333333,0.005557869945810766,0.03703703703703727,0.75,0.0,1.0,0.0,1.0,1.5,0.0,1.0,0.0,0.0,1.0,-2.3846153846153864,0.0,0.0,0.0,-1.5204678362573092,0.0,0.0,0.0,0.0,0.0,0.0,0.42120343839541546,-0.39130434782608686,0.0,Graduate
769,0.5392156858975943,0.33333333333333326,1.3333333333333333,0.8392385702375987,-0.3333333333333332,0.25,0.0,1.0,0.0,1.0,1.5,0.0,1.0,0.0,0.0,1.0,2.957264957264961,1.0,0.0,0.0,2.134502923976607,0.0,0.0,0.0,1.0,0.0,0.0,0.9140401146131805,0.0,0.0,Graduate
770,0.661764706511575,0.33333333333333326,0.3333333333333333,1.1866055314714457,-0.3333333333333332,-0.5,0.0,1.0,0.0,1.0,0.0,-0.07333333333333296,1.0,0.0,0.0,1.0,0.6239316239316243,0.0,0.0,0.0,0.4736842105263152,0.0,0.0,0.0,1.0,0.0,4.0,0.4068767908309455,0.0,0.0,Graduate
772,-1.5686274513099354,-1.6666666666666667,-1.6666666666666667,-5.1354731137974134,-1.9999999999999996,-2.0,0.0,1.0,0.0,1.0,0.0,-0.47333333333333294,1.0,0.0,0.0,1.0,-0.15384615384615374,0.0,0.0,0.0,-0.40935672514619864,0.0,0.0,0.0,1.0,0.0,5.0,0.42120343839541546,-0.39130434782608686,0.0,Dropout
773,0.12188875534773562,0.04761904761904745,0.3333333333333333,0.4549514672780322,0.14285714285714307,0.25,0.0,1.0,0.0,1.0,0.5,0.19333333333333372,1.0,0.0,0.0,1.0,0.02564102564102542,0.0,1.0,1.0,0.29824561403508726,0.0,0.0,0.0,1.0,0.0,2.0,-1.2550143266475644,0.608695652173913,0.0,Enrolled
775,-0.41176470596885795,-0.3333333333333335,-0.3333333333333333,-0.2167569820758647,1.6111111111111107,1.25,0.0,1.0,0.0,1.0,0.0,-0.47333333333333294,1.0,0.0,0.0,1.0,0.26495726495726596,0.0,1.0,0.0,-0.12280701754385925,0.0,0.0,0.0,1.0,0.0,0.0,0.42120343839541546,-0.39130434782608686,0.0,Enrolled
776,0.1960784314137419,0.33333333333333326,0.3333333333333333,-0.13338891204668618,0.5,0.25,0.0,1.0,1.0,0.0,0.0,0.46000000000000035,1.0,0.0,1.0,0.0,0.44444444444444514,0.0,0.0,0.0,0.8187134502923973,0.0,0.0,0.0,0.0,0.0,0.0,0.1346704871060172,-0.7391304347826085,0.0,Dropout
780,0.2696078431938952,0.33333333333333326,0.3333333333333333,0.0750312630262608,-0.3333333333333332,-0.5,0.0,1.0,0.0,1.0,0.0,-0.673333333333333,0.0,1.0,0.0,1.0,-0.03418803418803349,0.0,0.0,0.0,-0.5029239766081866,0.0,0.0,0.0,1.0,0.0,2.0,-0.3553008595988538,-0.4782608695652173,0.0,Graduate
781,0.6372549020946613,0.33333333333333326,0.3333333333333333,1.1171321383909958,-0.3333333333333332,-0.5,0.0,1.0,0.0,1.0,0.0,1.1266666666666671,0.0,1.0,0.0,1.0,-0.5982905982905976,0.0,0.0,0.0,0.690058479532164,0.0,0.0,0.0,1.0,0.0,0.0,0.9140401146131805,0.0,0.0,Graduate
782,-0.9967320261897895,-1.0,-1.0,-0.2723356940391831,0.7777777777777779,0.5,0.0,1.0,1.0,0.0,0.0,-1.3399999999999996,1.0,0.0,1.0,0.0,-0.09401709401709363,0.0,0.0,0.0,-1.1286549707602331,0.0,0.0,0.0,1.0,0.0,0.0,-1.2550143266475644,0.608695652173913,0.0,Dropout
784,-0.09675245100071832,-0.16666666666666674,0.3333333333333333,0.4272613588995415,-0.1249999999999999,0.25,0.0,1.0,0.0,1.0,1.0,1.3933333333333338,1.0,0.0,0.0,1.0,-1.6923076923076936,0.0,1.0,1.0,0.17543859649122798,0.0,0.0,0.0,1.0,0.0,2.0,-0.98567335243553,-0.9565217391304347,0.0,Enrolled
785,0.0,0.0,0.0,0.20008336807002927,-0.05555555555555535,-0.25,0.0,1.0,0.0,1.0,0.0,-0.20666666666666628,0.0,1.0,0.0,1.0,0.0,0.0,1.0,0.0,-0.07017543859649136,0.0,0.0,0.0,1.0,1.0,1.0,0.42120343839541546,-0.39130434782608686,0.0,Graduate
786,0.02450980343652186,0.33333333333333326,0.3333333333333333,-0.6197026552730301,0.7777777777777779,0.5,0.0,1.0,0.0,1.0,0.0,-0.8066666666666663,1.0,0.0,0.0,1.0,-0.05982905982906013,0.0,1.0,0.0,-0.6374269005847953,0.0,0.0,0.0,1.0,0.0,0.0,0.48710601719197705,-0.3478260869565217,0.0,Graduate
787,0.4411764711711155,0.33333333333333326,0.3333333333333333,0.5613450062526048,-0.3333333333333332,-0.5,0.0,1.0,0.0,1.0,0.0,1.326666666666667,1.0,0.0,0.0,1.0,-0.09401709401709483,0.0,1.0,0.0,1.2105263157894723,0.0,0.0,0.0,1.0,0.0,0.0,-0.5787965616045845,1.0,0.0,Graduate
788,0.30196078474480936,0.08333333333333326,0.6666666666666666,0.9241946060858685,-0.3333333333333332,0.0,0.0,1.0,0.0,1.0,1.0,0.9933333333333337,1.0,0.0,0.0,1.0,-0.8547008547008543,0.0,1.0,1.0,0.39766081871345077,0.0,0.0,0.0,1.0,0.0,0.0,0.4068767908309455,0.0,0.0,Graduate
789,0.5490196079584774,0.33333333333333326,0.0,0.8670279283034594,-0.3333333333333332,-0.75,0.0,1.0,1.0,0.0,-0.5,0.6600000000000004,0.0,1.0,1.0,0.0,1.820512820512822,0.0,0.0,0.0,1.9356725146198817,0.0,1.0,0.0,1.0,0.0,2.0,0.0,0.5217391304347826,0.0,Dropout
790,-1.5686274513099354,-1.6666666666666667,-1.6666666666666667,-5.1354731137974134,-1.9999999999999996,-2.0,0.0,1.0,0.0,1.0,-3.0,0.9266666666666671,0.0,1.0,0.0,1.0,-0.3589743589743596,0.0,0.0,0.0,0.6783625730994145,0.0,0.0,0.0,1.0,0.0,2.0,-0.5787965616045845,1.0,0.0,Graduate
791,0.36764705939096226,0.33333333333333326,0.3333333333333333,0.3529248311796578,-0.3333333333333332,-0.5,0.0,1.0,0.0,1.0,0.0,0.32666666666666705,0.0,1.0,0.0,1.0,-0.7521367521367526,0.0,0.0,0.0,-0.11695906432748532,0.0,0.0,0.0,1.0,0.0,0.0,0.48710601719197705,-0.3478260869565217,0.0,Graduate
793,0.09803921521667483,0.33333333333333326,0.3333333333333333,-0.4112824802000832,-0.05555555555555535,-0.25,0.0,1.0,0.0,1.0,0.0,0.7933333333333337,0.0,1.0,0.0,1.0,-0.8717948717948729,0.0,0.0,0.0,0.21052631578947326,0.0,0.0,0.0,1.0,0.0,0.0,0.48710601719197705,-0.3478260869565217,0.0,Graduate
794,0.1960784314137419,0.33333333333333326,0.3333333333333333,-0.13338891204668618,-0.3333333333333332,-0.5,0.0,1.0,0.0,1.0,0.0,-1.0066666666666664,1.0,0.0,0.0,1.0,-0.2393162393162393,0.0,0.0,0.0,-0.9356725146198825,0.0,0.0,0.0,1.0,0.0,2.0,0.9140401146131805,0.0,0.0,Graduate
795,0.36764705939096226,0.33333333333333326,0.3333333333333333,0.3529248311796578,-0.3333333333333332,-0.5,0.0,1.0,0.0,1.0,0.0,-0.8066666666666663,0.0,1.0,0.0,1.0,0.02564102564102542,0.0,1.0,0.0,-0.5789473684210527,0.0,0.0,0.0,1.0,0.0,2.0,0.42120343839541546,-0.39130434782608686,0.0,Graduate
796,0.6127450976777475,0.33333333333333326,0.3333333333333333,1.0476587453105457,-0.3333333333333332,-0.5,0.0,1.0,0.0,1.0,0.0,0.12666666666666704,0.0,1.0,0.0,1.0,0.29914529914530064,0.0,1.0,0.0,0.4269005847953221,0.0,0.0,0.0,1.0,0.0,2.0,0.9140401146131805,0.0,0.0,Graduate
798,0.355952381447329,0.33333333333333326,0.6666666666666666,0.31977609837432247,-0.09523809523809526,0.0,0.0,1.0,0.0,1.0,0.5,0.7933333333333337,1.0,0.0,0.0,1.0,-0.5299145299145307,0.0,0.0,1.0,0.44444444444444386,0.0,0.0,0.0,1.0,0.0,2.0,0.48710601719197705,-0.3478260869565217,0.0,Graduate
799,0.39215686233728797,0.33333333333333326,0.3333333333333333,0.42239822009170475,0.22222222222222213,0.0,0.0,1.0,0.0,1.0,0.0,-0.006666666666666288,0.0,1.0,0.0,1.0,-0.39316239316239304,0.0,1.0,0.0,-0.16374269005847927,0.0,0.0,0.0,1.0,0.0,0.0,0.9140401146131805,0.0,0.0,Graduate
801,0.049019607853435634,0.33333333333333326,0.3333333333333333,-0.5502292621925802,0.22222222222222213,0.0,1.0,0.0,1.0,0.0,0.0,-0.20666666666666628,0.0,1.0,0.0,1.0,0.44444444444444514,0.0,0.0,0.0,0.23391812865497064,0.0,0.0,0.0,0.0,0.0,0.0,0.9140401146131805,0.0,0.0,Enrolled
802,-1.5686274513099354,-1.6666666666666667,-1.6666666666666667,-5.1354731137974134,-1.9999999999999996,-2.0,1.0,0.0,1.0,0.0,0.0,-1.073333333333333,1.0,0.0,1.0,0.0,-0.15384615384615374,0.0,1.0,0.0,-0.9356725146198825,0.0,0.0,0.0,1.0,0.0,1.0,0.48710601719197705,-0.3478260869565217,0.0,Dropout
803,0.4313725491102321,0.33333333333333326,0.0,0.5335556481867441,0.3333333333333332,-0.25,0.0,1.0,0.0,1.0,-0.5,-0.5399999999999996,1.0,0.0,0.0,1.0,-0.15384615384615374,0.0,0.0,0.0,-0.4678362573099413,0.0,0.0,0.0,1.0,0.0,3.0,0.9140401146131805,0.0,0.0,Graduate
804,0.7107843138748146,0.33333333333333326,0.3333333333333333,1.3255523134639426,-0.3333333333333332,-0.5,0.0,1.0,0.0,1.0,0.0,0.5266666666666671,1.0,0.0,0.0,1.0,-0.6324786324786323,0.0,1.0,0.0,0.14035087719298273,0.0,0.0,0.0,1.0,0.0,0.0,0.48710601719197705,-0.3478260869565217,0.0,Graduate
805,0.4691876755887649,0.33333333333333326,0.6666666666666666,0.6407431679866606,-0.3333333333333332,-0.25,0.0,1.0,0.0,1.0,0.5,-0.7399999999999997,1.0,0.0,0.0,1.0,-0.27350427350427403,0.0,1.0,0.0,-0.7251461988304093,0.0,0.0,0.0,1.0,0.0,2.0,0.48710601719197705,-0.3478260869565217,0.0,Graduate
806,-0.8921568629325258,-0.8666666666666667,-1.0,-0.34180908711963315,1.3333333333333333,0.5,0.0,1.0,1.0,0.0,-0.5,-1.0066666666666664,1.0,0.0,1.0,0.0,0.05982905982906013,0.0,0.0,0.0,-0.7309941520467833,0.0,0.0,0.0,1.0,0.0,1.0,0.48710601719197705,-0.3478260869565217,0.0,Enrolled
809,-1.5686274513099354,-1.6666666666666667,-1.6666666666666667,-5.1354731137974134,-0.3333333333333332,-1.0,0.0,1.0,0.0,1.0,-1.0,0.6600000000000004,1.0,0.0,0.0,1.0,-0.6923076923076937,0.0,1.0,0.0,0.2163742690058472,0.0,0.0,0.0,1.0,0.0,3.0,0.9140401146131805,0.0,0.0,Dropout
811,-1.5686274513099354,-1.6666666666666667,-1.6666666666666667,-5.1354731137974134,-1.9999999999999996,-2.0,1.0,0.0,1.0,0.0,0.0,-1.2066666666666663,0.0,1.0,1.0,0.0,-0.05982905982906013,0.0,1.0,0.0,-0.9883040935672514,0.0,0.0,0.0,1.0,0.0,0.0,0.42120343839541546,-0.39130434782608686,0.0,Dropout
812,0.21708683435933204,0.33333333333333326,0.6666666666666666,-0.07384029178824508,-0.09523809523809526,0.0,0.0,1.0,0.0,1.0,0.5,-1.4066666666666663,0.0,1.0,0.0,1.0,0.02564102564102542,0.0,0.0,0.0,-1.1052631578947367,0.0,0.0,0.0,1.0,0.0,1.0,0.48710601719197705,-0.3478260869565217,0.0,Graduate
813,0.5116246505976801,0.33333333333333326,0.6666666666666666,0.7610313839099624,-0.3333333333333332,-0.25,0.0,1.0,0.0,1.0,0.5,0.12666666666666704,0.0,1.0,0.0,1.0,-0.05128205128205206,0.0,0.0,1.0,0.18713450292397585,0.0,0.0,0.0,1.0,0.0,0.0,0.48710601719197705,-0.3478260869565217,0.0,Graduate
814,0.5563725491364925,0.33333333333333326,0.6666666666666666,0.8878699458107537,-0.3333333333333332,-0.25,0.0,1.0,0.0,1.0,0.5,1.926666666666667,1.0,0.0,0.0,1.0,-0.23076923076923123,0.0,1.0,1.0,1.6432748538011683,0.0,0.0,0.0,1.0,0.0,0.0,0.48710601719197705,-0.3478260869565217,0.0,Graduate
815,0.7422969182931995,0.33333333333333326,0.6666666666666666,1.4148752438516043,-0.3333333333333332,-0.25,0.0,1.0,0.0,1.0,0.5,0.6600000000000004,1.0,0.0,0.0,1.0,0.8034188034188035,0.0,1.0,0.0,1.2397660818713439,0.0,0.0,0.0,1.0,0.0,0.0,0.48710601719197705,-0.3478260869565217,0.0,Graduate
817,0.2696078431938952,0.33333333333333326,0.3333333333333333,0.0750312630262608,-0.3333333333333332,-0.5,0.0,1.0,0.0,1.0,0.0,0.19333333333333372,1.0,0.0,0.0,1.0,1.2146029671112836e-15,0.0,0.0,0.0,0.28070175438596545,0.0,0.0,0.0,1.0,0.0,0.0,0.4068767908309455,0.0,0.0,Enrolled
818,0.563725490314508,0.33333333333333326,0.3333333333333333,0.9087119633180487,-0.3333333333333332,-0.5,0.0,1.0,0.0,1.0,0.0,-0.5399999999999996,1.0,0.0,0.0,1.0,0.08547008547008556,0.0,0.0,0.0,-0.304093567251462,0.0,0.0,0.0,1.0,0.0,0.0,0.42120343839541546,-0.39130434782608686,0.0,Graduate
819,0.4112044814589364,0.33333333333333326,0.6666666666666666,0.4763889704043351,-0.3333333333333332,-0.25,1.0,0.0,1.0,0.0,0.5,-0.07333333333333296,0.0,1.0,0.0,1.0,-0.11965811965811904,0.0,0.0,1.0,-0.035087719298245265,0.0,0.0,0.0,1.0,0.0,1.0,0.48710601719197705,-0.3478260869565217,0.0,Enrolled
820,0.3186274505571347,0.33333333333333326,0.3333333333333333,0.21397804501875775,-0.3333333333333332,-0.5,0.0,1.0,0.0,1.0,0.0,-0.673333333333333,1.0,0.0,0.0,1.0,0.2991452991452994,0.0,1.0,0.0,-0.2748538011695907,0.0,0.0,1.0,1.0,0.0,0.0,0.0,0.5217391304347826,0.0,Graduate
822,-1.5686274513099354,-1.6666666666666667,-1.6666666666666667,-5.1354731137974134,-1.9999999999999996,-2.0,0.0,1.0,0.0,1.0,-3.0,0.9266666666666671,1.0,0.0,0.0,1.0,0.8376068376068382,0.0,1.0,0.0,1.497076023391812,0.0,0.0,0.0,1.0,0.0,2.0,0.1346704871060172,-0.7391304347826085,0.0,Graduate
823,0.2861144452982035,0.04761904761904745,0.3333333333333333,0.9980348937057104,0.14285714285714307,0.25,0.0,1.0,0.0,1.0,0.5,0.46000000000000035,1.0,0.0,0.0,1.0,-0.27350427350427403,0.0,1.0,0.0,0.32748538011695855,0.0,0.0,0.0,1.0,0.0,0.0,0.42120343839541546,-0.39130434782608686,0.0,Enrolled
824,0.28011204466669026,0.33333333333333326,0.3333333333333333,0.10480557315548135,-0.05555555555555535,-0.25,0.0,1.0,0.0,1.0,0.0,0.0,0.0,1.0,0.0,1.0,-1.871794871794873,0.0,1.0,0.0,-1.1695906432748533,0.0,0.0,0.0,1.0,0.0,1.0,0.42120343839541546,-0.39130434782608686,0.0,Graduate
825,0.2696078431938952,0.33333333333333326,0.3333333333333333,0.0750312630262608,-0.3333333333333332,-0.5,0.0,1.0,0.0,1.0,0.0,-1.273333333333333,0.0,1.0,0.0,1.0,0.2393162393162393,0.0,0.0,0.0,-0.8421052631578947,0.0,0.0,0.0,1.0,0.0,3.0,0.48710601719197705,-0.3478260869565217,0.0,Graduate
826,0.4901960785343547,0.33333333333333326,0.3333333333333333,0.7002917882451017,0.22222222222222213,0.0,0.0,1.0,0.0,1.0,0.0,-0.5399999999999996,1.0,0.0,0.0,1.0,-0.2136752136752139,0.0,0.0,0.0,-0.5087719298245613,0.0,0.0,0.0,1.0,0.0,2.0,0.9140401146131805,0.0,0.0,Graduate
827,0.13305322110638368,0.33333333333333326,0.6666666666666666,-0.3120347769904126,-0.09523809523809526,0.0,0.0,1.0,0.0,1.0,0.5,-0.4066666666666663,1.0,0.0,0.0,1.0,-0.03418803418803349,0.0,0.0,0.0,-0.2690058479532159,0.0,0.0,0.0,1.0,0.0,0.0,0.48710601719197705,-0.3478260869565217,0.0,Dropout
828,0.7598039212380541,0.33333333333333326,0.3333333333333333,1.4644990954564396,-0.3333333333333332,-0.5,0.0,1.0,0.0,1.0,0.0,-0.07333333333333296,0.0,1.0,0.0,1.0,-0.05982905982906013,0.0,1.0,0.0,0.005847953216373934,0.0,0.0,0.0,1.0,0.0,2.0,0.48710601719197705,-0.3478260869565217,0.0,Graduate
829,0.5269607844244315,0.33333333333333326,1.0,0.8045018757815753,-0.3333333333333332,0.0,0.0,1.0,0.0,1.0,1.0,0.9933333333333337,1.0,0.0,0.0,1.0,-0.49572649572649596,0.0,1.0,1.0,0.6432748538011692,0.0,0.0,0.0,1.0,0.0,3.0,-0.98567335243553,-0.9565217391304347,0.0,Graduate
830,-1.5686274513099354,-1.6666666666666667,-1.6666666666666667,-5.1354731137974134,-1.9999999999999996,-2.0,0.0,1.0,0.0,1.0,0.0,0.3933333333333337,1.0,0.0,0.0,1.0,-1.1111111111111123,0.0,0.0,0.0,-0.304093567251462,0.0,0.0,0.0,1.0,0.0,0.0,-1.2550143266475644,0.608695652173913,0.0,Dropout
832,-1.5686274513099354,-1.6666666666666667,-1.6666666666666667,-5.1354731137974134,1.3333333333333333,1.0,0.0,1.0,0.0,1.0,0.0,0.0,1.0,0.0,0.0,1.0,-0.8461538461538463,1.0,0.0,0.0,-0.4678362573099413,0.0,1.0,1.0,0.0,1.0,0.0,0.0,0.5217391304347826,1.0,Dropout
833,0.37254901968610943,0.33333333333333326,0.0,0.36681950812838626,1.0,0.25,0.0,1.0,1.0,0.0,-0.5,-0.873333333333333,1.0,0.0,1.0,0.0,0.44444444444444514,0.0,0.0,0.0,-0.35087719298245595,0.0,0.0,0.0,1.0,0.0,0.0,0.4068767908309455,0.0,0.0,Enrolled
834,-0.9803921570687097,-1.0,-1.0,-0.13338891204668618,1.0555555555555554,0.75,0.0,1.0,0.0,1.0,0.0,-0.20666666666666628,1.0,0.0,0.0,1.0,3.0085470085470116,1.0,0.0,0.0,1.9883040935672505,0.0,0.0,0.0,1.0,0.0,0.0,-0.3553008595988538,-0.4782608695652173,0.0,Dropout
835,-1.5686274513099354,-1.6666666666666667,-1.6666666666666667,-5.1354731137974134,0.0,-0.5,0.0,1.0,0.0,1.0,-0.5,-1.5399999999999996,1.0,0.0,0.0,1.0,3.8632478632478673,1.0,0.0,0.0,1.4035087719298238,1.0,0.0,0.0,1.0,0.0,0.0,0.0,0.5217391304347826,0.0,Dropout
836,-0.15686274513099357,-0.06666666666666665,-0.3333333333333333,-0.13338891204668618,1.0,0.25,0.0,1.0,0.0,1.0,-0.5,-0.006666666666666288,1.0,0.0,0.0,1.0,-0.5128205128205133,0.0,1.0,0.0,-0.24561403508771934,1.0,0.0,0.0,1.0,0.0,2.0,0.9140401146131805,0.0,0.0,Enrolled
841,-1.5686274513099354,-1.6666666666666667,-1.6666666666666667,-5.1354731137974134,2.666666666666666,1.5,1.0,0.0,1.0,0.0,-0.5,-1.673333333333333,1.0,0.0,1.0,0.0,0.3589743589743596,0.0,1.0,0.0,-1.1111111111111105,0.0,0.0,0.0,1.0,0.0,0.0,0.9140401146131805,0.0,0.0,Dropout
842,-0.21568627455511621,-0.06666666666666665,-0.3333333333333333,-0.34180908711963315,1.3333333333333333,0.5,1.0,0.0,1.0,0.0,-0.5,-1.1399999999999997,1.0,0.0,0.0,1.0,0.4188034188034197,0.0,0.0,0.0,-0.6023391812865493,0.0,0.0,0.0,1.0,0.0,0.0,0.9140401146131805,0.0,0.0,Enrolled
843,-1.5686274513099354,-1.6666666666666667,-1.6666666666666667,-5.1354731137974134,1.6666666666666667,0.75,1.0,0.0,1.0,0.0,-0.5,0.0,1.0,0.0,1.0,0.0,-0.6752136752136751,1.0,0.0,0.0,-0.35087719298245595,0.0,0.0,0.0,1.0,1.0,0.0,-0.98567335243553,-0.9565217391304347,1.0,Dropout
845,-0.1715686274870239,0.0,0.0,-0.38349312213422243,0.5,0.25,0.0,1.0,0.0,1.0,0.0,0.6600000000000004,1.0,0.0,0.0,1.0,-0.3589743589743596,0.0,1.0,0.0,0.44444444444444386,0.0,0.0,0.0,1.0,1.0,0.0,-0.98567335243553,-0.9565217391304347,0.0,Graduate
846,-1.5686274513099354,-1.6666666666666667,-1.6666666666666667,-5.1354731137974134,-1.9999999999999996,-2.0,1.0,0.0,1.0,0.0,-3.0,-1.2066666666666663,0.0,1.0,1.0,0.0,1.641025641025643,0.0,1.0,0.0,0.17543859649122798,0.0,0.0,0.0,1.0,0.0,0.0,-0.98567335243553,-0.9565217391304347,0.0,Dropout
847,-0.03921568628274831,0.33333333333333326,0.0,-0.8003334722801164,1.9999999999999996,1.0,0.0,1.0,0.0,1.0,-0.5,1.7933333333333337,1.0,0.0,0.0,1.0,-2.2564102564102577,1.0,0.0,0.0,0.14035087719298273,0.0,0.0,0.0,1.0,0.0,0.0,0.42120343839541546,-0.39130434782608686,0.0,Graduate
848,-0.6274509802298565,-0.4666666666666668,-0.6666666666666666,-0.689176044185077,1.6666666666666667,0.75,0.0,1.0,0.0,1.0,-0.5,-1.0066666666666664,1.0,0.0,0.0,1.0,0.8034188034188047,0.0,0.0,0.0,-0.22222222222222193,0.0,0.0,0.0,1.0,0.0,0.0,0.48710601719197705,-0.3478260869565217,0.0,Graduate
849,0.10784313727755826,-0.06666666666666665,-0.3333333333333333,0.8045018757815753,1.0,0.25,0.0,1.0,0.0,1.0,-0.5,-0.7399999999999997,1.0,0.0,0.0,1.0,-0.2991452991452994,0.0,1.0,0.0,-0.742690058479532,0.0,0.0,0.0,1.0,0.0,0.0,0.4068767908309455,0.0,0.0,Enrolled
851,0.4550653594093273,0.33333333333333326,0.6666666666666666,0.6007132596915378,0.14285714285714307,0.25,0.0,1.0,0.0,1.0,0.5,-0.006666666666666288,1.0,0.0,0.0,1.0,-0.1367521367521364,0.0,1.0,1.0,0.011695906432748699,0.0,0.0,0.0,1.0,0.0,5.0,-1.2550143266475644,0.608695652173913,0.0,Graduate
852,-0.024509803926717654,0.0,0.0,0.11671529804085004,0.7777777777777779,0.5,0.0,1.0,0.0,1.0,0.0,-0.7399999999999997,1.0,0.0,0.0,1.0,-0.3589743589743596,0.0,0.0,0.0,-0.783625730994152,0.0,0.0,0.0,1.0,0.0,1.0,-0.5787965616045845,1.0,0.0,Enrolled
854,0.21262254869662925,0.08333333333333326,0.6666666666666666,0.6347883034597743,-0.3333333333333332,0.0,0.0,1.0,0.0,1.0,1.0,0.0,0.0,1.0,0.0,1.0,-0.6752136752136751,1.0,0.0,1.0,-0.35087719298245595,0.0,0.0,0.0,1.0,0.0,0.0,-0.5787965616045845,1.0,0.0,Graduate
855,-1.5686274513099354,-1.6666666666666667,-1.6666666666666667,-5.1354731137974134,1.9999999999999996,1.0,1.0,0.0,1.0,0.0,-0.5,-0.4066666666666663,1.0,0.0,1.0,0.0,-0.11965811965811904,0.0,0.0,0.0,-0.32748538011695855,1.0,0.0,0.0,1.0,0.0,3.0,-0.98567335243553,-0.9565217391304347,0.0,Enrolled
856,-0.12254901963358843,0.0,0.0,-0.2167569820758647,-0.3333333333333332,-0.5,0.0,1.0,0.0,1.0,0.0,0.46000000000000035,1.0,0.0,0.0,1.0,-0.5726495726495735,0.0,1.0,0.0,0.12280701754385925,0.0,0.0,0.0,1.0,0.0,2.0,-0.3553008595988538,-0.4782608695652173,0.0,Dropout
857,0.29411764761080894,0.33333333333333326,0.3333333333333333,0.14450465610671082,-0.3333333333333332,-0.5,0.0,1.0,0.0,1.0,0.0,-0.4066666666666663,1.0,0.0,0.0,1.0,1.7008547008547017,0.0,1.0,0.0,0.9181286549707591,0.0,0.0,0.0,1.0,0.0,0.0,0.4068767908309455,0.0,0.0,Dropout
858,-1.5686274513099354,-1.6666666666666667,-1.6666666666666667,-5.1354731137974134,-0.3333333333333332,-0.5,0.0,1.0,0.0,1.0,0.0,0.0,1.0,0.0,0.0,1.0,0.1794871794871804,1.0,0.0,0.0,0.23391812865497064,0.0,0.0,0.0,0.0,0.0,0.0,0.48710601719197705,-0.3478260869565217,0.0,Dropout
859,-1.5686274513099354,-1.6666666666666667,-1.6666666666666667,-5.1354731137974134,0.3333333333333332,-0.25,0.0,1.0,0.0,1.0,-0.5,-1.2066666666666663,1.0,0.0,0.0,1.0,0.2991452991452994,0.0,0.0,0.0,-0.742690058479532,1.0,0.0,0.0,1.0,0.0,3.0,0.0,0.5217391304347826,0.0,Dropout
860,-0.5147058824610727,-0.3333333333333335,-0.3333333333333333,-0.6544393497290536,1.0555555555555554,0.75,0.0,1.0,0.0,1.0,0.0,-1.673333333333333,1.0,0.0,0.0,1.0,0.26495726495726596,0.0,1.0,0.0,-1.175438596491227,0.0,1.0,1.0,1.0,0.0,0.0,0.0,0.5217391304347826,0.0,Dropout
861,0.28431372554992584,0.33333333333333326,0.0,0.11671529804085004,0.3333333333333332,-0.25,0.0,1.0,0.0,1.0,-0.5,0.19333333333333372,1.0,0.0,0.0,1.0,-0.6923076923076925,0.0,0.0,0.0,-0.19298245614035062,1.0,0.0,0.0,1.0,0.0,1.0,0.1346704871060172,-0.7391304347826085,0.0,Dropout
862,-1.5686274513099354,-1.6666666666666667,-1.6666666666666667,-5.1354731137974134,-0.3333333333333332,-0.75,1.0,0.0,1.0,0.0,-0.5,0.0,1.0,0.0,1.0,0.0,-0.6752136752136751,1.0,0.0,0.0,-0.35087719298245595,0.0,0.0,0.0,0.0,0.0,1.0,-0.98567335243553,-0.9565217391304347,0.0,Dropout
864,-0.5392156863877904,-0.6666666666666667,-0.6666666666666666,0.7002917882451017,-0.05555555555555535,-0.25,1.0,0.0,1.0,0.0,0.0,0.0,1.0,0.0,1.0,0.0,-0.42735042735042655,1.0,0.0,0.0,-0.1812865497076019,0.0,0.0,0.0,1.0,0.0,0.0,0.1346704871060172,-0.7391304347826085,0.0,Dropout
865,0.4901960785343547,0.33333333333333326,0.3333333333333333,0.7002917882451017,-0.3333333333333332,-0.5,1.0,0.0,1.0,0.0,0.0,1.7933333333333337,1.0,0.0,0.0,1.0,0.44444444444444514,0.0,0.0,0.0,1.9883040935672505,0.0,0.0,0.0,0.0,0.0,0.0,0.42120343839541546,-0.39130434782608686,0.0,Dropout
867,-1.5686274513099354,-1.6666666666666667,-1.6666666666666667,-5.1354731137974134,-0.3333333333333332,-1.25,0.0,1.0,0.0,1.0,-1.5,-0.20666666666666628,1.0,0.0,0.0,1.0,1.589743589743592,1.0,0.0,0.0,1.0175438596491226,1.0,0.0,0.0,0.0,0.0,0.0,0.4068767908309455,0.0,0.0,Dropout
868,-1.5686274513099354,-1.6666666666666667,-1.6666666666666667,-5.1354731137974134,0.0,-0.5,0.0,1.0,0.0,1.0,-0.5,0.0,0.0,1.0,0.0,1.0,-2.6666666666666683,1.0,0.0,0.0,-1.7134502923976598,1.0,0.0,0.0,0.0,0.0,0.0,0.42120343839541546,-0.39130434782608686,0.0,Dropout
869,0.4691876755887649,0.33333333333333326,0.3333333333333333,0.6407431679866606,-0.05555555555555535,-0.25,0.0,1.0,0.0,1.0,0.0,0.2600000000000004,1.0,0.0,0.0,1.0,-0.4188034188034185,0.0,0.0,0.0,0.05263157894736873,0.0,0.0,0.0,1.0,0.0,0.0,-0.3553008595988538,-0.4782608695652173,0.0,Graduate
871,0.3641456579196383,0.33333333333333326,0.3333333333333333,0.3430000583576489,0.22222222222222213,0.0,0.0,1.0,0.0,1.0,0.0,-0.5399999999999996,1.0,0.0,0.0,1.0,-0.4529914529914532,0.0,1.0,0.0,-0.6725146198830406,0.0,0.0,0.0,1.0,0.0,0.0,0.9140401146131805,0.0,0.0,Graduate
873,-0.10784313747363639,0.06666666666666665,2.6666666666666665,-0.3578414089203835,-0.3333333333333332,1.75,0.0,1.0,0.0,1.0,4.5,1.1266666666666671,1.0,0.0,0.0,1.0,-2.6581196581196602,0.0,0.0,0.0,-0.7192982456140345,0.0,0.0,0.0,1.0,0.0,0.0,-0.3553008595988538,-0.4782608695652173,0.0,Graduate
874,-0.3921568628274839,-0.23809523809523814,0.0,-0.46686119216340166,1.3333333333333333,1.5,0.0,1.0,0.0,1.0,0.5,0.12666666666666704,0.0,1.0,0.0,1.0,0.14529914529914567,0.0,1.0,0.0,0.3216374269005846,0.0,0.0,0.0,1.0,0.0,0.0,-0.3553008595988538,-0.4782608695652173,0.0,Enrolled
875,0.2696078431938952,0.0,0.0,1.1171321383909958,-0.3333333333333332,-0.5,0.0,1.0,1.0,0.0,0.0,0.9933333333333337,1.0,0.0,1.0,0.0,0.05982905982906013,0.0,1.0,0.0,1.0233918128654966,0.0,0.0,0.0,1.0,0.0,0.0,0.9140401146131805,0.0,0.0,Graduate
876,0.526143790306613,0.33333333333333326,0.6666666666666666,0.8021860942059189,0.14285714285714307,0.25,0.0,1.0,0.0,1.0,0.5,0.32666666666666705,0.0,1.0,0.0,1.0,-0.5128205128205133,0.0,1.0,1.0,0.04678362573099396,0.0,0.0,0.0,1.0,0.0,0.0,-1.2550143266475644,0.608695652173913,0.0,Graduate
877,-0.4411764706809194,-0.3333333333333335,-0.3333333333333333,-0.34180908711963315,0.22222222222222213,0.0,0.0,1.0,0.0,1.0,0.0,-0.9399999999999996,0.0,1.0,0.0,1.0,0.11965811965812026,0.0,0.0,0.0,-0.6315789473684206,0.0,0.0,0.0,1.0,0.0,0.0,-1.2550143266475644,0.608695652173913,0.0,Dropout
878,-1.148459383994774,-1.0952380952380953,-1.0,-0.9670696123384741,-0.3333333333333332,-0.25,0.0,1.0,0.0,1.0,0.5,-0.20666666666666628,0.0,1.0,0.0,1.0,-2.1196581196581215,1.0,0.0,0.0,-1.5204678362573092,0.0,0.0,0.0,1.0,0.0,1.0,-1.2550143266475644,0.608695652173913,0.0,Dropout
879,-0.4803921572577854,-0.4666666666666668,-0.6666666666666666,0.005557869945810766,0.3333333333333332,-0.25,0.0,1.0,0.0,1.0,-0.5,0.12666666666666704,1.0,0.0,0.0,1.0,-0.717948717948718,0.0,1.0,0.0,-0.2690058479532159,0.0,0.0,0.0,1.0,0.0,1.0,-0.98567335243553,-0.9565217391304347,0.0,Graduate
880,-0.2871148459986935,-0.23809523809523814,0.0,-0.05002084201750769,-0.09523809523809526,0.0,0.0,1.0,0.0,1.0,0.5,-0.873333333333333,1.0,0.0,0.0,1.0,0.44444444444444514,0.0,0.0,0.0,-0.35087719298245595,0.0,0.0,0.0,0.0,0.0,0.0,-0.3553008595988538,-0.4782608695652173,0.0,Dropout
882,-1.5686274513099354,-1.6666666666666667,-1.6666666666666667,-5.1354731137974134,-1.9999999999999996,-2.0,0.0,1.0,0.0,1.0,-3.0,1.0600000000000003,1.0,0.0,0.0,1.0,0.6239316239316243,0.0,1.0,0.0,1.4678362573099404,0.0,0.0,0.0,1.0,0.0,0.0,-0.98567335243553,-0.9565217391304347,0.0,Graduate
883,-1.2990196081160403,-1.3333333333333335,-1.3333333333333333,-0.5502292621925802,2.1666666666666665,1.75,1.0,0.0,1.0,0.0,0.0,-1.5399999999999996,1.0,0.0,1.0,0.0,1.2991452991453007,1.0,0.0,0.0,-0.35087719298245595,0.0,0.0,0.0,1.0,0.0,0.0,-0.3553008595988538,-0.4782608695652173,0.0,Dropout
884,-0.6127450981679434,-0.6666666666666667,-0.6666666666666666,0.28345143809920775,0.22222222222222213,0.0,1.0,0.0,1.0,0.0,0.0,0.0,1.0,0.0,1.0,0.0,0.1794871794871804,1.0,0.0,0.0,0.23391812865497064,0.0,0.0,0.0,1.0,0.0,0.0,-0.3553008595988538,-0.4782608695652173,0.0,Dropout
885,0.052696078442443214,0.08333333333333326,0.6666666666666666,0.11671529804085004,0.5,1.0,0.0,1.0,0.0,1.0,1.0,-0.4066666666666663,0.0,1.0,0.0,1.0,-0.2393162393162393,0.0,0.0,1.0,-0.40935672514619864,0.0,0.0,0.0,1.0,0.0,1.0,0.4068767908309455,0.0,0.0,Graduate
886,0.2254901961258032,0.33333333333333326,1.6666666666666667,-0.05002084201750769,-0.1666666666666664,0.75,0.0,1.0,0.0,1.0,2.0,-0.873333333333333,1.0,0.0,0.0,1.0,0.6153846153846162,0.0,0.0,0.0,-0.23391812865497064,0.0,1.0,1.0,0.0,1.0,0.0,0.0,0.5217391304347826,1.0,Graduate
887,0.36764705939096226,0.33333333333333326,0.3333333333333333,0.3529248311796578,-0.3333333333333332,-0.5,0.0,1.0,0.0,1.0,0.0,0.19333333333333372,1.0,0.0,0.0,1.0,-0.09401709401709483,0.0,0.0,0.0,0.2163742690058472,0.0,1.0,0.0,1.0,0.0,5.0,0.0,0.5217391304347826,1.0,Graduate
888,-0.18207282916990322,0.04761904761904745,0.3333333333333333,-0.5502292621925802,1.809523809523809,2.0,0.0,1.0,0.0,1.0,0.5,-1.5399999999999996,0.0,1.0,0.0,1.0,0.658119658119659,0.0,0.0,0.0,-0.7894736842105259,0.0,0.0,0.0,1.0,0.0,1.0,-0.98567335243553,-0.9565217391304347,0.0,Graduate
889,0.49229691824067834,0.33333333333333326,0.6666666666666666,0.7062466486035842,-0.3333333333333332,-0.25,0.0,1.0,0.0,1.0,0.5,0.19333333333333372,0.0,1.0,0.0,1.0,0.44444444444444514,0.0,1.0,1.0,0.5847953216374266,0.0,0.0,0.0,1.0,0.0,0.0,0.1346704871060172,-0.7391304347826085,0.0,Graduate
890,-0.29411764712061284,-0.3333333333333335,-0.3333333333333333,0.28345143809920775,0.5,0.25,0.0,1.0,0.0,1.0,0.0,0.7933333333333337,0.0,1.0,0.0,1.0,-0.5726495726495735,0.0,1.0,0.0,0.4152046783625726,0.0,0.0,0.0,1.0,0.0,2.0,0.4068767908309455,0.0,0.0,Graduate
893,0.28799019632275696,0.08333333333333326,0.6666666666666666,0.8789376531888282,-0.3333333333333332,0.0,0.0,1.0,0.0,1.0,1.0,1.1266666666666671,0.0,1.0,0.0,1.0,-1.1965811965811965,0.0,0.0,1.0,0.28070175438596545,0.0,0.0,0.0,1.0,0.0,0.0,-0.5787965616045845,1.0,0.0,Graduate
895,0.17156862699682812,0.33333333333333326,4.333333333333333,-0.2028623051271362,2.1666666666666665,9.25,0.0,1.0,0.0,1.0,6.0,1.1266666666666671,1.0,0.0,0.0,1.0,0.44444444444444514,0.0,0.0,0.0,1.4035087719298238,0.0,0.0,0.0,0.0,0.0,0.0,-1.2550143266475644,0.608695652173913,0.0,Graduate
896,-0.5686274513939693,-0.4666666666666668,-0.6666666666666666,-0.4112824802000832,1.9999999999999996,1.0,1.0,0.0,1.0,0.0,-0.5,-0.20666666666666628,1.0,0.0,0.0,1.0,0.44444444444444514,0.0,0.0,0.0,0.23391812865497064,0.0,0.0,0.0,0.0,0.0,0.0,-1.2550143266475644,0.608695652173913,0.0,Dropout
897,0.2696078431938952,0.33333333333333326,0.3333333333333333,0.0750312630262608,0.5,0.25,0.0,1.0,0.0,1.0,0.0,-0.873333333333333,1.0,0.0,0.0,1.0,0.8974358974358984,0.0,0.0,0.0,-0.040935672514620026,0.0,0.0,0.0,1.0,0.0,0.0,0.0,0.5217391304347826,0.0,Graduate
898,0.39215686233728797,0.33333333333333326,2.3333333333333335,0.42239822009170475,-0.3333333333333332,1.0,0.0,1.0,0.0,1.0,3.0,-0.20666666666666628,0.0,1.0,0.0,1.0,-0.0683760683760682,0.0,0.0,0.0,-0.11695906432748532,0.0,0.0,0.0,0.0,0.0,0.0,-1.2550143266475644,0.608695652173913,0.0,Graduate
899,0.02450980343652186,0.33333333333333326,0.3333333333333333,-0.6197026552730301,0.7777777777777779,0.5,0.0,1.0,0.0,1.0,0.0,-1.4066666666666663,1.0,0.0,0.0,1.0,0.5982905982905988,0.0,1.0,0.0,-0.7134502923976607,0.0,0.0,0.0,1.0,0.0,0.0,0.0,0.5217391304347826,0.0,Enrolled
900,0.34313725497404846,0.33333333333333326,0.3333333333333333,0.28345143809920775,-0.3333333333333332,-0.5,0.0,1.0,0.0,1.0,0.0,-0.33999999999999964,0.0,1.0,0.0,1.0,0.13675213675213763,0.0,0.0,0.0,-0.09356725146198792,0.0,0.0,0.0,1.0,0.0,0.0,0.1346704871060172,-0.7391304347826085,0.0,Graduate
901,-0.9803921570687096,-0.8666666666666667,-1.0,-0.9670696123384741,0.3333333333333332,-0.25,0.0,1.0,0.0,1.0,-0.5,-1.273333333333333,1.0,0.0,0.0,1.0,-0.09401709401709363,0.0,0.0,0.0,-1.0701754385964906,0.0,0.0,0.0,1.0,0.0,0.0,0.4068767908309455,0.0,0.0,Dropout
902,0.11204481816079384,0.33333333333333326,0.3333333333333333,-0.3715833972488537,0.22222222222222213,0.0,0.0,1.0,0.0,1.0,0.0,-1.0066666666666664,0.0,1.0,0.0,1.0,-0.2393162393162393,0.0,0.0,0.0,-0.9356725146198825,0.0,0.0,0.0,1.0,0.0,1.0,0.4068767908309455,0.0,0.0,Graduate
904,0.06372549020946597,0.04761904761904745,0.3333333333333333,0.2626094205919128,-0.3333333333333332,-0.25,0.0,1.0,0.0,1.0,0.5,0.7933333333333337,0.0,1.0,0.0,1.0,-0.08547008547008433,0.0,1.0,1.0,0.7485380116959067,0.0,0.0,0.0,1.0,0.0,1.0,0.0,0.5217391304347826,0.0,Graduate
905,-1.2745098041893226,-1.2666666666666666,-1.3333333333333333,-0.9670696123384741,1.9999999999999996,1.0,0.0,1.0,0.0,1.0,-0.5,-0.8066666666666663,1.0,0.0,0.0,1.0,0.8974358974358984,0.0,1.0,0.0,0.017543859649122633,0.0,0.0,0.0,1.0,0.0,1.0,-0.5787965616045845,1.0,0.0,Dropout
907,-1.5686274513099354,-1.6666666666666667,-1.6666666666666667,-5.1354731137974134,-0.05555555555555535,-0.25,0.0,1.0,0.0,1.0,0.0,-0.4066666666666663,1.0,0.0,0.0,1.0,-0.4529914529914532,0.0,1.0,0.0,-0.5555555555555552,0.0,0.0,0.0,1.0,0.0,3.0,-0.3553008595988538,-0.4782608695652173,0.0,Dropout
908,-0.1330532218416777,0.0,0.0,-0.2524861567319715,1.3333333333333333,1.0,0.0,1.0,0.0,1.0,0.0,0.7933333333333337,0.0,1.0,0.0,1.0,-0.9572649572649584,0.0,0.0,0.0,0.1520467836257306,0.0,0.0,0.0,1.0,0.0,1.0,-0.5787965616045845,1.0,0.0,Graduate
910,-1.5686274513099354,-1.6666666666666667,-1.6666666666666667,-5.1354731137974134,-1.9999999999999996,-2.0,0.0,1.0,0.0,1.0,-3.0,1.1266666666666671,1.0,0.0,0.0,1.0,-0.8717948717948729,0.0,1.0,0.0,0.5029239766081866,0.0,0.0,0.0,1.0,0.0,0.0,-1.2550143266475644,0.608695652173913,0.0,Dropout
911,0.36764705939096226,0.33333333333333326,0.3333333333333333,0.3529248311796578,-0.3333333333333332,-0.5,0.0,1.0,0.0,1.0,0.0,0.7933333333333337,1.0,0.0,0.0,1.0,0.5982905982906,0.0,1.0,0.0,1.216374269005848,0.0,0.0,0.0,1.0,0.0,0.0,0.0,0.5217391304347826,0.0,Graduate
912,-0.06862745099480963,-0.06666666666666665,-0.3333333333333333,0.1792413505627343,0.3333333333333332,-0.25,0.0,1.0,0.0,1.0,-0.5,-0.33999999999999964,1.0,0.0,0.0,1.0,1.1025641025641029,0.0,1.0,0.0,0.5672514619883031,0.0,0.0,0.0,1.0,0.0,0.0,0.4068767908309455,0.0,0.0,Graduate
913,-0.009803921570686996,0.33333333333333326,0.0,-0.7169654022509379,0.0,-0.5,1.0,0.0,1.0,0.0,-0.5,0.46000000000000035,1.0,0.0,0.0,1.0,-1.264957264957266,1.0,0.0,0.0,-0.35087719298245595,0.0,0.0,0.0,1.0,0.0,0.0,-0.5787965616045845,1.0,0.0,Dropout
914,-0.19607843141374204,0.0,0.0,-0.46686119216340166,0.22222222222222213,0.0,0.0,1.0,0.0,1.0,0.0,-0.20666666666666628,1.0,0.0,0.0,1.0,1.1282051282051295,1.0,0.0,0.0,0.7017543859649119,0.0,0.0,0.0,1.0,0.0,0.0,0.9140401146131805,0.0,0.0,Graduate
915,-1.5686274513099354,-1.6666666666666667,-1.6666666666666667,-5.1354731137974134,-1.9999999999999996,-2.0,0.0,1.0,0.0,1.0,0.5,0.46000000000000035,1.0,0.0,0.0,1.0,0.05982905982906013,1.0,0.0,1.0,0.5555555555555552,0.0,0.0,0.0,1.0,0.0,0.0,0.1346704871060172,-0.7391304347826085,0.0,Dropout
916,0.34313725497404846,0.33333333333333326,0.3333333333333333,0.28345143809920775,-0.3333333333333332,-0.5,0.0,1.0,0.0,1.0,0.0,-0.873333333333333,1.0,0.0,0.0,1.0,0.44444444444444514,0.0,0.0,0.0,-0.35087719298245595,0.0,0.0,0.0,1.0,0.0,0.0,0.42120343839541546,-0.39130434782608686,0.0,Graduate
917,-1.5686274513099354,-1.6666666666666667,-1.6666666666666667,-5.1354731137974134,1.3333333333333333,0.5,0.0,1.0,0.0,1.0,-0.5,0.9266666666666671,1.0,0.0,0.0,1.0,-2.5726495726495746,1.0,0.0,0.0,-0.8362573099415199,0.0,0.0,1.0,1.0,1.0,0.0,0.0,0.5217391304347826,0.0,Dropout
919,0.5147058829512685,0.33333333333333326,0.3333333333333333,0.7697651813255517,0.22222222222222213,0.0,0.0,1.0,0.0,1.0,0.0,1.7933333333333337,1.0,0.0,0.0,1.0,0.44444444444444514,0.0,0.0,0.0,1.9883040935672505,0.0,0.0,0.0,0.0,0.0,0.0,-1.2550143266475644,0.608695652173913,0.0,Graduate
921,-0.4166666667542016,-0.3333333333333335,-0.3333333333333333,-0.23759899958315966,1.0555555555555554,0.75,0.0,1.0,0.0,1.0,0.0,0.46000000000000035,0.0,1.0,0.0,1.0,-0.32478632478632485,1.0,0.0,0.0,0.2923976608187133,0.0,0.0,0.0,0.0,0.0,0.0,0.4068767908309455,0.0,0.0,Graduate
923,-0.4166666667542016,-0.3333333333333335,-0.3333333333333333,-0.23759899958315966,0.22222222222222213,0.0,0.0,1.0,0.0,1.0,0.0,-0.13999999999999962,1.0,0.0,0.0,1.0,0.504273504273504,0.0,0.0,0.0,0.3333333333333325,0.0,0.0,0.0,1.0,0.0,5.0,-0.98567335243553,-0.9565217391304347,0.0,Dropout
924,-0.8438375351912824,-0.8095238095238096,-0.6666666666666666,-0.34180908711963315,1.3333333333333333,1.5,1.0,0.0,1.0,0.0,0.5,0.0,0.0,1.0,0.0,1.0,-0.6752136752136751,1.0,0.0,1.0,-0.35087719298245595,0.0,0.0,0.0,0.0,0.0,0.0,-0.3553008595988538,-0.4782608695652173,0.0,Dropout
925,-0.9803921570687096,-0.8666666666666667,-1.0,-0.9670696123384741,2.666666666666666,1.5,0.0,1.0,0.0,1.0,-0.5,-0.873333333333333,1.0,0.0,0.0,1.0,-0.4102564102564104,1.0,0.0,0.0,-0.9356725146198825,0.0,0.0,0.0,1.0,0.0,0.0,-0.5787965616045845,1.0,0.0,Enrolled
927,-1.1568627453410774,-1.2666666666666666,-1.3333333333333333,0.7002917882451017,0.6666666666666667,0.0,0.0,1.0,0.0,1.0,-0.5,0.46000000000000035,1.0,0.0,0.0,1.0,0.44444444444444514,0.0,0.0,0.0,0.8187134502923973,0.0,0.0,0.0,0.0,0.0,0.0,0.4068767908309455,0.0,0.0,Dropout
928,-0.1049325980612604,0.08333333333333326,0.6666666666666666,-0.3939141308878699,0.5,1.0,0.0,1.0,1.0,0.0,1.0,0.0,1.0,0.0,1.0,0.0,-2.3846153846153864,1.0,0.0,0.0,-1.5204678362573092,0.0,0.0,0.0,1.0,0.0,0.0,0.1346704871060172,-0.7391304347826085,0.0,Enrolled
929,-1.5686274513099354,-1.6666666666666667,-1.6666666666666667,-5.1354731137974134,2.7222222222222223,2.25,0.0,1.0,1.0,0.0,0.0,0.46000000000000035,1.0,0.0,1.0,0.0,-0.4700854700854693,1.0,0.0,0.0,0.19298245614035145,0.0,0.0,0.0,1.0,0.0,0.0,0.9140401146131805,0.0,0.0,Enrolled
930,-1.5686274513099354,-1.6666666666666667,-1.6666666666666667,-5.1354731137974134,0.7777777777777779,0.5,0.0,1.0,0.0,1.0,0.0,0.0,1.0,0.0,0.0,1.0,0.7777777777777792,0.0,1.0,0.0,0.6432748538011692,0.0,1.0,0.0,1.0,0.0,0.0,0.0,0.5217391304347826,1.0,Dropout
931,-1.2450980394772613,-1.2666666666666666,-1.3333333333333333,-0.5502292621925802,1.0,0.25,0.0,1.0,0.0,1.0,-0.5,-0.5399999999999996,1.0,0.0,0.0,1.0,0.20512820512820581,0.0,1.0,0.0,-0.22222222222222193,0.0,0.0,0.0,1.0,0.0,4.0,0.0,0.5217391304347826,0.0,Enrolled
932,0.07002801121919362,0.04761904761904745,0.3333333333333333,0.28345143809920775,0.38095238095238104,0.5,0.0,1.0,0.0,1.0,0.5,-1.2066666666666663,0.0,1.0,0.0,1.0,-0.15384615384615374,0.0,1.0,0.0,-1.052631578947368,0.0,0.0,0.0,1.0,0.0,0.0,0.42120343839541546,-0.39130434782608686,0.0,Graduate
933,-0.11408199645890447,-0.21212121212121215,1.0,0.5335556481867441,0.2727272727272726,1.75,0.0,1.0,0.0,1.0,2.5,-1.5399999999999996,1.0,0.0,0.0,1.0,0.44444444444444514,0.0,0.0,0.0,-0.9356725146198825,0.0,0.0,0.0,0.0,0.0,0.0,0.1346704871060172,-0.7391304347826085,0.0,Graduate
934,-0.5980392158119128,-0.4666666666666668,-0.6666666666666666,-0.5502292621925802,0.6666666666666667,0.0,0.0,1.0,0.0,1.0,-0.5,0.46000000000000035,1.0,0.0,0.0,1.0,-0.6068376068376069,1.0,0.0,0.0,0.09941520467836269,0.0,0.0,0.0,1.0,0.0,0.0,0.0,0.5217391304347826,0.0,Dropout
935,-0.06237745044202617,0.08333333333333326,0.6666666666666666,-0.2560590704460194,0.2916666666666667,0.75,0.0,1.0,0.0,1.0,1.0,-2.206666666666666,1.0,0.0,0.0,1.0,2.264957264957267,1.0,0.0,1.0,-0.2748538011695907,0.0,0.0,0.0,1.0,0.0,0.0,0.4068767908309455,0.0,0.0,Enrolled
936,0.3799019608641249,0.33333333333333326,2.3333333333333335,0.3876615256356813,-0.3333333333333332,1.0,0.0,1.0,0.0,1.0,3.0,0.7933333333333337,1.0,0.0,0.0,1.0,0.02564102564102542,0.0,1.0,0.0,0.8245614035087712,0.0,0.0,0.0,1.0,0.0,2.0,0.9140401146131805,0.0,0.0,Graduate
937,-1.3427871151280362,-1.380952380952381,-1.3333333333333333,-0.6544393497290536,1.5714285714285712,1.75,0.0,1.0,0.0,1.0,0.5,0.0,1.0,0.0,0.0,1.0,-1.1196581196581203,1.0,0.0,1.0,-0.654970760233918,0.0,0.0,0.0,0.0,0.0,0.0,0.1346704871060172,-0.7391304347826085,0.0,Dropout
938,0.1960784314137419,0.33333333333333326,0.3333333333333333,-0.13338891204668618,0.22222222222222213,0.0,0.0,1.0,0.0,1.0,0.0,1.1266666666666671,1.0,0.0,0.0,1.0,0.44444444444444514,0.0,0.0,0.0,1.4035087719298238,0.0,0.0,0.0,0.0,0.0,0.0,-0.98567335243553,-0.9565217391304347,0.0,Enrolled
939,0.29411764761080894,0.33333333333333326,0.3333333333333333,0.14450465610671082,-0.05555555555555535,-0.25,0.0,1.0,0.0,1.0,0.0,0.7933333333333337,1.0,0.0,0.0,1.0,-0.6923076923076937,0.0,1.0,0.0,0.3333333333333325,0.0,0.0,0.0,1.0,0.0,0.0,0.0,0.5217391304347826,0.0,Enrolled
941,0.34313725497404846,0.33333333333333326,0.3333333333333333,0.28345143809920775,-0.3333333333333332,-0.5,0.0,1.0,0.0,1.0,0.0,-1.5399999999999996,1.0,0.0,0.0,1.0,0.05982905982906013,0.0,1.0,0.0,-1.1988304093567246,0.0,0.0,0.0,1.0,0.0,2.0,0.42120343839541546,-0.39130434782608686,0.0,Graduate
942,0.4901960785343547,0.33333333333333326,0.3333333333333333,0.7002917882451017,0.22222222222222213,0.0,0.0,1.0,0.0,1.0,0.0,-0.33999999999999964,0.0,1.0,0.0,1.0,0.38461538461538497,0.0,1.0,0.0,0.0760233918128653,0.0,0.0,0.0,1.0,0.0,0.0,-0.3553008595988538,-0.4782608695652173,0.0,Graduate
944,-1.5686274513099354,-1.6666666666666667,-1.6666666666666667,-5.1354731137974134,-1.9999999999999996,-2.0,0.0,1.0,0.0,1.0,0.0,-0.20666666666666628,1.0,0.0,0.0,1.0,0.44444444444444514,0.0,0.0,0.0,0.23391812865497064,0.0,0.0,0.0,0.0,0.0,0.0,-1.2550143266475644,0.608695652173913,0.0,Dropout
945,0.6792717094564293,0.33333333333333326,0.6666666666666666,1.236229383076281,-0.3333333333333332,-0.25,0.0,1.0,0.0,1.0,0.5,0.2600000000000004,0.0,1.0,0.0,1.0,-0.777777777777778,0.0,0.0,0.0,-0.19298245614035062,0.0,0.0,0.0,1.0,0.0,0.0,0.42120343839541546,-0.39130434782608686,0.0,Graduate
946,0.36764705939096226,0.33333333333333326,0.3333333333333333,0.3529248311796578,-0.3333333333333332,-0.5,0.0,1.0,0.0,1.0,0.0,-0.673333333333333,1.0,0.0,0.0,1.0,-0.3333333333333329,0.0,0.0,0.0,-0.7076023391812859,0.0,0.0,0.0,1.0,0.0,1.0,0.48710601719197705,-0.3478260869565217,0.0,Graduate
947,0.4313725491102321,0.33333333333333326,0.0,0.5335556481867441,0.3333333333333332,-0.25,0.0,1.0,1.0,0.0,-0.5,1.526666666666667,1.0,0.0,1.0,0.0,0.02564102564102542,0.0,1.0,0.0,1.4678362573099404,0.0,0.0,0.0,1.0,0.0,0.0,-0.3553008595988538,-0.4782608695652173,0.0,Graduate
948,-1.5686274513099354,-1.6666666666666667,-1.6666666666666667,-5.1354731137974134,1.3333333333333333,0.0,1.0,0.0,1.0,0.0,-1.0,0.0,0.0,1.0,0.0,1.0,-0.17948717948717918,0.0,0.0,0.0,-0.011695906432748699,0.0,1.0,0.0,1.0,0.0,1.0,0.0,0.5217391304347826,0.0,Dropout
949,0.10784313727755826,0.33333333333333326,1.6666666666666667,-0.38349312213422243,0.0,1.0,0.0,1.0,0.0,1.0,2.0,-2.206666666666666,1.0,0.0,0.0,1.0,2.8547008547008565,0.0,0.0,0.0,0.1286549707602332,0.0,1.0,1.0,1.0,1.0,0.0,0.0,0.5217391304347826,1.0,Graduate
950,-1.5686274513099354,-1.6666666666666667,-1.6666666666666667,-5.1354731137974134,-1.9999999999999996,-2.0,0.0,1.0,0.0,1.0,-0.5,0.46000000000000035,1.0,0.0,0.0,1.0,0.02564102564102542,1.0,0.0,0.0,0.5321637426900578,0.0,0.0,0.0,1.0,0.0,0.0,-1.2550143266475644,0.608695652173913,0.0,Dropout
952,-1.5686274513099354,-1.6666666666666667,-1.6666666666666667,-5.1354731137974134,1.0,0.25,1.0,0.0,1.0,0.0,-0.5,0.0,1.0,0.0,1.0,0.0,0.4188034188034209,1.0,0.0,0.0,0.39766081871345077,0.0,0.0,0.0,1.0,0.0,0.0,0.42120343839541546,-0.39130434782608686,0.0,Dropout
953,0.4271708682269965,0.33333333333333326,0.3333333333333333,0.5216459233013753,-0.05555555555555535,-0.25,0.0,1.0,0.0,1.0,0.0,0.46000000000000035,1.0,0.0,0.0,1.0,0.44444444444444514,0.0,0.0,0.0,0.8187134502923973,0.0,0.0,0.0,0.0,0.0,0.0,0.42120343839541546,-0.39130434782608686,0.0,Graduate
954,-1.5686274513099354,-1.6666666666666667,-1.6666666666666667,-5.1354731137974134,-1.9999999999999996,-2.0,0.0,1.0,0.0,1.0,0.5,0.2600000000000004,1.0,0.0,0.0,1.0,-0.21367521367521267,0.0,0.0,1.0,0.19298245614035145,0.0,0.0,0.0,1.0,0.0,4.0,-0.98567335243553,-0.9565217391304347,0.0,Dropout
955,-0.9068627452885565,-0.8666666666666667,-0.3333333333333333,-0.4460191746561067,0.3333333333333332,1.5,0.0,1.0,0.0,1.0,2.0,-0.873333333333333,1.0,0.0,0.0,1.0,-0.5641025641025642,0.0,0.0,0.0,-1.0409356725146193,1.0,0.0,0.0,1.0,0.0,0.0,0.0,0.5217391304347826,0.0,Dropout
957,0.1960784314137419,0.33333333333333326,0.3333333333333333,-0.13338891204668618,-0.3333333333333332,-0.5,0.0,1.0,0.0,1.0,0.0,-0.20666666666666628,0.0,1.0,0.0,1.0,1.316239316239317,0.0,0.0,0.0,0.8304093567251452,0.0,0.0,0.0,1.0,0.0,0.0,-0.3553008595988538,-0.4782608695652173,0.0,Graduate
958,0.2696078431938952,0.33333333333333326,0.3333333333333333,0.0750312630262608,-0.3333333333333332,-0.5,0.0,1.0,0.0,1.0,0.0,-1.2066666666666663,1.0,0.0,0.0,1.0,0.5384615384615388,0.0,1.0,0.0,-0.5789473684210527,0.0,0.0,0.0,1.0,0.0,2.0,0.42120343839541546,-0.39130434782608686,0.0,Graduate
959,0.37254901968610943,0.33333333333333326,0.0,0.36681950812838626,0.0,-0.5,0.0,1.0,0.0,1.0,-0.5,1.1266666666666671,0.0,1.0,0.0,1.0,-0.5982905982905976,0.0,1.0,0.0,0.690058479532164,0.0,0.0,0.0,1.0,0.0,0.0,-0.3553008595988538,-0.4782608695652173,0.0,Graduate
960,-1.5686274513099354,-1.6666666666666667,-1.6666666666666667,-5.1354731137974134,-0.3333333333333332,-0.75,1.0,0.0,1.0,0.0,-0.5,0.06000000000000038,1.0,0.0,0.0,1.0,-0.03418803418803349,0.0,1.0,0.0,0.14035087719298273,0.0,1.0,0.0,1.0,0.0,2.0,0.0,0.5217391304347826,1.0,Dropout
961,-0.5392156860936729,-0.4666666666666668,-0.6666666666666666,-0.2723356940391831,0.3333333333333332,-0.25,1.0,0.0,1.0,0.0,-0.5,-0.873333333333333,1.0,0.0,0.0,1.0,-0.7521367521367526,1.0,0.0,0.0,-1.1695906432748533,0.0,1.0,1.0,1.0,1.0,0.0,0.0,0.5217391304347826,1.0,Dropout
964,-0.8823529411657604,-0.8666666666666667,-1.0,-0.2723356940391831,1.0,0.25,0.0,1.0,0.0,1.0,-0.5,1.0600000000000003,1.0,0.0,0.0,1.0,-0.2393162393162393,0.0,1.0,0.0,0.8771929824561399,1.0,0.0,0.0,1.0,0.0,1.0,0.0,0.5217391304347826,0.0,Enrolled
965,0.14705882405050236,0.33333333333333326,0.3333333333333333,-0.2723356940391831,-0.05555555555555535,-0.25,0.0,1.0,0.0,1.0,0.0,-0.8066666666666663,0.0,1.0,0.0,1.0,-0.2393162393162393,0.0,1.0,0.0,-0.7602339181286546,0.0,0.0,0.0,1.0,0.0,0.0,0.42120343839541546,-0.39130434782608686,0.0,Graduate
966,0.07352941178015329,0.0,0.0,0.4501875781575655,0.5,0.25,0.0,1.0,0.0,1.0,0.0,-0.873333333333333,1.0,0.0,0.0,1.0,0.44444444444444514,0.0,0.0,0.0,-0.35087719298245595,0.0,0.0,0.0,0.0,0.0,0.0,0.9140401146131805,0.0,0.0,Graduate
968,-1.5686274513099354,-1.6666666666666667,-1.6666666666666667,-5.1354731137974134,0.5,0.25,0.0,1.0,0.0,1.0,0.0,0.0,1.0,0.0,0.0,1.0,-0.6752136752136751,1.0,0.0,0.0,-0.35087719298245595,0.0,0.0,0.0,0.0,0.0,0.0,0.1346704871060172,-0.7391304347826085,0.0,Dropout
969,-1.5686274513099354,-1.6666666666666667,-1.6666666666666667,-5.1354731137974134,-0.3333333333333332,-0.75,1.0,0.0,1.0,0.0,-0.5,0.12666666666666704,1.0,0.0,0.0,1.0,0.36752136752136766,1.0,0.0,0.0,0.4736842105263152,0.0,1.0,1.0,1.0,1.0,0.0,0.0,0.5217391304347826,1.0,Dropout
971,0.049019607853435634,-0.06666666666666665,-0.3333333333333333,0.5960817007086282,-0.3333333333333332,-0.75,0.0,1.0,0.0,1.0,-0.5,-0.20666666666666628,1.0,0.0,0.0,1.0,-0.8547008547008556,0.0,0.0,0.0,-0.654970760233918,0.0,1.0,1.0,1.0,1.0,0.0,0.0,0.5217391304347826,1.0,Graduate
972,-1.2745098041893226,-1.2666666666666666,-1.3333333333333333,-0.9670696123384741,-0.3333333333333332,-0.75,0.0,1.0,0.0,1.0,-0.5,0.0,1.0,0.0,0.0,1.0,-0.4188034188034185,0.0,0.0,0.0,-0.17543859649122798,0.0,0.0,0.0,1.0,0.0,0.0,0.0,0.5217391304347826,0.0,Dropout
975,0.23809523877551025,0.33333333333333326,0.0,-0.014291667361400867,1.0,0.25,0.0,1.0,0.0,1.0,-0.5,2.4600000000000004,1.0,0.0,0.0,1.0,-1.1709401709401723,1.0,0.0,0.0,1.4678362573099404,0.0,0.0,0.0,1.0,0.0,0.0,-0.3553008595988538,-0.4782608695652173,0.0,Graduate
976,-0.5098039216757291,-0.4666666666666668,-0.6666666666666666,-0.13338891204668618,1.3333333333333333,0.5,1.0,0.0,1.0,0.0,-0.5,-0.873333333333333,1.0,0.0,1.0,0.0,0.1794871794871804,0.0,0.0,0.0,-0.5321637426900578,1.0,0.0,0.0,1.0,0.0,2.0,0.9140401146131805,0.0,0.0,Enrolled
979,-0.009803921570686996,0.33333333333333326,0.0,-0.7169654022509379,0.0,-0.5,1.0,0.0,1.0,0.0,-0.5,0.0,1.0,0.0,1.0,0.0,2.358974358974362,1.0,0.0,0.0,1.7251461988304084,0.0,0.0,0.0,0.0,0.0,0.0,0.4068767908309455,0.0,0.0,Dropout
980,-0.13680926919095174,-0.030303030303030276,1.3333333333333333,-0.17507294706127544,0.4242424242424243,2.0,0.0,1.0,0.0,1.0,2.5,0.0,1.0,0.0,0.0,1.0,-2.2991452991453007,0.0,0.0,0.0,-1.4619883040935666,0.0,0.0,0.0,1.0,0.0,0.0,-1.2550143266475644,0.608695652173913,0.0,Graduate
981,-0.46568627460763706,-0.3333333333333335,-0.3333333333333333,-0.4460191746561067,0.22222222222222213,0.0,0.0,1.0,0.0,1.0,0.0,-0.873333333333333,1.0,0.0,0.0,1.0,1.1452991452991457,0.0,0.0,0.0,0.1286549707602332,1.0,0.0,0.0,0.0,0.0,0.0,0.0,0.5217391304347826,0.0,Dropout
982,-0.2745098039792385,-0.06666666666666665,-0.3333333333333333,-0.5502292621925802,1.0,0.25,0.0,1.0,0.0,1.0,-0.5,-2.206666666666666,0.0,1.0,0.0,1.0,1.5555555555555574,1.0,0.0,0.0,-0.7602339181286546,0.0,0.0,0.0,1.0,0.0,0.0,0.9140401146131805,0.0,0.0,Enrolled
983,0.1960784314137419,0.33333333333333326,0.3333333333333333,-0.13338891204668618,-0.3333333333333332,-0.5,0.0,1.0,0.0,1.0,0.0,0.06000000000000038,1.0,0.0,0.0,1.0,-0.5128205128205133,0.0,1.0,0.0,-0.18713450292397668,0.0,0.0,0.0,1.0,0.0,0.0,-0.5787965616045845,1.0,0.0,Graduate
984,-0.18627450984305471,-0.06666666666666665,-0.3333333333333333,-0.23759899958315966,1.3333333333333333,0.5,0.0,1.0,0.0,1.0,-0.5,-0.20666666666666628,1.0,0.0,0.0,1.0,1.7777777777777792,1.0,0.0,0.0,1.1461988304093558,0.0,0.0,0.0,1.0,0.0,0.0,0.1346704871060172,-0.7391304347826085,0.0,Enrolled
985,-0.9803921570687096,-0.8666666666666667,-1.0,-0.9670696123384741,0.6666666666666667,0.0,0.0,1.0,0.0,1.0,-0.5,-0.33999999999999964,1.0,0.0,0.0,1.0,-0.5384615384615388,0.0,1.0,0.0,-0.5555555555555552,0.0,0.0,0.0,1.0,0.0,0.0,0.0,0.5217391304347826,0.0,Dropout
987,0.6188725491496231,0.33333333333333326,0.3333333333333333,1.065027094622759,1.8888888888888888,1.5,0.0,1.0,0.0,1.0,0.0,1.1266666666666671,1.0,0.0,0.0,1.0,0.44444444444444514,0.0,0.0,0.0,1.4035087719298238,0.0,0.0,0.0,0.0,0.0,0.0,-0.3553008595988538,-0.4782608695652173,0.0,Graduate
988,-0.2450980392671772,0.0,0.0,-0.6335973322217586,-0.05555555555555535,-0.25,0.0,1.0,0.0,1.0,0.0,0.06000000000000038,1.0,0.0,0.0,1.0,0.3846153846153862,0.0,0.0,0.0,0.4269005847953221,0.0,0.0,0.0,1.0,0.0,0.0,0.0,0.5217391304347826,1.0,Dropout
990,-0.03676470589007648,0.0,0.0,0.0750312630262608,0.7777777777777779,0.5,1.0,0.0,1.0,0.0,0.0,0.0,1.0,0.0,1.0,0.0,-2.3846153846153864,0.0,0.0,0.0,-1.5204678362573092,0.0,0.0,0.0,1.0,0.0,1.0,0.42120343839541546,-0.39130434782608686,0.0,Dropout
991,0.5973389359098052,0.33333333333333326,0.6666666666666666,1.0039897582325967,-0.3333333333333332,-0.25,0.0,1.0,0.0,1.0,0.5,-0.20666666666666628,1.0,0.0,0.0,1.0,0.32478632478632485,0.0,0.0,1.0,0.1520467836257306,0.0,0.0,0.0,1.0,0.0,0.0,-0.3553008595988538,-0.4782608695652173,0.0,Graduate
992,0.1960784314137419,0.33333333333333326,0.3333333333333333,-0.13338891204668618,0.22222222222222213,0.0,0.0,1.0,0.0,1.0,0.0,0.12666666666666704,1.0,0.0,0.0,1.0,0.6239316239316243,0.0,1.0,0.0,0.6491228070175432,0.0,0.0,0.0,1.0,0.0,0.0,0.42120343839541546,-0.39130434782608686,0.0,Graduate
993,0.11204481816079384,0.33333333333333326,0.3333333333333333,-0.3715833972488537,0.22222222222222213,0.0,0.0,1.0,0.0,1.0,0.0,0.6600000000000004,1.0,0.0,0.0,1.0,0.9572649572649584,0.0,1.0,0.0,1.3450292397660812,0.0,0.0,0.0,1.0,0.0,0.0,0.48710601719197705,-0.3478260869565217,0.0,Dropout
994,0.5147058829512685,0.33333333333333326,0.3333333333333333,0.7697651813255517,-0.3333333333333332,-0.5,0.0,1.0,0.0,1.0,0.0,1.1266666666666671,1.0,0.0,0.0,1.0,0.18803418803418845,0.0,0.0,0.0,1.2280701754385959,0.0,0.0,0.0,0.0,0.0,1.0,0.42120343839541546,-0.39130434782608686,0.0,Graduate
995,-0.03676470589007648,0.0,0.0,0.0750312630262608,1.3333333333333333,1.0,0.0,1.0,0.0,1.0,0.0,1.1266666666666671,1.0,0.0,0.0,1.0,0.44444444444444514,0.0,0.0,0.0,1.4035087719298238,0.0,0.0,0.0,0.0,0.0,0.0,-0.5787965616045845,1.0,0.0,Graduate
996,0.5147058829512685,0.33333333333333326,0.3333333333333333,0.7697651813255517,-0.3333333333333332,-0.5,0.0,1.0,0.0,1.0,0.0,-0.20666666666666628,0.0,1.0,0.0,1.0,-1.820512820512822,1.0,0.0,0.0,-1.31578947368421,0.0,0.0,0.0,1.0,0.0,0.0,-0.5787965616045845,1.0,0.0,Graduate
997,-0.049719887965627305,-0.23809523809523814,0.0,0.8920383493122134,0.38095238095238104,0.5,0.0,1.0,0.0,1.0,0.5,-1.3399999999999996,0.0,1.0,0.0,1.0,0.0,0.0,1.0,1.0,-1.0643274853801166,0.0,0.0,0.0,1.0,0.0,2.0,0.42120343839541546,-0.39130434782608686,0.0,Enrolled
998,0.0,0.0,0.0,0.20008336807002927,1.3333333333333333,1.0,0.0,1.0,0.0,1.0,0.0,-0.20666666666666628,1.0,0.0,0.0,1.0,0.44444444444444514,0.0,0.0,0.0,0.23391812865497064,0.0,0.0,0.0,0.0,0.0,0.0,0.42120343839541546,-0.39130434782608686,0.0,Enrolled
999,0.29411764761080894,0.33333333333333326,0.3333333333333333,0.14450465610671082,0.22222222222222213,0.0,0.0,1.0,0.0,1.0,0.0,-1.2066666666666663,1.0,0.0,0.0,1.0,-0.03418803418803349,0.0,0.0,0.0,-0.9707602339181278,0.0,0.0,0.0,1.0,0.0,0.0,0.48710601719197705,-0.3478260869565217,0.0,Graduate
1000,0.2696078431938952,0.33333333333333326,0.3333333333333333,0.0750312630262608,-0.3333333333333332,-0.5,0.0,1.0,0.0,1.0,0.0,0.8600000000000004,1.0,0.0,0.0,1.0,0.2393162393162393,0.0,1.0,0.0,1.0292397660818704,0.0,1.0,1.0,1.0,1.0,2.0,0.0,0.5217391304347826,1.0,Dropout
1001,-1.5686274513099354,-1.6666666666666667,-1.6666666666666667,-5.1354731137974134,-1.9999999999999996,-2.0,0.0,1.0,0.0,1.0,0.0,-0.07333333333333296,1.0,0.0,0.0,1.0,-0.2136752136752139,0.0,0.0,0.0,-0.09941520467836269,0.0,0.0,0.0,1.0,0.0,2.0,-1.2550143266475644,0.608695652173913,0.0,Dropout
1004,0.07843137256549662,0.33333333333333326,0.0,-0.46686119216340166,0.6666666666666667,0.0,0.0,1.0,0.0,1.0,-0.5,-0.7399999999999997,0.0,1.0,0.0,1.0,-0.05982905982906013,0.0,0.0,0.0,-0.5789473684210527,0.0,0.0,0.0,1.0,0.0,1.0,0.42120343839541546,-0.39130434782608686,0.0,Graduate
1005,0.8578431374351209,0.33333333333333326,0.3333333333333333,1.7423926636098366,-0.3333333333333332,-0.5,0.0,1.0,0.0,1.0,0.0,0.19333333333333372,1.0,0.0,0.0,1.0,-0.3589743589743596,0.0,0.0,0.0,0.035087719298245265,0.0,0.0,0.0,1.0,0.0,1.0,0.48710601719197705,-0.3478260869565217,0.0,Dropout
1008,0.31045751673188865,0.33333333333333326,1.3333333333333333,0.19082025010420955,-0.14814814814814797,0.5,0.0,1.0,0.0,1.0,1.5,0.46000000000000035,1.0,0.0,0.0,1.0,0.1794871794871804,0.0,0.0,0.0,0.6374269005847953,0.0,0.0,0.0,0.0,0.0,0.0,0.9140401146131805,0.0,0.0,Graduate
1009,0.28799019632275696,0.08333333333333326,0.6666666666666666,0.8789376531888282,-0.3333333333333332,0.0,0.0,1.0,0.0,1.0,1.0,2.126666666666667,0.0,1.0,0.0,1.0,-1.495726495726496,0.0,1.0,1.0,0.9532163742690061,0.0,0.0,0.0,1.0,0.0,0.0,-0.5787965616045845,1.0,0.0,Graduate
1012,-0.10581232495220134,0.04761904761904745,0.3333333333333333,-0.2980408503543141,0.14285714285714307,0.25,0.0,1.0,0.0,1.0,0.5,-0.33999999999999964,1.0,0.0,0.0,1.0,-0.4786324786324786,0.0,0.0,1.0,-0.5146198830409352,0.0,0.0,0.0,1.0,0.0,0.0,-0.3553008595988538,-0.4782608695652173,0.0,Graduate
1015,0.1666666667016809,0.33333333333333326,0.0,-0.2167569820758647,0.0,-0.5,0.0,1.0,0.0,1.0,-0.5,-2.073333333333333,0.0,1.0,0.0,1.0,0.4188034188034197,0.0,0.0,0.0,-1.4210526315789465,0.0,0.0,0.0,1.0,0.0,1.0,0.9140401146131805,0.0,0.0,Graduate
1016,0.24509803877698141,0.33333333333333326,0.3333333333333333,0.005557869945810766,-0.3333333333333332,-0.5,0.0,1.0,0.0,1.0,0.0,-1.1399999999999997,1.0,0.0,0.0,1.0,0.7777777777777792,0.0,0.0,0.0,-0.3567251461988299,0.0,0.0,0.0,1.0,0.0,0.0,0.42120343839541546,-0.39130434782608686,0.0,Graduate
1017,-0.2745098039792385,-0.06666666666666665,-0.3333333333333333,-0.5502292621925802,-0.3333333333333332,-0.75,0.0,1.0,1.0,0.0,-0.5,0.32666666666666705,0.0,1.0,1.0,0.0,-0.777777777777778,0.0,0.0,0.0,-0.13450292397660796,0.0,0.0,0.0,1.0,0.0,0.0,0.48710601719197705,-0.3478260869565217,0.0,Dropout
1019,-1.2990196081160403,-1.3333333333333335,-1.3333333333333333,-0.5502292621925802,-0.3333333333333332,-0.5,1.0,0.0,1.0,0.0,0.0,-1.5399999999999996,0.0,1.0,1.0,0.0,0.11111111111111098,0.0,0.0,0.0,-1.1637426900584793,0.0,0.0,0.0,1.0,0.0,3.0,-0.5787965616045845,1.0,0.0,Dropout
1020,0.17156862699682812,0.33333333333333326,0.3333333333333333,-0.2028623051271362,-0.3333333333333332,-0.5,0.0,1.0,1.0,0.0,0.0,-0.07333333333333296,0.0,1.0,1.0,0.0,-0.2136752136752139,0.0,0.0,0.0,-0.09941520467836269,0.0,0.0,0.0,1.0,0.0,2.0,-1.2550143266475644,0.608695652173913,0.0,Graduate
1021,0.3403799020322926,0.33333333333333326,1.0,0.27563568153397194,-0.3333333333333332,0.0,0.0,1.0,0.0,1.0,1.0,-0.47333333333333294,0.0,1.0,0.0,1.0,0.2991452991452994,0.0,1.0,1.0,-0.09941520467836269,0.0,0.0,0.0,1.0,0.0,1.0,-0.98567335243553,-0.9565217391304347,0.0,Graduate
1022,-0.14005602285855523,0.04761904761904745,0.3333333333333333,-0.4112824802000832,0.38095238095238104,0.5,0.0,1.0,0.0,1.0,0.5,-1.046666666666666,1.0,0.0,0.0,1.0,0.44444444444444514,0.0,0.0,0.0,-0.5029239766081866,0.0,0.0,0.0,0.0,0.0,0.0,0.48710601719197705,-0.3478260869565217,0.0,Graduate
1023,-0.2803921569216511,-0.16666666666666674,0.3333333333333333,-0.26677782409337236,0.5,1.0,0.0,1.0,0.0,1.0,1.0,-0.873333333333333,1.0,0.0,0.0,1.0,-0.17948717948717918,0.0,0.0,1.0,-0.7777777777777772,0.0,0.0,0.0,1.0,0.0,1.0,0.4068767908309455,0.0,0.0,Graduate
1024,0.563725490314508,0.33333333333333326,0.3333333333333333,0.9087119633180487,-0.3333333333333332,-0.5,0.0,1.0,0.0,1.0,0.0,-1.1399999999999997,1.0,0.0,0.0,1.0,1.1025641025641042,0.0,0.0,0.0,-0.13450292397660796,0.0,0.0,0.0,1.0,0.0,0.0,0.48710601719197705,-0.3478260869565217,0.0,Graduate
1025,0.3641456579196383,0.33333333333333326,0.6666666666666666,0.3430000583576489,-0.3333333333333332,-0.25,0.0,1.0,0.0,1.0,0.5,-1.473333333333333,1.0,0.0,0.0,1.0,0.0,0.0,0.0,0.0,-1.181286549707602,0.0,0.0,0.0,1.0,0.0,1.0,0.9140401146131805,0.0,0.0,Graduate
1026,-0.8921568629325258,-0.8666666666666667,-1.0,-0.34180908711963315,0.6666666666666667,0.0,1.0,0.0,1.0,0.0,-0.5,-0.33999999999999964,1.0,0.0,0.0,1.0,0.11965811965812026,0.0,0.0,0.0,-0.10526315789473663,0.0,0.0,0.0,1.0,0.0,2.0,0.0,0.5217391304347826,0.0,Dropout
1027,0.5196078432464161,0.33333333333333326,0.0,0.7836598582742802,0.0,-0.5,0.0,1.0,0.0,1.0,-0.5,-0.673333333333333,1.0,0.0,0.0,1.0,0.38461538461538497,0.0,1.0,0.0,-0.21637426900584802,0.0,0.0,0.0,1.0,0.0,0.0,0.0,0.5217391304347826,0.0,Graduate
1028,-0.1388888885095706,0.0,0.0,-0.2723356940391831,0.22222222222222213,0.0,0.0,1.0,0.0,1.0,0.0,-0.13999999999999962,0.0,1.0,0.0,1.0,-0.17948717948717918,0.0,1.0,0.0,-0.13450292397660796,0.0,0.0,0.0,1.0,0.0,4.0,0.9140401146131805,0.0,0.0,Graduate
1029,0.3688725490971022,0.33333333333333326,0.6666666666666666,0.3563984993747395,-0.09523809523809526,0.0,0.0,1.0,0.0,1.0,0.5,0.12666666666666704,1.0,0.0,0.0,1.0,1.2146029671112836e-15,0.0,0.0,1.0,0.22222222222222276,0.0,0.0,0.0,1.0,0.0,1.0,0.1346704871060172,-0.7391304347826085,0.0,Graduate
1030,0.1446078426161641,0.08333333333333326,0.6666666666666666,0.4144584035014587,-0.3333333333333332,0.0,0.0,1.0,0.0,1.0,1.0,0.19333333333333372,0.0,1.0,0.0,1.0,-0.5982905982905988,0.0,1.0,1.0,-0.12865497076023402,0.0,0.0,0.0,1.0,0.0,3.0,-0.5787965616045845,1.0,0.0,Graduate
1031,-0.6333333334663864,-0.4666666666666668,-0.6666666666666666,-0.7169654022509379,2.333333333333333,1.25,0.0,1.0,0.0,1.0,-0.5,-0.07333333333333296,0.0,1.0,0.0,1.0,-0.03418803418803349,0.0,1.0,0.0,0.023391812865497397,0.0,0.0,0.0,1.0,0.0,1.0,0.1346704871060172,-0.7391304347826085,0.0,Graduate
1033,0.40616246528140665,0.33333333333333326,0.3333333333333333,0.4620973030429342,-0.05555555555555535,-0.25,0.0,1.0,0.0,1.0,0.0,0.726666666666667,1.0,0.0,0.0,1.0,-0.03418803418803349,0.0,1.0,0.0,0.7251461988304093,0.0,0.0,0.0,1.0,0.0,0.0,0.1346704871060172,-0.7391304347826085,0.0,Graduate
1034,-0.009803921570686996,-0.06666666666666665,-0.3333333333333333,0.3876615256356813,0.3333333333333332,-0.25,0.0,1.0,0.0,1.0,-0.5,-0.27333333333333293,0.0,1.0,0.0,1.0,-0.4786324786324786,0.0,0.0,0.0,-0.45614035087719257,0.0,0.0,0.0,1.0,0.0,0.0,0.4068767908309455,0.0,0.0,Graduate
1035,-0.9313725492152741,-1.0,-1.0,0.28345143809920775,-0.3333333333333332,-0.5,0.0,1.0,0.0,1.0,0.0,0.19333333333333372,1.0,0.0,0.0,1.0,-0.777777777777778,0.0,0.0,0.0,-0.2514619883040933,0.0,0.0,0.0,1.0,0.0,0.0,0.42120343839541546,-0.39130434782608686,0.0,Dropout
1036,0.5392156858975943,0.33333333333333326,0.3333333333333333,0.8392385702375987,-0.3333333333333332,-0.5,0.0,1.0,0.0,1.0,0.0,-0.5399999999999996,0.0,1.0,0.0,1.0,-0.15384615384615374,0.0,1.0,0.0,-0.4678362573099413,0.0,0.0,0.0,1.0,0.0,2.0,0.48710601719197705,-0.3478260869565217,0.0,Enrolled
1037,-1.5686274513099354,-1.6666666666666667,-1.6666666666666667,-5.1354731137974134,-1.9999999999999996,-2.0,0.0,1.0,0.0,1.0,0.0,-0.5399999999999996,1.0,0.0,0.0,1.0,0.0,0.0,0.0,0.0,-0.36257309941520466,0.0,0.0,0.0,1.0,0.0,0.0,0.48710601719197705,-0.3478260869565217,0.0,Dropout
1038,0.4901960785343547,0.33333333333333326,0.3333333333333333,0.7002917882451017,-0.3333333333333332,-0.5,0.0,1.0,0.0,1.0,0.0,1.3933333333333338,1.0,0.0,0.0,1.0,1.376068376068378,0.0,1.0,0.0,2.27485380116959,0.0,0.0,0.0,1.0,0.0,0.0,0.4068767908309455,0.0,0.0,Graduate
1040,-0.05718954290417129,0.0,0.0,0.005557869945810766,0.5,0.25,0.0,1.0,0.0,1.0,0.0,-0.6066666666666662,1.0,0.0,0.0,1.0,0.2393162393162393,0.0,1.0,0.0,-0.25730994152046804,0.0,0.0,0.0,1.0,0.0,0.0,-1.2550143266475644,0.608695652173913,0.0,Enrolled
1041,-0.12254901963358843,0.0,0.0,-0.2167569820758647,0.22222222222222213,0.0,0.0,1.0,0.0,1.0,0.0,-0.47333333333333294,1.0,0.0,0.0,1.0,-0.03418803418803349,0.0,0.0,0.0,-0.32748538011695855,0.0,0.0,0.0,1.0,0.0,3.0,-0.3553008595988538,-0.4782608695652173,0.0,Graduate
1043,0.14093137257862717,0.33333333333333326,1.0,-0.28970404335139643,-0.3333333333333332,0.0,0.0,1.0,0.0,1.0,1.0,1.1266666666666671,1.0,0.0,0.0,1.0,-2.974358974358977,0.0,0.0,0.0,-0.9356725146198825,0.0,0.0,0.0,1.0,0.0,0.0,-0.98567335243553,-0.9565217391304347,0.0,Graduate
1044,-0.056722689647770726,0.04761904761904745,0.3333333333333333,-0.1357046936223425,0.619047619047619,0.75,0.0,1.0,0.0,1.0,0.5,-0.006666666666666288,0.0,1.0,0.0,1.0,0.08547008547008676,0.0,1.0,1.0,0.1637426900584801,0.0,0.0,0.0,1.0,0.0,5.0,-1.2550143266475644,0.608695652173913,0.0,Graduate
1046,-1.5686274513099354,-1.6666666666666667,-1.6666666666666667,-5.1354731137974134,-0.3333333333333332,-0.75,0.0,1.0,0.0,1.0,-0.5,-0.873333333333333,1.0,0.0,0.0,1.0,0.44444444444444514,0.0,0.0,0.0,-0.35087719298245595,0.0,0.0,0.0,0.0,0.0,0.0,0.42120343839541546,-0.39130434782608686,0.0,Dropout
1047,0.36764705939096226,0.33333333333333326,0.3333333333333333,0.3529248311796578,0.22222222222222213,0.0,0.0,1.0,0.0,1.0,0.0,2.793333333333334,1.0,0.0,0.0,1.0,-1.051282051282052,0.0,1.0,0.0,1.8421052631578938,0.0,0.0,0.0,1.0,0.0,2.0,0.4068767908309455,0.0,0.0,Dropout
1048,0.24571078436534524,0.08333333333333326,0.6666666666666666,0.741975823259691,-0.3333333333333332,0.0,0.0,1.0,0.0,1.0,1.0,0.5266666666666671,1.0,0.0,0.0,1.0,0.04273504273504399,0.0,1.0,1.0,0.6023391812865501,0.0,0.0,0.0,1.0,0.0,5.0,0.4068767908309455,0.0,0.0,Graduate
1049,-0.006022408544682579,0.04761904761904745,0.3333333333333333,0.03195776156731963,-0.09523809523809526,0.0,0.0,1.0,0.0,1.0,0.5,-0.006666666666666288,0.0,1.0,0.0,1.0,-0.5384615384615388,0.0,1.0,1.0,-0.263157894736842,0.0,0.0,0.0,1.0,0.0,0.0,0.48710601719197705,-0.3478260869565217,0.0,Graduate
1050,0.6393557418009849,0.33333333333333326,0.6666666666666666,1.123086998749478,-0.3333333333333332,-0.25,0.0,1.0,0.0,1.0,0.5,0.6600000000000004,1.0,0.0,0.0,1.0,-0.3333333333333329,0.0,1.0,1.0,0.46198830409356734,0.0,0.0,0.0,1.0,0.0,0.0,0.42120343839541546,-0.39130434782608686,0.0,Graduate
1051,-1.5686274513099354,-1.6666666666666667,-1.6666666666666667,-5.1354731137974134,-1.9999999999999996,-2.0,0.0,1.0,0.0,1.0,-3.0,0.5266666666666671,0.0,1.0,0.0,1.0,0.08547008547008676,0.0,1.0,0.0,0.6315789473684214,0.0,0.0,0.0,1.0,0.0,0.0,0.1346704871060172,-0.7391304347826085,0.0,Graduate
1052,0.4975490197123702,0.33333333333333326,0.6666666666666666,0.7211338057523967,-0.09523809523809526,0.0,0.0,1.0,0.0,1.0,0.5,0.06000000000000038,1.0,0.0,0.0,1.0,0.40170940170940234,0.0,0.0,1.0,0.43859649122806993,0.0,0.0,0.0,1.0,0.0,1.0,0.1346704871060172,-0.7391304347826085,0.0,Graduate
1053,0.6151960785606151,0.33333333333333326,0.6666666666666666,1.0546060858691115,-0.09523809523809526,0.0,0.0,1.0,0.0,1.0,0.5,0.32666666666666705,1.0,0.0,0.0,1.0,-0.2393162393162393,0.0,0.0,1.0,0.23391812865497064,0.0,0.0,0.0,1.0,0.0,2.0,0.1346704871060172,-0.7391304347826085,0.0,Dropout
1055,0.6060049020880962,0.33333333333333326,0.6666666666666666,1.028553563984993,-0.09523809523809526,0.0,0.0,1.0,0.0,1.0,0.5,0.5933333333333337,0.0,1.0,0.0,1.0,-0.3504273504273515,0.0,1.0,1.0,0.39181286549707517,0.0,0.0,0.0,1.0,0.0,1.0,0.1346704871060172,-0.7391304347826085,0.0,Graduate
1056,0.44607843146626275,0.33333333333333326,0.6666666666666666,0.5752396832013332,-0.3333333333333332,-0.25,0.0,1.0,0.0,1.0,0.5,-1.0066666666666664,0.0,1.0,0.0,1.0,0.4273504273504278,0.0,1.0,1.0,-0.47953216374269,0.0,0.0,0.0,1.0,0.0,0.0,0.42120343839541546,-0.39130434782608686,0.0,Graduate
1057,0.2689775917231745,0.33333333333333326,0.6666666666666666,0.07324480616923722,-0.3333333333333332,-0.25,0.0,1.0,0.0,1.0,0.5,-0.13999999999999962,0.0,1.0,0.0,1.0,0.02564102564102542,0.0,1.0,1.0,0.005847953216373934,0.0,0.0,0.0,1.0,0.0,1.0,0.48710601719197705,-0.3478260869565217,0.0,Dropout
1058,0.26750700327748733,0.04761904761904745,0.3333333333333333,0.9365013213839095,-0.3333333333333332,-0.25,0.0,1.0,0.0,1.0,0.5,-0.20666666666666628,1.0,0.0,0.0,1.0,-0.4102564102564104,0.0,1.0,1.0,-0.35087719298245595,0.0,0.0,0.0,1.0,0.0,0.0,0.0,0.5217391304347826,0.0,Graduate
1059,0.07843137256549662,0.33333333333333326,0.0,-0.46686119216340166,-0.3333333333333332,-0.75,1.0,0.0,1.0,0.0,-0.5,0.0,1.0,0.0,1.0,0.0,-2.3846153846153864,1.0,0.0,0.0,-1.5204678362573092,0.0,0.0,0.0,0.0,0.0,0.0,-0.98567335243553,-0.9565217391304347,0.0,Dropout
1060,0.06372549076093692,0.08333333333333326,0.6666666666666666,0.15244447269695688,-0.3333333333333332,0.0,0.0,1.0,0.0,1.0,1.0,-0.20666666666666628,1.0,0.0,0.0,1.0,-0.6837606837606844,0.0,1.0,1.0,-0.5380116959064326,0.0,0.0,0.0,1.0,0.0,0.0,-0.5787965616045845,1.0,0.0,Graduate
1061,-0.01633986944787714,-0.11111111111111116,0.6666666666666666,0.5216459233013753,0.22222222222222213,1.0,1.0,0.0,1.0,0.0,1.5,-0.20666666666666628,1.0,0.0,1.0,0.0,0.29914529914530064,0.0,0.0,0.0,0.1345029239766088,0.0,0.0,0.0,0.0,0.0,0.0,0.9140401146131805,0.0,0.0,Dropout
1062,-1.5686274513099354,-1.6666666666666667,-1.6666666666666667,-5.1354731137974134,-1.9999999999999996,-2.0,0.0,1.0,0.0,1.0,0.0,0.0,1.0,0.0,0.0,1.0,-0.9316239316239318,0.0,1.0,0.0,-0.526315789473684,0.0,0.0,0.0,1.0,0.0,0.0,-1.2550143266475644,0.608695652173913,0.0,Dropout
1063,-0.22058823534045954,0.0,0.0,-0.5502292621925802,0.22222222222222213,0.0,0.0,1.0,0.0,1.0,0.0,-0.20666666666666628,1.0,0.0,0.0,1.0,0.5726495726495735,1.0,0.0,0.0,0.3216374269005846,0.0,0.0,0.0,1.0,0.0,0.0,0.48710601719197705,-0.3478260869565217,0.0,Graduate
1064,0.5556372550186914,0.33333333333333326,1.0,0.8857857440600246,-0.3333333333333332,0.0,0.0,1.0,0.0,1.0,1.0,1.0600000000000003,1.0,0.0,0.0,1.0,-0.7692307692307687,0.0,1.0,1.0,0.5146198830409361,0.0,0.0,0.0,1.0,0.0,0.0,-0.98567335243553,-0.9565217391304347,0.0,Graduate
1065,0.09803921570687095,0.0,0.0,0.5335556481867441,0.5,0.25,0.0,1.0,1.0,0.0,0.0,1.9933333333333336,1.0,0.0,1.0,0.0,-0.9572649572649584,0.0,1.0,0.0,1.2046783625730986,0.0,0.0,0.0,1.0,0.0,0.0,-0.98567335243553,-0.9565217391304347,0.0,Enrolled
1066,0.3186274510473305,0.16666666666666652,2.0,0.7002917882451017,-0.3333333333333332,1.0,1.0,0.0,1.0,0.0,3.0,-0.20666666666666628,1.0,0.0,1.0,0.0,0.44444444444444514,0.0,0.0,0.0,0.23391812865497064,0.0,0.0,0.0,0.0,0.0,0.0,0.1346704871060172,-0.7391304347826085,0.0,Dropout
1067,0.12254902005375674,0.04761904761904745,0.3333333333333333,0.4571349187161313,-0.3333333333333332,-0.25,0.0,1.0,0.0,1.0,0.5,0.7933333333333337,0.0,1.0,0.0,1.0,-1.051282051282052,0.0,1.0,1.0,0.08771929824561399,0.0,0.0,0.0,1.0,0.0,5.0,0.0,0.5217391304347826,0.0,Graduate
1068,0.24509803877698141,0.33333333333333326,0.0,0.005557869945810766,0.6666666666666667,0.0,0.0,1.0,0.0,1.0,-0.5,-0.20666666666666628,1.0,0.0,0.0,1.0,-0.15384615384615374,0.0,1.0,0.0,-0.17543859649122798,0.0,0.0,0.0,1.0,0.0,0.0,-1.2550143266475644,0.608695652173913,0.0,Graduate
1070,-0.27450980397923885,-0.3333333333333335,-0.3333333333333333,0.36681950812838626,0.5,0.25,0.0,1.0,0.0,1.0,0.0,-1.473333333333333,1.0,0.0,0.0,1.0,0.7179487179487192,0.0,1.0,0.0,-0.6900584795321633,0.0,0.0,0.0,1.0,0.0,1.0,0.42120343839541546,-0.39130434782608686,0.0,Graduate
1072,0.3641456579196383,0.33333333333333326,0.3333333333333333,0.3430000583576489,-0.05555555555555535,-0.25,0.0,1.0,0.0,1.0,0.0,0.46000000000000035,0.0,1.0,0.0,1.0,0.811965811965814,0.0,0.0,0.0,1.0701754385964914,0.0,0.0,0.0,0.0,0.0,0.0,0.42120343839541546,-0.39130434782608686,0.0,Graduate
1073,-0.34313725497404846,-0.3333333333333335,-0.3333333333333333,0.0750312630262608,0.5,0.25,0.0,1.0,0.0,1.0,0.0,0.7933333333333337,1.0,0.0,0.0,1.0,0.2051282051282046,0.0,1.0,0.0,0.9473684210526304,0.0,0.0,0.0,1.0,0.0,0.0,-0.98567335243553,-0.9565217391304347,0.0,Enrolled
1074,0.049019607853435634,-0.06666666666666665,-0.3333333333333333,0.5960817007086282,0.0,-0.5,0.0,1.0,0.0,1.0,-0.5,1.1933333333333338,1.0,0.0,0.0,1.0,1.376068376068378,0.0,1.0,0.0,2.099415204678362,0.0,0.0,0.0,1.0,0.0,0.0,0.0,0.5217391304347826,0.0,Graduate
1075,-0.04901960785343531,0.0,0.0,0.033347228011671545,1.0555555555555554,0.75,0.0,1.0,0.0,1.0,0.0,-0.07333333333333296,1.0,0.0,0.0,1.0,0.7777777777777792,0.0,1.0,0.0,0.5789473684210527,0.0,0.0,0.0,1.0,0.0,0.0,-0.98567335243553,-0.9565217391304347,0.0,Graduate
1077,0.1559714799347279,0.33333333333333326,2.0,-0.24707264276782026,-0.3333333333333332,0.75,1.0,0.0,1.0,0.0,2.5,-0.873333333333333,1.0,0.0,0.0,1.0,0.658119658119659,0.0,0.0,0.0,-0.20467836257309932,0.0,0.0,0.0,1.0,0.0,0.0,-1.2550143266475644,0.608695652173913,0.0,Dropout
1078,-0.34313725497404846,-0.3333333333333335,-0.3333333333333333,0.0750312630262608,0.22222222222222213,0.0,0.0,1.0,0.0,1.0,0.0,1.6600000000000004,1.0,0.0,0.0,1.0,-1.256410256410258,0.0,0.0,0.0,0.7076023391812859,0.0,0.0,0.0,1.0,0.0,0.0,0.0,0.5217391304347826,0.0,Dropout
1079,-1.5686274513099354,-1.6666666666666667,-1.6666666666666667,-5.1354731137974134,-1.9999999999999996,-2.0,0.0,1.0,1.0,0.0,-3.0,-1.1399999999999997,1.0,0.0,1.0,0.0,0.5555555555555561,0.0,0.0,0.0,-0.5087719298245613,0.0,0.0,0.0,1.0,0.0,0.0,0.1346704871060172,-0.7391304347826085,0.0,Dropout
1080,0.1372549015694511,0.04761904761904745,0.3333333333333333,0.5057662901208833,-0.09523809523809526,0.0,0.0,1.0,0.0,1.0,0.5,-1.4066666666666663,0.0,1.0,0.0,1.0,0.0,0.0,1.0,1.0,-1.1228070175438594,0.0,0.0,0.0,1.0,0.0,1.0,0.42120343839541546,-0.39130434782608686,0.0,Graduate
1081,0.36764705939096226,0.33333333333333326,0.3333333333333333,0.3529248311796578,-0.3333333333333332,-0.5,0.0,1.0,0.0,1.0,0.0,-0.47333333333333294,0.0,1.0,0.0,1.0,-0.05982905982906013,0.0,1.0,0.0,-0.345029239766082,0.0,0.0,0.0,1.0,0.0,0.0,0.48710601719197705,-0.3478260869565217,1.0,Graduate
1082,0.04901960785343531,0.0,0.0,0.36681950812838626,0.5,0.25,0.0,1.0,0.0,1.0,0.0,-0.873333333333333,0.0,1.0,0.0,1.0,0.14529914529914567,0.0,1.0,0.0,-0.5555555555555552,0.0,0.0,0.0,1.0,0.0,1.0,0.42120343839541546,-0.39130434782608686,0.0,Graduate
1083,-0.07352941178015329,0.0,0.0,-0.05002084201750769,-0.05555555555555535,-0.25,0.0,1.0,0.0,1.0,0.0,-1.073333333333333,1.0,0.0,0.0,1.0,0.7008547008547018,0.0,0.0,0.0,-0.35087719298245595,0.0,0.0,0.0,1.0,0.0,0.0,0.9140401146131805,0.0,0.0,Enrolled
1084,0.40616246528140665,0.33333333333333326,0.6666666666666666,0.4620973030429342,-0.3333333333333332,-0.25,0.0,1.0,0.0,1.0,0.5,1.326666666666667,0.0,1.0,0.0,1.0,-0.6923076923076937,0.0,1.0,0.0,0.8011695906432738,0.0,0.0,0.0,1.0,0.0,0.0,0.48710601719197705,-0.3478260869565217,0.0,Graduate
1085,0.3011204476122801,0.33333333333333326,0.3333333333333333,0.16435419341392246,0.22222222222222213,0.0,0.0,1.0,0.0,1.0,0.0,-0.6066666666666662,0.0,1.0,0.0,1.0,0.4188034188034197,0.0,1.0,0.0,-0.13450292397660796,0.0,0.0,0.0,1.0,0.0,1.0,0.1346704871060172,-0.7391304347826085,0.0,Graduate
1086,-1.5686274513099354,-1.6666666666666667,-1.6666666666666667,-5.1354731137974134,-1.9999999999999996,-2.0,0.0,1.0,0.0,1.0,0.0,-0.4066666666666663,1.0,0.0,0.0,1.0,-0.4529914529914532,0.0,0.0,0.0,-0.5555555555555552,0.0,0.0,0.0,1.0,0.0,1.0,-1.2550143266475644,0.608695652173913,0.0,Dropout
1087,0.4411764711711155,0.33333333333333326,0.3333333333333333,0.5613450062526048,-0.3333333333333332,-0.5,0.0,1.0,0.0,1.0,0.0,-0.47333333333333294,0.0,1.0,0.0,1.0,0.11965811965812026,0.0,0.0,0.0,-0.22222222222222193,0.0,0.0,0.0,1.0,0.0,0.0,0.9140401146131805,0.0,0.0,Graduate
1089,-0.37114845946172564,-0.23809523809523814,0.0,-0.38349312213422243,0.619047619047619,0.75,0.0,1.0,0.0,1.0,0.5,-1.273333333333333,1.0,0.0,0.0,1.0,0.0,0.0,0.0,0.0,-1.005847953216374,0.0,0.0,0.0,1.0,0.0,1.0,0.1346704871060172,-0.7391304347826085,1.0,Enrolled
1090,-1.5686274513099354,-1.6666666666666667,-1.6666666666666667,-5.1354731137974134,-1.9999999999999996,-2.0,0.0,1.0,0.0,1.0,-3.0,-0.006666666666666288,1.0,0.0,0.0,1.0,0.44444444444444514,0.0,0.0,0.0,0.40935672514619864,0.0,0.0,0.0,1.0,0.0,0.0,-1.2550143266475644,0.608695652173913,0.0,Enrolled
1091,-0.15686274513099357,-0.06666666666666665,-0.3333333333333333,-0.13338891204668618,0.3333333333333332,-0.25,0.0,1.0,0.0,1.0,-0.5,-0.20666666666666628,1.0,0.0,0.0,1.0,-0.08547008547008556,0.0,0.0,0.0,-0.12865497076023402,0.0,0.0,0.0,1.0,0.0,0.0,0.0,0.5217391304347826,0.0,Graduate
1092,-1.5686274513099354,-1.6666666666666667,-1.6666666666666667,-5.1354731137974134,-0.3333333333333332,-0.5,0.0,1.0,0.0,1.0,0.0,-0.4066666666666663,1.0,0.0,0.0,1.0,-0.15384615384615374,0.0,0.0,0.0,-0.35087719298245595,0.0,0.0,0.0,1.0,0.0,2.0,0.9140401146131805,0.0,0.0,Dropout
1093,-0.22058823534045954,0.0,0.0,-0.5502292621925802,1.8888888888888888,1.5,0.0,1.0,0.0,1.0,0.0,0.6600000000000004,1.0,0.0,0.0,1.0,-0.9316239316239318,0.0,0.0,0.0,0.05263157894736873,0.0,1.0,0.0,1.0,0.0,2.0,0.0,0.5217391304347826,0.0,Graduate
1094,-0.09803921570687095,0.0,0.0,-0.13338891204668618,1.3333333333333333,1.0,0.0,1.0,0.0,1.0,0.0,-0.20666666666666628,1.0,0.0,0.0,1.0,-0.2991452991452994,0.0,0.0,0.0,-0.2748538011695907,0.0,0.0,0.0,1.0,0.0,3.0,-1.2550143266475644,0.608695652173913,0.0,Dropout
1095,0.3885154064541699,0.33333333333333326,0.6666666666666666,0.4120764610254273,-0.3333333333333332,-0.25,0.0,1.0,0.0,1.0,0.5,0.19333333333333372,0.0,1.0,0.0,1.0,-0.15384615384615374,0.0,0.0,1.0,0.17543859649122798,0.0,0.0,0.0,1.0,0.0,2.0,0.42120343839541546,-0.39130434782608686,0.0,Graduate
1097,-1.5686274513099354,-1.6666666666666667,-1.6666666666666667,-5.1354731137974134,-0.3333333333333332,-0.5,1.0,0.0,1.0,0.0,0.0,-1.5399999999999996,1.0,0.0,1.0,0.0,0.14529914529914567,0.0,0.0,0.0,-1.1403508771929818,0.0,0.0,0.0,0.0,0.0,0.0,0.4068767908309455,0.0,0.0,Dropout
1099,0.29411764761080894,0.33333333333333326,0.3333333333333333,0.14450465610671082,-0.05555555555555535,-0.25,0.0,1.0,0.0,1.0,0.0,0.12666666666666704,0.0,1.0,0.0,1.0,-0.4188034188034185,0.0,1.0,0.0,-0.0643274853801166,0.0,0.0,0.0,1.0,0.0,0.0,0.4068767908309455,0.0,0.0,Graduate
1100,0.5006740197130266,0.33333333333333326,1.0,0.7299916631929964,-0.3333333333333332,0.0,0.0,1.0,0.0,1.0,1.0,-0.006666666666666288,0.0,1.0,0.0,1.0,0.05982905982906013,0.0,1.0,1.0,0.14619883040935666,0.0,0.0,0.0,1.0,0.0,1.0,-0.98567335243553,-0.9565217391304347,0.0,Graduate
1102,-1.5686274513099354,-1.6666666666666667,-1.6666666666666667,-5.1354731137974134,-1.9999999999999996,-2.0,1.0,0.0,1.0,0.0,0.0,-0.7399999999999997,1.0,0.0,0.0,1.0,0.4188034188034197,0.0,0.0,0.0,-0.2514619883040933,0.0,0.0,0.0,1.0,0.0,0.0,-0.98567335243553,-0.9565217391304347,0.0,Dropout
1103,-0.6862745099480968,-0.6666666666666667,-0.6666666666666666,-0.13338891204668618,0.7777777777777779,0.5,0.0,1.0,0.0,1.0,0.0,-0.8066666666666663,1.0,0.0,0.0,1.0,0.3589743589743596,0.0,1.0,0.0,-0.35087719298245595,0.0,0.0,0.0,1.0,0.0,1.0,0.4068767908309455,0.0,0.0,Enrolled
1104,-0.5833333331617645,-0.4666666666666668,0.3333333333333333,-0.48075586911213014,1.0,2.5,0.0,1.0,0.0,1.0,2.0,-0.673333333333333,1.0,0.0,0.0,1.0,-0.39316239316239304,0.0,0.0,0.0,-0.748538011695906,0.0,0.0,0.0,1.0,0.0,0.0,0.0,0.5217391304347826,0.0,Enrolled
1105,-0.9313725492152741,-1.0,-1.0,0.28345143809920775,1.3333333333333333,1.0,0.0,1.0,0.0,1.0,0.0,-0.33999999999999964,1.0,0.0,0.0,1.0,-0.2136752136752139,0.0,1.0,0.0,-0.3333333333333333,0.0,1.0,0.0,1.0,0.0,0.0,0.0,0.5217391304347826,0.0,Graduate
1106,-1.5686274513099354,-1.6666666666666667,-1.6666666666666667,-5.1354731137974134,-1.9999999999999996,-2.0,0.0,1.0,0.0,1.0,-3.0,0.3933333333333337,1.0,0.0,0.0,1.0,-0.5128205128205133,0.0,1.0,0.0,0.10526315789473663,0.0,0.0,0.0,1.0,0.0,3.0,0.4068767908309455,0.0,0.0,Dropout
1107,0.34883578420318656,0.08333333333333326,0.6666666666666666,1.0760435889954143,-0.3333333333333332,0.0,0.0,1.0,0.0,1.0,1.0,-0.6066666666666662,0.0,1.0,0.0,1.0,0.38461538461538497,0.0,1.0,1.0,-0.15789473684210534,0.0,1.0,1.0,1.0,1.0,1.0,-0.98567335243553,-0.9565217391304347,1.0,Dropout
1109,-0.6250000001313023,-0.5,0.6666666666666666,-0.5502292621925802,-0.3333333333333332,1.0,1.0,0.0,1.0,0.0,3.0,-1.5399999999999996,1.0,0.0,0.0,1.0,2.0000000000000013,0.0,0.0,0.0,0.1286549707602332,0.0,0.0,0.0,0.0,0.0,0.0,0.9140401146131805,0.0,0.0,Dropout
1110,-0.10980392159169547,-0.06666666666666665,-0.3333333333333333,0.033347228011671545,0.3333333333333332,-0.25,0.0,1.0,0.0,1.0,-0.5,0.32666666666666705,1.0,0.0,0.0,1.0,0.1794871794871804,0.0,0.0,0.0,0.52046783625731,0.0,0.0,0.0,1.0,0.0,3.0,0.0,0.5217391304347826,0.0,Graduate
1111,0.1960784314137419,0.33333333333333326,0.3333333333333333,-0.13338891204668618,-0.05555555555555535,-0.25,0.0,1.0,0.0,1.0,0.0,0.46000000000000035,1.0,0.0,0.0,1.0,0.44444444444444514,0.0,0.0,0.0,0.8187134502923973,0.0,0.0,0.0,0.0,0.0,0.0,0.42120343839541546,-0.39130434782608686,0.0,Graduate
1112,0.2160364152414641,0.33333333333333326,0.6666666666666666,-0.0768177198832851,-0.09523809523809526,0.0,0.0,1.0,0.0,1.0,0.5,-0.47333333333333294,0.0,1.0,0.0,1.0,-0.4529914529914532,0.0,1.0,1.0,-0.6140350877192979,0.0,0.0,0.0,1.0,0.0,4.0,0.42120343839541546,-0.39130434782608686,0.0,Graduate
1113,-0.24299719893060154,-0.23809523809523814,0.0,0.12505210504376774,0.38095238095238104,0.5,0.0,1.0,0.0,1.0,0.5,-1.3399999999999996,0.0,1.0,0.0,1.0,-0.09401709401709363,0.0,1.0,1.0,-1.1286549707602331,0.0,0.0,0.0,1.0,0.0,1.0,0.48710601719197705,-0.3478260869565217,0.0,Enrolled
1115,0.16666666712184838,0.04761904761904745,0.3333333333333333,0.603029041267194,0.857142857142857,1.0,0.0,1.0,0.0,1.0,0.5,0.7933333333333337,0.0,1.0,0.0,1.0,-0.27350427350427403,0.0,1.0,1.0,0.6198830409356719,0.0,0.0,0.0,1.0,0.0,0.0,-1.2550143266475644,0.608695652173913,0.0,Graduate
1116,0.3602328432129341,0.33333333333333326,1.0,0.3319091288036683,-0.3333333333333332,0.0,0.0,1.0,0.0,1.0,1.0,-0.6066666666666662,1.0,0.0,0.0,1.0,0.04273504273504278,0.0,0.0,1.0,-0.391812865497076,0.0,0.0,0.0,1.0,0.0,0.0,-0.98567335243553,-0.9565217391304347,0.0,Graduate
1117,-1.5686274513099354,-1.6666666666666667,-1.6666666666666667,-5.1354731137974134,-0.3333333333333332,-0.75,1.0,0.0,1.0,0.0,-0.5,1.7933333333333337,1.0,0.0,0.0,1.0,-0.2393162393162393,0.0,1.0,0.0,1.5204678362573092,0.0,0.0,0.0,1.0,0.0,0.0,0.4068767908309455,0.0,0.0,Dropout
1118,0.03221288516082898,0.04761904761904745,0.3333333333333333,0.1583993330554393,0.14285714285714307,0.25,0.0,1.0,0.0,1.0,0.5,0.32666666666666705,1.0,0.0,0.0,1.0,0.9829059829059851,0.0,1.0,1.0,1.0701754385964914,0.0,0.0,0.0,1.0,0.0,0.0,0.1346704871060172,-0.7391304347826085,0.0,Graduate
1119,0.17507002846815203,0.33333333333333326,0.6666666666666666,-0.1929375323051273,0.619047619047619,0.75,0.0,1.0,0.0,1.0,0.5,-0.20666666666666628,1.0,0.0,0.0,1.0,2.923076923076926,1.0,0.0,0.0,1.9298245614035079,0.0,0.0,0.0,1.0,0.0,1.0,0.42120343839541546,-0.39130434782608686,0.0,Enrolled
1121,-0.02450980392671798,-0.3333333333333335,-0.3333333333333333,1.4297624010004162,0.5,0.25,0.0,1.0,0.0,1.0,0.0,2.4600000000000004,1.0,0.0,0.0,1.0,-2.1196581196581215,1.0,0.0,0.0,0.8187134502923973,0.0,0.0,0.0,1.0,0.0,0.0,-0.98567335243553,-0.9565217391304347,0.0,Enrolled
1122,0.39215686233728797,0.33333333333333326,0.0,0.42239822009170475,0.0,-0.5,0.0,1.0,0.0,1.0,-0.5,-1.473333333333333,1.0,0.0,0.0,1.0,-0.03418803418803349,0.0,1.0,0.0,-1.2046783625730986,0.0,0.0,0.0,1.0,0.0,2.0,0.0,0.5217391304347826,0.0,Graduate
1123,0.542483660898281,0.33333333333333326,0.6666666666666666,0.8485016923718215,0.14285714285714307,0.25,0.0,1.0,0.0,1.0,0.5,-2.206666666666666,1.0,0.0,0.0,1.0,3.521367521367525,0.0,0.0,1.0,0.5847953216374266,0.0,0.0,0.0,1.0,0.0,0.0,-1.2550143266475644,0.608695652173913,0.0,Graduate
1124,0.34313725497404846,0.33333333333333326,0.3333333333333333,0.28345143809920775,0.22222222222222213,0.0,0.0,1.0,1.0,0.0,0.0,1.7933333333333337,0.0,1.0,1.0,0.0,0.44444444444444514,0.0,0.0,0.0,1.9883040935672505,0.0,0.0,0.0,0.0,0.0,0.0,-1.2550143266475644,0.608695652173913,0.0,Graduate
1125,0.3186274505571347,0.33333333333333326,0.3333333333333333,0.21397804501875775,-0.3333333333333332,-0.5,0.0,1.0,0.0,1.0,0.0,1.2600000000000005,0.0,1.0,0.0,1.0,-0.658119658119659,0.0,1.0,0.0,0.7660818713450285,0.0,0.0,0.0,1.0,0.0,0.0,-0.3553008595988538,-0.4782608695652173,0.0,Graduate
1126,0.37254901968610943,0.33333333333333326,0.0,0.36681950812838626,-0.3333333333333332,-0.75,0.0,1.0,0.0,1.0,-0.5,0.726666666666667,0.0,1.0,0.0,1.0,-1.0170940170940173,0.0,1.0,0.0,0.05263157894736873,0.0,0.0,0.0,1.0,0.0,1.0,-0.98567335243553,-0.9565217391304347,0.0,Graduate
1127,0.932189543333093,0.33333333333333326,0.6666666666666666,1.9531286202584406,0.14285714285714307,0.25,0.0,1.0,0.0,1.0,0.5,0.04666666666666781,1.0,0.0,0.0,1.0,4.735042735042739,1.0,0.0,1.0,3.3918128654970743,0.0,0.0,0.0,0.0,0.0,0.0,-1.2550143266475644,0.608695652173913,0.0,Graduate
1128,-0.269607843193895,0.0,0.0,-0.7169654022509379,0.22222222222222213,0.0,1.0,0.0,1.0,0.0,0.0,-0.5399999999999996,0.0,1.0,1.0,0.0,0.44444444444444514,0.0,1.0,0.0,-0.05847953216374266,0.0,0.0,0.0,1.0,0.0,0.0,0.4068767908309455,0.0,0.0,Graduate
1129,0.4901960785343547,0.33333333333333326,0.0,0.7002917882451017,-0.3333333333333332,-0.75,0.0,1.0,0.0,1.0,-0.5,1.1266666666666671,0.0,1.0,0.0,1.0,-0.5384615384615388,0.0,1.0,0.0,0.7309941520467833,0.0,0.0,0.0,1.0,0.0,0.0,0.42120343839541546,-0.39130434782608686,0.0,Graduate
1130,-0.009803922122157631,0.08333333333333326,0.6666666666666666,-0.08575001667361377,-0.3333333333333332,0.0,0.0,1.0,0.0,1.0,1.0,0.6600000000000004,0.0,1.0,0.0,1.0,-0.36752136752136766,0.0,0.0,1.0,0.43859649122806993,0.0,0.0,0.0,1.0,0.0,4.0,-0.5787965616045845,1.0,0.0,Graduate
1131,0.35177696085821625,0.33333333333333326,1.0,0.307940808670279,-0.3333333333333332,0.0,0.0,1.0,0.0,1.0,1.0,0.7933333333333337,0.0,1.0,0.0,1.0,0.14529914529914567,0.0,1.0,1.0,0.9064327485380113,0.0,0.0,0.0,1.0,0.0,2.0,-0.98567335243553,-0.9565217391304347,0.0,Graduate
1132,0.14093137313009746,0.08333333333333326,0.6666666666666666,0.4025486827844931,-0.3333333333333332,0.0,0.0,1.0,0.0,1.0,1.0,-0.873333333333333,1.0,0.0,0.0,1.0,1.2991452991453007,0.0,0.0,1.0,0.23391812865497064,0.0,0.0,0.0,1.0,0.0,0.0,-0.5787965616045845,1.0,0.0,Graduate
1133,-0.2745098039792385,-0.06666666666666665,-0.3333333333333333,-0.5502292621925802,1.0,0.25,0.0,1.0,0.0,1.0,-0.5,0.32666666666666705,1.0,0.0,0.0,1.0,-0.15384615384615374,0.0,1.0,0.0,0.2923976608187133,0.0,0.0,0.0,1.0,0.0,0.0,0.42120343839541546,-0.39130434782608686,0.0,Enrolled
1134,0.5007002800071498,0.33333333333333326,0.6666666666666666,0.7300660983743223,-0.3333333333333332,-0.25,0.0,1.0,0.0,1.0,0.5,0.7933333333333337,0.0,1.0,0.0,1.0,0.44444444444444514,0.0,1.0,1.0,1.1111111111111105,0.0,0.0,0.0,1.0,0.0,0.0,0.1346704871060172,-0.7391304347826085,0.0,Graduate
1135,-1.5686274513099354,-1.6666666666666667,-1.6666666666666667,-5.1354731137974134,-1.9999999999999996,-2.0,1.0,0.0,1.0,0.0,0.0,-0.7399999999999997,1.0,0.0,0.0,1.0,-0.2136752136752139,0.0,0.0,0.0,-0.6842105263157893,0.0,0.0,0.0,1.0,0.0,0.0,-1.2550143266475644,0.608695652173913,0.0,Dropout
1136,-0.8333333335084032,-0.7777777777777779,-0.3333333333333333,-0.4460191746561067,-0.3333333333333332,0.25,1.0,0.0,1.0,0.0,1.5,-1.5399999999999996,1.0,0.0,0.0,1.0,0.2991452991452994,0.0,0.0,0.0,-1.0350877192982453,0.0,0.0,0.0,0.0,0.0,0.0,0.42120343839541546,-0.39130434782608686,0.0,Dropout
1137,0.4901960785343547,0.33333333333333326,0.3333333333333333,0.7002917882451017,-0.3333333333333332,-0.5,0.0,1.0,0.0,1.0,0.0,0.19333333333333372,0.0,1.0,0.0,1.0,-0.4786324786324786,0.0,1.0,0.0,-0.04678362573099396,0.0,0.0,0.0,1.0,0.0,2.0,0.4068767908309455,0.0,0.0,Graduate
1138,0.22058823583065565,0.33333333333333326,0.3333333333333333,-0.06391551896623615,0.22222222222222213,0.0,0.0,1.0,0.0,1.0,0.0,0.7933333333333337,0.0,1.0,0.0,1.0,-0.6923076923076937,0.0,1.0,0.0,0.3333333333333325,0.0,0.0,0.0,1.0,0.0,0.0,0.4068767908309455,0.0,0.0,Dropout
1139,0.14240196118187715,0.08333333333333326,0.6666666666666666,0.4073125719049598,-0.3333333333333332,0.0,0.0,1.0,0.0,1.0,1.0,0.5266666666666671,1.0,0.0,0.0,1.0,-0.8119658119658127,0.0,0.0,1.0,0.017543859649122633,0.0,0.0,0.0,1.0,0.0,3.0,0.4068767908309455,0.0,0.0,Graduate
1141,0.39754901969136175,0.33333333333333326,0.6666666666666666,0.43768236765318824,0.619047619047619,0.75,0.0,1.0,0.0,1.0,0.5,-0.20666666666666628,1.0,0.0,0.0,1.0,0.02564102564102542,0.0,1.0,1.0,-0.05263157894736873,0.0,0.0,0.0,1.0,0.0,5.0,-1.2550143266475644,0.608695652173913,0.0,Graduate
1143,0.1960784314137422,-0.06666666666666665,-0.3333333333333333,1.1171321383909958,-0.3333333333333332,-0.75,0.0,1.0,0.0,1.0,-0.5,-0.33999999999999964,1.0,0.0,0.0,1.0,0.6837606837606857,0.0,1.0,0.0,0.28070175438596545,0.0,0.0,0.0,1.0,0.0,0.0,0.0,0.5217391304347826,0.0,Dropout
1144,0.39215686233728797,0.33333333333333326,0.3333333333333333,0.42239822009170475,-0.3333333333333332,-0.5,0.0,1.0,1.0,0.0,0.0,1.2600000000000005,0.0,1.0,1.0,0.0,0.6239316239316243,0.0,1.0,0.0,1.6432748538011683,0.0,0.0,0.0,1.0,0.0,0.0,-0.5787965616045845,1.0,0.0,Graduate
1145,-0.5098039216757291,-0.4666666666666668,-0.6666666666666666,-0.13338891204668618,0.6666666666666667,0.0,0.0,1.0,0.0,1.0,-0.5,-0.07333333333333296,0.0,1.0,0.0,1.0,-0.3589743589743596,0.0,0.0,0.0,-0.19883040935672538,0.0,0.0,0.0,1.0,0.0,1.0,0.4068767908309455,0.0,0.0,Enrolled
1146,0.07352941178015329,0.0,0.0,0.4501875781575655,-0.05555555555555535,-0.25,0.0,1.0,0.0,1.0,0.0,-1.7399999999999995,1.0,0.0,0.0,1.0,0.14529914529914567,0.0,1.0,0.0,-1.31578947368421,0.0,1.0,0.0,1.0,0.0,1.0,0.0,0.5217391304347826,1.0,Graduate
1147,-1.5686274513099354,-1.6666666666666667,-1.6666666666666667,-5.1354731137974134,-1.9999999999999996,-2.0,0.0,1.0,0.0,1.0,-3.0,-0.13999999999999962,1.0,0.0,0.0,1.0,0.5982905982906,0.0,1.0,0.0,0.39766081871345077,0.0,0.0,0.0,1.0,0.0,0.0,0.0,0.5217391304347826,0.0,Enrolled
1148,-0.21568627455511621,-0.06666666666666665,-0.3333333333333333,-0.34180908711963315,1.0,0.25,0.0,1.0,0.0,1.0,-0.5,0.5266666666666671,1.0,0.0,0.0,1.0,-3.0598290598290627,0.0,0.0,0.0,-1.5204678362573092,0.0,0.0,0.0,1.0,0.0,0.0,0.9140401146131805,0.0,0.0,Graduate
1149,-0.056022408975354966,0.04761904761904745,0.3333333333333333,-0.13338891204668618,0.857142857142857,1.0,0.0,1.0,0.0,1.0,0.5,-0.873333333333333,1.0,0.0,0.0,1.0,0.08547008547008556,0.0,0.0,0.0,-0.5964912280701753,0.0,0.0,0.0,1.0,0.0,1.0,0.1346704871060172,-0.7391304347826085,1.0,Enrolled
1152,-1.5686274513099354,-1.6666666666666667,-1.6666666666666667,-5.1354731137974134,-1.9999999999999996,-2.0,0.0,1.0,0.0,1.0,-3.0,0.7933333333333337,1.0,0.0,0.0,1.0,0.8974358974358996,0.0,0.0,0.0,1.4210526315789473,0.0,0.0,0.0,1.0,0.0,0.0,-1.2550143266475644,0.608695652173913,0.0,Dropout
1154,-0.20938375354538855,-0.23809523809523814,0.0,0.2584410170904539,0.38095238095238104,0.5,0.0,1.0,0.0,1.0,0.5,0.32666666666666705,1.0,0.0,0.0,1.0,-0.4529914529914532,0.0,1.0,1.0,0.08771929824561399,0.0,0.0,0.0,1.0,0.0,0.0,-0.3553008595988538,-0.4782608695652173,0.0,Enrolled
1155,0.1374387257028931,0.08333333333333326,0.6666666666666666,0.39123444351813225,0.2916666666666667,0.75,0.0,1.0,0.0,1.0,1.0,0.12666666666666704,1.0,0.0,0.0,1.0,-0.7948717948717954,0.0,1.0,1.0,-0.3216374269005846,0.0,0.0,0.0,1.0,0.0,2.0,0.4068767908309455,0.0,0.0,Graduate
1156,-0.1274509804189321,-0.06666666666666665,-0.3333333333333333,-0.029178824510212698,1.0,0.25,0.0,1.0,0.0,1.0,-0.5,-1.0066666666666664,1.0,0.0,0.0,1.0,0.38461538461538497,0.0,1.0,0.0,-0.5087719298245613,0.0,0.0,0.0,1.0,0.0,0.0,0.9140401146131805,0.0,0.0,Enrolled
1157,-0.7107843136297165,-0.6666666666666667,-0.6666666666666666,-0.2723356940391831,0.5,0.25,1.0,0.0,1.0,0.0,0.0,-0.673333333333333,1.0,0.0,0.0,1.0,0.2393162393162393,0.0,0.0,0.0,-0.3157894736842107,0.0,0.0,0.0,1.0,0.0,0.0,0.4068767908309455,0.0,0.0,Dropout
1158,0.4271708682269965,0.33333333333333326,0.3333333333333333,0.5216459233013753,-0.05555555555555535,-0.25,0.0,1.0,0.0,1.0,0.0,-0.47333333333333294,0.0,1.0,0.0,1.0,-0.17948717948717918,0.0,0.0,0.0,-0.4269005847953213,0.0,0.0,0.0,1.0,0.0,3.0,0.9140401146131805,0.0,0.0,Graduate
1160,0.5196078432464161,0.33333333333333326,0.0,0.7836598582742802,0.3333333333333332,-0.25,0.0,1.0,0.0,1.0,-0.5,-0.8066666666666663,0.0,1.0,0.0,1.0,-0.27350427350427403,0.0,1.0,0.0,-0.783625730994152,0.0,0.0,0.0,1.0,0.0,0.0,0.48710601719197705,-0.3478260869565217,0.0,Graduate
1161,0.049019607853435634,0.33333333333333326,0.0,-0.5502292621925802,0.6666666666666667,0.0,0.0,1.0,0.0,1.0,-0.5,0.0,1.0,0.0,0.0,1.0,-0.9145299145299145,1.0,0.0,0.0,-0.5146198830409352,0.0,0.0,0.0,0.0,0.0,0.0,0.0,0.5217391304347826,0.0,Graduate
1162,-0.4236694678761209,-0.523809523809524,-0.3333333333333333,0.5439766569403915,1.809523809523809,2.0,0.0,1.0,0.0,1.0,0.5,-0.20666666666666628,1.0,0.0,0.0,1.0,0.44444444444444514,0.0,0.0,1.0,0.23391812865497064,0.0,0.0,0.0,0.0,0.0,0.0,0.42120343839541546,-0.39130434782608686,0.0,Enrolled
1163,0.3168504898949965,0.08333333333333326,0.6666666666666666,0.9724289870779487,-0.3333333333333332,0.0,0.0,1.0,0.0,1.0,1.0,0.3933333333333337,1.0,0.0,0.0,1.0,-0.1709401709401699,0.0,0.0,1.0,0.3391812865497081,0.0,0.0,0.0,1.0,0.0,2.0,0.4068767908309455,0.0,0.0,Graduate
1164,0.09803921521667483,0.33333333333333326,0.3333333333333333,-0.4112824802000832,0.5,0.25,0.0,1.0,0.0,1.0,0.0,1.7933333333333337,0.0,1.0,0.0,1.0,-4.940170940170945,1.0,0.0,0.0,-1.6959064327485371,0.0,0.0,0.0,1.0,0.0,0.0,-1.2550143266475644,0.608695652173913,0.0,Graduate
1165,-0.41736694686639375,-0.523809523809524,-0.3333333333333333,0.5752396832013332,0.857142857142857,1.0,1.0,0.0,1.0,0.0,0.5,-1.5399999999999996,1.0,0.0,1.0,0.0,2.153846153846156,1.0,0.0,1.0,0.23391812865497064,0.0,0.0,0.0,1.0,0.0,0.0,-0.3553008595988538,-0.4782608695652173,0.0,Dropout
1166,0.45008912705534077,0.33333333333333326,2.0,0.5866080575239677,-0.3333333333333332,0.75,0.0,1.0,0.0,1.0,2.5,0.46000000000000035,1.0,0.0,0.0,1.0,1.1282051282051295,1.0,0.0,0.0,1.2865497076023384,0.0,0.0,0.0,0.0,0.0,0.0,0.42120343839541546,-0.39130434782608686,0.0,Graduate
1168,0.24509803877698141,0.33333333333333326,0.3333333333333333,0.005557869945810766,0.5,0.25,0.0,1.0,0.0,1.0,0.0,-0.07333333333333296,1.0,0.0,0.0,1.0,0.02564102564102542,0.0,0.0,0.0,0.0643274853801166,0.0,1.0,0.0,1.0,0.0,1.0,0.0,0.5217391304347826,1.0,Graduate
1169,0.4901960785343547,0.33333333333333326,0.3333333333333333,0.7002917882451017,-0.3333333333333332,-0.5,0.0,1.0,0.0,1.0,0.0,0.3933333333333337,0.0,1.0,0.0,1.0,-0.8376068376068382,0.0,0.0,0.0,-0.11695906432748532,0.0,0.0,0.0,1.0,0.0,1.0,-1.2550143266475644,0.608695652173913,0.0,Dropout
1170,-0.21568627455511621,-0.06666666666666665,-0.3333333333333333,-0.34180908711963315,0.3333333333333332,-0.25,0.0,1.0,0.0,1.0,-0.5,0.12666666666666704,1.0,0.0,0.0,1.0,-0.717948717948718,0.0,1.0,0.0,-0.2690058479532159,0.0,0.0,0.0,1.0,0.0,0.0,-0.98567335243553,-0.9565217391304347,0.0,Graduate
1171,0.07843137256549662,0.33333333333333326,0.0,-0.46686119216340166,0.0,-0.5,0.0,1.0,0.0,1.0,-0.5,-1.073333333333333,1.0,0.0,0.0,1.0,0.5384615384615388,0.0,1.0,0.0,-0.46198830409356734,0.0,0.0,0.0,1.0,0.0,0.0,0.42120343839541546,-0.39130434782608686,0.0,Graduate
1173,-1.2745098041893226,-1.2666666666666666,-1.3333333333333333,-0.9670696123384741,0.0,-0.5,0.0,1.0,0.0,1.0,-0.5,0.726666666666667,1.0,0.0,0.0,1.0,-1.649572649572651,0.0,0.0,0.0,-0.3801169590643273,1.0,1.0,1.0,1.0,1.0,0.0,0.4068767908309455,0.0,1.0,Dropout
1174,-0.15686274513099357,-0.06666666666666665,-0.3333333333333333,-0.13338891204668618,-0.3333333333333332,-0.75,0.0,1.0,0.0,1.0,-0.5,-0.20666666666666628,1.0,0.0,0.0,1.0,-0.8205128205128208,1.0,0.0,0.0,-0.6315789473684206,0.0,0.0,0.0,1.0,0.0,0.0,0.42120343839541546,-0.39130434782608686,0.0,Enrolled
1175,-0.29411764712061284,-0.3333333333333335,-0.3333333333333333,0.28345143809920775,1.0555555555555554,0.75,0.0,1.0,0.0,1.0,0.0,0.46000000000000035,1.0,0.0,0.0,1.0,-0.39316239316239426,0.0,0.0,0.0,0.2456140350877185,0.0,0.0,0.0,1.0,0.0,0.0,-0.5787965616045845,1.0,0.0,Graduate
1176,-0.4901960785343547,-0.3333333333333335,-0.3333333333333333,-0.5502292621925802,-0.05555555555555535,-0.25,0.0,1.0,0.0,1.0,0.0,-0.20666666666666628,1.0,0.0,0.0,1.0,0.44444444444444514,0.0,0.0,0.0,0.23391812865497064,0.0,0.0,0.0,1.0,0.0,3.0,-0.3553008595988538,-0.4782608695652173,0.0,Dropout
1177,0.4271708682269965,0.33333333333333326,0.3333333333333333,0.5216459233013753,0.22222222222222213,0.0,0.0,1.0,0.0,1.0,0.0,-0.20666666666666628,1.0,0.0,0.0,1.0,0.1794871794871804,0.0,0.0,0.0,0.05263157894736873,0.0,0.0,0.0,1.0,0.0,1.0,-0.98567335243553,-0.9565217391304347,0.0,Graduate
1178,0.22058823534045988,0.0,0.0,0.950395998332638,-0.05555555555555535,-0.25,0.0,1.0,0.0,1.0,0.0,1.2600000000000005,1.0,0.0,0.0,1.0,1.8547008547008568,0.0,1.0,0.0,2.485380116959063,0.0,0.0,0.0,1.0,0.0,1.0,-0.3553008595988538,-0.4782608695652173,0.0,Graduate
1179,-0.8228291320356083,-0.8095238095238096,-0.6666666666666666,-0.2028623051271362,1.0952380952380953,1.25,0.0,1.0,1.0,0.0,0.5,0.0,1.0,0.0,1.0,0.0,0.1794871794871804,1.0,0.0,1.0,0.23391812865497064,0.0,0.0,0.0,1.0,0.0,0.0,-0.3553008595988538,-0.4782608695652173,0.0,Dropout
1180,0.2879901961389334,0.33333333333333326,0.6666666666666666,0.12713630679449753,0.619047619047619,0.75,0.0,1.0,0.0,1.0,0.5,0.46000000000000035,0.0,1.0,0.0,1.0,-1.0256410256410267,0.0,0.0,0.0,-0.18713450292397668,0.0,0.0,0.0,1.0,0.0,0.0,-0.5787965616045845,1.0,0.0,Graduate
1181,-0.6022408964850646,-0.523809523809524,-0.3333333333333333,-0.34180908711963315,0.857142857142857,1.0,0.0,1.0,0.0,1.0,0.5,0.0,1.0,0.0,0.0,1.0,-1.5299145299145307,1.0,0.0,1.0,-0.9356725146198825,0.0,0.0,0.0,1.0,0.0,0.0,-0.3553008595988538,-0.4782608695652173,0.0,Dropout
1183,0.28523284319717757,0.33333333333333326,0.6666666666666666,0.11932055022926173,0.14285714285714307,0.25,0.0,1.0,0.0,1.0,0.5,0.0,1.0,0.0,0.0,1.0,-1.6581196581196591,0.0,1.0,1.0,-1.0233918128654966,0.0,0.0,0.0,1.0,0.0,2.0,0.42120343839541546,-0.39130434782608686,0.0,Graduate
1184,0.049019607853435634,-0.06666666666666665,1.0,0.5960817007086282,0.5,1.75,1.0,0.0,1.0,0.0,2.0,0.46000000000000035,1.0,0.0,1.0,0.0,0.2905982905982902,0.0,0.0,0.0,0.7134502923976598,0.0,0.0,0.0,0.0,0.0,0.0,0.9140401146131805,0.0,0.0,Dropout
1185,0.14544817888209707,0.04761904761904745,0.3333333333333333,0.5328609128803669,0.38095238095238104,0.5,0.0,1.0,0.0,1.0,0.5,0.0,1.0,0.0,0.0,1.0,-2.7264957264957284,0.0,1.0,1.0,-1.7543859649122797,0.0,0.0,0.0,1.0,0.0,1.0,0.48710601719197705,-0.3478260869565217,0.0,Enrolled
1186,-0.20308123288580124,0.0,0.0,-0.490680641934139,1.0555555555555554,0.75,0.0,1.0,0.0,1.0,0.0,0.12666666666666704,0.0,1.0,0.0,1.0,-0.4529914529914532,0.0,1.0,0.0,-0.08771929824561399,0.0,0.0,0.0,1.0,0.0,0.0,-0.3553008595988538,-0.4782608695652173,0.0,Graduate
1187,0.2990196079059565,0.33333333333333326,2.0,0.1583993330554393,-0.3333333333333332,0.75,0.0,1.0,0.0,1.0,2.5,-0.873333333333333,1.0,0.0,0.0,1.0,0.44444444444444514,0.0,0.0,1.0,-0.35087719298245595,0.0,0.0,0.0,0.0,0.0,0.0,0.1346704871060172,-0.7391304347826085,0.0,Enrolled
1189,0.14705882405050236,0.33333333333333326,0.3333333333333333,-0.2723356940391831,0.22222222222222213,0.0,0.0,1.0,1.0,0.0,0.0,-0.33999999999999964,1.0,0.0,1.0,0.0,-0.17948717948717918,0.0,0.0,0.0,-0.30994152046783596,0.0,0.0,0.0,1.0,0.0,0.0,0.1346704871060172,-0.7391304347826085,0.0,Graduate
1190,0.4901960785343547,0.33333333333333326,0.3333333333333333,0.7002917882451017,0.22222222222222213,0.0,0.0,1.0,0.0,1.0,0.0,0.5266666666666671,0.0,1.0,0.0,1.0,-0.27350427350427403,0.0,1.0,0.0,0.38596491228070123,0.0,0.0,0.0,1.0,0.0,0.0,0.48710601719197705,-0.3478260869565217,0.0,Graduate
1191,-1.5686274513099354,-1.6666666666666667,-1.6666666666666667,-5.1354731137974134,1.0,0.25,0.0,1.0,0.0,1.0,-0.5,0.46000000000000035,1.0,0.0,0.0,1.0,0.44444444444444514,0.0,0.0,0.0,0.8187134502923973,0.0,1.0,1.0,0.0,1.0,1.0,0.4068767908309455,0.0,1.0,Dropout
1193,-1.5686274513099354,-1.6666666666666667,-1.6666666666666667,-5.1354731137974134,-1.9999999999999996,-2.0,0.0,1.0,0.0,1.0,-3.0,0.5933333333333337,0.0,1.0,0.0,1.0,0.44444444444444514,0.0,1.0,0.0,0.9356725146198825,0.0,0.0,0.0,1.0,0.0,0.0,0.1346704871060172,-0.7391304347826085,0.0,Graduate
1194,0.45625942705663713,0.33333333333333326,2.6666666666666665,0.6040978616090035,-0.20512820512820512,1.5,0.0,1.0,0.0,1.0,3.5,-0.20666666666666628,1.0,0.0,0.0,1.0,0.44444444444444514,0.0,0.0,0.0,0.23391812865497064,0.0,0.0,0.0,0.0,0.0,0.0,0.1346704871060172,-0.7391304347826085,0.0,Graduate
1195,0.7026143785789806,0.33333333333333326,4.333333333333333,1.3023945143809914,-0.14814814814814797,3.0,0.0,1.0,0.0,1.0,6.0,-0.20666666666666628,1.0,0.0,0.0,1.0,1.641025641025643,1.0,0.0,0.0,1.052631578947368,0.0,0.0,0.0,1.0,0.0,0.0,-1.2550143266475644,0.608695652173913,0.0,Graduate
1196,-0.11904761907262926,0.04761904761904745,0.3333333333333333,-0.34180908711963315,0.14285714285714307,0.25,0.0,1.0,0.0,1.0,0.5,-0.5399999999999996,1.0,0.0,0.0,1.0,0.7435897435897445,0.0,0.0,0.0,0.14619883040935666,0.0,0.0,0.0,1.0,0.0,0.0,0.1346704871060172,-0.7391304347826085,0.0,Enrolled
1197,-0.5882352942412258,-0.3333333333333335,-1.0,-0.9670696123384741,-0.3333333333333332,-1.25,1.0,0.0,1.0,0.0,-1.5,0.46000000000000035,1.0,0.0,0.0,1.0,0.44444444444444514,0.0,0.0,0.0,0.8187134502923973,0.0,0.0,0.0,0.0,0.0,0.0,0.4068767908309455,0.0,0.0,Dropout
1198,-0.3676470589007661,-0.3333333333333335,-0.3333333333333333,-0.029178824510212698,0.22222222222222213,0.0,0.0,1.0,0.0,1.0,0.0,-0.873333333333333,1.0,0.0,0.0,1.0,-0.07692307692307628,0.0,0.0,0.0,-0.7076023391812859,0.0,0.0,0.0,1.0,0.0,0.0,-0.5787965616045845,1.0,0.0,Dropout
1199,0.563725490314508,0.33333333333333326,0.3333333333333333,0.9087119633180487,-0.3333333333333332,-0.5,1.0,0.0,1.0,0.0,0.0,0.9266666666666671,1.0,0.0,0.0,1.0,-0.39316239316239426,0.0,1.0,0.0,0.6549707602339171,0.0,0.0,0.0,1.0,0.0,0.0,0.4068767908309455,0.0,0.0,Graduate
1201,0.7212885153476096,0.33333333333333326,0.3333333333333333,1.3553266235931631,-0.05555555555555535,-0.25,0.0,1.0,0.0,1.0,0.0,1.8600000000000003,1.0,0.0,0.0,1.0,-0.29914529914529825,0.0,1.0,0.0,1.5380116959064327,0.0,0.0,0.0,1.0,0.0,0.0,0.48710601719197705,-0.3478260869565217,0.0,Graduate
1202,0.12254901963358893,0.0,0.0,0.6169237182159233,0.22222222222222213,0.0,0.0,1.0,0.0,1.0,0.0,0.0,1.0,0.0,0.0,1.0,-1.316239316239317,1.0,0.0,0.0,-0.7894736842105259,0.0,0.0,0.0,0.0,0.0,0.0,-0.98567335243553,-0.9565217391304347,0.0,Graduate
1203,-0.6274509802298565,-0.4666666666666668,-0.6666666666666666,-0.689176044185077,0.6666666666666667,0.0,1.0,0.0,1.0,0.0,-0.5,1.1266666666666671,1.0,0.0,1.0,0.0,-3.743589743589747,1.0,0.0,0.0,-1.4619883040935666,0.0,0.0,0.0,1.0,0.0,1.0,0.4068767908309455,0.0,0.0,Dropout
1204,-0.14705882356030642,0.0,0.0,-0.3001250521050439,0.22222222222222213,0.0,0.0,1.0,1.0,0.0,0.0,-1.3399999999999996,0.0,1.0,1.0,0.0,0.38461538461538497,0.0,1.0,0.0,-0.8011695906432746,0.0,0.0,0.0,1.0,0.0,5.0,0.9140401146131805,0.0,0.0,Graduate
1205,-1.2500000002626048,-1.3333333333333335,-1.3333333333333333,0.28345143809920775,1.0555555555555554,0.75,1.0,0.0,1.0,0.0,0.0,0.46000000000000035,1.0,0.0,0.0,1.0,-1.7777777777777792,1.0,0.0,0.0,-0.7017543859649119,0.0,1.0,1.0,1.0,1.0,0.0,-0.98567335243553,-0.9565217391304347,1.0,Dropout
1208,0.3247549020290102,0.33333333333333326,0.3333333333333333,0.23134639433097104,0.7777777777777779,0.5,0.0,1.0,1.0,0.0,0.0,0.0,1.0,0.0,1.0,0.0,-0.6752136752136751,1.0,0.0,0.0,-0.35087719298245595,0.0,0.0,0.0,0.0,0.0,0.0,-0.3553008595988538,-0.4782608695652173,0.0,Enrolled
1210,-0.3676470589007661,-0.3333333333333335,-0.3333333333333333,-0.029178824510212698,0.7777777777777779,0.5,1.0,0.0,1.0,0.0,0.0,-0.873333333333333,1.0,0.0,1.0,0.0,0.931623931623933,1.0,0.0,0.0,-0.017543859649122633,0.0,0.0,0.0,1.0,0.0,0.0,0.9140401146131805,0.0,0.0,Dropout
1212,-0.5147058824610727,-0.3333333333333335,-0.3333333333333333,-0.6544393497290536,1.0555555555555554,0.75,0.0,1.0,0.0,1.0,0.0,-0.673333333333333,0.0,1.0,0.0,1.0,-0.39316239316239304,0.0,0.0,0.0,-0.748538011695906,0.0,0.0,0.0,1.0,0.0,0.0,-1.2550143266475644,0.608695652173913,0.0,Enrolled
1215,0.1372549015694511,0.04761904761904745,0.3333333333333333,0.5057662901208833,0.14285714285714307,0.25,0.0,1.0,0.0,1.0,0.5,-0.47333333333333294,0.0,1.0,0.0,1.0,0.04273504273504278,0.0,1.0,1.0,-0.2748538011695907,0.0,0.0,0.0,1.0,0.0,3.0,0.42120343839541546,-0.39130434782608686,0.0,Enrolled
1216,0.9166666668592435,0.33333333333333326,0.6666666666666666,1.9091288036681937,-0.3333333333333332,-0.25,0.0,1.0,0.0,1.0,0.5,2.8600000000000003,0.0,1.0,0.0,1.0,-0.09401709401709483,0.0,1.0,1.0,2.5555555555555536,0.0,0.0,0.0,1.0,0.0,0.0,-0.3553008595988538,-0.4782608695652173,0.0,Graduate
1217,-0.09803921570687095,0.0,0.0,-0.13338891204668618,0.7777777777777779,0.5,0.0,1.0,0.0,1.0,0.0,-0.6066666666666662,1.0,0.0,0.0,1.0,-0.09401709401709363,0.0,0.0,0.0,-0.4853801169590639,0.0,0.0,0.0,1.0,0.0,3.0,-0.3553008595988538,-0.4782608695652173,0.0,Graduate
1218,0.2696078431938952,0.33333333333333326,0.3333333333333333,0.0750312630262608,-0.3333333333333332,-0.5,0.0,1.0,0.0,1.0,0.0,-0.873333333333333,1.0,0.0,0.0,1.0,0.5982905982905988,0.0,0.0,0.0,-0.24561403508771934,0.0,0.0,0.0,0.0,0.0,0.0,0.42120343839541546,-0.39130434782608686,0.0,Graduate
1219,0.07383578377776635,0.08333333333333326,0.6666666666666666,0.18519621092121671,-0.3333333333333332,0.0,0.0,1.0,0.0,1.0,1.0,0.46000000000000035,1.0,0.0,0.0,1.0,-0.5555555555555549,0.0,1.0,1.0,0.1345029239766088,0.0,0.0,0.0,1.0,0.0,1.0,0.4068767908309455,0.0,0.0,Graduate
1220,0.45343137264427824,0.33333333333333326,0.0,0.5960817007086282,0.6666666666666667,0.0,0.0,1.0,0.0,1.0,-0.5,0.6600000000000004,0.0,1.0,0.0,1.0,-0.4786324786324798,0.0,0.0,0.0,0.3625730994152038,0.0,0.0,0.0,1.0,0.0,1.0,0.1346704871060172,-0.7391304347826085,0.0,Graduate
1221,-1.5686274513099354,-1.6666666666666667,-1.6666666666666667,-5.1354731137974134,-1.9999999999999996,-2.0,0.0,1.0,1.0,0.0,-3.0,0.19333333333333372,1.0,0.0,1.0,0.0,0.29914529914530064,0.0,1.0,0.0,0.48538011695906474,0.0,0.0,0.0,1.0,0.0,1.0,0.42120343839541546,-0.39130434782608686,0.0,Dropout
1222,0.5790616241412594,0.33333333333333326,0.6666666666666666,0.9521824551896615,-0.3333333333333332,-0.25,0.0,1.0,0.0,1.0,0.5,-0.07333333333333296,0.0,1.0,0.0,1.0,-0.2905982905982902,0.0,1.0,1.0,-0.1520467836257306,0.0,0.0,0.0,1.0,0.0,0.0,0.48710601719197705,-0.3478260869565217,0.0,Graduate
1223,-1.5686274513099354,-1.6666666666666667,-1.6666666666666667,-5.1354731137974134,0.3333333333333332,-0.25,1.0,0.0,1.0,0.0,-0.5,0.0,1.0,0.0,1.0,0.0,-0.5299145299145295,1.0,0.0,0.0,-0.2514619883040933,0.0,0.0,0.0,0.0,0.0,0.0,-0.3553008595988538,-0.4782608695652173,0.0,Dropout
1224,0.12663398654621177,0.0,0.0,0.6308183951646517,0.5,0.25,0.0,1.0,1.0,0.0,0.0,-2.206666666666666,0.0,1.0,1.0,0.0,3.0085470085470116,1.0,0.0,0.0,0.23391812865497064,0.0,0.0,0.0,0.0,0.0,0.0,-0.98567335243553,-0.9565217391304347,0.0,Graduate
1226,0.6582633050402514,0.33333333333333326,0.3333333333333333,1.1766807586494368,-0.05555555555555535,-0.25,0.0,1.0,0.0,1.0,0.0,1.326666666666667,0.0,1.0,0.0,1.0,1.0170940170940173,0.0,0.0,0.0,1.970760233918127,0.0,0.0,0.0,1.0,0.0,0.0,-0.5787965616045845,1.0,0.0,Graduate
1227,-0.6274509802298565,-0.4666666666666668,-0.6666666666666666,-0.689176044185077,0.6666666666666667,0.0,0.0,1.0,0.0,1.0,-0.5,1.7933333333333337,1.0,0.0,0.0,1.0,-0.29914529914529825,0.0,1.0,0.0,1.47953216374269,0.0,0.0,0.0,1.0,0.0,0.0,0.0,0.5217391304347826,0.0,Graduate
1228,-0.19607843141374204,0.0,0.0,-0.46686119216340166,1.0555555555555554,0.75,0.0,1.0,0.0,1.0,0.0,0.7933333333333337,1.0,0.0,0.0,1.0,-0.15384615384615374,0.0,0.0,0.0,0.7017543859649119,0.0,0.0,0.0,1.0,0.0,0.0,-0.98567335243553,-0.9565217391304347,0.0,Graduate
1229,0.4554534314682323,0.33333333333333326,1.0,0.6018132555231342,-0.3333333333333332,0.0,0.0,1.0,0.0,1.0,1.0,0.2600000000000004,1.0,0.0,0.0,1.0,-0.4529914529914532,0.0,1.0,1.0,0.02923976608187133,0.0,0.0,0.0,1.0,0.0,4.0,-0.98567335243553,-0.9565217391304347,0.0,Graduate
1230,0.1633986928447847,0.11111111111111094,1.0,0.3876615256356813,-0.14814814814814797,0.5,0.0,1.0,1.0,0.0,1.5,0.46000000000000035,1.0,0.0,1.0,0.0,0.44444444444444514,0.0,0.0,0.0,0.8187134502923973,0.0,0.0,0.0,0.0,0.0,0.0,0.9140401146131805,0.0,0.0,Enrolled
1231,-0.25560224147526645,0.0,0.0,-0.6693265068778654,0.7777777777777779,0.5,0.0,1.0,0.0,1.0,0.0,-0.873333333333333,0.0,1.0,0.0,1.0,-0.2136752136752139,0.0,1.0,0.0,-0.8011695906432746,0.0,0.0,0.0,1.0,0.0,0.0,-0.5787965616045845,1.0,0.0,Graduate
1232,0.22058823583065565,0.33333333333333326,0.3333333333333333,-0.06391551896623615,-0.3333333333333332,-0.5,0.0,1.0,1.0,0.0,0.0,-0.7399999999999997,1.0,0.0,1.0,0.0,0.8974358974358984,0.0,1.0,0.0,0.0760233918128653,0.0,0.0,0.0,1.0,0.0,0.0,-0.98567335243553,-0.9565217391304347,0.0,Graduate
1233,0.24109643898622474,0.04761904761904745,0.3333333333333333,0.8491633430596076,-0.09523809523809526,0.0,0.0,1.0,0.0,1.0,0.5,-0.20666666666666628,1.0,0.0,0.0,1.0,0.44444444444444514,0.0,0.0,1.0,0.23391812865497064,0.0,0.0,0.0,0.0,0.0,0.0,0.0,0.5217391304347826,0.0,Graduate
1234,0.3186274505571347,0.33333333333333326,0.3333333333333333,0.21397804501875775,-0.3333333333333332,-0.5,0.0,1.0,0.0,1.0,0.0,0.0,1.0,0.0,0.0,1.0,-1.1025641025641029,0.0,0.0,0.0,-0.6432748538011692,0.0,0.0,0.0,1.0,0.0,1.0,-0.3553008595988538,-0.4782608695652173,0.0,Graduate
1235,0.22328431432386917,0.08333333333333326,0.6666666666666666,0.6693265068778654,-0.3333333333333332,0.0,0.0,1.0,0.0,1.0,1.0,1.1266666666666671,1.0,0.0,0.0,1.0,-1.1367521367521376,0.0,0.0,1.0,0.3216374269005846,0.0,0.0,0.0,1.0,0.0,5.0,0.4068767908309455,0.0,0.0,Graduate
1236,-0.8627450982204645,-0.8666666666666667,-1.0,-0.13338891204668618,1.0,0.25,0.0,1.0,0.0,1.0,-0.5,0.0,1.0,0.0,0.0,1.0,-0.18803418803418726,1.0,0.0,0.0,-0.017543859649122633,0.0,0.0,0.0,1.0,0.0,0.0,0.4068767908309455,0.0,0.0,Dropout
1237,0.4082633049877303,0.33333333333333326,0.6666666666666666,0.46805216340141664,-0.3333333333333332,-0.25,0.0,1.0,0.0,1.0,0.5,0.5266666666666671,1.0,0.0,0.0,1.0,-0.7692307692307699,0.0,1.0,1.0,0.04678362573099396,0.0,0.0,0.0,1.0,0.0,5.0,-0.3553008595988538,-0.4782608695652173,0.0,Graduate
1238,-1.0980392159169547,-1.2666666666666666,-1.3333333333333333,1.5339724885368897,-0.3333333333333332,-0.75,0.0,1.0,0.0,1.0,-0.5,0.8600000000000004,1.0,0.0,0.0,1.0,-0.717948717948718,0.0,0.0,0.0,0.37426900584795336,1.0,0.0,0.0,1.0,0.0,0.0,-0.98567335243553,-0.9565217391304347,0.0,Dropout
1239,0.3615196079190867,0.33333333333333326,0.3333333333333333,0.3355564818674445,0.22222222222222213,0.0,0.0,1.0,0.0,1.0,0.0,1.1266666666666671,1.0,0.0,0.0,1.0,0.44444444444444514,0.0,0.0,0.0,1.4035087719298238,0.0,0.0,0.0,0.0,0.0,0.0,-0.3553008595988538,-0.4782608695652173,0.0,Graduate
1240,-1.5686274513099354,-1.6666666666666667,-1.6666666666666667,-5.1354731137974134,-0.05555555555555535,-0.25,0.0,1.0,0.0,1.0,0.0,0.0,1.0,0.0,0.0,1.0,-2.811965811965814,0.0,1.0,0.0,-1.8128654970760225,0.0,0.0,0.0,1.0,0.0,0.0,-1.2550143266475644,0.608695652173913,0.0,Dropout
1241,-0.6372549020946612,-0.5555555555555556,0.0,-0.38349312213422243,-0.3333333333333332,0.25,1.0,0.0,1.0,0.0,1.5,-0.873333333333333,1.0,0.0,0.0,1.0,1.1452991452991457,0.0,0.0,0.0,0.1286549707602332,0.0,0.0,0.0,1.0,0.0,0.0,0.4068767908309455,0.0,0.0,Dropout
1242,-0.7598039217282498,-0.6666666666666667,-1.0,-0.5502292621925802,2.9999999999999996,1.0,1.0,0.0,1.0,0.0,-1.0,1.1266666666666671,1.0,0.0,0.0,1.0,-1.264957264957266,1.0,0.0,0.0,0.23391812865497064,0.0,0.0,0.0,1.0,0.0,0.0,-0.98567335243553,-0.9565217391304347,0.0,Dropout
1243,-1.2450980394772613,-1.2666666666666666,-1.3333333333333333,-0.5502292621925802,2.333333333333333,1.25,0.0,1.0,0.0,1.0,-0.5,0.0,1.0,0.0,0.0,1.0,-2.3846153846153864,1.0,0.0,0.0,-1.5204678362573092,1.0,0.0,0.0,0.0,0.0,0.0,0.1346704871060172,-0.7391304347826085,0.0,Enrolled
1244,0.10620915075760726,0.0,0.0,0.5613450062526048,1.8888888888888888,1.5,0.0,1.0,0.0,1.0,0.0,0.46000000000000035,1.0,0.0,0.0,1.0,2.145299145299148,0.0,0.0,0.0,1.9824561403508765,0.0,0.0,0.0,0.0,0.0,0.0,-0.3553008595988538,-0.4782608695652173,0.0,Graduate
1245,-0.4166666667542016,-0.3333333333333335,-0.3333333333333333,-0.23759899958315966,0.7777777777777779,0.5,1.0,0.0,1.0,0.0,0.0,0.46000000000000035,1.0,0.0,0.0,1.0,-2.974358974358977,0.0,0.0,0.0,-1.5204678362573092,0.0,0.0,0.0,1.0,0.0,0.0,-0.5787965616045845,1.0,0.0,Dropout
1246,-1.3585434176523548,-1.380952380952381,-1.3333333333333333,-0.9670696123384741,0.619047619047619,0.75,0.0,1.0,0.0,1.0,0.5,0.0,1.0,0.0,0.0,1.0,-0.9743589743589746,1.0,0.0,0.0,-0.5555555555555552,0.0,0.0,0.0,1.0,0.0,0.0,-0.3553008595988538,-0.4782608695652173,0.0,Dropout
1247,0.4166666667542018,0.33333333333333326,0.3333333333333333,0.4918716131721548,0.22222222222222213,0.0,0.0,1.0,0.0,1.0,0.0,-0.33999999999999964,0.0,1.0,0.0,1.0,-0.2393162393162393,0.0,1.0,0.0,-0.35087719298245595,0.0,0.0,0.0,1.0,0.0,0.0,0.48710601719197705,-0.3478260869565217,0.0,Graduate
1248,-1.5686274513099354,-1.6666666666666667,-1.6666666666666667,-5.1354731137974134,-1.9999999999999996,-2.0,0.0,1.0,1.0,0.0,0.0,-1.073333333333333,1.0,0.0,1.0,0.0,0.44444444444444514,0.0,1.0,0.0,-0.526315789473684,0.0,0.0,0.0,1.0,0.0,2.0,0.42120343839541546,-0.39130434782608686,0.0,Dropout
1249,-1.2745098041893226,-1.3333333333333335,-1.3333333333333333,-0.13338891204668618,1.3333333333333333,1.0,0.0,1.0,1.0,0.0,0.0,0.46000000000000035,1.0,0.0,1.0,0.0,0.44444444444444514,0.0,0.0,0.0,0.8187134502923973,0.0,0.0,0.0,0.0,0.0,0.0,0.9140401146131805,0.0,0.0,Enrolled
1250,-0.6127450981679434,-0.6666666666666667,-0.6666666666666666,0.28345143809920775,1.0555555555555554,0.75,1.0,0.0,1.0,0.0,0.0,-0.6066666666666662,1.0,0.0,0.0,1.0,-0.05982905982906013,0.0,1.0,0.0,-0.46198830409356734,0.0,0.0,0.0,1.0,0.0,1.0,-0.98567335243553,-0.9565217391304347,0.0,Dropout
1252,0.17156862699682812,0.33333333333333326,0.3333333333333333,-0.2028623051271362,-0.3333333333333332,-0.5,0.0,1.0,0.0,1.0,0.0,0.2600000000000004,1.0,0.0,0.0,1.0,-0.3333333333333329,0.0,0.0,0.0,0.11111111111111138,0.0,0.0,0.0,1.0,0.0,0.0,-1.2550143266475644,0.608695652173913,0.0,Graduate
1253,-0.09803921570687095,0.0,0.0,-0.13338891204668618,0.7777777777777779,0.5,0.0,1.0,0.0,1.0,0.0,-0.673333333333333,0.0,1.0,0.0,1.0,0.08547008547008556,0.0,0.0,0.0,-0.42105263157894735,0.0,0.0,0.0,1.0,0.0,2.0,0.48710601719197705,-0.3478260869565217,0.0,Graduate
1254,-0.3186274510473308,-0.3333333333333335,-0.3333333333333333,0.1792413505627343,1.0555555555555554,0.75,0.0,1.0,0.0,1.0,0.0,-0.47333333333333294,1.0,0.0,0.0,1.0,0.5042735042735053,0.0,1.0,0.0,0.040935672514620026,0.0,0.0,0.0,1.0,0.0,0.0,0.0,0.5217391304347826,0.0,Graduate
1255,-1.5686274513099354,-1.6666666666666667,-1.6666666666666667,-5.1354731137974134,-0.3333333333333332,-0.75,0.0,1.0,0.0,1.0,-0.5,2.4600000000000004,1.0,0.0,0.0,1.0,0.44444444444444514,0.0,0.0,0.0,2.573099415204677,0.0,0.0,0.0,1.0,0.0,0.0,-0.5787965616045845,1.0,0.0,Enrolled
1256,-1.5686274513099354,-1.6666666666666667,-1.6666666666666667,-5.1354731137974134,-0.05555555555555535,-0.25,0.0,1.0,0.0,1.0,0.0,0.0,0.0,1.0,0.0,1.0,-1.5299145299145307,1.0,0.0,0.0,-0.9356725146198825,0.0,0.0,0.0,1.0,0.0,0.0,0.48710601719197705,-0.3478260869565217,0.0,Dropout
1258,0.14869281081555177,0.33333333333333326,0.6666666666666666,-0.26770413505627366,0.14285714285714307,0.25,0.0,1.0,0.0,1.0,0.5,-0.07333333333333296,1.0,0.0,0.0,1.0,-0.6666666666666671,0.0,1.0,0.0,-0.40935672514619864,0.0,0.0,0.0,1.0,0.0,2.0,-0.5787965616045845,1.0,0.0,Graduate
1259,0.18137254905771122,0.08333333333333326,0.6666666666666666,0.5335556481867441,-0.3333333333333332,0.0,0.0,1.0,0.0,1.0,1.0,-0.07333333333333296,0.0,1.0,0.0,1.0,-0.4273504273504278,0.0,1.0,1.0,-0.24561403508771934,0.0,0.0,0.0,1.0,0.0,3.0,-0.5787965616045845,1.0,0.0,Graduate
1260,0.7843137256549678,0.33333333333333326,0.3333333333333333,1.5339724885368897,-0.05555555555555535,-0.25,0.0,1.0,0.0,1.0,0.0,0.6600000000000004,1.0,0.0,0.0,1.0,-0.37606837606837573,0.0,1.0,0.0,0.43274853801169605,0.0,0.0,0.0,1.0,0.0,0.0,0.42120343839541546,-0.39130434782608686,0.0,Graduate
1261,-0.12254901963358843,0.0,0.0,-0.2167569820758647,0.5,0.25,0.0,1.0,0.0,1.0,0.0,0.2600000000000004,1.0,0.0,0.0,1.0,-0.03418803418803349,0.0,1.0,0.0,0.3157894736842107,0.0,0.0,0.0,1.0,0.0,2.0,0.0,0.5217391304347826,0.0,Graduate
1262,-1.5686274513099354,-1.6666666666666667,-1.6666666666666667,-5.1354731137974134,-0.3333333333333332,-0.75,0.0,1.0,1.0,0.0,-0.5,-0.20666666666666628,1.0,0.0,1.0,0.0,0.8717948717948729,0.0,0.0,0.0,0.526315789473684,1.0,0.0,0.0,1.0,0.0,0.0,0.1346704871060172,-0.7391304347826085,0.0,Dropout
1263,-1.5686274513099354,-1.6666666666666667,-1.6666666666666667,-5.1354731137974134,-1.9999999999999996,-2.0,0.0,1.0,0.0,1.0,0.0,-0.8066666666666663,1.0,0.0,0.0,1.0,0.5982905982905988,0.0,1.0,0.0,-0.18713450292397668,0.0,0.0,0.0,1.0,0.0,1.0,0.42120343839541546,-0.39130434782608686,0.0,Dropout
1264,0.8053221286005577,0.33333333333333326,0.3333333333333333,1.5935211087953307,-0.05555555555555535,-0.25,0.0,1.0,1.0,0.0,0.0,-0.20666666666666628,0.0,1.0,1.0,0.0,1.2991452991453007,1.0,0.0,0.0,0.8187134502923973,0.0,0.0,0.0,1.0,0.0,0.0,-0.98567335243553,-0.9565217391304347,0.0,Graduate
1266,0.4054534314577284,0.33333333333333326,1.0,0.4600875364735304,-0.3333333333333332,0.0,0.0,1.0,0.0,1.0,1.0,0.2600000000000004,0.0,1.0,0.0,1.0,-0.4700854700854705,0.0,1.0,1.0,0.017543859649122633,0.0,0.0,0.0,1.0,0.0,5.0,-0.98567335243553,-0.9565217391304347,0.0,Graduate
1268,0.0352328425931864,0.08333333333333326,0.6666666666666666,0.060144105877448964,-0.3333333333333332,0.0,0.0,1.0,0.0,1.0,1.0,-0.4066666666666663,0.0,1.0,0.0,1.0,-0.04273504273504278,0.0,0.0,1.0,-0.2748538011695907,0.0,0.0,0.0,1.0,0.0,1.0,0.4068767908309455,0.0,0.0,Graduate
1269,-0.24509803926717735,-0.21212121212121215,1.0,0.02292621925802405,0.7272727272727274,2.5,0.0,1.0,1.0,0.0,2.5,0.46000000000000035,1.0,0.0,1.0,0.0,0.017094017094017352,0.0,0.0,0.0,0.526315789473684,0.0,0.0,0.0,1.0,0.0,0.0,0.9140401146131805,0.0,0.0,Enrolled
1270,-1.323529412042758,-1.3333333333333335,-1.3333333333333333,-0.9670696123384741,0.22222222222222213,0.0,0.0,1.0,0.0,1.0,0.0,0.46000000000000035,1.0,0.0,0.0,1.0,-1.264957264957266,1.0,0.0,0.0,-0.35087719298245595,0.0,0.0,0.0,1.0,0.0,0.0,0.4068767908309455,0.0,0.0,Dropout
1271,-0.024509803926717654,0.0,0.0,0.11671529804085004,0.22222222222222213,0.0,0.0,1.0,0.0,1.0,0.0,-0.8066666666666663,1.0,0.0,0.0,1.0,-0.17948717948717918,0.0,0.0,0.0,-0.7192982456140345,0.0,0.0,0.0,1.0,0.0,0.0,-1.2550143266475644,0.608695652173913,0.0,Enrolled
1273,-0.9803921570687096,-0.8666666666666667,-1.0,-0.9670696123384741,0.3333333333333332,-0.25,0.0,1.0,0.0,1.0,-0.5,1.1933333333333338,1.0,0.0,0.0,1.0,-1.1709401709401723,0.0,1.0,0.0,0.3567251461988299,0.0,0.0,0.0,1.0,0.0,0.0,0.0,0.5217391304347826,0.0,Dropout
1274,-1.5686274513099354,-1.6666666666666667,-1.6666666666666667,-5.1354731137974134,-0.3333333333333332,-0.25,0.0,1.0,0.0,1.0,0.5,-0.20666666666666628,1.0,0.0,0.0,1.0,-0.38461538461538497,0.0,0.0,0.0,-0.3333333333333333,0.0,0.0,0.0,1.0,0.0,0.0,0.9140401146131805,0.0,0.0,Dropout
1275,0.13725490198961926,0.33333333333333326,0.0,-0.3001250521050439,0.3333333333333332,-0.25,0.0,1.0,0.0,1.0,-0.5,-0.873333333333333,1.0,0.0,0.0,1.0,0.44444444444444514,0.0,0.0,0.0,-0.35087719298245595,0.0,0.0,0.0,0.0,0.0,0.0,0.42120343839541546,-0.39130434782608686,0.0,Graduate
1276,0.22058823583065565,0.33333333333333326,0.3333333333333333,-0.06391551896623615,0.22222222222222213,0.0,0.0,1.0,0.0,1.0,0.0,0.19333333333333372,1.0,0.0,0.0,1.0,-0.658119658119659,0.0,0.0,0.0,-0.16959064327485404,0.0,0.0,0.0,1.0,0.0,1.0,0.48710601719197705,-0.3478260869565217,0.0,Graduate
1278,-0.09803921570687095,-0.06666666666666665,-0.3333333333333333,0.0750312630262608,0.6666666666666667,0.0,1.0,0.0,1.0,0.0,-0.5,0.0,1.0,0.0,0.0,1.0,1.0341880341880358,1.0,0.0,0.0,0.8187134502923973,0.0,0.0,0.0,1.0,0.0,0.0,-0.98567335243553,-0.9565217391304347,0.0,Dropout
1279,-0.3676470589007661,-0.3333333333333335,-0.3333333333333333,-0.029178824510212698,-0.3333333333333332,-0.5,0.0,1.0,0.0,1.0,0.0,0.0,0.0,1.0,0.0,1.0,-0.9743589743589746,1.0,0.0,0.0,-0.5555555555555552,0.0,0.0,0.0,1.0,0.0,0.0,0.42120343839541546,-0.39130434782608686,0.0,Enrolled
1280,0.15406162405197385,0.33333333333333326,0.3333333333333333,-0.2524861567319715,-0.05555555555555535,-0.25,0.0,1.0,0.0,1.0,0.0,-0.873333333333333,0.0,1.0,0.0,1.0,-0.15384615384615374,0.0,0.0,0.0,-0.7602339181286546,0.0,0.0,0.0,1.0,0.0,0.0,0.1346704871060172,-0.7391304347826085,0.0,Graduate
1281,0.4166666667542018,0.33333333333333326,0.3333333333333333,0.4918716131721548,-0.05555555555555535,-0.25,0.0,1.0,0.0,1.0,0.0,0.6600000000000004,0.0,1.0,0.0,1.0,-0.3333333333333329,0.0,1.0,0.0,0.46198830409356734,0.0,0.0,0.0,1.0,0.0,2.0,-0.3553008595988538,-0.4782608695652173,0.0,Graduate
1282,0.10729166613773614,0.08333333333333326,0.6666666666666666,0.29357470195914903,-0.3333333333333332,0.0,0.0,1.0,0.0,1.0,1.0,0.0,0.0,1.0,0.0,1.0,-1.05982905982906,0.0,1.0,1.0,-0.6140350877192979,0.0,0.0,0.0,1.0,0.0,2.0,0.4068767908309455,0.0,0.0,Graduate
1283,-1.5686274513099354,-1.6666666666666667,-1.6666666666666667,-5.1354731137974134,1.3333333333333333,1.0,1.0,0.0,1.0,0.0,0.0,-0.8066666666666663,1.0,0.0,0.0,1.0,0.05982905982906013,0.0,0.0,0.0,-0.5555555555555552,0.0,0.0,0.0,1.0,0.0,4.0,-0.98567335243553,-0.9565217391304347,0.0,Dropout
1284,0.9803921565785133,0.33333333333333326,0.0,2.08975962067528,0.0,-0.5,0.0,1.0,0.0,1.0,-0.5,2.326666666666667,0.0,1.0,0.0,1.0,0.717948717948718,0.0,1.0,0.0,2.6432748538011674,1.0,0.0,0.0,1.0,0.0,0.0,0.42120343839541546,-0.39130434782608686,0.0,Graduate
1285,-0.2745098039792385,-0.06666666666666665,-0.3333333333333333,-0.5502292621925802,0.3333333333333332,-0.25,0.0,1.0,0.0,1.0,-0.5,-0.6066666666666662,0.0,1.0,0.0,1.0,0.02564102564102542,0.0,1.0,0.0,-0.4035087719298247,0.0,0.0,0.0,1.0,0.0,0.0,-0.98567335243553,-0.9565217391304347,0.0,Graduate
1286,0.15406162510239374,0.04761904761904745,0.3333333333333333,0.5613450062526048,0.38095238095238104,0.5,0.0,1.0,0.0,1.0,0.5,-0.4066666666666663,1.0,0.0,0.0,1.0,-0.05982905982906013,0.0,0.0,0.0,-0.2865497076023394,0.0,0.0,0.0,1.0,0.0,1.0,0.42120343839541546,-0.39130434782608686,0.0,Dropout
1287,0.10416666668855036,0.33333333333333326,0.3333333333333333,-0.3939141308878699,0.5,0.25,0.0,1.0,0.0,1.0,0.0,-0.27333333333333293,0.0,1.0,0.0,1.0,0.7777777777777792,0.0,1.0,0.0,0.4035087719298247,0.0,0.0,0.0,1.0,0.0,1.0,0.0,0.5217391304347826,0.0,Enrolled
1288,0.3186274505571347,0.33333333333333326,0.3333333333333333,0.21397804501875775,-0.3333333333333332,-0.5,0.0,1.0,0.0,1.0,0.0,0.2600000000000004,1.0,0.0,0.0,1.0,0.08547008547008676,0.0,1.0,0.0,0.39766081871345077,0.0,0.0,0.0,1.0,0.0,0.0,0.4068767908309455,0.0,0.0,Graduate
1289,-0.024509803926717654,0.0,0.0,0.11671529804085004,0.5,0.25,0.0,1.0,0.0,1.0,0.0,-0.873333333333333,1.0,0.0,0.0,1.0,1.0170940170940186,0.0,1.0,0.0,0.040935672514620026,0.0,1.0,0.0,1.0,0.0,0.0,0.0,0.5217391304347826,1.0,Graduate
1290,0.23809523772509003,0.04761904761904745,0.3333333333333333,0.8392385702375987,-0.09523809523809526,0.0,0.0,1.0,0.0,1.0,0.5,-1.5399999999999996,1.0,0.0,0.0,1.0,0.08547008547008556,0.0,1.0,1.0,-1.181286549707602,0.0,0.0,0.0,1.0,0.0,0.0,0.48710601719197705,-0.3478260869565217,0.0,Graduate
1291,0.01960784314137432,-0.06666666666666665,-0.3333333333333333,0.4918716131721548,0.6666666666666667,0.0,0.0,1.0,0.0,1.0,-0.5,-0.873333333333333,0.0,1.0,0.0,1.0,0.20512820512820581,0.0,0.0,0.0,-0.5146198830409352,1.0,0.0,0.0,1.0,0.0,1.0,0.48710601719197705,-0.3478260869565217,0.0,Enrolled
1292,0.2696078437453658,0.08333333333333326,0.6666666666666666,0.8193890329303871,-0.3333333333333332,0.0,0.0,1.0,0.0,1.0,1.0,0.6600000000000004,1.0,0.0,0.0,1.0,0.18803418803418845,0.0,1.0,1.0,0.8187134502923973,0.0,0.0,0.0,1.0,0.0,0.0,-0.5787965616045845,1.0,0.0,Graduate
1293,-0.704656862893135,-0.6666666666666667,-0.6666666666666666,-0.23759899958315966,2.1666666666666665,1.75,0.0,1.0,0.0,1.0,0.0,-0.873333333333333,1.0,0.0,0.0,1.0,0.44444444444444514,0.0,0.0,0.0,-0.35087719298245595,0.0,0.0,0.0,0.0,0.0,0.0,0.1346704871060172,-0.7391304347826085,0.0,Dropout
1294,0.6078431373826,0.33333333333333326,0.0,1.0337640683618172,-0.3333333333333332,-0.75,0.0,1.0,0.0,1.0,-0.5,-0.6066666666666662,1.0,0.0,0.0,1.0,0.05982905982906013,0.0,0.0,0.0,-0.3801169590643273,1.0,0.0,0.0,1.0,0.0,4.0,0.9140401146131805,0.0,0.0,Graduate
1295,-1.5686274513099354,-1.6666666666666667,-1.6666666666666667,-5.1354731137974134,-0.05555555555555535,-0.25,1.0,0.0,1.0,0.0,0.0,2.326666666666667,1.0,0.0,1.0,0.0,-0.7606837606837606,1.0,0.0,0.0,1.6315789473684206,0.0,0.0,0.0,1.0,0.0,0.0,0.42120343839541546,-0.39130434782608686,0.0,Dropout
1296,-1.323529412042758,-1.3333333333333335,-1.3333333333333333,-0.9670696123384741,1.8888888888888888,1.5,0.0,1.0,0.0,1.0,0.0,0.0,1.0,0.0,0.0,1.0,0.1794871794871804,1.0,0.0,0.0,0.23391812865497064,0.0,0.0,0.0,0.0,0.0,0.0,-0.3553008595988538,-0.4782608695652173,0.0,Dropout
1297,-1.5686274513099354,-1.6666666666666667,-1.6666666666666667,-5.1354731137974134,-0.3333333333333332,-0.75,0.0,1.0,0.0,1.0,-0.5,1.1266666666666671,1.0,0.0,0.0,1.0,-3.2307692307692335,1.0,0.0,0.0,-1.1111111111111105,0.0,1.0,1.0,1.0,1.0,1.0,0.0,0.5217391304347826,1.0,Dropout
1298,-0.5098039216757291,-0.523809523809524,-0.3333333333333333,0.11671529804085004,0.38095238095238104,0.5,0.0,1.0,0.0,1.0,0.5,0.46000000000000035,1.0,0.0,0.0,1.0,-0.1709401709401699,1.0,0.0,1.0,0.39766081871345077,0.0,0.0,0.0,1.0,0.0,0.0,0.42120343839541546,-0.39130434782608686,0.0,Dropout
1299,0.25910364172110006,0.33333333333333326,0.0,0.045256952897040244,1.0,0.25,0.0,1.0,0.0,1.0,-0.5,0.7933333333333337,1.0,0.0,0.0,1.0,-1.051282051282052,0.0,1.0,0.0,0.08771929824561399,0.0,0.0,0.0,1.0,0.0,0.0,0.0,0.5217391304347826,0.0,Graduate
1300,-0.5882352942412258,-0.3333333333333335,-0.3333333333333333,-0.9670696123384741,0.7777777777777779,0.5,0.0,1.0,0.0,1.0,0.0,-1.0066666666666664,1.0,0.0,0.0,1.0,0.8974358974358984,0.0,0.0,0.0,-0.15789473684210534,0.0,0.0,0.0,1.0,0.0,0.0,-0.98567335243553,-0.9565217391304347,0.0,Enrolled
1301,-0.4803921572577854,-0.4666666666666668,-0.6666666666666666,0.005557869945810766,0.3333333333333332,-0.25,0.0,1.0,0.0,1.0,-0.5,-0.673333333333333,1.0,0.0,0.0,1.0,0.3589743589743596,0.0,0.0,0.0,-0.23391812865497064,0.0,0.0,0.0,1.0,0.0,0.0,0.9140401146131805,0.0,0.0,Dropout
1302,-1.5686274513099354,-1.6666666666666667,-1.6666666666666667,-5.1354731137974134,-1.9999999999999996,-2.0,1.0,0.0,1.0,0.0,0.0,-0.873333333333333,1.0,0.0,0.0,1.0,0.0,0.0,1.0,0.0,-0.654970760233918,0.0,0.0,0.0,1.0,0.0,4.0,0.9140401146131805,0.0,0.0,Dropout
1304,0.04901960785343531,0.15151515151515138,1.6666666666666667,-0.09170487703209694,-0.18181818181818185,1.0,0.0,1.0,1.0,0.0,2.5,-0.47333333333333294,1.0,0.0,1.0,0.0,-0.8376068376068382,0.0,0.0,0.0,-0.8771929824561399,0.0,0.0,0.0,1.0,0.0,0.0,0.48710601719197705,-0.3478260869565217,0.0,Graduate
1305,0.5952380947328932,0.33333333333333326,0.3333333333333333,0.9980348937057104,-0.05555555555555535,-0.25,0.0,1.0,0.0,1.0,0.0,0.2600000000000004,0.0,1.0,0.0,1.0,0.11965811965811904,0.0,1.0,0.0,0.4210526315789465,0.0,0.0,0.0,1.0,0.0,1.0,0.1346704871060172,-0.7391304347826085,0.0,Graduate
1306,0.29411764761080894,0.33333333333333326,0.3333333333333333,0.14450465610671082,-0.3333333333333332,-0.5,0.0,1.0,0.0,1.0,0.0,-0.20666666666666628,1.0,0.0,0.0,1.0,-0.15384615384615374,0.0,1.0,0.0,-0.17543859649122798,0.0,0.0,0.0,1.0,0.0,2.0,-0.5787965616045845,1.0,0.0,Graduate
1307,0.5467571638403549,0.33333333333333326,2.3333333333333335,0.8606149979157977,-0.05555555555555535,1.5,0.0,1.0,0.0,1.0,3.0,1.1266666666666671,0.0,1.0,0.0,1.0,0.44444444444444514,0.0,0.0,0.0,1.4035087719298238,0.0,0.0,0.0,0.0,0.0,0.0,0.9140401146131805,0.0,0.0,Graduate
1308,0.40196078439817107,0.33333333333333326,0.0,0.4501875781575655,-0.3333333333333332,-0.75,0.0,1.0,0.0,1.0,-0.5,0.9266666666666671,0.0,1.0,0.0,1.0,-0.8119658119658115,0.0,0.0,0.0,0.3684210526315794,0.0,0.0,0.0,1.0,0.0,2.0,-0.5787965616045845,1.0,0.0,Graduate
1309,0.1446078426161641,0.08333333333333326,0.6666666666666666,0.4144584035014587,-0.3333333333333332,0.0,0.0,1.0,0.0,1.0,1.0,0.46000000000000035,1.0,0.0,0.0,1.0,-0.7521367521367526,0.0,0.0,1.0,0.0,0.0,0.0,0.0,1.0,0.0,0.0,-0.5787965616045845,1.0,0.0,Graduate
1310,-0.02598039197849701,0.08333333333333326,0.6666666666666666,-0.1381528011671529,-0.3333333333333332,0.0,0.0,1.0,0.0,1.0,1.0,-0.07333333333333296,1.0,0.0,0.0,1.0,-0.6410256410256416,0.0,1.0,1.0,-0.391812865497076,0.0,0.0,0.0,1.0,0.0,2.0,0.4068767908309455,0.0,0.0,Graduate
1311,0.12923351228205193,0.33333333333333326,2.0,-0.3228617965819089,0.5757575757575757,2.25,0.0,1.0,0.0,1.0,2.5,-0.20666666666666628,1.0,0.0,0.0,1.0,0.7692307692307712,0.0,0.0,0.0,0.4561403508771934,0.0,0.0,0.0,0.0,0.0,0.0,0.9140401146131805,0.0,0.0,Graduate
1312,0.8521870286104033,0.33333333333333326,0.3333333333333333,1.7263603418090863,1.6111111111111107,1.25,0.0,1.0,0.0,1.0,0.0,-0.20666666666666628,0.0,1.0,0.0,1.0,0.14529914529914567,0.0,1.0,0.0,0.02923976608187133,0.0,0.0,0.0,1.0,0.0,0.0,-1.2550143266475644,0.608695652173913,0.0,Graduate
1313,0.4411764711711155,0.33333333333333326,0.3333333333333333,0.5613450062526048,-0.05555555555555535,-0.25,0.0,1.0,0.0,1.0,0.0,1.1933333333333338,0.0,1.0,0.0,1.0,-0.6324786324786323,0.0,1.0,0.0,0.7251461988304093,0.0,0.0,0.0,1.0,0.0,0.0,0.4068767908309455,0.0,0.0,Graduate
1314,0.29166666672794134,0.33333333333333326,0.6666666666666666,0.13755731554814504,-0.09523809523809526,0.0,0.0,1.0,0.0,1.0,0.5,0.726666666666667,1.0,0.0,0.0,1.0,-0.8376068376068382,0.0,1.0,1.0,0.17543859649122798,0.0,0.0,0.0,1.0,0.0,3.0,-0.3553008595988538,-0.4782608695652173,0.0,Dropout
1317,-0.5098039216757291,-0.4666666666666668,-0.6666666666666666,-0.13338891204668618,2.333333333333333,1.25,0.0,1.0,0.0,1.0,-0.5,-0.673333333333333,1.0,0.0,0.0,1.0,-0.3589743589743596,0.0,0.0,0.0,-0.7251461988304093,0.0,0.0,0.0,1.0,0.0,1.0,-0.98567335243553,-0.9565217391304347,0.0,Enrolled
1318,-0.6862745099480968,-0.6666666666666667,-0.6666666666666666,-0.13338891204668618,1.3333333333333333,1.0,1.0,0.0,1.0,0.0,0.0,-0.20666666666666628,0.0,1.0,0.0,1.0,0.29914529914530064,0.0,1.0,0.0,0.1345029239766088,0.0,1.0,1.0,1.0,0.0,4.0,0.0,0.5217391304347826,0.0,Dropout
1319,-0.3921568628274839,-0.3333333333333335,-0.3333333333333333,-0.13338891204668618,1.0555555555555554,0.75,0.0,1.0,0.0,1.0,0.0,-0.20666666666666628,0.0,1.0,0.0,1.0,0.44444444444444514,0.0,0.0,0.0,0.23391812865497064,0.0,0.0,0.0,1.0,0.0,0.0,0.4068767908309455,0.0,0.0,Dropout
1320,-0.024509803926717654,0.0,0.0,0.11671529804085004,0.7777777777777779,0.5,0.0,1.0,0.0,1.0,0.0,-0.13999999999999962,1.0,0.0,0.0,1.0,-0.3333333333333329,0.0,0.0,0.0,-0.23976608187134457,0.0,0.0,0.0,1.0,0.0,1.0,0.4068767908309455,0.0,0.0,Graduate
1321,0.22058823583065565,0.33333333333333326,0.3333333333333333,-0.06391551896623615,-0.3333333333333332,-0.5,0.0,1.0,1.0,0.0,0.0,0.12666666666666704,1.0,0.0,1.0,0.0,-0.03418803418803349,0.0,1.0,0.0,0.19883040935672538,0.0,0.0,0.0,0.0,0.0,4.0,0.4068767908309455,0.0,0.0,Graduate
1323,0.4554534314682323,0.33333333333333326,1.0,0.6018132555231342,-0.3333333333333332,0.0,0.0,1.0,0.0,1.0,1.0,0.7933333333333337,0.0,1.0,0.0,1.0,-1.2222222222222232,0.0,1.0,1.0,-0.02923976608187133,0.0,0.0,0.0,1.0,0.0,4.0,-0.98567335243553,-0.9565217391304347,0.0,Graduate
1324,-0.00560224089753566,0.04761904761904745,0.3333333333333333,0.033347228011671545,0.619047619047619,0.75,0.0,1.0,0.0,1.0,0.5,-1.0066666666666664,0.0,1.0,0.0,1.0,0.4273504273504278,0.0,0.0,0.0,-0.47953216374269,0.0,0.0,0.0,1.0,0.0,5.0,0.48710601719197705,-0.3478260869565217,0.0,Graduate
1325,-0.31372548986983007,-0.06666666666666665,-0.3333333333333333,-0.689176044185077,3.333333333333333,2.0,0.0,1.0,0.0,1.0,-0.5,-0.5399999999999996,1.0,0.0,0.0,1.0,-0.09401709401709363,0.0,0.0,0.0,-0.4269005847953213,0.0,0.0,0.0,1.0,0.0,2.0,0.1346704871060172,-0.7391304347826085,0.0,Enrolled
1326,0.23809523772509003,0.04761904761904745,0.3333333333333333,0.8392385702375987,-0.3333333333333332,-0.25,0.0,1.0,0.0,1.0,0.5,1.2600000000000005,1.0,0.0,0.0,1.0,-0.6666666666666671,0.0,1.0,1.0,0.7602339181286546,0.0,0.0,0.0,1.0,0.0,1.0,0.0,0.5217391304347826,0.0,Graduate
1327,-0.34313725497404846,-0.3333333333333335,-0.3333333333333333,0.0750312630262608,1.3333333333333333,1.0,0.0,1.0,0.0,1.0,0.0,-2.1399999999999997,1.0,0.0,0.0,1.0,0.26495726495726596,0.0,1.0,0.0,-1.5847953216374258,0.0,0.0,0.0,1.0,0.0,0.0,0.48710601719197705,-0.3478260869565217,0.0,Enrolled
1328,-1.323529412042758,-1.3333333333333335,-1.3333333333333333,-0.9670696123384741,1.8888888888888888,1.5,1.0,0.0,1.0,0.0,0.0,0.2600000000000004,1.0,0.0,1.0,0.0,0.504273504273504,0.0,0.0,0.0,0.6842105263157885,0.0,1.0,1.0,1.0,0.0,0.0,0.0,0.5217391304347826,0.0,Dropout
1329,0.5925857844382182,0.33333333333333326,0.6666666666666666,0.9905168820341801,-0.09523809523809526,0.0,0.0,1.0,0.0,1.0,0.5,-0.673333333333333,1.0,0.0,0.0,1.0,-0.3589743589743596,0.0,1.0,1.0,-0.7251461988304093,0.0,0.0,0.0,1.0,0.0,3.0,0.42120343839541546,-0.39130434782608686,0.0,Graduate
1330,-0.4411764706809194,-0.3333333333333335,-0.3333333333333333,-0.34180908711963315,1.8888888888888888,1.5,0.0,1.0,0.0,1.0,0.0,-0.873333333333333,1.0,0.0,0.0,1.0,-0.11965811965811904,0.0,1.0,0.0,-0.7368421052631572,0.0,0.0,0.0,1.0,0.0,0.0,0.48710601719197705,-0.3478260869565217,0.0,Enrolled
1331,0.3218954255578212,0.33333333333333326,0.6666666666666666,0.22324116715298056,0.14285714285714307,0.25,0.0,1.0,0.0,1.0,0.5,-0.13999999999999962,0.0,1.0,0.0,1.0,0.23076923076923123,0.0,0.0,0.0,0.14619883040935666,0.0,0.0,0.0,1.0,0.0,2.0,-0.5787965616045845,1.0,0.0,Graduate
1332,0.44607843146626275,0.33333333333333326,0.6666666666666666,0.5752396832013332,-0.3333333333333332,-0.25,0.0,1.0,0.0,1.0,0.5,0.5266666666666671,1.0,0.0,0.0,1.0,0.5982905982906,0.0,1.0,1.0,0.9824561403508774,0.0,0.0,0.0,1.0,0.0,0.0,0.48710601719197705,-0.3478260869565217,0.0,Graduate
1333,-1.5686274513099354,-1.6666666666666667,-1.6666666666666667,-5.1354731137974134,1.0,0.25,1.0,0.0,1.0,0.0,-0.5,0.726666666666667,1.0,0.0,0.0,1.0,-0.09401709401709483,0.0,1.0,0.0,0.6842105263157885,0.0,0.0,0.0,1.0,0.0,0.0,0.4068767908309455,0.0,0.0,Dropout
1334,-0.7450980393722194,-0.6666666666666667,-0.6666666666666666,-0.46686119216340166,1.6111111111111107,1.25,0.0,1.0,0.0,1.0,0.0,-1.7399999999999995,1.0,0.0,0.0,1.0,0.14529914529914567,0.0,1.0,0.0,-1.31578947368421,0.0,0.0,0.0,1.0,0.0,0.0,-0.3553008595988538,-0.4782608695652173,0.0,Enrolled
1335,0.3851540623358165,0.33333333333333326,0.6666666666666666,0.4025486827844931,-0.3333333333333332,-0.25,0.0,1.0,0.0,1.0,0.5,-0.006666666666666288,1.0,0.0,0.0,1.0,-0.39316239316239304,0.0,1.0,1.0,-0.16374269005847927,0.0,0.0,0.0,1.0,0.0,0.0,-0.3553008595988538,-0.4782608695652173,0.0,Graduate
1336,0.02450980392671798,0.0,0.0,0.28345143809920775,0.5,0.25,0.0,1.0,0.0,1.0,0.0,-0.47333333333333294,1.0,0.0,0.0,1.0,0.44444444444444514,0.0,0.0,0.0,0.0,0.0,0.0,0.0,1.0,0.0,1.0,0.0,0.5217391304347826,0.0,Enrolled
1338,0.31372549026198715,0.33333333333333326,0.0,0.20008336807002927,-0.3333333333333332,-0.75,1.0,0.0,1.0,0.0,-0.5,0.9266666666666671,0.0,1.0,1.0,0.0,0.08547008547008676,0.0,0.0,0.0,0.9824561403508774,0.0,0.0,0.0,1.0,0.0,0.0,0.48710601719197705,-0.3478260869565217,0.0,Enrolled
1340,-0.10171568629587853,0.08333333333333326,0.6666666666666666,-0.38349312213422243,-0.3333333333333332,0.0,0.0,1.0,0.0,1.0,1.0,-0.20666666666666628,0.0,1.0,0.0,1.0,-0.4700854700854705,0.0,0.0,1.0,-0.391812865497076,0.0,0.0,0.0,1.0,0.0,0.0,0.4068767908309455,0.0,0.0,Graduate
1341,0.24509803877698141,0.33333333333333326,0.3333333333333333,0.005557869945810766,-0.3333333333333332,-0.5,0.0,1.0,0.0,1.0,0.0,-0.873333333333333,0.0,1.0,0.0,1.0,0.5299145299145307,0.0,0.0,0.0,-0.2923976608187133,0.0,0.0,0.0,1.0,0.0,0.0,0.1346704871060172,-0.7391304347826085,0.0,Graduate
1342,0.0,0.0,0.0,0.20008336807002927,-0.05555555555555535,-0.25,0.0,1.0,0.0,1.0,0.0,0.32666666666666705,1.0,0.0,0.0,1.0,0.5641025641025654,0.0,1.0,0.0,0.783625730994152,0.0,0.0,0.0,1.0,0.0,4.0,0.4068767908309455,0.0,0.0,Graduate
1343,0.1960784314137419,0.33333333333333326,0.0,-0.13338891204668618,0.6666666666666667,0.0,0.0,1.0,0.0,1.0,-0.5,-0.6066666666666662,0.0,1.0,0.0,1.0,-0.4188034188034185,0.0,0.0,0.0,-0.7076023391812859,0.0,0.0,0.0,1.0,0.0,0.0,-0.5787965616045845,1.0,0.0,Graduate
1344,0.02450980392671798,0.0,0.0,0.28345143809920775,0.22222222222222213,0.0,0.0,1.0,0.0,1.0,0.0,-0.006666666666666288,0.0,1.0,0.0,1.0,-0.27350427350427403,0.0,1.0,0.0,-0.08187134502924005,0.0,0.0,0.0,1.0,0.0,0.0,-0.98567335243553,-0.9565217391304347,0.0,Graduate
1346,0.4901960785343547,0.33333333333333326,0.3333333333333333,0.7002917882451017,0.22222222222222213,0.0,0.0,1.0,0.0,1.0,0.0,0.32666666666666705,1.0,0.0,0.0,1.0,-0.5555555555555561,0.0,1.0,0.0,0.017543859649122633,0.0,0.0,0.0,1.0,0.0,2.0,0.9140401146131805,0.0,0.0,Graduate
1349,0.36764705939096226,0.33333333333333326,2.0,0.3529248311796578,0.7272727272727274,2.5,1.0,0.0,1.0,0.0,2.5,0.46000000000000035,1.0,0.0,1.0,0.0,0.8632478632478648,0.0,0.0,0.0,1.1052631578947367,0.0,0.0,0.0,0.0,0.0,0.0,0.9140401146131805,0.0,0.0,Enrolled
1350,0.2696078431938952,0.33333333333333326,0.3333333333333333,0.0750312630262608,-0.05555555555555535,-0.25,0.0,1.0,0.0,1.0,0.0,0.0,0.0,1.0,0.0,1.0,1.0256410256410278,1.0,0.0,0.0,0.8128654970760233,0.0,0.0,0.0,0.0,0.0,0.0,0.9140401146131805,0.0,0.0,Graduate
1352,0.4460784318339098,0.08333333333333326,0.6666666666666666,1.3910557982492702,-0.3333333333333332,0.0,0.0,1.0,0.0,1.0,1.0,0.5266666666666671,1.0,0.0,0.0,1.0,-0.8376068376068382,0.0,1.0,1.0,0.0,0.0,0.0,0.0,1.0,0.0,2.0,-0.5787965616045845,1.0,0.0,Graduate
1353,0.22058823583065565,0.33333333333333326,0.3333333333333333,-0.06391551896623615,-0.3333333333333332,-0.5,0.0,1.0,0.0,1.0,0.0,0.7933333333333337,1.0,0.0,0.0,1.0,-0.5384615384615388,0.0,1.0,0.0,0.43859649122806993,0.0,0.0,0.0,1.0,0.0,1.0,-0.5787965616045845,1.0,0.0,Graduate
1354,-1.5686274513099354,-1.6666666666666667,-1.6666666666666667,-5.1354731137974134,-1.9999999999999996,-2.0,0.0,1.0,0.0,1.0,0.0,0.7933333333333337,1.0,0.0,0.0,1.0,-1.0170940170940173,0.0,0.0,0.0,0.11111111111111138,0.0,0.0,0.0,1.0,0.0,1.0,0.4068767908309455,0.0,0.0,Dropout
1355,-0.269607843193895,0.0,0.0,-0.7169654022509379,1.0555555555555554,0.75,0.0,1.0,0.0,1.0,0.0,-1.673333333333333,0.0,1.0,0.0,1.0,0.26495726495726596,0.0,1.0,0.0,-1.175438596491227,0.0,0.0,0.0,1.0,0.0,0.0,0.48710601719197705,-0.3478260869565217,0.0,Enrolled
1356,0.40616246528140665,0.33333333333333326,0.3333333333333333,0.4620973030429342,0.7777777777777779,0.5,0.0,1.0,0.0,1.0,0.0,-0.07333333333333296,1.0,0.0,0.0,1.0,-0.2136752136752139,0.0,1.0,0.0,-0.09941520467836269,0.0,0.0,0.0,1.0,0.0,0.0,0.1346704871060172,-0.7391304347826085,0.0,Enrolled
1357,-0.4166666667542016,-0.3333333333333335,-0.3333333333333333,-0.23759899958315966,0.22222222222222213,0.0,0.0,1.0,0.0,1.0,0.0,0.46000000000000035,1.0,0.0,0.0,1.0,-2.7606837606837633,1.0,0.0,0.0,-1.3742690058479525,0.0,1.0,1.0,1.0,0.0,0.0,0.0,0.5217391304347826,1.0,Dropout
1358,-1.5686274513099354,-1.6666666666666667,-1.6666666666666667,-5.1354731137974134,1.3333333333333333,0.5,1.0,0.0,1.0,0.0,-0.5,0.0,1.0,0.0,1.0,0.0,-2.6410256410256427,1.0,0.0,0.0,-1.6959064327485371,0.0,0.0,0.0,0.0,0.0,0.0,-1.2550143266475644,0.608695652173913,0.0,Dropout
1359,-1.5686274513099354,-1.6666666666666667,-1.6666666666666667,-5.1354731137974134,-1.9999999999999996,-2.0,1.0,0.0,1.0,0.0,-3.0,-0.33999999999999964,1.0,0.0,0.0,1.0,1.0170940170940173,0.0,0.0,0.0,0.5087719298245604,0.0,0.0,0.0,1.0,0.0,0.0,0.4068767908309455,0.0,0.0,Dropout
1362,0.14681372533721557,0.08333333333333326,0.6666666666666666,0.42160423926636065,-0.3333333333333332,0.0,0.0,1.0,0.0,1.0,1.0,0.3933333333333337,0.0,1.0,0.0,1.0,-0.8376068376068382,0.0,1.0,1.0,-0.11695906432748532,0.0,0.0,0.0,1.0,0.0,3.0,0.4068767908309455,0.0,0.0,Graduate
1363,-1.5686274513099354,-1.6666666666666667,-1.6666666666666667,-5.1354731137974134,-1.9999999999999996,-2.0,0.0,1.0,0.0,1.0,0.0,0.4133333333333345,1.0,0.0,0.0,1.0,-1.4188034188034209,1.0,0.0,0.0,-0.4970760233918126,0.0,0.0,0.0,1.0,0.0,0.0,0.42120343839541546,-0.39130434782608686,0.0,Dropout
1364,-1.5686274513099354,-1.6666666666666667,-1.6666666666666667,-5.1354731137974134,-1.9999999999999996,-2.0,0.0,1.0,0.0,1.0,-3.0,1.1266666666666671,1.0,0.0,0.0,1.0,0.8547008547008568,0.0,0.0,0.0,1.6842105263157894,0.0,0.0,0.0,0.0,0.0,0.0,0.42120343839541546,-0.39130434782608686,0.0,Graduate
1365,0.15826330535537725,0.04761904761904745,0.3333333333333333,0.5752396832013332,-0.3333333333333332,-0.25,0.0,1.0,0.0,1.0,0.5,0.32666666666666705,1.0,0.0,0.0,1.0,0.7008547008547018,0.0,1.0,1.0,0.8771929824561399,0.0,0.0,0.0,1.0,0.0,0.0,0.0,0.5217391304347826,0.0,Graduate
1367,0.4099821741057384,0.33333333333333326,1.3333333333333333,0.4729243226344305,0.22222222222222213,1.0,0.0,1.0,0.0,1.0,1.5,0.19333333333333372,1.0,0.0,0.0,1.0,0.2393162393162393,0.0,0.0,0.0,0.44444444444444386,1.0,0.0,0.0,1.0,0.0,0.0,0.48710601719197705,-0.3478260869565217,0.0,Dropout
1368,0.001225490196335752,0.08333333333333326,0.6666666666666666,-0.05002084201750769,-0.3333333333333332,0.0,0.0,1.0,0.0,1.0,1.0,0.06000000000000038,1.0,0.0,0.0,1.0,-0.5811965811965815,0.0,1.0,1.0,-0.23391812865497064,0.0,0.0,0.0,1.0,0.0,5.0,-0.5787965616045845,1.0,0.0,Graduate
1369,-0.6862745099480968,-0.4666666666666668,-0.6666666666666666,-0.9670696123384741,0.6666666666666667,0.0,0.0,1.0,0.0,1.0,-0.5,0.46000000000000035,1.0,0.0,0.0,1.0,-1.264957264957266,0.0,1.0,0.0,-0.35087719298245595,0.0,0.0,0.0,1.0,0.0,0.0,-0.5787965616045845,1.0,0.0,Dropout
1370,0.02450980392671798,0.0,0.0,0.28345143809920775,-0.05555555555555535,-0.25,0.0,1.0,0.0,1.0,0.0,-1.5399999999999996,0.0,1.0,0.0,1.0,0.8034188034188047,0.0,0.0,0.0,-0.6900584795321633,0.0,0.0,0.0,0.0,0.0,0.0,0.9140401146131805,0.0,0.0,Graduate
1371,0.1960784314137419,0.33333333333333326,0.3333333333333333,-0.13338891204668618,1.0555555555555554,0.75,0.0,1.0,0.0,1.0,0.0,0.0,1.0,0.0,0.0,1.0,-2.7692307692307714,1.0,0.0,0.0,-1.7836257309941512,0.0,0.0,0.0,0.0,0.0,0.0,0.48710601719197705,-0.3478260869565217,0.0,Graduate
1372,0.36519607869191784,0.08333333333333326,0.6666666666666666,1.1290418632763644,-0.3333333333333332,0.0,0.0,1.0,0.0,1.0,1.0,-0.27333333333333293,1.0,0.0,0.0,1.0,-0.32478632478632485,0.0,1.0,1.0,-0.35087719298245595,0.0,0.0,0.0,1.0,0.0,0.0,-0.5787965616045845,1.0,0.0,Graduate
1373,0.1960784314137419,0.33333333333333326,0.3333333333333333,-0.13338891204668618,0.22222222222222213,0.0,0.0,1.0,0.0,1.0,0.0,-1.1399999999999997,1.0,0.0,0.0,1.0,0.02564102564102542,0.0,1.0,0.0,-0.871345029239766,0.0,0.0,0.0,1.0,0.0,0.0,-1.2550143266475644,0.608695652173913,0.0,Graduate
1374,-0.09803921570687095,0.0,0.0,-0.13338891204668618,0.22222222222222213,0.0,0.0,1.0,0.0,1.0,0.0,-0.20666666666666628,1.0,0.0,0.0,1.0,0.32478632478632485,0.0,1.0,0.0,0.1520467836257306,0.0,0.0,0.0,1.0,0.0,0.0,-0.98567335243553,-0.9565217391304347,0.0,Graduate
1375,-0.7072829131037709,-0.8095238095238096,-0.6666666666666666,0.5613450062526048,-0.3333333333333332,-0.25,1.0,0.0,1.0,0.0,0.5,-0.20666666666666628,1.0,0.0,0.0,1.0,0.44444444444444514,0.0,0.0,0.0,0.23391812865497064,0.0,0.0,0.0,0.0,0.0,0.0,0.4068767908309455,0.0,0.0,Dropout
1377,0.1960784314137419,0.33333333333333326,0.0,-0.13338891204668618,0.0,-0.5,0.0,1.0,0.0,1.0,-0.5,0.19333333333333372,1.0,0.0,0.0,1.0,-0.6923076923076925,0.0,0.0,0.0,-0.19298245614035062,0.0,0.0,0.0,1.0,0.0,0.0,-1.2550143266475644,0.608695652173913,0.0,Enrolled
1378,-1.5686274513099354,-1.6666666666666667,-1.6666666666666667,-5.1354731137974134,-1.9999999999999996,-2.0,0.0,1.0,0.0,1.0,-3.0,0.9266666666666671,0.0,1.0,0.0,1.0,-0.6324786324786323,0.0,1.0,0.0,0.4912280701754387,0.0,0.0,0.0,1.0,0.0,0.0,0.4068767908309455,0.0,0.0,Graduate
1380,-1.5686274513099354,-1.6666666666666667,-1.6666666666666667,-5.1354731137974134,-0.3333333333333332,-0.5,0.0,1.0,0.0,1.0,0.0,0.5266666666666671,1.0,0.0,0.0,1.0,-0.9230769230769237,0.0,0.0,0.0,-0.05847953216374266,0.0,0.0,0.0,1.0,0.0,0.0,0.48710601719197705,-0.3478260869565217,0.0,Dropout
1381,0.25122549024885693,0.33333333333333326,0.6666666666666666,0.02292621925802405,-0.09523809523809526,0.0,0.0,1.0,0.0,1.0,0.5,0.0,1.0,0.0,0.0,1.0,-1.871794871794873,0.0,0.0,0.0,-1.1695906432748533,0.0,0.0,0.0,1.0,0.0,0.0,0.9140401146131805,0.0,0.0,Graduate
1382,-1.5686274513099354,-1.6666666666666667,-1.6666666666666667,-5.1354731137974134,-1.9999999999999996,-2.0,1.0,0.0,1.0,0.0,0.5,0.0,1.0,0.0,0.0,1.0,0.008547008547009283,1.0,0.0,1.0,0.11695906432748532,0.0,0.0,0.0,1.0,0.0,0.0,-0.3553008595988538,-0.4782608695652173,0.0,Dropout
1383,0.1109391122782084,0.33333333333333326,4.333333333333333,-0.37471753647353057,-0.05555555555555535,3.25,0.0,1.0,0.0,1.0,6.0,-0.873333333333333,1.0,0.0,0.0,1.0,0.44444444444444514,0.0,0.0,0.0,-0.35087719298245595,0.0,0.0,0.0,0.0,0.0,0.0,-1.2550143266475644,0.608695652173913,0.0,Graduate
1385,0.6372549020946613,0.33333333333333326,0.3333333333333333,1.1171321383909958,-0.3333333333333332,-0.5,0.0,1.0,0.0,1.0,0.0,-0.20666666666666628,0.0,1.0,0.0,1.0,-1.0940170940170948,1.0,0.0,0.0,-0.8187134502923973,0.0,0.0,0.0,1.0,0.0,0.0,-1.2550143266475644,0.608695652173913,0.0,Graduate
1386,-0.9509803923566483,-0.8666666666666667,-1.0,-0.7586494372655271,1.0,0.25,0.0,1.0,0.0,1.0,-0.5,-0.873333333333333,1.0,0.0,0.0,1.0,0.11111111111111098,0.0,1.0,0.0,-0.5789473684210527,0.0,0.0,0.0,1.0,0.0,0.0,-0.5787965616045845,1.0,0.0,Dropout
1387,-1.5686274513099354,-1.6666666666666667,-1.6666666666666667,-5.1354731137974134,-1.9999999999999996,-2.0,1.0,0.0,1.0,0.0,0.0,-0.873333333333333,1.0,0.0,0.0,1.0,0.44444444444444514,0.0,0.0,0.0,-0.35087719298245595,0.0,0.0,0.0,1.0,0.0,0.0,0.4068767908309455,0.0,0.0,Dropout
1388,0.3799019608641249,0.33333333333333326,0.0,0.3876615256356813,0.6666666666666667,0.0,0.0,1.0,0.0,1.0,-0.5,-0.006666666666666288,1.0,0.0,0.0,1.0,-0.6923076923076925,0.0,1.0,0.0,-0.3684210526315786,0.0,0.0,0.0,1.0,0.0,2.0,0.1346704871060172,-0.7391304347826085,0.0,Graduate
1390,-0.21568627455511621,-0.06666666666666665,-0.3333333333333333,-0.34180908711963315,0.3333333333333332,-0.25,0.0,1.0,0.0,1.0,-0.5,-1.0066666666666664,1.0,0.0,0.0,1.0,-0.03418803418803349,0.0,1.0,0.0,-0.7953216374268999,0.0,0.0,0.0,1.0,0.0,1.0,0.4068767908309455,0.0,0.0,Enrolled
1391,0.47273284323656856,0.33333333333333326,1.0,0.6507919966652767,-0.3333333333333332,0.0,0.0,1.0,0.0,1.0,1.0,0.46000000000000035,0.0,1.0,0.0,1.0,-0.32478632478632485,0.0,1.0,1.0,0.2923976608187133,0.0,0.0,0.0,1.0,0.0,1.0,-0.98567335243553,-0.9565217391304347,0.0,Graduate
1392,0.09803921521667483,0.33333333333333326,0.3333333333333333,-0.4112824802000832,0.22222222222222213,0.0,0.0,1.0,0.0,1.0,0.0,-0.4066666666666663,1.0,0.0,0.0,1.0,0.7777777777777792,0.0,1.0,0.0,0.2865497076023394,0.0,0.0,0.0,1.0,0.0,1.0,-0.98567335243553,-0.9565217391304347,0.0,Graduate
1393,-1.5686274513099354,-1.6666666666666667,-1.6666666666666667,-5.1354731137974134,-1.9999999999999996,-2.0,0.0,1.0,1.0,0.0,-3.0,-0.13999999999999962,1.0,0.0,1.0,0.0,0.7777777777777792,0.0,1.0,0.0,0.52046783625731,0.0,0.0,0.0,1.0,0.0,0.0,-0.3553008595988538,-0.4782608695652173,0.0,Dropout
1394,0.3221288520284583,0.33333333333333326,0.3333333333333333,0.22390281784076668,-0.05555555555555535,-0.25,0.0,1.0,0.0,1.0,0.0,-0.07333333333333296,1.0,0.0,0.0,1.0,0.02564102564102542,0.0,0.0,0.0,0.0643274853801166,0.0,0.0,0.0,1.0,0.0,0.0,0.1346704871060172,-0.7391304347826085,0.0,Graduate
1395,-0.14705882356030642,0.0,0.0,-0.3001250521050439,-0.3333333333333332,-0.5,0.0,1.0,1.0,0.0,0.0,-1.3399999999999996,1.0,0.0,1.0,0.0,0.20512820512820581,0.0,0.0,0.0,-0.9239766081871339,0.0,0.0,0.0,1.0,0.0,4.0,0.9140401146131805,0.0,0.0,Graduate
1397,0.39215686233728797,0.33333333333333326,0.3333333333333333,0.42239822009170475,1.0555555555555554,0.75,0.0,1.0,0.0,1.0,0.0,0.0,1.0,0.0,0.0,1.0,0.8632478632478648,0.0,1.0,0.0,0.7017543859649119,0.0,0.0,0.0,1.0,0.0,0.0,-0.3553008595988538,-0.4782608695652173,0.0,Enrolled
1400,0.553221288841713,0.33333333333333326,0.6666666666666666,0.8789376531888282,-0.3333333333333332,-0.25,0.0,1.0,0.0,1.0,0.5,0.5266666666666671,0.0,1.0,0.0,1.0,0.5982905982906,0.0,0.0,0.0,0.9824561403508774,0.0,0.0,0.0,1.0,0.0,0.0,-0.3553008595988538,-0.4782608695652173,0.0,Graduate
1403,0.5490196079584774,0.33333333333333326,0.0,0.8670279283034594,0.3333333333333332,-0.25,0.0,1.0,0.0,1.0,-0.5,0.46000000000000035,1.0,0.0,0.0,1.0,0.5982905982906,0.0,1.0,0.0,0.9239766081871347,0.0,0.0,0.0,1.0,0.0,0.0,0.0,0.5217391304347826,0.0,Graduate
1404,0.36519607850809427,0.33333333333333326,0.6666666666666666,0.345977490621092,-0.09523809523809526,0.0,0.0,1.0,0.0,1.0,0.5,0.6600000000000004,0.0,1.0,0.0,1.0,-0.6153846153846162,0.0,0.0,1.0,0.2690058479532159,0.0,0.0,0.0,1.0,0.0,4.0,0.1346704871060172,-0.7391304347826085,0.0,Graduate
1405,-1.5686274513099354,-1.6666666666666667,-1.6666666666666667,-5.1354731137974134,0.0,-0.5,1.0,0.0,1.0,0.0,-0.5,-0.20666666666666628,1.0,0.0,1.0,0.0,0.44444444444444514,0.0,0.0,0.0,0.23391812865497064,0.0,0.0,0.0,0.0,0.0,0.0,-1.2550143266475644,0.608695652173913,0.0,Dropout
1408,-0.07352941178015329,0.0,0.0,-0.05002084201750769,-0.3333333333333332,-0.5,0.0,1.0,0.0,1.0,0.0,-0.07333333333333296,1.0,0.0,0.0,1.0,-0.2136752136752139,0.0,1.0,0.0,-0.09941520467836269,0.0,0.0,0.0,1.0,0.0,1.0,0.4068767908309455,0.0,0.0,Enrolled
1410,-0.009803921570686996,0.33333333333333326,0.0,-0.7169654022509379,-0.3333333333333332,-0.75,0.0,1.0,0.0,1.0,-0.5,1.1266666666666671,1.0,0.0,0.0,1.0,0.44444444444444514,0.0,0.0,0.0,1.4035087719298238,0.0,0.0,0.0,1.0,0.0,0.0,0.42120343839541546,-0.39130434782608686,0.0,Graduate
1412,-0.46568627460763706,-0.3333333333333335,-0.3333333333333333,-0.4460191746561067,0.22222222222222213,0.0,0.0,1.0,0.0,1.0,0.0,-0.7399999999999997,0.0,1.0,0.0,1.0,0.8974358974358984,0.0,0.0,0.0,0.0760233918128653,0.0,0.0,0.0,1.0,0.0,1.0,0.4068767908309455,0.0,0.0,Graduate
1414,-0.4901960785343547,-0.3333333333333335,-0.3333333333333333,-0.5502292621925802,1.0555555555555554,0.75,0.0,1.0,0.0,1.0,0.0,-0.7399999999999997,0.0,1.0,0.0,1.0,0.8632478632478648,0.0,1.0,0.0,0.05263157894736873,0.0,0.0,0.0,1.0,0.0,1.0,-0.98567335243553,-0.9565217391304347,0.0,Enrolled
1415,0.41036414616464223,0.33333333333333326,0.6666666666666666,0.4740070279283029,-0.3333333333333332,-0.25,0.0,1.0,0.0,1.0,0.5,-0.13999999999999962,1.0,0.0,0.0,1.0,0.14529914529914567,0.0,0.0,1.0,0.08771929824561399,0.0,0.0,0.0,1.0,0.0,2.0,0.1346704871060172,-0.7391304347826085,0.0,Graduate
1416,0.28431372554992584,0.33333333333333326,0.0,0.11671529804085004,0.0,-0.5,0.0,1.0,0.0,1.0,-0.5,-0.20666666666666628,1.0,0.0,0.0,1.0,-0.2393162393162393,0.0,1.0,0.0,-0.23391812865497064,0.0,0.0,0.0,1.0,0.0,1.0,0.0,0.5217391304347826,0.0,Graduate
1418,0.4411764711711155,0.33333333333333326,0.3333333333333333,0.5613450062526048,-0.3333333333333332,-0.5,0.0,1.0,0.0,1.0,0.0,-0.20666666666666628,1.0,0.0,0.0,1.0,-0.27350427350427403,0.0,0.0,0.0,-0.25730994152046804,0.0,0.0,0.0,1.0,0.0,0.0,0.9140401146131805,0.0,0.0,Graduate
1420,0.28011204466669026,0.33333333333333326,0.3333333333333333,0.10480557315548135,0.5,0.25,0.0,1.0,0.0,1.0,0.0,-1.273333333333333,1.0,0.0,0.0,1.0,0.9572649572649584,1.0,0.0,0.0,-0.35087719298245595,0.0,0.0,0.0,1.0,0.0,0.0,0.48710601719197705,-0.3478260869565217,0.0,Dropout
1421,-0.12254901963358843,0.0,0.0,-0.2167569820758647,-0.05555555555555535,-0.25,0.0,1.0,0.0,1.0,0.0,0.6600000000000004,1.0,0.0,0.0,1.0,-0.8974358974358984,0.0,0.0,0.0,0.0760233918128653,0.0,0.0,0.0,1.0,0.0,3.0,0.4068767908309455,0.0,0.0,Dropout
1422,0.13725490198961926,0.33333333333333326,0.0,-0.3001250521050439,-0.3333333333333332,-0.75,0.0,1.0,0.0,1.0,-0.5,-0.4066666666666663,0.0,1.0,0.0,1.0,0.14529914529914567,0.0,1.0,0.0,-0.14619883040935666,0.0,0.0,0.0,1.0,0.0,2.0,-0.98567335243553,-0.9565217391304347,0.0,Enrolled
1424,4.901961190933602e-10,0.33333333333333326,0.3333333333333333,-0.689176044185077,-0.3333333333333332,-0.5,0.0,1.0,0.0,1.0,0.0,-0.27333333333333293,1.0,0.0,0.0,1.0,-0.4529914529914532,0.0,1.0,0.0,-0.43859649122806993,0.0,0.0,0.0,1.0,0.0,0.0,0.0,0.5217391304347826,0.0,Graduate
1425,0.01960784314137432,-0.06666666666666665,-0.3333333333333333,0.4918716131721548,1.3333333333333333,0.5,0.0,1.0,0.0,1.0,-0.5,0.46000000000000035,1.0,0.0,0.0,1.0,-0.4529914529914532,0.0,1.0,0.0,0.20467836257309932,0.0,0.0,0.0,1.0,0.0,1.0,-0.5787965616045845,1.0,0.0,Enrolled
1427,0.39215686233728797,0.33333333333333326,0.3333333333333333,0.42239822009170475,0.5,0.25,0.0,1.0,0.0,1.0,0.0,0.46000000000000035,1.0,0.0,0.0,1.0,0.44444444444444514,0.0,0.0,0.0,0.8187134502923973,0.0,0.0,0.0,1.0,0.0,0.0,0.1346704871060172,-0.7391304347826085,0.0,Graduate
1428,0.07352941178015329,0.0,0.0,0.4501875781575655,0.5,0.25,0.0,1.0,0.0,1.0,0.0,0.6600000000000004,1.0,0.0,0.0,1.0,-0.39316239316239426,0.0,1.0,0.0,0.4210526315789465,0.0,0.0,0.0,1.0,0.0,0.0,0.4068767908309455,0.0,0.0,Enrolled
1430,0.02450980392671798,0.0,0.0,0.28345143809920775,-0.3333333333333332,-0.5,0.0,1.0,0.0,1.0,0.0,-0.873333333333333,0.0,1.0,0.0,1.0,0.26495726495726596,0.0,0.0,0.0,-0.4736842105263152,0.0,0.0,0.0,1.0,0.0,0.0,0.9140401146131805,0.0,0.0,Graduate
1431,0.09240196098754938,0.08333333333333326,0.6666666666666666,0.2453403209670695,0.2916666666666667,0.75,0.0,1.0,0.0,1.0,1.0,0.726666666666667,0.0,1.0,0.0,1.0,-0.9230769230769237,0.0,1.0,1.0,0.11695906432748532,0.0,0.0,0.0,1.0,0.0,2.0,0.4068767908309455,0.0,0.0,Graduate
1433,0.02450980343652186,0.33333333333333326,0.3333333333333333,-0.6197026552730301,0.5,0.25,0.0,1.0,0.0,1.0,0.0,-0.27333333333333293,0.0,1.0,0.0,1.0,-0.15384615384615374,0.0,1.0,0.0,-0.23391812865497064,0.0,0.0,0.0,1.0,0.0,2.0,0.0,0.5217391304347826,0.0,Enrolled
1434,0.6862745094579008,0.33333333333333326,0.3333333333333333,1.2560789203834926,-0.3333333333333332,-0.5,0.0,1.0,0.0,1.0,0.0,1.2600000000000005,1.0,0.0,0.0,1.0,0.8632478632478648,0.0,0.0,0.0,1.8070175438596485,0.0,0.0,0.0,1.0,0.0,2.0,-0.5787965616045845,1.0,0.0,Graduate
1435,0.04691876793702779,0.04761904761904745,0.3333333333333333,0.20703070862859507,0.14285714285714307,0.25,0.0,1.0,0.0,1.0,0.5,-0.20666666666666628,0.0,1.0,0.0,1.0,0.02564102564102542,0.0,1.0,1.0,-0.05263157894736873,0.0,0.0,0.0,1.0,0.0,1.0,0.48710601719197705,-0.3478260869565217,0.0,Enrolled
1436,0.07002801121919362,0.04761904761904745,0.3333333333333333,0.28345143809920775,-0.3333333333333332,-0.25,1.0,0.0,1.0,0.0,0.5,0.0,1.0,0.0,1.0,0.0,-2.3846153846153864,0.0,0.0,0.0,-1.5204678362573092,0.0,0.0,0.0,1.0,0.0,0.0,0.48710601719197705,-0.3478260869565217,0.0,Dropout
1437,-0.9068627452885565,-1.0,-1.0,0.4918716131721548,1.0555555555555554,0.75,0.0,1.0,1.0,0.0,0.0,1.7933333333333337,1.0,0.0,1.0,0.0,0.44444444444444514,0.0,0.0,0.0,1.9883040935672505,1.0,0.0,0.0,1.0,0.0,0.0,0.9140401146131805,0.0,0.0,Enrolled
1438,0.2696078431938952,0.33333333333333326,0.3333333333333333,0.0750312630262608,-0.05555555555555535,-0.25,0.0,1.0,0.0,1.0,0.0,0.46000000000000035,1.0,0.0,0.0,1.0,-2.8888888888888915,1.0,0.0,0.0,-1.4619883040935666,0.0,0.0,0.0,1.0,0.0,0.0,-1.2550143266475644,0.608695652173913,0.0,Graduate
1441,-0.09803921570687095,-0.06666666666666665,-0.3333333333333333,0.0750312630262608,-0.3333333333333332,-0.75,0.0,1.0,0.0,1.0,-0.5,0.5933333333333337,1.0,0.0,0.0,1.0,-0.3333333333333329,0.0,1.0,0.0,0.4035087719298247,0.0,0.0,0.0,1.0,0.0,4.0,0.0,0.5217391304347826,0.0,Graduate
1442,0.13888888875466832,0.33333333333333326,4.0,-0.2954934931221344,-0.1372549019607842,2.75,0.0,1.0,0.0,1.0,5.5,-1.2066666666666663,1.0,0.0,0.0,1.0,2.0940170940170972,0.0,1.0,0.0,0.48538011695906474,0.0,0.0,0.0,1.0,0.0,0.0,0.42120343839541546,-0.39130434782608686,0.0,Graduate
1444,-1.5686274513099354,-1.6666666666666667,-1.6666666666666667,-5.1354731137974134,0.22222222222222213,0.0,1.0,0.0,1.0,0.0,0.0,2.4600000000000004,1.0,0.0,1.0,0.0,-1.7692307692307712,0.0,0.0,0.0,1.058479532163742,0.0,0.0,0.0,1.0,0.0,0.0,-0.3553008595988538,-0.4782608695652173,0.0,Dropout
1445,0.46078431382229373,0.33333333333333326,0.0,0.6169237182159233,-0.3333333333333332,-0.75,0.0,1.0,0.0,1.0,-0.5,0.46000000000000035,1.0,0.0,0.0,1.0,-2.974358974358977,0.0,0.0,0.0,-1.5204678362573092,0.0,0.0,0.0,1.0,0.0,0.0,-0.98567335243553,-0.9565217391304347,0.0,Graduate
1446,-1.5686274513099354,-1.6666666666666667,-1.6666666666666667,-5.1354731137974134,0.0,-0.5,1.0,0.0,1.0,0.0,-0.5,-1.5399999999999996,1.0,0.0,0.0,1.0,0.8547008547008556,0.0,1.0,0.0,-0.654970760233918,0.0,0.0,0.0,1.0,0.0,1.0,-0.5787965616045845,1.0,0.0,Dropout
1447,-1.5686274513099354,-1.6666666666666667,-1.6666666666666667,-5.1354731137974134,-1.9999999999999996,-2.0,1.0,0.0,1.0,0.0,-3.0,-1.273333333333333,1.0,0.0,0.0,1.0,0.26495726495726596,0.0,1.0,0.0,-0.8245614035087712,0.0,0.0,0.0,1.0,0.0,0.0,-0.98567335243553,-0.9565217391304347,0.0,Dropout
1448,-0.1274509804189321,-0.06666666666666665,-0.3333333333333333,-0.029178824510212698,1.0,0.25,0.0,1.0,0.0,1.0,-0.5,0.32666666666666705,0.0,1.0,0.0,1.0,-0.6324786324786323,0.0,0.0,0.0,-0.035087719298245265,1.0,0.0,0.0,1.0,0.0,2.0,0.9140401146131805,0.0,0.0,Dropout
1449,-0.7230392158381734,-0.6666666666666667,-0.6666666666666666,-0.34180908711963315,1.3333333333333333,1.0,0.0,1.0,0.0,1.0,0.0,0.46000000000000035,1.0,0.0,0.0,1.0,0.44444444444444514,0.0,0.0,0.0,0.8187134502923973,0.0,0.0,0.0,0.0,0.0,0.0,0.42120343839541546,-0.39130434782608686,0.0,Dropout
1450,0.016006402384315208,0.04761904761904745,0.3333333333333333,0.10480557315548135,0.14285714285714307,0.25,0.0,1.0,0.0,1.0,0.5,0.46000000000000035,1.0,0.0,0.0,1.0,0.44444444444444514,0.0,0.0,0.0,0.8187134502923973,0.0,0.0,0.0,0.0,0.0,0.0,-0.3553008595988538,-0.4782608695652173,0.0,Graduate
1451,0.1960784314137419,0.33333333333333326,0.3333333333333333,-0.13338891204668618,0.5,0.25,0.0,1.0,0.0,1.0,0.0,-0.07333333333333296,1.0,0.0,0.0,1.0,0.08547008547008556,0.0,0.0,0.0,0.10526315789473663,0.0,0.0,0.0,1.0,0.0,0.0,0.48710601719197705,-0.3478260869565217,0.0,Dropout
1452,0.04901960785343531,0.16666666666666652,2.0,-0.13338891204668618,0.36111111111111127,2.25,0.0,1.0,0.0,1.0,3.0,0.9933333333333337,1.0,0.0,0.0,1.0,-0.9572649572649584,0.0,1.0,0.0,0.32748538011695855,0.0,0.0,0.0,1.0,0.0,0.0,-1.2550143266475644,0.608695652173913,0.0,Graduate
1453,-1.5686274513099354,-1.6666666666666667,-1.6666666666666667,-5.1354731137974134,-1.9999999999999996,-2.0,0.0,1.0,0.0,1.0,-3.0,-0.07333333333333296,1.0,0.0,0.0,1.0,-0.6324786324786323,0.0,1.0,0.0,-0.38596491228070123,0.0,0.0,0.0,1.0,0.0,0.0,0.4068767908309455,0.0,0.0,Dropout
1454,-0.056022408975354966,0.04761904761904745,0.3333333333333333,-0.13338891204668618,0.14285714285714307,0.25,0.0,1.0,0.0,1.0,0.5,-0.47333333333333294,0.0,1.0,0.0,1.0,0.7777777777777792,0.0,0.0,0.0,0.2280701754385967,0.0,0.0,0.0,1.0,0.0,1.0,0.4068767908309455,0.0,0.0,Graduate
1456,-1.5686274513099354,-1.6666666666666667,-1.6666666666666667,-5.1354731137974134,-0.3333333333333332,-0.75,0.0,1.0,0.0,1.0,-0.5,-0.873333333333333,0.0,1.0,0.0,1.0,-0.11965811965811904,0.0,1.0,0.0,-0.7368421052631572,0.0,0.0,0.0,1.0,0.0,1.0,0.48710601719197705,-0.3478260869565217,0.0,Dropout
1457,0.1960784314137419,0.33333333333333326,0.0,-0.13338891204668618,1.0,0.25,0.0,1.0,0.0,1.0,-0.5,-0.673333333333333,1.0,0.0,0.0,1.0,0.0,0.0,1.0,0.0,-0.47953216374269,0.0,0.0,0.0,1.0,0.0,0.0,0.9140401146131805,0.0,0.0,Enrolled
1459,-0.34313725497404846,-0.3333333333333335,-0.3333333333333333,0.0750312630262608,0.7777777777777779,0.5,0.0,1.0,0.0,1.0,0.0,0.19333333333333372,1.0,0.0,0.0,1.0,-0.09401709401709483,0.0,1.0,0.0,0.2163742690058472,0.0,0.0,0.0,1.0,0.0,0.0,-0.3553008595988538,-0.4782608695652173,0.0,Enrolled
1460,-1.5686274513099354,-1.6666666666666667,-1.6666666666666667,-5.1354731137974134,-0.3333333333333332,-0.75,1.0,0.0,1.0,0.0,-0.5,-0.9399999999999996,1.0,0.0,0.0,1.0,-0.15384615384615374,0.0,0.0,0.0,-0.8187134502923973,0.0,0.0,0.0,1.0,0.0,0.0,-0.98567335243553,-0.9565217391304347,0.0,Dropout
1461,-0.5392156863877904,-0.3333333333333335,-0.3333333333333333,-0.7586494372655271,2.1666666666666665,1.75,0.0,1.0,0.0,1.0,0.0,-0.873333333333333,1.0,0.0,0.0,1.0,2.153846153846156,1.0,0.0,0.0,0.8187134502923973,0.0,0.0,0.0,1.0,0.0,0.0,-1.2550143266475644,0.608695652173913,0.0,Dropout
1462,0.007002801472059508,0.0,0.0,0.22390281784076668,0.22222222222222213,0.0,0.0,1.0,0.0,1.0,0.0,1.1266666666666671,1.0,0.0,0.0,1.0,0.44444444444444514,0.0,0.0,0.0,1.4035087719298238,0.0,0.0,0.0,0.0,0.0,0.0,-0.3553008595988538,-0.4782608695652173,0.0,Graduate
1463,-0.5392156860936729,-0.4666666666666668,-0.6666666666666666,-0.2723356940391831,0.3333333333333332,-0.25,0.0,1.0,0.0,1.0,-0.5,-0.8066666666666663,1.0,0.0,0.0,1.0,0.5641025641025654,0.0,1.0,0.0,-0.21052631578947326,0.0,0.0,0.0,1.0,0.0,2.0,-0.98567335243553,-0.9565217391304347,0.0,Enrolled
1465,0.17156862699682812,0.33333333333333326,0.3333333333333333,-0.2028623051271362,0.22222222222222213,0.0,0.0,1.0,0.0,1.0,0.0,0.12666666666666704,1.0,0.0,0.0,1.0,0.44444444444444514,0.0,0.0,0.0,0.526315789473684,0.0,0.0,0.0,1.0,0.0,1.0,0.0,0.5217391304347826,0.0,Enrolled
1466,0.2629233505454318,0.33333333333333326,2.0,0.056083972488536527,-0.3333333333333332,0.75,0.0,1.0,0.0,1.0,2.5,-1.1399999999999997,1.0,0.0,0.0,1.0,0.46153846153846245,0.0,0.0,0.0,-0.5730994152046779,0.0,1.0,1.0,1.0,1.0,3.0,-0.98567335243553,-0.9565217391304347,1.0,Graduate
1467,-0.5980392158119128,-0.4666666666666668,-0.6666666666666666,-0.5502292621925802,0.0,-0.5,0.0,1.0,0.0,1.0,-0.5,-0.873333333333333,1.0,0.0,0.0,1.0,0.4786324786324798,0.0,0.0,0.0,-0.32748538011695855,1.0,0.0,0.0,1.0,0.0,1.0,0.4068767908309455,0.0,0.0,Dropout
1468,-0.015686274513099587,-0.06666666666666665,-0.3333333333333333,0.36681950812838626,1.3333333333333333,0.5,0.0,1.0,0.0,1.0,-0.5,-0.47333333333333294,1.0,0.0,0.0,1.0,0.1794871794871804,0.0,0.0,0.0,-0.1812865497076019,1.0,0.0,0.0,1.0,0.0,4.0,0.0,0.5217391304347826,0.0,Enrolled
1470,0.24509803877698141,0.33333333333333326,0.3333333333333333,0.005557869945810766,0.22222222222222213,0.0,0.0,1.0,0.0,1.0,0.0,-0.673333333333333,1.0,0.0,0.0,1.0,0.4786324786324798,0.0,1.0,0.0,-0.1520467836257306,0.0,0.0,0.0,1.0,0.0,2.0,0.48710601719197705,-0.3478260869565217,0.0,Graduate
1471,0.1960784314137419,0.33333333333333326,0.0,-0.13338891204668618,2.333333333333333,1.25,0.0,1.0,0.0,1.0,-0.5,-0.873333333333333,1.0,0.0,0.0,1.0,0.8034188034188047,0.0,0.0,0.0,-0.10526315789473663,0.0,0.0,0.0,1.0,0.0,0.0,0.1346704871060172,-0.7391304347826085,0.0,Enrolled
1474,-1.5686274513099354,-1.6666666666666667,-1.6666666666666667,-5.1354731137974134,1.3333333333333333,1.0,0.0,1.0,0.0,1.0,0.0,-1.073333333333333,1.0,0.0,0.0,1.0,0.7435897435897445,0.0,0.0,0.0,-0.3216374269005846,0.0,1.0,0.0,1.0,0.0,0.0,-0.98567335243553,-0.9565217391304347,0.0,Dropout
1475,-0.15686274513099357,-0.06666666666666665,-0.3333333333333333,-0.13338891204668618,0.3333333333333332,-0.25,0.0,1.0,0.0,1.0,-0.5,-0.13999999999999962,1.0,0.0,0.0,1.0,-0.17948717948717918,0.0,0.0,0.0,-0.13450292397660796,1.0,0.0,0.0,1.0,0.0,0.0,0.4068767908309455,0.0,0.0,Enrolled
1476,-0.15686274513099357,-0.06666666666666665,-0.3333333333333333,-0.13338891204668618,1.6666666666666667,0.75,0.0,1.0,0.0,1.0,-0.5,-0.20666666666666628,1.0,0.0,0.0,1.0,-0.19658119658119652,0.0,0.0,0.0,-0.20467836257309932,0.0,0.0,0.0,1.0,0.0,0.0,-0.98567335243553,-0.9565217391304347,0.0,Graduate
1477,-0.8333333335084032,-0.8666666666666667,-1.0,0.0750312630262608,1.6666666666666667,0.75,0.0,1.0,1.0,0.0,-0.5,-0.006666666666666288,1.0,0.0,1.0,0.0,0.9743589743589746,1.0,0.0,0.0,0.7719298245614025,0.0,0.0,0.0,1.0,0.0,0.0,-0.5787965616045845,1.0,0.0,Dropout
1478,0.4411764711711155,0.33333333333333326,2.3333333333333335,0.5613450062526048,-0.3333333333333332,1.0,0.0,1.0,0.0,1.0,3.0,-0.33999999999999964,1.0,0.0,0.0,1.0,0.717948717948718,0.0,0.0,0.0,0.3040935672514612,0.0,0.0,0.0,1.0,0.0,0.0,0.9140401146131805,0.0,0.0,Graduate
1479,-0.857843137435121,-1.0,-1.0,0.9087119633180487,2.7222222222222223,2.25,1.0,0.0,1.0,0.0,0.0,0.0,1.0,0.0,1.0,0.0,-0.6752136752136751,1.0,0.0,0.0,-0.35087719298245595,0.0,0.0,0.0,1.0,0.0,0.0,-1.2550143266475644,0.608695652173913,0.0,Dropout
1480,-0.27450980397923885,-0.3333333333333335,-0.3333333333333333,0.36681950812838626,0.7777777777777779,0.5,0.0,1.0,0.0,1.0,0.0,-0.673333333333333,0.0,1.0,0.0,1.0,-0.09401709401709363,0.0,1.0,0.0,-0.5438596491228066,0.0,0.0,0.0,1.0,0.0,0.0,0.42120343839541546,-0.39130434782608686,0.0,Dropout
1481,-0.29061624620951315,-0.23809523809523814,0.0,-0.06391551896623615,0.619047619047619,0.75,0.0,1.0,0.0,1.0,0.5,1.1266666666666671,0.0,1.0,0.0,1.0,0.44444444444444514,0.0,0.0,0.0,1.4035087719298238,0.0,0.0,0.0,0.0,0.0,0.0,0.9140401146131805,0.0,0.0,Dropout
1482,-0.46568627460763706,-0.3333333333333335,-0.3333333333333333,-0.4460191746561067,0.7777777777777779,0.5,0.0,1.0,0.0,1.0,0.0,0.0,1.0,0.0,0.0,1.0,-0.8888888888888891,1.0,0.0,0.0,-0.4970760233918126,0.0,0.0,0.0,0.0,0.0,0.0,0.4068767908309455,0.0,0.0,Graduate
1483,0.661764706511575,0.33333333333333326,0.3333333333333333,1.1866055314714457,0.22222222222222213,0.0,0.0,1.0,0.0,1.0,0.0,0.46000000000000035,0.0,1.0,0.0,1.0,0.2393162393162393,0.0,1.0,0.0,0.6783625730994145,0.0,0.0,0.0,1.0,0.0,1.0,0.9140401146131805,0.0,0.0,Graduate
1484,0.07352941227034941,0.33333333333333326,0.3333333333333333,-0.48075586911213014,0.22222222222222213,0.0,0.0,1.0,0.0,1.0,0.0,-0.47333333333333294,0.0,1.0,0.0,1.0,0.2991452991452994,0.0,0.0,0.0,-0.09941520467836269,0.0,0.0,0.0,1.0,0.0,0.0,-0.3553008595988538,-0.4782608695652173,0.0,Graduate
1485,-0.18417366992664705,0.04761904761904745,0.3333333333333333,-0.5571766027511459,-0.09523809523809526,0.0,0.0,1.0,0.0,1.0,0.5,0.0,0.0,1.0,0.0,1.0,-1.0170940170940173,1.0,0.0,1.0,-0.5847953216374266,0.0,0.0,0.0,0.0,0.0,0.0,0.0,0.5217391304347826,0.0,Graduate
1486,-0.5147058824610727,-0.3333333333333335,-0.3333333333333333,-0.6544393497290536,0.22222222222222213,0.0,0.0,1.0,0.0,1.0,0.0,-0.8066666666666663,0.0,1.0,0.0,1.0,0.4786324786324798,0.0,0.0,0.0,-0.2690058479532159,0.0,0.0,0.0,1.0,0.0,1.0,-1.2550143266475644,0.608695652173913,0.0,Graduate
1487,0.2356711909808831,0.16666666666666652,2.0,0.44377464776990366,0.0833333333333334,1.75,1.0,0.0,1.0,0.0,3.0,0.46000000000000035,0.0,1.0,0.0,1.0,0.6837606837606857,0.0,0.0,0.0,0.9824561403508774,0.0,0.0,0.0,0.0,0.0,0.0,0.9140401146131805,0.0,0.0,Graduate
1488,0.09103641521520367,0.33333333333333326,0.3333333333333333,-0.43113201750729485,0.22222222222222213,0.0,0.0,1.0,0.0,1.0,0.0,0.0,0.0,1.0,0.0,1.0,-2.7264957264957284,0.0,0.0,0.0,-1.7543859649122797,0.0,0.0,0.0,1.0,0.0,0.0,-1.2550143266475644,0.608695652173913,0.0,Enrolled
1489,-1.5686274513099354,-1.6666666666666667,-1.6666666666666667,-5.1354731137974134,1.6111111111111107,1.25,0.0,1.0,0.0,1.0,0.0,-0.13999999999999962,1.0,0.0,0.0,1.0,-0.0683760683760682,0.0,0.0,0.0,-0.05847953216374266,0.0,0.0,0.0,1.0,0.0,0.0,-0.3553008595988538,-0.4782608695652173,0.0,Dropout
1490,-0.03921568628274831,-0.06666666666666665,-0.3333333333333333,0.28345143809920775,0.3333333333333332,-0.25,0.0,1.0,0.0,1.0,-0.5,-0.6066666666666662,1.0,0.0,0.0,1.0,0.6239316239316243,0.0,0.0,0.0,0.005847953216373934,1.0,0.0,0.0,1.0,0.0,5.0,0.0,0.5217391304347826,1.0,Graduate
1491,0.8006535947760476,0.33333333333333326,0.3333333333333333,1.5802880825343883,0.5,0.25,0.0,1.0,0.0,1.0,0.0,-0.873333333333333,1.0,0.0,0.0,1.0,3.5042735042735087,1.0,0.0,0.0,1.742690058479532,0.0,0.0,0.0,1.0,0.0,0.0,0.1346704871060172,-0.7391304347826085,0.0,Graduate
1492,0.1225490196335886,0.33333333333333326,0.3333333333333333,-0.34180908711963315,0.22222222222222213,0.0,0.0,1.0,0.0,1.0,0.0,0.0,1.0,0.0,0.0,1.0,-1.0170940170940173,0.0,1.0,0.0,-0.5847953216374266,0.0,0.0,0.0,1.0,0.0,0.0,-0.3553008595988538,-0.4782608695652173,0.0,Graduate
1493,-0.5147058824610727,-0.3333333333333335,-0.3333333333333333,-0.6544393497290536,2.1666666666666665,1.75,0.0,1.0,0.0,1.0,0.0,-1.5399999999999996,1.0,0.0,0.0,1.0,0.44444444444444514,0.0,0.0,0.0,-0.9356725146198825,0.0,0.0,0.0,0.0,0.0,0.0,0.1346704871060172,-0.7391304347826085,0.0,Dropout
1494,-0.43137254911023243,-0.3333333333333335,-0.3333333333333333,-0.3001250521050439,0.7777777777777779,0.5,0.0,1.0,0.0,1.0,0.0,0.0,0.0,1.0,0.0,1.0,-2.6239316239316257,1.0,0.0,0.0,-1.6842105263157885,0.0,0.0,0.0,0.0,0.0,0.0,0.48710601719197705,-0.3478260869565217,0.0,Graduate
1495,-1.5686274513099354,-1.6666666666666667,-1.6666666666666667,-5.1354731137974134,2.9999999999999996,3.25,0.0,1.0,1.0,0.0,0.5,0.0,1.0,0.0,1.0,0.0,-2.3846153846153864,1.0,0.0,1.0,-1.5204678362573092,0.0,0.0,0.0,0.0,0.0,0.0,-0.3553008595988538,-0.4782608695652173,0.0,Dropout
1496,0.46078431382229373,0.33333333333333326,0.0,0.6169237182159233,-0.3333333333333332,-0.75,0.0,1.0,0.0,1.0,-0.5,0.46000000000000035,1.0,0.0,0.0,1.0,0.44444444444444514,0.0,0.0,0.0,0.8187134502923973,1.0,0.0,0.0,0.0,0.0,0.0,0.48710601719197705,-0.3478260869565217,0.0,Graduate
1497,0.42927170940390846,0.33333333333333326,0.6666666666666666,0.5276007878282616,-0.09523809523809526,0.0,0.0,1.0,0.0,1.0,0.5,-0.20666666666666628,1.0,0.0,0.0,1.0,0.27350427350427403,0.0,0.0,0.0,0.11695906432748532,0.0,0.0,0.0,1.0,0.0,0.0,-1.2550143266475644,0.608695652173913,0.0,Graduate
1498,0.4691876755887649,0.33333333333333326,0.3333333333333333,0.6407431679866606,0.22222222222222213,0.0,0.0,1.0,0.0,1.0,0.0,-1.5399999999999996,1.0,0.0,0.0,1.0,0.8974358974358984,0.0,0.0,0.0,-0.6257309941520466,0.0,0.0,0.0,1.0,0.0,1.0,-1.2550143266475644,0.608695652173913,0.0,Graduate
1499,-0.09803921570687095,0.0,0.0,-0.13338891204668618,1.3333333333333333,1.0,0.0,1.0,0.0,1.0,0.0,0.46000000000000035,1.0,0.0,0.0,1.0,1.2991452991453007,1.0,0.0,0.0,1.4035087719298238,0.0,0.0,0.0,1.0,0.0,0.0,0.48710601719197705,-0.3478260869565217,0.0,Enrolled
1500,0.40849673145836773,0.33333333333333326,0.3333333333333333,0.4687138140892035,0.5,0.25,0.0,1.0,0.0,1.0,0.0,1.7933333333333337,0.0,1.0,0.0,1.0,0.44444444444444514,0.0,0.0,0.0,1.9883040935672505,0.0,0.0,0.0,0.0,0.0,0.0,0.1346704871060172,-0.7391304347826085,0.0,Graduate
1501,0.4901960785343547,0.33333333333333326,0.3333333333333333,0.7002917882451017,-0.3333333333333332,-0.5,0.0,1.0,0.0,1.0,0.0,0.32666666666666705,1.0,0.0,0.0,1.0,0.02564102564102542,0.0,1.0,0.0,0.4152046783625726,0.0,0.0,0.0,1.0,0.0,0.0,0.9140401146131805,0.0,0.0,Graduate
1502,-1.2745098041893226,-1.3333333333333335,-1.3333333333333333,-0.13338891204668618,0.7777777777777779,0.5,0.0,1.0,1.0,0.0,0.0,-0.47333333333333294,1.0,0.0,1.0,0.0,-0.15384615384615374,0.0,1.0,0.0,-0.40935672514619864,0.0,0.0,0.0,1.0,0.0,0.0,0.4068767908309455,0.0,0.0,Dropout
1504,-0.1673669468138724,-0.23809523809523814,0.0,0.42517715714881166,0.619047619047619,0.75,0.0,1.0,0.0,1.0,0.5,-0.20666666666666628,1.0,0.0,0.0,1.0,3.324786324786327,1.0,0.0,1.0,2.2046783625730977,0.0,0.0,0.0,1.0,0.0,0.0,0.42120343839541546,-0.39130434782608686,0.0,Enrolled
1505,0.03431372586505174,0.08333333333333326,0.6666666666666666,0.057166677782408935,0.5,1.0,0.0,1.0,0.0,1.0,1.0,-0.20666666666666628,1.0,0.0,0.0,1.0,0.44444444444444514,1.0,0.0,1.0,0.23391812865497064,0.0,0.0,0.0,0.0,0.0,0.0,-0.5787965616045845,1.0,0.0,Enrolled
1506,-0.7598039217282498,-0.6666666666666667,-0.6666666666666666,-0.5502292621925802,1.3333333333333333,1.0,1.0,0.0,1.0,0.0,0.0,-0.7399999999999997,1.0,0.0,0.0,1.0,0.5384615384615388,0.0,0.0,0.0,-0.16959064327485404,0.0,0.0,0.0,1.0,0.0,4.0,-0.98567335243553,-0.9565217391304347,0.0,Dropout
1507,-0.33333333340336113,-0.06666666666666665,-0.3333333333333333,-0.7586494372655271,2.333333333333333,1.25,0.0,1.0,0.0,1.0,-0.5,1.7933333333333337,0.0,1.0,0.0,1.0,0.44444444444444514,1.0,0.0,0.0,1.9883040935672505,0.0,0.0,0.0,1.0,0.0,0.0,-1.2550143266475644,0.608695652173913,0.0,Enrolled
1508,-1.5686274513099354,-1.6666666666666667,-1.6666666666666667,-5.1354731137974134,-1.9999999999999996,-2.0,0.0,1.0,0.0,1.0,-3.0,0.06000000000000038,1.0,0.0,0.0,1.0,0.6239316239316243,0.0,1.0,0.0,0.5906432748538005,0.0,0.0,0.0,1.0,0.0,0.0,-0.98567335243553,-0.9565217391304347,0.0,Graduate
1510,-1.5686274513099354,-1.6666666666666667,-1.6666666666666667,-5.1354731137974134,-1.9999999999999996,-2.0,0.0,1.0,0.0,1.0,0.5,0.46000000000000035,1.0,0.0,0.0,1.0,-0.5641025641025654,0.0,0.0,1.0,0.1286549707602332,0.0,0.0,0.0,1.0,0.0,0.0,-0.5787965616045845,1.0,0.0,Dropout
1511,-1.5686274513099354,-1.6666666666666667,-1.6666666666666667,-5.1354731137974134,-0.3333333333333332,-1.75,1.0,0.0,1.0,0.0,-2.5,-0.4066666666666663,1.0,0.0,0.0,1.0,0.4188034188034197,0.0,0.0,0.0,0.040935672514620026,0.0,0.0,0.0,1.0,0.0,0.0,0.42120343839541546,-0.39130434782608686,0.0,Dropout
1513,-1.5686274513099354,-1.6666666666666667,-1.6666666666666667,-5.1354731137974134,-1.9999999999999996,-2.0,0.0,1.0,0.0,1.0,-3.0,0.6600000000000004,0.0,1.0,0.0,1.0,1.581196581196584,0.0,0.0,0.0,1.7719298245614032,0.0,0.0,0.0,1.0,0.0,0.0,0.48710601719197705,-0.3478260869565217,0.0,Graduate
1514,0.4166666667542018,0.33333333333333326,0.3333333333333333,0.4918716131721548,-0.3333333333333332,-0.5,0.0,1.0,0.0,1.0,0.0,-1.2066666666666663,1.0,0.0,0.0,1.0,0.5384615384615388,0.0,0.0,0.0,-0.5789473684210527,0.0,0.0,0.0,1.0,0.0,0.0,0.42120343839541546,-0.39130434782608686,0.0,Graduate
1515,-1.5686274513099354,-1.6666666666666667,-1.6666666666666667,-5.1354731137974134,-1.9999999999999996,-2.0,0.0,1.0,0.0,1.0,0.5,-0.13999999999999962,1.0,0.0,0.0,1.0,-0.1709401709401711,0.0,0.0,1.0,-0.12865497076023402,0.0,0.0,0.0,1.0,0.0,0.0,-1.2550143266475644,0.608695652173913,0.0,Dropout
1516,0.400326797633122,0.33333333333333326,4.0,0.44555601917465604,-0.23529411764705868,2.5,0.0,1.0,0.0,1.0,5.5,0.8600000000000004,0.0,1.0,0.0,1.0,1.042735042735044,0.0,1.0,0.0,1.5789473684210518,0.0,0.0,0.0,1.0,0.0,0.0,0.48710601719197705,-0.3478260869565217,0.0,Graduate
1517,-1.5686274513099354,-1.6666666666666667,-1.6666666666666667,-5.1354731137974134,-1.9999999999999996,-2.0,1.0,0.0,1.0,0.0,0.5,0.46000000000000035,1.0,0.0,0.0,1.0,0.44444444444444514,0.0,0.0,1.0,0.8187134502923973,0.0,0.0,0.0,0.0,0.0,0.0,0.42120343839541546,-0.39130434782608686,0.0,Dropout
1518,0.42892156822736444,0.33333333333333326,2.3333333333333335,0.5266083076281782,-0.3333333333333332,1.0,0.0,1.0,0.0,1.0,3.0,0.12666666666666704,1.0,0.0,0.0,1.0,0.1794871794871804,0.0,0.0,0.0,0.345029239766082,0.0,0.0,0.0,1.0,0.0,0.0,0.9140401146131805,0.0,0.0,Graduate
1520,-1.5686274513099354,-1.6666666666666667,-1.6666666666666667,-5.1354731137974134,-0.3333333333333332,-0.75,1.0,0.0,1.0,0.0,-0.5,0.0,1.0,0.0,1.0,0.0,1.0341880341880358,1.0,0.0,0.0,0.8187134502923973,0.0,0.0,0.0,0.0,0.0,0.0,-0.5787965616045845,1.0,0.0,Dropout
1521,-1.2745098041893226,-1.2666666666666666,-1.3333333333333333,-0.9670696123384741,1.0,0.25,0.0,1.0,0.0,1.0,-0.5,-0.873333333333333,1.0,0.0,0.0,1.0,0.017094017094017352,1.0,0.0,0.0,-0.6432748538011692,0.0,0.0,0.0,1.0,0.0,0.0,-0.5787965616045845,1.0,0.0,Dropout
1522,0.6666666668067226,0.33333333333333326,0.0,1.2005002084201741,-0.3333333333333332,-0.75,0.0,1.0,0.0,1.0,-0.5,0.0,1.0,0.0,0.0,1.0,3.4273504273504316,1.0,0.0,0.0,2.4561403508771917,0.0,0.0,0.0,1.0,0.0,0.0,0.48710601719197705,-0.3478260869565217,0.0,Graduate
1523,-0.31372549026198715,-0.3333333333333335,-0.3333333333333333,0.20008336807002927,1.3333333333333333,1.0,0.0,1.0,0.0,1.0,0.0,-0.20666666666666628,1.0,0.0,0.0,1.0,-2.0085470085470103,0.0,0.0,0.0,-1.444444444444444,0.0,0.0,0.0,1.0,0.0,0.0,0.42120343839541546,-0.39130434782608686,0.0,Dropout
1525,-1.5686274513099354,-1.6666666666666667,-1.6666666666666667,-5.1354731137974134,-1.9999999999999996,-2.0,0.0,1.0,0.0,1.0,-3.0,0.06000000000000038,1.0,0.0,0.0,1.0,1.1025641025641029,0.0,1.0,0.0,0.9181286549707591,0.0,0.0,0.0,1.0,0.0,0.0,0.0,0.5217391304347826,0.0,Enrolled
1526,0.08210784333832807,0.08333333333333326,0.6666666666666666,0.21199309295539798,-0.1249999999999999,0.25,0.0,1.0,0.0,1.0,1.0,1.1933333333333338,1.0,0.0,0.0,1.0,-1.1538461538461537,0.0,1.0,1.0,0.3684210526315794,0.0,0.0,0.0,1.0,0.0,0.0,-0.5787965616045845,1.0,0.0,Graduate
1527,0.2696078431938952,0.33333333333333326,0.3333333333333333,0.0750312630262608,-0.3333333333333332,-0.5,1.0,0.0,1.0,0.0,0.0,-1.4066666666666663,1.0,0.0,1.0,0.0,0.4188034188034197,0.0,0.0,0.0,-0.8362573099415199,0.0,0.0,0.0,1.0,0.0,0.0,-1.2550143266475644,0.608695652173913,0.0,Dropout
1528,-0.6862745099480968,-0.4666666666666668,-0.6666666666666666,-0.9670696123384741,1.9999999999999996,1.0,0.0,1.0,0.0,1.0,-0.5,-0.873333333333333,0.0,1.0,0.0,1.0,-1.376068376068377,1.0,0.0,0.0,-1.5964912280701744,1.0,0.0,0.0,1.0,0.0,0.0,0.42120343839541546,-0.39130434782608686,0.0,Graduate
1529,0.1225490196335886,0.33333333333333326,0.3333333333333333,-0.34180908711963315,-0.3333333333333332,-0.5,1.0,0.0,1.0,0.0,0.0,0.46000000000000035,1.0,0.0,0.0,1.0,0.44444444444444514,0.0,0.0,0.0,0.8187134502923973,0.0,0.0,0.0,1.0,0.0,0.0,0.1346704871060172,-0.7391304347826085,0.0,Graduate
1530,-0.1109068625845741,0.08333333333333326,0.6666666666666666,-0.413267432263443,0.2916666666666667,0.75,1.0,0.0,1.0,0.0,1.0,0.46000000000000035,1.0,0.0,1.0,0.0,0.44444444444444514,0.0,0.0,1.0,0.8187134502923973,0.0,0.0,0.0,1.0,0.0,0.0,-0.5787965616045845,1.0,0.0,Dropout
1532,0.07422969147217681,0.04761904761904745,0.3333333333333333,0.29734611504793623,-0.3333333333333332,-0.25,0.0,1.0,0.0,1.0,0.5,0.6600000000000004,1.0,0.0,0.0,1.0,-0.341880341880341,0.0,0.0,1.0,0.4561403508771934,0.0,0.0,0.0,1.0,0.0,2.0,0.0,0.5217391304347826,0.0,Graduate
1533,0.22058823583065565,0.33333333333333326,0.3333333333333333,-0.06391551896623615,0.22222222222222213,0.0,0.0,1.0,0.0,1.0,0.0,0.0,1.0,0.0,0.0,1.0,-2.3846153846153864,0.0,0.0,0.0,-1.5204678362573092,0.0,0.0,0.0,1.0,0.0,0.0,0.48710601719197705,-0.3478260869565217,0.0,Graduate
1535,0.5490196079584774,0.33333333333333326,0.0,0.8670279283034594,0.3333333333333332,-0.25,0.0,1.0,0.0,1.0,-0.5,0.19333333333333372,1.0,0.0,0.0,1.0,1.2146029671112836e-15,0.0,1.0,0.0,0.28070175438596545,0.0,0.0,0.0,1.0,0.0,0.0,-0.5787965616045845,1.0,0.0,Graduate
1536,-0.3676470589007661,-0.3333333333333335,-0.3333333333333333,-0.029178824510212698,0.7777777777777779,0.5,0.0,1.0,0.0,1.0,0.0,0.46000000000000035,1.0,0.0,0.0,1.0,0.44444444444444514,0.0,0.0,0.0,0.8187134502923973,0.0,0.0,0.0,0.0,0.0,0.0,-0.98567335243553,-0.9565217391304347,0.0,Enrolled
1537,-1.5686274513099354,-1.6666666666666667,-1.6666666666666667,-5.1354731137974134,1.3333333333333333,1.5,0.0,1.0,0.0,1.0,0.5,-0.20666666666666628,1.0,0.0,0.0,1.0,-1.5897435897435908,1.0,0.0,1.0,-1.1578947368421044,0.0,0.0,0.0,1.0,0.0,0.0,0.48710601719197705,-0.3478260869565217,0.0,Dropout
1538,0.29411764761080894,0.33333333333333326,0.3333333333333333,0.14450465610671082,-0.3333333333333332,-0.5,0.0,1.0,0.0,1.0,0.0,0.5266666666666671,0.0,1.0,0.0,1.0,-0.8717948717948729,0.0,1.0,0.0,-0.023391812865497397,0.0,0.0,0.0,1.0,0.0,0.0,-0.98567335243553,-0.9565217391304347,0.0,Graduate
1540,-1.5686274513099354,-1.6666666666666667,-1.6666666666666667,-5.1354731137974134,0.0,-0.5,1.0,0.0,1.0,0.0,-0.5,-0.873333333333333,1.0,0.0,0.0,1.0,0.658119658119659,1.0,0.0,0.0,-0.20467836257309932,1.0,0.0,0.0,0.0,0.0,0.0,-0.5787965616045845,1.0,0.0,Dropout
1541,-0.5392156860936729,-0.4666666666666668,-0.6666666666666666,-0.2723356940391831,-0.3333333333333332,-0.75,0.0,1.0,0.0,1.0,-0.5,-0.27333333333333293,1.0,0.0,0.0,1.0,0.7777777777777792,0.0,0.0,0.0,0.4035087719298247,0.0,0.0,0.0,1.0,0.0,0.0,-0.98567335243553,-0.9565217391304347,0.0,Dropout
1542,-1.5686274513099354,-1.6666666666666667,-1.6666666666666667,-5.1354731137974134,-1.9999999999999996,-2.0,0.0,1.0,0.0,1.0,0.0,0.0,1.0,0.0,0.0,1.0,-2.1282051282051295,1.0,0.0,0.0,-1.3450292397660812,0.0,0.0,0.0,0.0,0.0,0.0,-0.3553008595988538,-0.4782608695652173,0.0,Dropout
1543,-1.2745098041893226,-1.2666666666666666,-1.3333333333333333,-0.9670696123384741,1.9999999999999996,1.0,0.0,1.0,0.0,1.0,-0.5,-2.206666666666666,1.0,0.0,0.0,1.0,1.042735042735044,0.0,0.0,0.0,-1.1111111111111105,0.0,0.0,0.0,1.0,0.0,4.0,0.4068767908309455,0.0,0.0,Dropout
1544,-1.5686274513099354,-1.6666666666666667,-1.6666666666666667,-5.1354731137974134,-0.09523809523809526,0.0,0.0,1.0,0.0,1.0,0.5,0.0,1.0,0.0,0.0,1.0,-2.3846153846153864,0.0,0.0,0.0,-1.5204678362573092,0.0,0.0,0.0,0.0,0.0,0.0,0.9140401146131805,0.0,0.0,Dropout
1545,-0.3676470589007661,-0.3333333333333335,-0.3333333333333333,-0.029178824510212698,1.0555555555555554,0.75,0.0,1.0,0.0,1.0,0.0,0.0,1.0,0.0,0.0,1.0,-2.3846153846153864,1.0,0.0,0.0,-1.5204678362573092,0.0,1.0,1.0,1.0,1.0,0.0,0.0,0.5217391304347826,1.0,Dropout
1547,-0.024509803926717654,0.0,0.0,0.11671529804085004,-0.05555555555555535,-0.25,1.0,0.0,1.0,0.0,0.0,-0.5399999999999996,1.0,0.0,0.0,1.0,0.20512820512820581,0.0,0.0,0.0,-0.22222222222222193,0.0,0.0,0.0,1.0,0.0,0.0,0.48710601719197705,-0.3478260869565217,0.0,Enrolled
1548,-1.5686274513099354,-1.6666666666666667,-1.6666666666666667,-5.1354731137974134,-0.3333333333333332,-0.75,1.0,0.0,1.0,0.0,-0.5,0.0,1.0,0.0,0.0,1.0,-0.8119658119658115,1.0,0.0,0.0,-0.44444444444444386,0.0,1.0,1.0,0.0,1.0,0.0,0.0,0.5217391304347826,1.0,Dropout
1549,-1.5686274513099354,-1.6666666666666667,-1.6666666666666667,-5.1354731137974134,-0.3333333333333332,-0.75,1.0,0.0,1.0,0.0,-0.5,-2.206666666666666,1.0,0.0,0.0,1.0,0.44444444444444514,0.0,0.0,0.0,-1.5204678362573092,0.0,0.0,0.0,0.0,0.0,0.0,0.4068767908309455,0.0,0.0,Dropout
1550,-1.5686274513099354,-1.6666666666666667,-1.6666666666666667,-5.1354731137974134,-0.3333333333333332,0.0,1.0,0.0,1.0,0.0,1.0,-1.5399999999999996,1.0,0.0,0.0,1.0,0.44444444444444514,1.0,0.0,1.0,-0.9356725146198825,0.0,0.0,0.0,1.0,0.0,0.0,-0.5787965616045845,1.0,0.0,Dropout
1552,-0.3921568628274838,-0.1282051282051282,1.6666666666666667,-0.8003334722801164,0.8205128205128205,3.5,0.0,1.0,0.0,1.0,3.5,-0.673333333333333,1.0,0.0,0.0,1.0,-0.9914529914529919,0.0,0.0,0.0,-1.1578947368421044,0.0,0.0,0.0,1.0,0.0,0.0,-0.5787965616045845,1.0,0.0,Graduate
1553,-0.1320261433610698,0.19999999999999996,3.0,-0.7725441142142556,0.888888888888889,4.5,0.0,1.0,0.0,1.0,4.5,-1.5399999999999996,1.0,0.0,0.0,1.0,0.44444444444444514,0.0,0.0,0.0,-0.9356725146198825,0.0,0.0,0.0,0.0,0.0,0.0,0.1346704871060172,-0.7391304347826085,0.0,Graduate
1554,0.5392156858975943,0.33333333333333326,0.0,0.8392385702375987,1.3333333333333333,0.5,0.0,1.0,0.0,1.0,-0.5,-0.20666666666666628,1.0,0.0,0.0,1.0,-0.2136752136752139,0.0,1.0,0.0,-0.21637426900584802,0.0,0.0,0.0,1.0,0.0,1.0,-0.98567335243553,-0.9565217391304347,0.0,Graduate
1555,0.280112045296942,0.04761904761904745,0.3333333333333333,0.9781853563984988,-0.3333333333333332,-0.25,0.0,1.0,0.0,1.0,0.5,0.0,0.0,1.0,0.0,1.0,-1.316239316239317,1.0,0.0,0.0,-0.7894736842105259,0.0,0.0,0.0,1.0,0.0,0.0,0.4068767908309455,0.0,0.0,Graduate
1556,0.3189775917336787,0.33333333333333326,0.6666666666666666,0.2149705252188411,-0.3333333333333332,-0.25,0.0,1.0,0.0,1.0,0.5,-2.4066666666666663,1.0,0.0,0.0,1.0,0.5384615384615388,0.0,1.0,1.0,-1.6315789473684206,0.0,0.0,0.0,1.0,0.0,1.0,0.48710601719197705,-0.3478260869565217,0.0,Graduate
1557,-1.5686274513099354,-1.6666666666666667,-1.6666666666666667,-5.1354731137974134,-0.3333333333333332,-0.75,0.0,1.0,0.0,1.0,-0.5,-0.20666666666666628,1.0,0.0,0.0,1.0,1.316239316239317,0.0,1.0,0.0,0.8304093567251452,1.0,0.0,0.0,1.0,0.0,0.0,-0.98567335243553,-0.9565217391304347,0.0,Dropout
1558,-1.5686274513099354,-1.6666666666666667,-1.6666666666666667,-5.1354731137974134,1.0,0.25,0.0,1.0,1.0,0.0,-0.5,0.3933333333333337,1.0,0.0,1.0,0.0,0.8376068376068382,0.0,0.0,0.0,1.0292397660818704,0.0,0.0,0.0,1.0,0.0,0.0,0.0,0.5217391304347826,0.0,Enrolled
1560,0.3797181373346747,0.33333333333333326,1.0,0.38714047519799866,-0.3333333333333332,0.0,0.0,1.0,0.0,1.0,1.0,0.5266666666666671,1.0,0.0,0.0,1.0,-0.7692307692307699,0.0,1.0,1.0,0.04678362573099396,0.0,0.0,0.0,1.0,0.0,2.0,-0.98567335243553,-0.9565217391304347,0.0,Graduate
1563,-0.3333333334033613,-0.4666666666666668,-0.6666666666666666,0.7002917882451017,0.0,-0.5,0.0,1.0,0.0,1.0,-0.5,-1.1399999999999997,0.0,1.0,0.0,1.0,0.2393162393162393,0.0,1.0,0.0,-0.7251461988304093,0.0,0.0,0.0,1.0,0.0,3.0,0.48710601719197705,-0.3478260869565217,0.0,Graduate
1564,-0.6862745099480968,-0.6666666666666667,-0.6666666666666666,-0.13338891204668618,1.0555555555555554,0.75,1.0,0.0,1.0,0.0,0.0,0.46000000000000035,1.0,0.0,1.0,0.0,0.44444444444444514,0.0,0.0,0.0,0.8187134502923973,0.0,0.0,0.0,0.0,0.0,0.0,0.42120343839541546,-0.39130434782608686,0.0,Enrolled
1565,0.36764705939096226,0.33333333333333326,0.3333333333333333,0.3529248311796578,0.5,0.25,0.0,1.0,0.0,1.0,0.0,-1.8066666666666662,1.0,0.0,0.0,1.0,0.44444444444444514,0.0,0.0,0.0,-1.1695906432748533,0.0,0.0,0.0,1.0,0.0,3.0,0.1346704871060172,-0.7391304347826085,0.0,Enrolled
1566,0.43504901969924,0.33333333333333326,0.3333333333333333,0.5439766569403915,0.22222222222222213,0.0,0.0,1.0,0.0,1.0,0.0,0.12666666666666704,0.0,1.0,0.0,1.0,-0.27350427350427403,0.0,0.0,0.0,0.035087719298245265,0.0,0.0,0.0,1.0,0.0,5.0,-0.5787965616045845,1.0,0.0,Graduate
1569,-1.5686274513099354,-1.6666666666666667,-1.6666666666666667,-5.1354731137974134,0.619047619047619,0.75,0.0,1.0,1.0,0.0,0.5,0.2600000000000004,1.0,0.0,1.0,0.0,0.44444444444444514,0.0,0.0,0.0,0.6432748538011692,0.0,0.0,0.0,1.0,0.0,0.0,0.9140401146131805,0.0,0.0,Enrolled
1570,-1.5686274513099354,-1.6666666666666667,-1.6666666666666667,-5.1354731137974134,-1.9999999999999996,-2.0,0.0,1.0,0.0,1.0,0.0,0.0,1.0,0.0,0.0,1.0,-2.3846153846153864,0.0,0.0,0.0,-1.5204678362573092,0.0,0.0,0.0,1.0,0.0,0.0,0.1346704871060172,-0.7391304347826085,0.0,Dropout
1571,0.4901960785343547,0.33333333333333326,2.3333333333333335,0.7002917882451017,-0.05555555555555535,1.5,0.0,1.0,0.0,1.0,3.0,-0.8066666666666663,1.0,0.0,0.0,1.0,-0.11965811965811904,0.0,1.0,0.0,-0.6783625730994145,0.0,0.0,0.0,1.0,0.0,0.0,0.0,0.5217391304347826,0.0,Enrolled
1572,-1.5686274513099354,-1.6666666666666667,-1.6666666666666667,-5.1354731137974134,0.22222222222222213,0.0,1.0,0.0,1.0,0.0,0.0,0.0,1.0,0.0,1.0,0.0,-0.6752136752136751,1.0,0.0,0.0,-0.35087719298245595,0.0,0.0,0.0,0.0,0.0,0.0,-0.3553008595988538,-0.4782608695652173,0.0,Dropout
1574,0.02450980392671798,0.0,0.0,0.28345143809920775,2.7222222222222223,2.25,1.0,0.0,1.0,0.0,0.0,0.0,1.0,0.0,1.0,0.0,-1.5299145299145307,1.0,0.0,0.0,-0.9356725146198825,0.0,0.0,0.0,1.0,0.0,0.0,0.1346704871060172,-0.7391304347826085,0.0,Dropout
1575,0.25122549024885693,0.33333333333333326,1.0,0.02292621925802405,0.5,1.0,0.0,1.0,0.0,1.0,1.0,-0.873333333333333,1.0,0.0,0.0,1.0,0.44444444444444514,0.0,0.0,0.0,-0.35087719298245595,0.0,0.0,0.0,0.0,0.0,0.0,0.9140401146131805,0.0,0.0,Graduate
1576,-1.5686274513099354,-1.6666666666666667,-1.6666666666666667,-5.1354731137974134,-1.9999999999999996,-2.0,0.0,1.0,0.0,1.0,-3.0,-0.13999999999999962,1.0,0.0,0.0,1.0,-0.5128205128205133,0.0,1.0,0.0,-0.36257309941520466,0.0,0.0,0.0,1.0,0.0,3.0,-0.3553008595988538,-0.4782608695652173,0.0,Graduate
1577,-0.1715686274870239,0.0,0.0,-0.38349312213422243,0.7777777777777779,0.5,0.0,1.0,0.0,1.0,0.0,0.0,1.0,0.0,0.0,1.0,0.658119658119659,1.0,0.0,0.0,0.5614035087719292,0.0,0.0,0.0,0.0,0.0,1.0,0.42120343839541546,-0.39130434782608686,0.0,Dropout
1579,-0.4215686275395451,-0.4666666666666668,-0.6666666666666666,0.28345143809920775,0.3333333333333332,-0.25,1.0,0.0,1.0,0.0,-0.5,-0.13999999999999962,1.0,0.0,1.0,0.0,0.8974358974358996,0.0,1.0,0.0,0.6023391812865501,0.0,0.0,0.0,1.0,0.0,2.0,0.0,0.5217391304347826,0.0,Dropout
1580,-1.5686274513099354,-1.6666666666666667,-1.6666666666666667,-5.1354731137974134,-1.9999999999999996,-2.0,0.0,1.0,0.0,1.0,-3.0,1.6600000000000004,0.0,1.0,0.0,1.0,0.9829059829059851,0.0,0.0,0.0,2.2397660818713447,0.0,0.0,0.0,1.0,0.0,0.0,0.4068767908309455,0.0,0.0,Enrolled
1581,0.4166666667542018,0.33333333333333326,0.3333333333333333,0.4918716131721548,-0.3333333333333332,-0.5,0.0,1.0,0.0,1.0,0.0,0.8600000000000004,0.0,1.0,0.0,1.0,0.717948717948718,0.0,1.0,0.0,1.356725146198829,0.0,0.0,0.0,1.0,0.0,0.0,-0.5787965616045845,1.0,0.0,Graduate
1582,-1.2990196081160403,-1.3333333333333335,-1.3333333333333333,-0.5502292621925802,1.0555555555555554,0.75,0.0,1.0,0.0,1.0,0.0,-0.006666666666666288,1.0,0.0,0.0,1.0,-0.4529914529914532,0.0,0.0,0.0,-0.20467836257309932,0.0,0.0,0.0,1.0,0.0,1.0,0.0,0.5217391304347826,0.0,Enrolled
1584,-0.09803921570687095,0.0,0.0,-0.13338891204668618,0.5,0.25,0.0,1.0,0.0,1.0,0.0,-0.9399999999999996,0.0,1.0,0.0,1.0,0.9572649572649584,0.0,0.0,0.0,-0.05847953216374266,0.0,0.0,0.0,1.0,0.0,0.0,0.4068767908309455,0.0,0.0,Dropout
1585,0.02450980392671798,0.0,0.0,0.28345143809920775,0.22222222222222213,0.0,0.0,1.0,0.0,1.0,0.0,-0.07333333333333296,0.0,1.0,0.0,1.0,0.3589743589743596,0.0,1.0,0.0,0.2923976608187133,0.0,0.0,0.0,1.0,0.0,0.0,-1.2550143266475644,0.608695652173913,0.0,Graduate
1586,-1.5686274513099354,-1.6666666666666667,-1.6666666666666667,-5.1354731137974134,-1.9999999999999996,-2.0,0.0,1.0,0.0,1.0,-3.0,-0.20666666666666628,1.0,0.0,0.0,1.0,-0.2393162393162393,0.0,1.0,0.0,-0.23391812865497064,0.0,0.0,0.0,1.0,0.0,0.0,0.0,0.5217391304347826,0.0,Graduate
1587,-0.15686274513099357,-0.06666666666666665,-0.3333333333333333,-0.13338891204668618,0.6666666666666667,0.0,0.0,1.0,0.0,1.0,-0.5,-0.07333333333333296,1.0,0.0,0.0,1.0,0.3846153846153862,0.0,1.0,0.0,0.3099415204678368,0.0,0.0,0.0,1.0,0.0,0.0,-0.98567335243553,-0.9565217391304347,0.0,Enrolled
1588,0.07352941227034941,0.33333333333333326,0.0,-0.48075586911213014,1.3333333333333333,0.5,0.0,1.0,0.0,1.0,-0.5,0.0,1.0,0.0,0.0,1.0,-0.9316239316239318,0.0,0.0,0.0,-0.526315789473684,1.0,0.0,0.0,1.0,0.0,1.0,0.42120343839541546,-0.39130434782608686,0.0,Enrolled
1589,-1.0539215688488628,-1.0,-1.0,-0.7586494372655271,1.6111111111111107,1.25,0.0,1.0,0.0,1.0,0.0,-0.9399999999999996,1.0,0.0,0.0,1.0,0.3589743589743596,0.0,0.0,0.0,-0.4678362573099413,0.0,0.0,0.0,1.0,0.0,0.0,0.4068767908309455,0.0,0.0,Dropout
1590,0.29411764761080894,0.33333333333333326,0.3333333333333333,0.14450465610671082,-0.05555555555555535,-0.25,0.0,1.0,0.0,1.0,0.0,0.06000000000000038,1.0,0.0,0.0,1.0,-0.2393162393162393,0.0,0.0,0.0,0.0,0.0,0.0,0.0,1.0,0.0,1.0,0.0,0.5217391304347826,0.0,Graduate
1591,-1.2990196081160403,-1.3333333333333335,-1.3333333333333333,-0.5502292621925802,-0.3333333333333332,-0.5,0.0,1.0,0.0,1.0,0.0,-0.873333333333333,1.0,0.0,0.0,1.0,0.44444444444444514,0.0,0.0,0.0,-0.35087719298245595,0.0,0.0,0.0,0.0,0.0,0.0,-1.2550143266475644,0.608695652173913,0.0,Dropout
1593,-0.21568627455511621,-0.06666666666666665,-0.3333333333333333,-0.34180908711963315,0.0,-0.5,0.0,1.0,0.0,1.0,-0.5,-0.873333333333333,1.0,0.0,0.0,1.0,0.6837606837606844,0.0,1.0,0.0,-0.18713450292397668,0.0,0.0,0.0,1.0,0.0,3.0,0.4068767908309455,0.0,0.0,Enrolled
1594,-1.5686274513099354,-1.6666666666666667,-1.6666666666666667,-5.1354731137974134,-1.9999999999999996,-2.0,1.0,0.0,1.0,0.0,-3.0,-0.27333333333333293,0.0,1.0,1.0,0.0,0.2991452991452994,0.0,1.0,0.0,0.0760233918128653,0.0,0.0,0.0,1.0,0.0,2.0,-0.98567335243553,-0.9565217391304347,0.0,Dropout
1595,-0.9509803923566483,-0.8666666666666667,-1.0,-0.7586494372655271,1.3333333333333333,0.5,0.0,1.0,0.0,1.0,-0.5,-1.0066666666666664,1.0,0.0,0.0,1.0,0.4786324786324798,0.0,0.0,0.0,-0.44444444444444386,0.0,0.0,0.0,1.0,0.0,0.0,0.42120343839541546,-0.39130434782608686,0.0,Enrolled
1596,-0.09803921570687095,-0.06666666666666665,-0.3333333333333333,0.0750312630262608,0.6666666666666667,0.0,0.0,1.0,0.0,1.0,-0.5,-0.4066666666666663,1.0,0.0,0.0,1.0,0.5384615384615388,0.0,1.0,0.0,0.12280701754385925,0.0,0.0,0.0,1.0,0.0,0.0,0.0,0.5217391304347826,0.0,Enrolled
1597,0.049019607433267484,0.04761904761904745,0.3333333333333333,0.21397804501875775,0.14285714285714307,0.25,0.0,1.0,0.0,1.0,0.5,0.0,1.0,0.0,0.0,1.0,-2.470085470085472,0.0,1.0,1.0,-1.5789473684210518,0.0,0.0,0.0,1.0,0.0,1.0,-0.3553008595988538,-0.4782608695652173,0.0,Enrolled
1598,0.7212885153476096,0.33333333333333326,0.3333333333333333,1.3553266235931631,-0.05555555555555535,-0.25,0.0,1.0,0.0,1.0,0.0,2.0600000000000005,0.0,1.0,0.0,1.0,0.2051282051282046,0.0,1.0,0.0,2.058479532163741,0.0,0.0,0.0,1.0,0.0,0.0,0.1346704871060172,-0.7391304347826085,0.0,Graduate
1599,-0.3921568628274839,-0.3333333333333335,-0.3333333333333333,-0.13338891204668618,0.7777777777777779,0.5,0.0,1.0,0.0,1.0,0.0,0.19333333333333372,1.0,0.0,0.0,1.0,0.8632478632478648,0.0,0.0,0.0,0.871345029239766,0.0,0.0,0.0,1.0,0.0,0.0,-0.98567335243553,-0.9565217391304347,0.0,Dropout
1601,-1.5686274513099354,-1.6666666666666667,-1.6666666666666667,-5.1354731137974134,-1.9999999999999996,-2.0,0.0,1.0,0.0,1.0,-3.0,-0.13999999999999962,1.0,0.0,0.0,1.0,2.0598290598290627,0.0,1.0,0.0,1.3976608187134498,0.0,1.0,0.0,1.0,0.0,3.0,0.48710601719197705,-0.3478260869565217,0.0,Graduate
1602,0.23809523877551025,0.33333333333333326,0.3333333333333333,-0.014291667361400867,0.7777777777777779,0.5,0.0,1.0,0.0,1.0,0.0,-1.5399999999999996,1.0,0.0,0.0,1.0,0.5555555555555561,0.0,0.0,0.0,-0.8596491228070173,0.0,0.0,0.0,1.0,0.0,5.0,-1.2550143266475644,0.608695652173913,0.0,Enrolled
1603,-0.22058823534045954,0.0,0.0,-0.5502292621925802,1.3333333333333333,1.0,0.0,1.0,0.0,1.0,0.0,-0.5399999999999996,1.0,0.0,0.0,1.0,0.14529914529914567,0.0,1.0,0.0,-0.263157894736842,0.0,0.0,0.0,1.0,0.0,1.0,-0.98567335243553,-0.9565217391304347,0.0,Enrolled
1604,0.21708683435933204,0.33333333333333326,0.3333333333333333,-0.07384029178824508,0.22222222222222213,0.0,0.0,1.0,0.0,1.0,0.0,-0.873333333333333,1.0,0.0,0.0,1.0,0.44444444444444514,0.0,0.0,0.0,-0.35087719298245595,0.0,0.0,0.0,0.0,0.0,0.0,0.42120343839541546,-0.39130434782608686,0.0,Graduate
1605,-1.0049019609954275,-1.0,-1.0,-0.34180908711963315,1.0555555555555554,0.75,1.0,0.0,1.0,0.0,0.0,0.0,1.0,0.0,1.0,0.0,-0.6752136752136751,1.0,0.0,0.0,-0.35087719298245595,0.0,0.0,0.0,0.0,0.0,0.0,0.9140401146131805,0.0,0.0,Dropout
1606,0.12254902024633407,0.16666666666666652,2.0,0.09397855356398506,0.22222222222222213,2.0,0.0,1.0,1.0,0.0,3.0,-0.20666666666666628,1.0,0.0,1.0,0.0,0.44444444444444514,0.0,0.0,0.0,0.23391812865497064,0.0,0.0,0.0,0.0,0.0,0.0,0.9140401146131805,0.0,0.0,Enrolled
1608,0.3265931373235137,0.33333333333333326,1.0,0.23655689870779442,-0.1249999999999999,0.25,0.0,1.0,0.0,1.0,1.0,0.5266666666666671,1.0,0.0,0.0,1.0,0.04273504273504399,0.0,1.0,1.0,0.6023391812865501,0.0,0.0,0.0,1.0,0.0,5.0,-0.98567335243553,-0.9565217391304347,0.0,Graduate
1609,0.29411764761080894,0.33333333333333326,0.3333333333333333,0.14450465610671082,-0.3333333333333332,-0.5,0.0,1.0,0.0,1.0,0.0,-0.33999999999999964,1.0,0.0,0.0,1.0,0.20512820512820581,0.0,0.0,0.0,-0.04678362573099396,0.0,0.0,0.0,1.0,0.0,0.0,0.42120343839541546,-0.39130434782608686,0.0,Enrolled
1610,0.3186274505571347,0.33333333333333326,0.3333333333333333,0.21397804501875775,-0.05555555555555535,-0.25,0.0,1.0,0.0,1.0,0.0,0.7933333333333337,1.0,0.0,0.0,1.0,-0.8376068376068382,0.0,1.0,0.0,0.23391812865497064,0.0,0.0,0.0,1.0,0.0,1.0,0.9140401146131805,0.0,0.0,Graduate
1611,-0.6274509802298565,-0.4666666666666668,-0.6666666666666666,-0.689176044185077,1.3333333333333333,0.5,0.0,1.0,0.0,1.0,-0.5,1.7933333333333337,1.0,0.0,0.0,1.0,-1.1367521367521376,0.0,1.0,0.0,0.9064327485380113,0.0,0.0,0.0,1.0,0.0,0.0,-0.98567335243553,-0.9565217391304347,0.0,Dropout
1612,0.34313725497404846,0.33333333333333326,0.0,0.28345143809920775,1.6666666666666667,0.75,0.0,1.0,0.0,1.0,-0.5,0.06000000000000038,1.0,0.0,0.0,1.0,-0.4188034188034185,0.0,0.0,0.0,-0.12280701754385925,0.0,0.0,0.0,1.0,0.0,4.0,-0.98567335243553,-0.9565217391304347,0.0,Enrolled
1613,-0.05812324973209878,0.04761904761904745,0.3333333333333333,-0.14033625260525198,0.619047619047619,0.75,0.0,1.0,0.0,1.0,0.5,-0.5399999999999996,1.0,0.0,0.0,1.0,-0.4529914529914532,0.0,0.0,1.0,-0.6725146198830406,0.0,0.0,0.0,1.0,0.0,1.0,-0.3553008595988538,-0.4782608695652173,0.0,Graduate
1616,-0.6372549018495632,-0.6666666666666667,-0.6666666666666666,0.14450465610671082,3.8333333333333326,3.25,0.0,1.0,0.0,1.0,0.0,0.0,1.0,0.0,0.0,1.0,-2.2991452991453007,1.0,0.0,0.0,-1.4619883040935666,0.0,0.0,0.0,0.0,0.0,0.0,-1.2550143266475644,0.608695652173913,0.0,Dropout
1617,0.049019607853435634,-0.06666666666666665,-0.3333333333333333,0.5960817007086282,1.0,0.25,0.0,1.0,0.0,1.0,-0.5,-0.8066666666666663,1.0,0.0,0.0,1.0,0.44444444444444514,0.0,1.0,0.0,-0.2923976608187133,0.0,0.0,0.0,1.0,0.0,0.0,0.0,0.5217391304347826,0.0,Graduate
1618,-0.1715686274870239,0.0,0.0,-0.38349312213422243,0.22222222222222213,0.0,0.0,1.0,0.0,1.0,0.0,-0.873333333333333,1.0,0.0,0.0,1.0,-1.6923076923076936,1.0,0.0,0.0,-1.8128654970760225,0.0,0.0,0.0,1.0,0.0,0.0,-1.2550143266475644,0.608695652173913,0.0,Dropout
1620,0.049019607433267484,0.04761904761904745,0.3333333333333333,0.21397804501875775,0.38095238095238104,0.5,0.0,1.0,0.0,1.0,0.5,-0.20666666666666628,0.0,1.0,0.0,1.0,-0.7264957264957272,0.0,0.0,0.0,-0.567251461988304,0.0,0.0,0.0,1.0,0.0,0.0,-0.5787965616045845,1.0,0.0,Graduate
1621,0.5085784314793933,0.33333333333333326,0.3333333333333333,0.7523968320133385,0.22222222222222213,0.0,0.0,1.0,0.0,1.0,0.0,-0.33999999999999964,1.0,0.0,0.0,1.0,-0.2393162393162393,0.0,0.0,0.0,-0.35087719298245595,0.0,0.0,0.0,1.0,0.0,0.0,0.48710601719197705,-0.3478260869565217,0.0,Graduate
1622,-0.5392156860936729,-0.4666666666666668,-0.6666666666666666,-0.2723356940391831,1.3333333333333333,0.5,0.0,1.0,0.0,1.0,-0.5,-0.47333333333333294,1.0,0.0,0.0,1.0,0.2393162393162393,0.0,1.0,0.0,-0.14035087719298273,0.0,0.0,0.0,1.0,0.0,0.0,0.4068767908309455,0.0,0.0,Graduate
1623,-0.27661064431581467,0.04761904761904745,0.3333333333333333,-0.8628595248020007,2.2857142857142856,2.5,1.0,0.0,1.0,0.0,0.5,-0.873333333333333,1.0,0.0,0.0,1.0,3.0085470085470116,1.0,0.0,0.0,1.4035087719298238,0.0,0.0,0.0,1.0,0.0,0.0,-0.5787965616045845,1.0,0.0,Dropout
1625,-0.2677224736610707,-0.1282051282051282,1.6666666666666667,-0.34180908711963315,0.17948717948717957,2.25,0.0,1.0,0.0,1.0,3.5,-0.873333333333333,1.0,0.0,0.0,1.0,-0.2991452991452994,0.0,0.0,0.0,-0.8596491228070173,0.0,0.0,0.0,1.0,0.0,0.0,-0.3553008595988538,-0.4782608695652173,0.0,Dropout
1626,-1.2745098041893226,-1.2666666666666666,-1.3333333333333333,-0.9670696123384741,-0.3333333333333332,-0.75,1.0,0.0,1.0,0.0,-0.5,-1.5399999999999996,1.0,0.0,0.0,1.0,3.8632478632478673,1.0,0.0,0.0,1.4035087719298238,0.0,0.0,0.0,1.0,0.0,0.0,-1.2550143266475644,0.608695652173913,0.0,Dropout
1627,0.7422969182931995,0.33333333333333326,0.3333333333333333,1.4148752438516043,-0.05555555555555535,-0.25,0.0,1.0,0.0,1.0,0.0,-0.4066666666666663,0.0,1.0,0.0,1.0,0.11965811965812026,0.0,1.0,0.0,-0.16374269005847927,0.0,0.0,0.0,1.0,0.0,0.0,0.42120343839541546,-0.39130434782608686,0.0,Graduate
1628,-0.34313725497404846,-0.3333333333333335,-0.3333333333333333,0.0750312630262608,0.5,0.25,0.0,1.0,0.0,1.0,0.0,-0.20666666666666628,1.0,0.0,0.0,1.0,0.44444444444444514,0.0,0.0,0.0,0.23391812865497064,0.0,0.0,0.0,0.0,0.0,0.0,-0.98567335243553,-0.9565217391304347,0.0,Dropout
1629,-0.5098039216757291,-0.4666666666666668,-0.6666666666666666,-0.13338891204668618,0.0,-0.5,1.0,0.0,1.0,0.0,-0.5,0.5266666666666671,1.0,0.0,0.0,1.0,0.1794871794871804,0.0,1.0,0.0,0.695906432748538,0.0,0.0,0.0,1.0,0.0,0.0,0.0,0.5217391304347826,1.0,Dropout
1630,-1.5686274513099354,-1.6666666666666667,-1.6666666666666667,-5.1354731137974134,1.6666666666666667,0.75,0.0,1.0,1.0,0.0,-0.5,-0.873333333333333,1.0,0.0,1.0,0.0,-1.264957264957266,1.0,0.0,0.0,-1.5204678362573092,1.0,0.0,0.0,1.0,0.0,0.0,-0.3553008595988538,-0.4782608695652173,0.0,Dropout
1631,-0.1274509804189321,-0.06666666666666665,-0.3333333333333333,-0.029178824510212698,1.0,0.25,0.0,1.0,0.0,1.0,-0.5,0.0,1.0,0.0,0.0,1.0,-0.6752136752136751,1.0,0.0,0.0,-0.35087719298245595,0.0,0.0,0.0,0.0,0.0,0.0,-0.98567335243553,-0.9565217391304347,0.0,Graduate
1632,-1.5686274513099354,-1.6666666666666667,-1.6666666666666667,-5.1354731137974134,0.0833333333333334,-0.75,1.0,0.0,1.0,0.0,-1.0,0.0,1.0,0.0,1.0,0.0,0.26495726495726596,1.0,0.0,0.0,0.2923976608187133,0.0,0.0,0.0,0.0,0.0,0.0,0.1346704871060172,-0.7391304347826085,0.0,Dropout
1633,0.4313725491102321,0.33333333333333326,0.0,0.5335556481867441,-0.3333333333333332,-0.75,0.0,1.0,0.0,1.0,-0.5,0.0,1.0,0.0,0.0,1.0,0.5042735042735065,1.0,0.0,0.0,0.4561403508771934,0.0,0.0,0.0,0.0,0.0,0.0,0.0,0.5217391304347826,0.0,Graduate
1634,0.38838612410120166,0.33333333333333326,2.6666666666666665,0.4117100083368068,-0.20512820512820512,1.5,0.0,1.0,0.0,1.0,3.5,-0.20666666666666628,1.0,0.0,0.0,1.0,-2.1196581196581215,0.0,0.0,0.0,-1.5204678362573092,0.0,0.0,0.0,1.0,0.0,0.0,-0.5787965616045845,1.0,0.0,Enrolled
1635,0.2254901961258032,0.33333333333333326,0.0,-0.05002084201750769,0.0,-0.5,0.0,1.0,0.0,1.0,-0.5,-1.5399999999999996,1.0,0.0,0.0,1.0,3.8632478632478673,1.0,0.0,0.0,1.4035087719298238,0.0,0.0,0.0,1.0,0.0,0.0,-1.2550143266475644,0.608695652173913,0.0,Graduate
1636,0.23809523877551025,0.33333333333333326,0.3333333333333333,-0.014291667361400867,-0.05555555555555535,-0.25,0.0,1.0,0.0,1.0,0.0,-0.5399999999999996,0.0,1.0,0.0,1.0,0.5641025641025654,0.0,0.0,0.0,0.023391812865497397,0.0,0.0,0.0,1.0,0.0,0.0,-0.3553008595988538,-0.4782608695652173,0.0,Graduate
1637,-0.5098039216757291,-0.4666666666666668,-0.6666666666666666,-0.13338891204668618,1.9999999999999996,1.0,0.0,1.0,0.0,1.0,-0.5,-0.20666666666666628,1.0,0.0,0.0,1.0,2.4957264957264984,1.0,0.0,0.0,1.6374269005847946,0.0,0.0,0.0,1.0,0.0,0.0,0.4068767908309455,0.0,0.0,Graduate
1639,-1.5686274513099354,-1.6666666666666667,-1.6666666666666667,-5.1354731137974134,-0.3333333333333332,-0.75,0.0,1.0,1.0,0.0,-0.5,0.0,1.0,0.0,1.0,0.0,-1.5299145299145307,1.0,0.0,0.0,-0.9356725146198825,0.0,0.0,0.0,0.0,0.0,0.0,-0.98567335243553,-0.9565217391304347,0.0,Dropout
1640,0.3553921565697602,0.16666666666666652,2.0,0.8139755189662358,-0.3333333333333332,1.0,0.0,1.0,0.0,1.0,3.0,0.9266666666666671,1.0,0.0,0.0,1.0,0.6837606837606857,0.0,1.0,0.0,1.391812865497076,0.0,0.0,0.0,1.0,0.0,0.0,-0.3553008595988538,-0.4782608695652173,0.0,Graduate
1641,0.2162990196532839,0.33333333333333326,0.6666666666666666,-0.07607336390162606,0.14285714285714307,0.25,0.0,1.0,0.0,1.0,0.5,-0.33999999999999964,0.0,1.0,0.0,1.0,-0.4188034188034185,0.0,1.0,1.0,-0.4736842105263152,0.0,0.0,0.0,1.0,0.0,3.0,0.42120343839541546,-0.39130434782608686,0.0,Graduate
1643,0.4208683476374373,0.33333333333333326,0.6666666666666666,0.5037813380575235,-0.3333333333333332,-0.25,0.0,1.0,0.0,1.0,0.5,0.2600000000000004,1.0,0.0,0.0,1.0,-0.3589743589743596,0.0,0.0,1.0,0.09356725146198792,0.0,0.0,0.0,1.0,0.0,4.0,0.42120343839541546,-0.39130434782608686,0.0,Graduate
1644,-0.09803921570687095,0.0,0.0,-0.13338891204668618,0.22222222222222213,0.0,0.0,1.0,0.0,1.0,0.0,-0.7399999999999997,1.0,0.0,0.0,1.0,0.5982905982905988,0.0,0.0,0.0,-0.12865497076023402,0.0,0.0,0.0,1.0,0.0,1.0,0.4068767908309455,0.0,0.0,Graduate
1645,0.10784313727755826,0.33333333333333326,0.0,-0.38349312213422243,-0.3333333333333332,-0.75,0.0,1.0,0.0,1.0,-0.5,-0.6066666666666662,1.0,0.0,0.0,1.0,0.6239316239316243,0.0,0.0,0.0,0.005847953216373934,0.0,0.0,0.0,1.0,0.0,3.0,0.4068767908309455,0.0,0.0,Dropout
1646,-1.5686274513099354,-1.6666666666666667,-1.6666666666666667,-5.1354731137974134,-1.9999999999999996,-2.0,0.0,1.0,0.0,1.0,-3.0,-0.873333333333333,1.0,0.0,0.0,1.0,0.4188034188034197,0.0,1.0,0.0,-0.3684210526315786,0.0,0.0,0.0,1.0,0.0,1.0,0.9140401146131805,0.0,0.0,Dropout
1647,0.3308823535008854,0.33333333333333326,2.3333333333333335,0.24871474364318433,-0.3333333333333332,1.0,0.0,1.0,0.0,1.0,3.0,-1.073333333333333,1.0,0.0,0.0,1.0,0.8376068376068382,0.0,1.0,0.0,-0.25730994152046804,0.0,0.0,0.0,1.0,0.0,1.0,0.9140401146131805,0.0,0.0,Graduate
1648,0.43688725499374376,0.33333333333333326,0.6666666666666666,0.5491871613172149,-0.09523809523809526,0.0,0.0,1.0,0.0,1.0,0.5,0.46000000000000035,0.0,1.0,0.0,1.0,-2.974358974358977,0.0,0.0,1.0,-1.5204678362573092,0.0,0.0,0.0,1.0,0.0,0.0,0.1346704871060172,-0.7391304347826085,0.0,Graduate
1650,0.27916666672531504,0.08333333333333326,0.6666666666666666,0.8503543142976233,-0.3333333333333332,0.0,0.0,1.0,0.0,1.0,1.0,0.32666666666666705,0.0,1.0,0.0,1.0,-0.02564102564102542,0.0,1.0,1.0,0.3801169590643273,0.0,0.0,0.0,1.0,0.0,0.0,0.4068767908309455,0.0,0.0,Graduate
1651,0.29901960735448585,0.08333333333333326,0.6666666666666666,0.9146668236765312,-0.3333333333333332,0.0,0.0,1.0,0.0,1.0,1.0,0.5266666666666671,1.0,0.0,0.0,1.0,-0.9829059829059839,0.0,1.0,1.0,-0.09941520467836269,0.0,0.0,0.0,1.0,0.0,0.0,-0.5787965616045845,1.0,0.0,Enrolled
1652,0.3229166667345061,0.08333333333333326,0.6666666666666666,0.9920800333472273,-0.3333333333333332,0.0,0.0,1.0,0.0,1.0,1.0,0.5933333333333337,1.0,0.0,0.0,1.0,-0.49572649572649596,0.0,1.0,1.0,0.2923976608187133,0.0,0.0,0.0,1.0,0.0,2.0,0.4068767908309455,0.0,0.0,Graduate
1653,0.6666666668067226,0.33333333333333326,0.0,1.2005002084201741,-0.3333333333333332,-0.75,0.0,1.0,0.0,1.0,-0.5,-0.873333333333333,1.0,0.0,0.0,1.0,0.44444444444444514,0.0,0.0,0.0,-0.35087719298245595,0.0,0.0,0.0,0.0,0.0,0.0,0.48710601719197705,-0.3478260869565217,0.0,Enrolled
1654,0.34313725497404846,0.33333333333333326,0.6666666666666666,0.28345143809920775,-0.3333333333333332,-0.25,0.0,1.0,0.0,1.0,0.5,-0.7399999999999997,0.0,1.0,0.0,1.0,-0.2991452991452994,0.0,1.0,0.0,-0.742690058479532,0.0,0.0,0.0,1.0,0.0,2.0,0.42120343839541546,-0.39130434782608686,0.0,Graduate
1655,0.4166666667542018,0.33333333333333326,0.3333333333333333,0.4918716131721548,-0.3333333333333332,-0.5,0.0,1.0,0.0,1.0,0.0,-0.13999999999999962,1.0,0.0,0.0,1.0,-0.3333333333333329,0.0,1.0,0.0,-0.23976608187134457,0.0,0.0,0.0,1.0,0.0,1.0,-0.5787965616045845,1.0,0.0,Dropout
1656,0.24509803877698141,0.33333333333333326,0.0,0.005557869945810766,1.6666666666666667,0.75,0.0,1.0,0.0,1.0,-0.5,-0.873333333333333,1.0,0.0,0.0,1.0,0.2991452991452994,0.0,1.0,0.0,-0.45029239766081863,0.0,0.0,0.0,1.0,0.0,1.0,-0.98567335243553,-0.9565217391304347,0.0,Graduate
1659,-1.5686274513099354,-1.6666666666666667,-1.6666666666666667,-5.1354731137974134,-1.9999999999999996,-2.0,0.0,1.0,0.0,1.0,-3.0,-0.873333333333333,0.0,1.0,0.0,1.0,2.4358974358974397,0.0,0.0,0.0,1.0116959064327486,0.0,0.0,0.0,1.0,0.0,2.0,0.0,0.5217391304347826,0.0,Graduate
1660,-1.5686274513099354,-1.6666666666666667,-1.6666666666666667,-5.1354731137974134,-1.9999999999999996,-2.0,0.0,1.0,0.0,1.0,-3.0,0.19333333333333372,1.0,0.0,0.0,1.0,1.8547008547008568,0.0,1.0,0.0,1.5497076023391805,0.0,0.0,0.0,1.0,0.0,0.0,0.1346704871060172,-0.7391304347826085,0.0,Enrolled
1661,0.4166666671218485,0.16666666666666652,2.0,1.0034484076698615,0.36111111111111127,2.25,0.0,1.0,0.0,1.0,3.0,1.7933333333333337,1.0,0.0,0.0,1.0,0.07692307692307628,0.0,0.0,0.0,1.7368421052631564,0.0,0.0,0.0,0.0,0.0,0.0,0.9140401146131805,0.0,0.0,Graduate
1662,0.8683473389079156,0.33333333333333326,0.3333333333333333,1.7721669737390564,-0.05555555555555535,-0.25,0.0,1.0,0.0,1.0,0.0,1.5933333333333337,1.0,0.0,0.0,1.0,0.1794871794871804,0.0,1.0,0.0,1.6315789473684206,0.0,0.0,0.0,1.0,0.0,1.0,0.1346704871060172,-0.7391304347826085,0.0,Graduate
1663,0.6585784315109057,0.33333333333333326,0.6666666666666666,1.1775739891621502,0.38095238095238104,0.5,0.0,1.0,0.0,1.0,0.5,1.1266666666666671,1.0,0.0,0.0,1.0,-0.5982905982905976,0.0,1.0,1.0,0.690058479532164,0.0,0.0,0.0,1.0,0.0,0.0,-1.2550143266475644,0.608695652173913,0.0,Graduate
1665,0.5147058829512685,0.33333333333333326,0.0,0.7697651813255517,0.6666666666666667,0.0,0.0,1.0,0.0,1.0,-0.5,-0.873333333333333,1.0,0.0,0.0,1.0,0.7179487179487192,0.0,1.0,0.0,-0.16374269005847927,0.0,0.0,0.0,1.0,0.0,0.0,-0.98567335243553,-0.9565217391304347,0.0,Graduate
1666,0.4901960785343547,0.33333333333333326,0.3333333333333333,0.7002917882451017,-0.05555555555555535,-0.25,0.0,1.0,0.0,1.0,0.0,1.1266666666666671,1.0,0.0,0.0,1.0,-0.5726495726495735,0.0,1.0,0.0,0.7076023391812859,0.0,0.0,0.0,1.0,0.0,0.0,0.48710601719197705,-0.3478260869565217,0.0,Enrolled
1667,0.09803921521667483,0.33333333333333326,0.3333333333333333,-0.4112824802000832,0.5,0.25,0.0,1.0,0.0,1.0,0.0,1.6600000000000004,0.0,1.0,0.0,1.0,-1.051282051282052,0.0,0.0,0.0,0.8479532163742686,0.0,0.0,0.0,1.0,0.0,0.0,0.4068767908309455,0.0,0.0,Graduate
1668,0.45508578440933173,0.33333333333333326,1.0,0.6007711546477698,-0.3333333333333332,0.0,0.0,1.0,0.0,1.0,1.0,0.7933333333333337,1.0,0.0,0.0,1.0,-0.8376068376068382,0.0,1.0,1.0,0.23391812865497064,0.0,0.0,0.0,1.0,0.0,3.0,-0.98567335243553,-0.9565217391304347,0.0,Graduate
1669,-0.35014005609596777,-0.23809523809523814,0.0,-0.3001250521050439,0.14285714285714307,0.25,1.0,0.0,1.0,0.0,0.5,-2.206666666666666,1.0,0.0,1.0,0.0,0.8547008547008556,0.0,0.0,0.0,-1.2397660818713445,0.0,0.0,0.0,0.0,0.0,0.0,0.42120343839541546,-0.39130434782608686,0.0,Dropout
1671,-0.09803921570687095,-0.06666666666666665,-0.3333333333333333,0.0750312630262608,1.9999999999999996,1.0,0.0,1.0,0.0,1.0,-0.5,0.0,1.0,0.0,0.0,1.0,-0.017094017094016138,1.0,0.0,0.0,0.09941520467836269,0.0,0.0,0.0,1.0,0.0,0.0,0.1346704871060172,-0.7391304347826085,0.0,Enrolled
1672,0.6825037712218145,0.33333333333333326,0.3333333333333333,1.2453907086285947,1.6111111111111107,1.25,0.0,1.0,0.0,1.0,0.0,0.9933333333333337,1.0,0.0,0.0,1.0,-0.5384615384615388,0.0,1.0,0.0,0.6140350877192979,0.0,0.0,0.0,1.0,0.0,0.0,-1.2550143266475644,0.608695652173913,0.0,Graduate
1673,0.059523810061524574,0.0,0.0,0.4025486827844931,1.3333333333333333,1.0,1.0,0.0,1.0,0.0,0.0,-0.20666666666666628,1.0,0.0,0.0,1.0,0.44444444444444514,0.0,0.0,0.0,0.23391812865497064,0.0,0.0,0.0,0.0,0.0,0.0,-0.3553008595988538,-0.4782608695652173,0.0,Dropout
1674,0.6015406167930408,0.33333333333333326,0.6666666666666666,1.0158994831179653,-0.3333333333333332,-0.25,0.0,1.0,0.0,1.0,0.5,-0.20666666666666628,1.0,0.0,0.0,1.0,5.572649572649579,1.0,0.0,1.0,3.74269005847953,0.0,0.0,0.0,0.0,0.0,0.0,-0.3553008595988538,-0.4782608695652173,0.0,Graduate
1675,0.04061624692730013,0.04761904761904745,0.3333333333333333,0.18618869112130007,-0.3333333333333332,-0.25,0.0,1.0,0.0,1.0,0.5,0.19333333333333372,1.0,0.0,0.0,1.0,-0.19658119658119652,0.0,0.0,1.0,0.14619883040935666,0.0,0.0,0.0,1.0,0.0,3.0,0.0,0.5217391304347826,0.0,Graduate
1677,-1.5686274513099354,-1.6666666666666667,-1.6666666666666667,-5.1354731137974134,-1.9999999999999996,-2.0,0.0,1.0,0.0,1.0,0.5,0.46000000000000035,1.0,0.0,0.0,1.0,-0.27350427350427403,0.0,0.0,0.0,0.32748538011695855,0.0,0.0,0.0,1.0,0.0,0.0,0.48710601719197705,-0.3478260869565217,0.0,Dropout
1678,-0.33333333340336113,-0.06666666666666665,-0.3333333333333333,-0.7586494372655271,1.3333333333333333,0.5,0.0,1.0,0.0,1.0,-0.5,-1.5399999999999996,0.0,1.0,0.0,1.0,1.2136752136752151,1.0,0.0,0.0,-0.40935672514619864,0.0,0.0,0.0,1.0,0.0,0.0,0.9140401146131805,0.0,0.0,Graduate
1679,0.10784313727755826,-0.06666666666666665,-0.3333333333333333,0.8045018757815753,0.0,-0.5,0.0,1.0,0.0,1.0,-0.5,-0.20666666666666628,1.0,0.0,0.0,1.0,0.2393162393162393,0.0,0.0,0.0,0.09356725146198792,0.0,0.0,0.0,1.0,0.0,0.0,0.0,0.5217391304347826,0.0,Graduate
1680,-0.8175770307740006,-0.8095238095238096,-0.6666666666666666,-0.16812560650270966,0.619047619047619,0.75,0.0,1.0,0.0,1.0,0.5,0.0,1.0,0.0,0.0,1.0,-2.3846153846153864,1.0,0.0,1.0,-1.5204678362573092,0.0,0.0,0.0,1.0,0.0,0.0,-0.3553008595988538,-0.4782608695652173,0.0,Dropout
1682,-0.3676470589007661,-0.3333333333333335,-0.3333333333333333,-0.029178824510212698,1.0555555555555554,0.75,0.0,1.0,0.0,1.0,0.0,-1.073333333333333,1.0,0.0,0.0,1.0,-0.2136752136752139,0.0,1.0,0.0,-0.9766081871345026,0.0,0.0,0.0,1.0,0.0,0.0,0.0,0.5217391304347826,0.0,Enrolled
1683,-0.15686274513099357,-0.06666666666666665,-0.3333333333333333,-0.13338891204668618,-0.3333333333333332,-0.75,0.0,1.0,1.0,0.0,-0.5,-0.6066666666666662,1.0,0.0,1.0,0.0,-0.09401709401709363,0.0,1.0,0.0,-0.4853801169590639,0.0,0.0,0.0,1.0,0.0,1.0,-0.98567335243553,-0.9565217391304347,0.0,Dropout
1685,0.5147058829512685,0.33333333333333326,0.3333333333333333,0.7697651813255517,-0.3333333333333332,-0.5,0.0,1.0,0.0,1.0,0.0,-0.33999999999999964,1.0,0.0,0.0,1.0,0.14529914529914567,0.0,0.0,0.0,-0.08771929824561399,0.0,0.0,0.0,1.0,0.0,2.0,0.4068767908309455,0.0,0.0,Graduate
1686,0.5882352947314218,0.33333333333333326,0.3333333333333333,0.9781853563984988,-0.3333333333333332,-0.5,0.0,1.0,0.0,1.0,0.0,-0.5399999999999996,1.0,0.0,0.0,1.0,1.7948717948717978,0.0,1.0,0.0,0.8654970760233921,0.0,0.0,0.0,1.0,0.0,4.0,-0.98567335243553,-0.9565217391304347,0.0,Graduate
1688,-0.770308123201045,-0.8095238095238096,-0.6666666666666666,0.14450465610671082,-0.09523809523809526,0.0,1.0,0.0,1.0,0.0,0.5,0.46000000000000035,1.0,0.0,1.0,0.0,0.44444444444444514,0.0,0.0,0.0,0.8187134502923973,0.0,0.0,0.0,0.0,0.0,0.0,0.1346704871060172,-0.7391304347826085,0.0,Dropout
1690,-1.5686274513099354,-1.6666666666666667,-1.6666666666666667,-5.1354731137974134,-1.9999999999999996,-2.0,0.0,1.0,0.0,1.0,-3.0,0.19333333333333372,1.0,0.0,0.0,1.0,-0.5982905982905988,0.0,0.0,0.0,-0.12865497076023402,0.0,0.0,0.0,1.0,0.0,3.0,0.0,0.5217391304347826,0.0,Dropout
1691,-1.5686274513099354,-1.6666666666666667,-1.6666666666666667,-5.1354731137974134,-1.9999999999999996,-2.0,0.0,1.0,0.0,1.0,-0.5,0.5133333333333344,1.0,0.0,0.0,1.0,-0.13675213675213763,0.0,0.0,0.0,0.4678362573099413,1.0,1.0,1.0,1.0,1.0,0.0,0.0,0.5217391304347826,1.0,Dropout
1692,-1.5686274513099354,-1.6666666666666667,-1.6666666666666667,-5.1354731137974134,-1.9999999999999996,-2.0,1.0,0.0,1.0,0.0,0.0,0.5933333333333337,1.0,0.0,0.0,1.0,-0.5128205128205121,0.0,0.0,0.0,0.28070175438596545,0.0,0.0,0.0,1.0,0.0,2.0,-0.5787965616045845,1.0,0.0,Dropout
1694,0.1666666667016809,0.33333333333333326,0.0,-0.2167569820758647,0.3333333333333332,-0.25,0.0,1.0,0.0,1.0,-0.5,-0.13999999999999962,1.0,0.0,0.0,1.0,-0.2136752136752139,0.0,1.0,0.0,-0.15789473684210534,0.0,0.0,0.0,1.0,0.0,0.0,-0.3553008595988538,-0.4782608695652173,0.0,Enrolled
1695,-1.5686274513099354,-1.6666666666666667,-1.6666666666666667,-5.1354731137974134,-1.9999999999999996,-2.0,0.0,1.0,0.0,1.0,-0.5,-0.20666666666666628,1.0,0.0,0.0,1.0,1.9487179487179505,1.0,0.0,0.0,1.2631578947368411,1.0,0.0,0.0,0.0,0.0,0.0,0.4068767908309455,0.0,0.0,Dropout
1696,0.39215686233728797,0.33333333333333326,0.3333333333333333,0.42239822009170475,-0.3333333333333332,-0.5,0.0,1.0,0.0,1.0,0.0,-0.873333333333333,0.0,1.0,0.0,1.0,-0.11965811965811904,0.0,0.0,0.0,-0.7368421052631572,0.0,0.0,0.0,1.0,0.0,0.0,0.9140401146131805,0.0,0.0,Graduate
1697,-0.1715686274870239,0.0,0.0,-0.38349312213422243,-0.05555555555555535,-0.25,0.0,1.0,0.0,1.0,0.0,0.5266666666666671,1.0,0.0,0.0,1.0,-0.1794871794871804,0.0,0.0,0.0,0.4502923976608178,0.0,0.0,0.0,1.0,0.0,0.0,0.0,0.5217391304347826,0.0,Graduate
1698,-1.5686274513099354,-1.6666666666666667,-1.6666666666666667,-5.1354731137974134,-0.3333333333333332,-0.75,0.0,1.0,0.0,1.0,-0.5,-0.20666666666666628,1.0,0.0,0.0,1.0,0.2905982905982902,1.0,0.0,0.0,0.1286549707602332,0.0,1.0,1.0,1.0,0.0,0.0,0.0,0.5217391304347826,0.0,Dropout
1699,0.8053221286005577,0.33333333333333326,0.6666666666666666,1.5935211087953307,-0.3333333333333332,-0.25,0.0,1.0,0.0,1.0,0.5,2.326666666666667,1.0,0.0,0.0,1.0,-0.15384615384615374,0.0,1.0,1.0,2.0467836257309933,0.0,0.0,0.0,1.0,0.0,0.0,-0.3553008595988538,-0.4782608695652173,0.0,Dropout
1700,-1.5686274513099354,-1.6666666666666667,-1.6666666666666667,-5.1354731137974134,-0.3333333333333332,0.0,0.0,1.0,0.0,1.0,1.0,-0.20666666666666628,1.0,0.0,0.0,1.0,0.44444444444444514,0.0,0.0,1.0,0.23391812865497064,0.0,0.0,0.0,0.0,0.0,0.0,-0.98567335243553,-0.9565217391304347,0.0,Dropout
1701,0.7304534315260054,0.33333333333333326,1.0,1.3813047102959557,-0.3333333333333332,0.0,0.0,1.0,0.0,1.0,1.0,1.526666666666667,0.0,1.0,0.0,1.0,0.47008547008547175,0.0,1.0,1.0,1.7719298245614032,0.0,0.0,0.0,1.0,0.0,0.0,-0.98567335243553,-0.9565217391304347,0.0,Graduate
1702,0.4411764711711155,0.33333333333333326,0.3333333333333333,0.5613450062526048,-0.3333333333333332,-0.5,0.0,1.0,0.0,1.0,0.0,0.2600000000000004,1.0,0.0,0.0,1.0,-0.21367521367521267,0.0,1.0,0.0,0.19298245614035145,0.0,0.0,0.0,1.0,0.0,0.0,-0.5787965616045845,1.0,0.0,Graduate
1703,-1.5686274513099354,-1.6666666666666667,-1.6666666666666667,-5.1354731137974134,-1.9999999999999996,-2.0,0.0,1.0,0.0,1.0,0.0,-0.13999999999999962,1.0,0.0,0.0,1.0,0.29914529914530064,0.0,0.0,0.0,0.19298245614035145,0.0,1.0,1.0,1.0,1.0,5.0,0.0,0.5217391304347826,1.0,Dropout
1704,0.2696078431938952,0.33333333333333326,0.3333333333333333,0.0750312630262608,0.22222222222222213,0.0,0.0,1.0,0.0,1.0,0.0,-0.20666666666666628,1.0,0.0,0.0,1.0,0.9829059829059851,0.0,1.0,0.0,0.6023391812865501,0.0,0.0,0.0,1.0,0.0,0.0,0.4068767908309455,0.0,0.0,Graduate
1705,0.23809523877551025,0.33333333333333326,0.3333333333333333,-0.014291667361400867,0.22222222222222213,0.0,0.0,1.0,0.0,1.0,0.0,0.0,0.0,1.0,0.0,1.0,1.0341880341880358,1.0,0.0,0.0,0.8187134502923973,0.0,0.0,0.0,1.0,0.0,0.0,-1.2550143266475644,0.608695652173913,0.0,Graduate
1706,-0.7450980393722194,-0.8666666666666667,-1.0,0.7002917882451017,1.3333333333333333,0.5,0.0,1.0,0.0,1.0,-0.5,-0.13999999999999962,1.0,0.0,0.0,1.0,0.8632478632478648,0.0,1.0,0.0,0.5789473684210527,1.0,0.0,0.0,1.0,0.0,0.0,0.0,0.5217391304347826,0.0,Enrolled
1708,-0.3039215686913,-0.06666666666666665,-0.3333333333333333,-0.6544393497290536,-0.3333333333333332,-0.75,0.0,1.0,0.0,1.0,-0.5,-1.073333333333333,1.0,0.0,0.0,1.0,0.44444444444444514,0.0,1.0,0.0,-0.526315789473684,0.0,0.0,0.0,1.0,0.0,3.0,0.42120343839541546,-0.39130434782608686,0.0,Enrolled
1709,-0.4803921569636679,-0.523809523809524,-0.3333333333333333,0.2626094205919128,1.3333333333333333,1.5,0.0,1.0,0.0,1.0,0.5,0.0,1.0,0.0,0.0,1.0,-1.9572649572649585,1.0,0.0,0.0,-1.2280701754385959,0.0,0.0,0.0,0.0,0.0,0.0,-1.2550143266475644,0.608695652173913,0.0,Dropout
1710,0.0007002801121916717,0.04761904761904745,0.3333333333333333,0.0541892455189658,-0.3333333333333332,-0.25,0.0,1.0,0.0,1.0,0.5,-0.20666666666666628,1.0,0.0,0.0,1.0,0.4871794871794879,0.0,1.0,1.0,0.263157894736842,0.0,0.0,0.0,1.0,0.0,2.0,0.0,0.5217391304347826,0.0,Graduate
1711,-0.3676470589007661,-0.3333333333333335,-0.3333333333333333,-0.029178824510212698,1.3333333333333333,1.0,0.0,1.0,0.0,1.0,0.0,-0.20666666666666628,1.0,0.0,0.0,1.0,0.44444444444444514,0.0,0.0,0.0,0.23391812865497064,0.0,0.0,0.0,0.0,0.0,0.0,-0.98567335243553,-0.9565217391304347,0.0,Enrolled
1712,0.39920343145641524,0.33333333333333326,1.0,0.4423718215923297,-0.3333333333333332,0.0,0.0,1.0,0.0,1.0,1.0,0.2600000000000004,0.0,1.0,0.0,1.0,-0.02564102564102542,0.0,1.0,1.0,0.3216374269005846,0.0,0.0,0.0,1.0,0.0,2.0,-0.98567335243553,-0.9565217391304347,0.0,Graduate
1713,-0.29131652667184516,-0.23809523809523814,0.0,-0.06669445602334309,0.38095238095238104,0.5,1.0,0.0,1.0,0.0,0.5,0.0,1.0,0.0,0.0,1.0,-2.3846153846153864,0.0,0.0,1.0,-1.5204678362573092,0.0,0.0,0.0,1.0,0.0,0.0,0.42120343839541546,-0.39130434782608686,0.0,Dropout
1714,-0.34313725497404846,-0.3333333333333335,-0.3333333333333333,0.0750312630262608,1.0555555555555554,0.75,1.0,0.0,1.0,0.0,0.0,0.46000000000000035,1.0,0.0,1.0,0.0,0.44444444444444514,0.0,0.0,0.0,0.8187134502923973,0.0,0.0,0.0,0.0,0.0,0.0,0.42120343839541546,-0.39130434782608686,0.0,Enrolled
1715,0.30637254908397166,0.33333333333333326,0.3333333333333333,0.1792413505627343,0.22222222222222213,0.0,0.0,1.0,0.0,1.0,0.0,0.46000000000000035,0.0,1.0,0.0,1.0,-0.39316239316239426,0.0,0.0,0.0,0.2456140350877185,0.0,0.0,0.0,1.0,0.0,3.0,-0.5787965616045845,1.0,0.0,Graduate
1716,0.3935049020434533,0.33333333333333326,1.0,0.4262192580241762,-0.3333333333333332,0.0,0.0,1.0,0.0,1.0,1.0,0.12666666666666704,1.0,0.0,0.0,1.0,0.3162393162393168,0.0,0.0,1.0,0.43859649122806993,0.0,0.0,0.0,1.0,0.0,1.0,-0.98567335243553,-0.9565217391304347,0.0,Graduate
1717,0.5159313726574084,0.33333333333333326,0.6666666666666666,0.7732388495206335,0.38095238095238104,0.5,0.0,1.0,0.0,1.0,0.5,0.46000000000000035,0.0,1.0,0.0,1.0,-0.13675213675213763,0.0,1.0,1.0,0.4210526315789465,0.0,0.0,0.0,1.0,0.0,3.0,-1.2550143266475644,0.608695652173913,0.0,Graduate
1719,-1.5686274513099354,-1.6666666666666667,-1.6666666666666667,-5.1354731137974134,1.0,0.25,0.0,1.0,0.0,1.0,-0.5,1.7933333333333337,1.0,0.0,0.0,1.0,-2.205128205128207,1.0,0.0,0.0,0.17543859649122798,1.0,0.0,0.0,1.0,0.0,0.0,0.0,0.5217391304347826,0.0,Dropout
1720,-1.5686274513099354,-1.6666666666666667,-1.6666666666666667,-5.1354731137974134,0.3333333333333332,-0.25,0.0,1.0,0.0,1.0,-0.5,0.0,1.0,0.0,0.0,1.0,-2.3846153846153864,1.0,0.0,0.0,-1.5204678362573092,0.0,0.0,0.0,0.0,0.0,0.0,-0.3553008595988538,-0.4782608695652173,0.0,Dropout
1721,0.1960784314137419,0.33333333333333326,0.0,-0.13338891204668618,0.0,-0.5,0.0,1.0,0.0,1.0,-0.5,-0.33999999999999964,1.0,0.0,0.0,1.0,-0.5384615384615388,0.0,0.0,0.0,-0.5555555555555552,0.0,0.0,0.0,1.0,0.0,0.0,0.4068767908309455,0.0,0.0,Graduate
1722,-0.01400560245392257,0.33333333333333326,0.3333333333333333,-0.7288751271363065,0.22222222222222213,0.0,0.0,1.0,0.0,1.0,0.0,-0.8066666666666663,0.0,1.0,0.0,1.0,0.7179487179487192,0.0,1.0,0.0,-0.10526315789473663,0.0,0.0,0.0,1.0,0.0,1.0,-0.3553008595988538,-0.4782608695652173,0.0,Graduate
1723,0.33936651538992285,0.16666666666666652,2.0,0.7644210712796994,0.6388888888888887,2.75,0.0,1.0,0.0,1.0,3.0,-0.4066666666666663,1.0,0.0,0.0,1.0,1.4529914529914556,0.0,0.0,0.0,0.7485380116959067,0.0,0.0,0.0,1.0,0.0,0.0,0.9140401146131805,0.0,0.0,Graduate
1724,0.07352941227034941,0.33333333333333326,0.3333333333333333,-0.48075586911213014,0.5,0.25,0.0,1.0,0.0,1.0,0.0,-0.07333333333333296,0.0,1.0,0.0,1.0,-0.03418803418803349,0.0,1.0,0.0,0.023391812865497397,0.0,0.0,0.0,1.0,0.0,0.0,0.4068767908309455,0.0,0.0,Graduate
1725,0.1960784314137419,0.33333333333333326,4.0,-0.13338891204668618,-0.03921568627450966,3.0,0.0,1.0,0.0,1.0,5.5,0.9266666666666671,1.0,0.0,0.0,1.0,0.8632478632478648,0.0,1.0,0.0,1.5146198830409352,0.0,0.0,0.0,1.0,0.0,0.0,0.48710601719197705,-0.3478260869565217,0.0,Graduate
1726,-0.5686274513939693,-0.4666666666666668,-0.6666666666666666,-0.4112824802000832,1.6666666666666667,0.75,0.0,1.0,0.0,1.0,-0.5,-1.5399999999999996,1.0,0.0,0.0,1.0,1.2991452991453007,1.0,0.0,0.0,-0.35087719298245595,0.0,0.0,0.0,1.0,0.0,0.0,-0.98567335243553,-0.9565217391304347,0.0,Dropout
1727,0.2825836211377977,0.33333333333333326,3.6666666666666665,0.11181129220508533,-0.22916666666666655,2.25,0.0,1.0,0.0,1.0,5.0,0.5933333333333337,0.0,1.0,0.0,1.0,-0.4188034188034185,0.0,0.0,0.0,0.345029239766082,0.0,0.0,1.0,1.0,1.0,0.0,-0.98567335243553,-0.9565217391304347,0.0,Graduate
1730,0.2328431373038187,0.33333333333333326,2.3333333333333335,-0.029178824510212698,-0.19444444444444448,1.25,0.0,1.0,0.0,1.0,3.0,-1.5399999999999996,1.0,0.0,0.0,1.0,2.36752136752137,0.0,0.0,0.0,0.3801169590643273,0.0,0.0,0.0,1.0,0.0,0.0,-0.98567335243553,-0.9565217391304347,0.0,Graduate
1731,0.13725490198961926,0.33333333333333326,0.0,-0.3001250521050439,0.3333333333333332,-0.25,0.0,1.0,0.0,1.0,-0.5,-0.33999999999999964,1.0,0.0,0.0,1.0,-0.5384615384615388,0.0,1.0,0.0,-0.5555555555555552,0.0,0.0,0.0,1.0,0.0,2.0,0.42120343839541546,-0.39130434782608686,0.0,Graduate
1734,-0.08467023214791254,-0.030303030303030276,1.3333333333333333,0.005557869945810766,1.1818181818181819,3.25,0.0,1.0,0.0,1.0,2.5,0.46000000000000035,1.0,0.0,0.0,1.0,3.179487179487183,1.0,0.0,0.0,2.6900584795321625,0.0,0.0,0.0,1.0,0.0,0.0,0.42120343839541546,-0.39130434782608686,0.0,Enrolled
1735,-0.9215686276445869,-0.8666666666666667,-1.0,-0.5502292621925802,0.3333333333333332,-0.25,1.0,0.0,1.0,0.0,-0.5,-1.0066666666666664,1.0,0.0,0.0,1.0,-0.15384615384615374,0.0,1.0,0.0,-0.8771929824561399,0.0,0.0,0.0,1.0,0.0,0.0,0.4068767908309455,0.0,0.0,Dropout
1737,0.35104166674041515,0.33333333333333326,1.0,0.3058566069195499,0.0833333333333334,0.5,0.0,1.0,0.0,1.0,1.0,1.1933333333333338,1.0,0.0,0.0,1.0,-1.3675213675213675,0.0,1.0,1.0,0.22222222222222276,0.0,0.0,0.0,1.0,0.0,5.0,-0.98567335243553,-0.9565217391304347,0.0,Graduate
1738,-0.051520607713904966,0.04761904761904745,0.3333333333333333,-0.11850175489787436,0.38095238095238104,0.5,0.0,1.0,0.0,1.0,0.5,-0.20666666666666628,1.0,0.0,0.0,1.0,-0.5726495726495735,0.0,1.0,1.0,-0.46198830409356734,0.0,0.0,0.0,1.0,0.0,4.0,0.1346704871060172,-0.7391304347826085,0.0,Enrolled
1740,-1.5686274513099354,-1.6666666666666667,-1.6666666666666667,-5.1354731137974134,-0.3333333333333332,-0.5,1.0,0.0,1.0,0.0,0.0,0.0,1.0,0.0,0.0,1.0,-0.1367521367521364,1.0,0.0,0.0,0.017543859649122633,0.0,0.0,0.0,0.0,0.0,0.0,0.4068767908309455,0.0,0.0,Dropout
1741,0.09803921570687095,0.0,0.0,0.5335556481867441,1.0555555555555554,0.75,0.0,1.0,0.0,1.0,0.0,0.8600000000000004,1.0,0.0,0.0,1.0,-0.25641025641025544,0.0,0.0,0.0,0.690058479532164,0.0,0.0,0.0,1.0,0.0,0.0,0.1346704871060172,-0.7391304347826085,0.0,Dropout
1742,-0.07352941178015329,0.0,0.0,-0.05002084201750769,-0.05555555555555535,-0.25,0.0,1.0,0.0,1.0,0.0,-0.7399999999999997,1.0,0.0,0.0,1.0,-0.05982905982906013,0.0,0.0,0.0,-0.5789473684210527,0.0,0.0,0.0,1.0,0.0,3.0,0.0,0.5217391304347826,0.0,Enrolled
1743,0.44817927117258666,0.33333333333333326,0.3333333333333333,0.5811945435598164,0.22222222222222213,0.0,0.0,1.0,0.0,1.0,0.0,-0.8066666666666663,1.0,0.0,0.0,1.0,-0.03418803418803349,0.0,1.0,0.0,-0.6198830409356719,0.0,0.0,0.0,1.0,0.0,0.0,-1.2550143266475644,0.608695652173913,0.0,Dropout
1744,-0.7107843136297165,-0.6666666666666667,-0.6666666666666666,-0.2723356940391831,0.7777777777777779,0.5,1.0,0.0,1.0,0.0,0.0,-0.4066666666666663,1.0,0.0,1.0,0.0,-1.0085470085470092,0.0,0.0,0.0,-0.9356725146198825,0.0,0.0,0.0,1.0,0.0,0.0,-0.3553008595988538,-0.4782608695652173,0.0,Dropout
1745,-1.225490196335887,-1.3333333333333335,-1.3333333333333333,0.7002917882451017,0.5,0.25,1.0,0.0,1.0,0.0,0.0,0.0,1.0,0.0,1.0,0.0,-2.6068376068376082,1.0,0.0,0.0,-1.6725146198830398,0.0,0.0,0.0,1.0,0.0,0.0,-0.5787965616045845,1.0,0.0,Dropout
1746,-0.34313725497404846,-0.3333333333333335,-0.3333333333333333,0.0750312630262608,3.555555555555556,3.0,0.0,1.0,0.0,1.0,0.0,-0.20666666666666628,1.0,0.0,0.0,1.0,0.44444444444444514,0.0,0.0,0.0,0.23391812865497064,0.0,0.0,0.0,0.0,0.0,0.0,-1.2550143266475644,0.608695652173913,0.0,Dropout
1747,-0.11846405272096576,0.0,0.0,-0.2028623051271362,1.0555555555555554,0.75,1.0,0.0,1.0,0.0,0.0,1.526666666666667,1.0,0.0,1.0,0.0,0.44444444444444514,0.0,0.0,0.0,1.7543859649122797,0.0,0.0,0.0,1.0,0.0,0.0,-1.2550143266475644,0.608695652173913,0.0,Dropout
1748,-1.5686274513099354,-1.6666666666666667,-1.6666666666666667,-5.1354731137974134,-0.3333333333333332,-0.5,1.0,0.0,1.0,0.0,0.0,-0.20666666666666628,1.0,0.0,0.0,1.0,0.11111111111111098,1.0,0.0,0.0,0.005847953216373934,0.0,0.0,0.0,1.0,0.0,0.0,-1.2550143266475644,0.608695652173913,0.0,Dropout
1750,-0.27104959619304475,-0.1372549019607845,2.6666666666666665,-0.32577676531888283,-0.23529411764705868,2.5,0.0,1.0,0.0,1.0,5.5,-1.673333333333333,1.0,0.0,0.0,1.0,0.20512820512820581,0.0,0.0,0.0,-1.2163742690058472,0.0,0.0,0.0,1.0,0.0,0.0,-0.5787965616045845,1.0,0.0,Dropout
1751,-0.2777777773459383,-0.11111111111111116,0.6666666666666666,-0.43113201750729485,0.5925925925925927,1.5,0.0,1.0,0.0,1.0,1.5,-0.873333333333333,1.0,0.0,0.0,1.0,0.44444444444444514,0.0,0.0,0.0,-0.35087719298245595,0.0,0.0,0.0,1.0,0.0,0.0,-0.5787965616045845,1.0,0.0,Enrolled
1752,-1.5686274513099354,-1.6666666666666667,-1.6666666666666667,-5.1354731137974134,-1.9999999999999996,-2.0,0.0,1.0,0.0,1.0,-3.0,1.1266666666666671,0.0,1.0,0.0,1.0,-0.5982905982905976,0.0,1.0,0.0,0.690058479532164,0.0,0.0,0.0,1.0,0.0,0.0,0.1346704871060172,-0.7391304347826085,0.0,Graduate
1753,-0.12254901963358843,0.0,0.0,-0.2167569820758647,-0.05555555555555535,-0.25,0.0,1.0,0.0,1.0,0.0,1.2600000000000005,1.0,0.0,0.0,1.0,-1.0769230769230786,0.0,0.0,0.0,0.47953216374268914,0.0,0.0,0.0,1.0,0.0,1.0,-1.2550143266475644,0.608695652173913,0.0,Enrolled
1754,-1.5686274513099354,-1.6666666666666667,-1.6666666666666667,-5.1354731137974134,3.333333333333333,2.0,0.0,1.0,0.0,1.0,-0.5,1.1266666666666671,1.0,0.0,0.0,1.0,0.44444444444444514,0.0,0.0,0.0,1.4035087719298238,1.0,0.0,0.0,0.0,0.0,0.0,-0.5787965616045845,1.0,0.0,Enrolled
1755,-1.5686274513099354,-1.6666666666666667,-1.6666666666666667,-5.1354731137974134,-0.3333333333333332,-0.75,1.0,0.0,1.0,0.0,-0.5,-0.673333333333333,1.0,0.0,1.0,0.0,-0.15384615384615374,0.0,0.0,0.0,-0.5847953216374266,1.0,0.0,0.0,1.0,0.0,4.0,0.9140401146131805,0.0,0.0,Dropout
1756,0.5196078432464161,0.33333333333333326,0.0,0.7836598582742802,-0.3333333333333332,-0.75,1.0,0.0,1.0,0.0,-0.5,1.1266666666666671,0.0,1.0,0.0,1.0,-0.11965811965811904,0.0,1.0,0.0,1.0175438596491226,1.0,0.0,0.0,1.0,0.0,0.0,0.9140401146131805,0.0,0.0,Enrolled
1758,-0.6372549018495632,-0.6666666666666667,-0.6666666666666666,0.14450465610671082,0.7777777777777779,0.5,1.0,0.0,1.0,0.0,0.0,1.1266666666666671,1.0,0.0,0.0,1.0,0.44444444444444514,0.0,0.0,0.0,1.4035087719298238,0.0,0.0,0.0,0.0,0.0,0.0,-1.2550143266475644,0.608695652173913,0.0,Dropout
1759,0.553221288841713,0.33333333333333326,0.3333333333333333,0.8789376531888282,-0.05555555555555535,-0.25,0.0,1.0,0.0,1.0,0.0,-0.5399999999999996,1.0,0.0,0.0,1.0,-0.15384615384615374,0.0,1.0,0.0,-0.4678362573099413,0.0,0.0,0.0,1.0,0.0,3.0,-0.3553008595988538,-0.4782608695652173,0.0,Graduate
1760,0.36036414615413803,0.33333333333333326,0.6666666666666666,0.332281308878699,-0.3333333333333332,-0.25,0.0,1.0,0.0,1.0,0.5,-1.073333333333333,0.0,1.0,0.0,1.0,-0.2136752136752139,0.0,1.0,1.0,-0.9766081871345026,0.0,0.0,0.0,1.0,0.0,3.0,0.48710601719197705,-0.3478260869565217,0.0,Graduate
1761,0.29411764761080894,0.33333333333333326,0.3333333333333333,0.14450465610671082,-0.05555555555555535,-0.25,0.0,1.0,1.0,0.0,0.0,-0.8066666666666663,1.0,0.0,1.0,0.0,0.2991452991452994,0.0,1.0,0.0,-0.391812865497076,0.0,0.0,0.0,1.0,0.0,1.0,0.9140401146131805,0.0,0.0,Graduate
1763,0.6792717094564293,0.33333333333333326,0.3333333333333333,1.236229383076281,-0.05555555555555535,-0.25,0.0,1.0,0.0,1.0,0.0,-0.20666666666666628,1.0,0.0,0.0,1.0,3.1367521367521403,1.0,0.0,0.0,2.0760233918128645,0.0,0.0,0.0,1.0,0.0,0.0,0.4068767908309455,0.0,0.0,Graduate
1764,-0.6421568628800048,-0.4666666666666668,-0.6666666666666666,-0.7586494372655271,1.9999999999999996,1.0,0.0,1.0,1.0,0.0,-0.5,0.46000000000000035,1.0,0.0,1.0,0.0,0.44444444444444514,0.0,0.0,0.0,0.8187134502923973,0.0,0.0,0.0,1.0,0.0,0.0,0.42120343839541546,-0.39130434782608686,0.0,Graduate
1765,0.2896613196686965,0.33333333333333326,2.0,0.13187313047102975,-0.3333333333333332,0.75,0.0,1.0,0.0,1.0,2.5,0.46000000000000035,0.0,1.0,0.0,1.0,0.6324786324786323,0.0,0.0,0.0,0.9473684210526304,0.0,0.0,0.0,0.0,0.0,0.0,0.9140401146131805,0.0,0.0,Graduate
1766,-1.5686274513099354,-1.6666666666666667,-1.6666666666666667,-5.1354731137974134,0.0,-0.5,0.0,1.0,0.0,1.0,-0.5,0.46000000000000035,1.0,0.0,0.0,1.0,-0.4786324786324798,0.0,1.0,0.0,0.18713450292397585,0.0,0.0,0.0,1.0,0.0,0.0,-1.2550143266475644,0.608695652173913,0.0,Dropout
1767,-0.866013072240759,-1.0,-0.6666666666666666,0.8392385702375987,-0.3333333333333332,0.25,1.0,0.0,1.0,0.0,1.5,0.46000000000000035,1.0,0.0,1.0,0.0,-2.974358974358977,1.0,0.0,0.0,-1.5204678362573092,0.0,0.0,0.0,1.0,0.0,0.0,-1.2550143266475644,0.608695652173913,0.0,Dropout
1768,0.6556372550396995,0.33333333333333326,1.0,1.1692371821592324,0.9166666666666666,1.5,1.0,0.0,1.0,0.0,1.0,2.4600000000000004,1.0,0.0,0.0,1.0,0.44444444444444514,0.0,0.0,0.0,2.573099415204677,0.0,0.0,0.0,0.0,0.0,0.0,0.48710601719197705,-0.3478260869565217,0.0,Enrolled
1769,-1.5686274513099354,-1.6666666666666667,-1.6666666666666667,-5.1354731137974134,-1.9999999999999996,-2.0,0.0,1.0,0.0,1.0,0.5,0.46000000000000035,1.0,0.0,0.0,1.0,0.44444444444444514,0.0,0.0,1.0,0.8187134502923973,0.0,0.0,0.0,0.0,0.0,0.0,0.42120343839541546,-0.39130434782608686,0.0,Dropout
1770,-0.8123249301426452,-0.8095238095238096,-0.6666666666666666,-0.13338891204668618,1.809523809523809,2.0,0.0,1.0,1.0,0.0,0.5,-1.1399999999999997,1.0,0.0,1.0,0.0,0.3760683760683769,0.0,0.0,0.0,-0.6315789473684206,0.0,0.0,0.0,1.0,0.0,0.0,0.9140401146131805,0.0,0.0,Enrolled
1771,-0.17156862748702423,-0.3333333333333335,-0.3333333333333333,0.8045018757815753,0.7777777777777779,0.5,0.0,1.0,0.0,1.0,0.0,0.06000000000000038,0.0,1.0,0.0,1.0,-0.6324786324786323,0.0,0.0,0.0,-0.2690058479532159,0.0,0.0,0.0,1.0,0.0,2.0,0.0,0.5217391304347826,0.0,Enrolled
1772,-0.9509803923566483,-0.8666666666666667,-1.0,-0.7586494372655271,1.9999999999999996,1.0,0.0,1.0,0.0,1.0,-0.5,0.0,1.0,0.0,0.0,1.0,0.589743589743592,1.0,0.0,0.0,0.5146198830409361,0.0,0.0,0.0,1.0,0.0,0.0,-0.3553008595988538,-0.4782608695652173,0.0,Enrolled
1773,0.4166666667542018,0.33333333333333326,0.3333333333333333,0.4918716131721548,-0.05555555555555535,-0.25,0.0,1.0,0.0,1.0,0.0,0.46000000000000035,0.0,1.0,0.0,1.0,0.1794871794871804,0.0,1.0,0.0,0.6374269005847953,0.0,0.0,0.0,1.0,0.0,1.0,-0.3553008595988538,-0.4782608695652173,0.0,Graduate
1774,-0.1388888885095706,0.0,0.0,-0.2723356940391831,1.8888888888888888,1.5,0.0,1.0,0.0,1.0,0.0,0.46000000000000035,1.0,0.0,0.0,1.0,0.44444444444444514,0.0,0.0,0.0,0.8187134502923973,0.0,0.0,0.0,1.0,0.0,0.0,-1.2550143266475644,0.608695652173913,0.0,Enrolled
1776,-1.5686274513099354,-1.6666666666666667,-1.6666666666666667,-5.1354731137974134,-0.3333333333333332,-1.0,1.0,0.0,1.0,0.0,-1.0,1.0600000000000003,1.0,0.0,0.0,1.0,0.4188034188034185,0.0,1.0,0.0,1.3274853801169577,0.0,1.0,0.0,1.0,0.0,2.0,0.4068767908309455,0.0,1.0,Dropout
1778,0.01960784314137432,0.33333333333333326,0.0,-0.6335973322217586,0.0,-0.5,0.0,1.0,1.0,0.0,-0.5,0.46000000000000035,1.0,0.0,1.0,0.0,1.2991452991453007,1.0,0.0,0.0,1.4035087719298238,0.0,0.0,0.0,1.0,0.0,0.0,-0.98567335243553,-0.9565217391304347,0.0,Dropout
1779,-0.22745098043994041,-0.06666666666666665,-0.3333333333333333,-0.38349312213422243,0.6666666666666667,0.0,0.0,1.0,0.0,1.0,-0.5,0.0,1.0,0.0,0.0,1.0,-2.555555555555557,0.0,1.0,0.0,-1.6374269005847946,0.0,0.0,0.0,1.0,0.0,0.0,0.48710601719197705,-0.3478260869565217,0.0,Graduate
1780,0.44985994470235174,0.33333333333333326,0.6666666666666666,0.585958436848687,-0.3333333333333332,-0.25,0.0,1.0,0.0,1.0,0.5,-0.5399999999999996,1.0,0.0,0.0,1.0,0.22222222222222315,0.0,1.0,1.0,-0.21052631578947326,0.0,0.0,0.0,1.0,0.0,0.0,0.48710601719197705,-0.3478260869565217,0.0,Graduate
1781,0.0,0.0,0.0,0.20008336807002927,-0.3333333333333332,-0.5,0.0,1.0,0.0,1.0,0.0,0.0,1.0,0.0,0.0,1.0,0.9487179487179503,0.0,1.0,0.0,0.7602339181286546,0.0,0.0,0.0,1.0,0.0,0.0,0.4068767908309455,0.0,0.0,Enrolled
1782,0.4166666667542018,0.33333333333333326,0.3333333333333333,0.4918716131721548,-0.3333333333333332,-0.5,0.0,1.0,0.0,1.0,0.0,0.0,0.0,1.0,0.0,1.0,-1.3589743589743595,0.0,1.0,0.0,-0.8187134502923973,0.0,0.0,0.0,1.0,0.0,4.0,0.48710601719197705,-0.3478260869565217,0.0,Graduate
1783,0.43486519616978936,0.08333333333333326,0.6666666666666666,1.3547311379741553,-0.3333333333333332,0.0,0.0,1.0,0.0,1.0,1.0,-0.20666666666666628,1.0,0.0,0.0,1.0,1.6239316239316268,1.0,0.0,1.0,1.04093567251462,0.0,0.0,0.0,1.0,0.0,0.0,0.4068767908309455,0.0,0.0,Dropout
1785,0.5070028005967093,0.33333333333333326,0.6666666666666666,0.7479306836181742,-0.3333333333333332,-0.25,0.0,1.0,0.0,1.0,0.5,0.46000000000000035,1.0,0.0,0.0,1.0,0.27350427350427403,0.0,0.0,1.0,0.7017543859649119,0.0,0.0,0.0,0.0,0.0,1.0,-0.3553008595988538,-0.4782608695652173,0.0,Dropout
1787,-1.5686274513099354,-1.6666666666666667,-1.6666666666666667,-5.1354731137974134,-1.9999999999999996,-2.0,0.0,1.0,0.0,1.0,0.0,0.0,1.0,0.0,0.0,1.0,-2.085470085470087,1.0,0.0,0.0,-1.31578947368421,0.0,0.0,0.0,0.0,0.0,0.0,-1.2550143266475644,0.608695652173913,0.0,Dropout
1789,-0.46568627460763706,-0.3333333333333335,-0.3333333333333333,-0.4460191746561067,0.5,0.25,0.0,1.0,0.0,1.0,0.0,-1.1399999999999997,1.0,0.0,0.0,1.0,-0.17948717948717918,0.0,1.0,0.0,-1.0116959064327478,0.0,1.0,0.0,1.0,0.0,0.0,0.0,0.5217391304347826,0.0,Dropout
1791,0.11390931430089145,0.08333333333333326,0.6666666666666666,0.31501220925385576,-0.3333333333333332,0.0,0.0,1.0,0.0,1.0,1.0,0.46000000000000035,1.0,0.0,0.0,1.0,-0.6410256410256416,1.0,0.0,1.0,0.0760233918128653,0.0,0.0,0.0,1.0,0.0,0.0,0.4068767908309455,0.0,0.0,Graduate
1792,-1.5686274513099354,-1.6666666666666667,-1.6666666666666667,-5.1354731137974134,-1.9999999999999996,-2.0,0.0,1.0,0.0,1.0,-0.5,0.8600000000000004,1.0,0.0,0.0,1.0,-0.1794871794871804,0.0,1.0,0.0,0.7426900584795312,0.0,0.0,0.0,1.0,0.0,3.0,0.9140401146131805,0.0,0.0,Dropout
1793,-0.5980392158119128,-0.4666666666666668,-0.6666666666666666,-0.5502292621925802,1.0,0.25,0.0,1.0,1.0,0.0,-0.5,1.1266666666666671,1.0,0.0,1.0,0.0,-0.7692307692307687,1.0,0.0,0.0,0.5730994152046788,0.0,0.0,0.0,1.0,0.0,0.0,-0.5787965616045845,1.0,0.0,Dropout
1794,-1.5686274513099354,-1.6666666666666667,-1.6666666666666667,-5.1354731137974134,2.4444444444444438,2.0,0.0,1.0,0.0,1.0,0.0,0.2600000000000004,1.0,0.0,0.0,1.0,0.2393162393162393,0.0,0.0,0.0,0.5029239766081866,0.0,0.0,0.0,1.0,0.0,0.0,-0.3553008595988538,-0.4782608695652173,0.0,Dropout
1795,-0.46568627460763706,-0.523809523809524,-0.3333333333333333,0.3355564818674445,0.857142857142857,1.0,0.0,1.0,0.0,1.0,0.5,0.19333333333333372,1.0,0.0,0.0,1.0,-1.05982905982906,0.0,0.0,1.0,-0.44444444444444386,0.0,0.0,0.0,1.0,0.0,0.0,0.1346704871060172,-0.7391304347826085,0.0,Enrolled
1796,0.17015931339359078,0.08333333333333326,0.6666666666666666,0.49723098791162934,-0.3333333333333332,0.0,0.0,1.0,0.0,1.0,1.0,0.06000000000000038,0.0,1.0,0.0,1.0,0.34188034188034344,0.0,1.0,1.0,0.39766081871345077,0.0,0.0,0.0,1.0,0.0,2.0,0.4068767908309455,0.0,0.0,Graduate
1798,-0.24509803926717752,-0.4666666666666668,-0.6666666666666666,1.1171321383909958,0.6666666666666667,0.0,0.0,1.0,0.0,1.0,-0.5,-0.47333333333333294,0.0,1.0,0.0,1.0,0.9572649572649584,0.0,1.0,0.0,0.35087719298245595,0.0,0.0,0.0,1.0,0.0,2.0,-0.98567335243553,-0.9565217391304347,0.0,Dropout
1799,0.0,0.0,0.0,0.20008336807002927,1.3333333333333333,1.0,1.0,0.0,1.0,0.0,0.0,0.0,1.0,0.0,1.0,0.0,-1.5299145299145307,1.0,0.0,0.0,-0.9356725146198825,0.0,0.0,0.0,0.0,0.0,0.0,0.48710601719197705,-0.3478260869565217,0.0,Dropout
1800,-0.661764706266477,-0.6666666666666667,-0.6666666666666666,0.005557869945810766,1.8888888888888888,1.5,1.0,0.0,1.0,0.0,0.0,-1.273333333333333,1.0,0.0,1.0,0.0,1.5811965811965827,0.0,0.0,0.0,0.0760233918128653,0.0,0.0,0.0,1.0,0.0,2.0,0.4068767908309455,0.0,0.0,Dropout
1804,0.17156862699682812,0.33333333333333326,0.3333333333333333,-0.2028623051271362,-0.3333333333333332,-0.5,0.0,1.0,0.0,1.0,0.0,-0.20666666666666628,1.0,0.0,0.0,1.0,0.2393162393162393,0.0,0.0,0.0,0.09356725146198792,0.0,0.0,0.0,1.0,0.0,1.0,0.4068767908309455,0.0,0.0,Dropout
1805,-1.5686274513099354,-1.6666666666666667,-1.6666666666666667,-5.1354731137974134,-0.3333333333333332,-0.75,1.0,0.0,1.0,0.0,-0.5,0.0,1.0,0.0,1.0,0.0,-1.3504273504273514,0.0,0.0,0.0,-0.8128654970760233,0.0,0.0,0.0,0.0,0.0,0.0,0.9140401146131805,0.0,0.0,Dropout
1806,-1.5686274513099354,-1.6666666666666667,-1.6666666666666667,-5.1354731137974134,-0.3333333333333332,-0.75,0.0,1.0,0.0,1.0,-0.5,-0.20666666666666628,1.0,0.0,0.0,1.0,0.44444444444444514,0.0,0.0,0.0,0.23391812865497064,0.0,0.0,0.0,0.0,0.0,0.0,-0.5787965616045845,1.0,0.0,Dropout
1807,0.1666666667016809,0.33333333333333326,0.0,-0.2167569820758647,1.3333333333333333,0.5,0.0,1.0,0.0,1.0,-0.5,-1.073333333333333,0.0,1.0,0.0,1.0,-0.05982905982906013,0.0,1.0,0.0,-0.871345029239766,1.0,0.0,0.0,1.0,0.0,2.0,0.48710601719197705,-0.3478260869565217,0.0,Enrolled
1808,-1.5686274513099354,-1.6666666666666667,-1.6666666666666667,-5.1354731137974134,-1.9999999999999996,-2.0,0.0,1.0,0.0,1.0,0.0,-0.4066666666666663,1.0,0.0,0.0,1.0,-0.03418803418803349,0.0,0.0,0.0,-0.2690058479532159,0.0,0.0,0.0,1.0,0.0,0.0,-1.2550143266475644,0.608695652173913,0.0,Dropout
1809,0.2254901961258032,0.33333333333333326,0.0,-0.05002084201750769,0.0,-0.5,1.0,0.0,1.0,0.0,-0.5,-0.13999999999999962,0.0,1.0,0.0,1.0,0.08547008547008556,0.0,1.0,0.0,0.04678362573099396,1.0,0.0,0.0,1.0,0.0,4.0,0.9140401146131805,0.0,0.0,Enrolled
1811,0.25910364172110006,0.33333333333333326,0.3333333333333333,0.045256952897040244,-0.05555555555555535,-0.25,0.0,1.0,0.0,1.0,0.0,-0.20666666666666628,1.0,0.0,0.0,1.0,0.14529914529914567,1.0,0.0,0.0,0.02923976608187133,0.0,0.0,0.0,1.0,0.0,0.0,0.0,0.5217391304347826,0.0,Graduate
1813,-0.2976190476815725,-0.23809523809523814,0.0,-0.09170487703209694,0.619047619047619,0.75,0.0,1.0,0.0,1.0,0.5,-0.20666666666666628,1.0,0.0,0.0,1.0,-0.4102564102564104,0.0,0.0,1.0,-0.35087719298245595,0.0,0.0,0.0,1.0,0.0,0.0,0.48710601719197705,-0.3478260869565217,0.0,Dropout
1817,-0.017757102454710804,0.19047619047619047,2.6666666666666665,-0.4013577073780743,0.26190476190476203,2.75,0.0,1.0,0.0,1.0,4.0,2.0600000000000005,1.0,0.0,0.0,1.0,-2.307692307692309,0.0,0.0,0.0,0.3391812865497081,0.0,0.0,0.0,1.0,0.0,0.0,-0.98567335243553,-0.9565217391304347,0.0,Graduate
1819,-1.5686274513099354,-1.6666666666666667,-1.6666666666666667,-5.1354731137974134,-0.3333333333333332,-0.5,1.0,0.0,1.0,0.0,0.0,-0.4066666666666663,1.0,0.0,1.0,0.0,-0.5128205128205133,0.0,0.0,0.0,-0.5964912280701753,0.0,0.0,0.0,1.0,0.0,3.0,0.9140401146131805,0.0,0.0,Dropout
1820,0.47317927117783865,0.33333333333333326,0.6666666666666666,0.6520574030846183,-0.3333333333333332,-0.25,0.0,1.0,0.0,1.0,0.5,0.46000000000000035,1.0,0.0,0.0,1.0,-0.717948717948718,0.0,0.0,1.0,0.023391812865497397,0.0,0.0,0.0,1.0,0.0,2.0,0.48710601719197705,-0.3478260869565217,0.0,Dropout
1822,-0.5056022410025773,-0.523809523809524,-0.3333333333333333,0.13755731554814504,0.619047619047619,0.75,0.0,1.0,0.0,1.0,0.5,-0.7399999999999997,0.0,1.0,0.0,1.0,-0.1709401709401711,0.0,1.0,1.0,-0.654970760233918,0.0,0.0,0.0,1.0,0.0,2.0,0.42120343839541546,-0.39130434782608686,0.0,Enrolled
1823,-1.2450980394772613,-1.2666666666666666,-1.3333333333333333,-0.5502292621925802,1.3333333333333333,0.5,0.0,1.0,0.0,1.0,-0.5,1.926666666666667,1.0,0.0,0.0,1.0,-1.5555555555555574,0.0,0.0,0.0,0.7368421052631572,0.0,0.0,0.0,1.0,0.0,0.0,-0.5787965616045845,1.0,0.0,Enrolled
1824,-0.9967320261897895,-1.0,-1.0,-0.2723356940391831,1.3333333333333333,1.0,0.0,1.0,0.0,1.0,0.0,0.0,1.0,0.0,0.0,1.0,-1.2820512820512822,1.0,0.0,0.0,-0.7660818713450285,0.0,0.0,0.0,1.0,0.0,0.0,-0.3553008595988538,-0.4782608695652173,0.0,Dropout
1825,0.563725490314508,0.33333333333333326,0.3333333333333333,0.9087119633180487,-0.3333333333333332,-0.5,0.0,1.0,0.0,1.0,0.0,-0.873333333333333,1.0,0.0,0.0,1.0,-0.27350427350427403,0.0,1.0,0.0,-0.8421052631578947,0.0,0.0,0.0,1.0,0.0,0.0,0.42120343839541546,-0.39130434782608686,0.0,Graduate
1826,0.5952380947328932,0.33333333333333326,0.3333333333333333,0.9980348937057104,-0.05555555555555535,-0.25,0.0,1.0,0.0,1.0,0.0,1.7933333333333337,1.0,0.0,0.0,1.0,-0.2393162393162393,0.0,0.0,0.0,1.5204678362573092,0.0,0.0,0.0,1.0,0.0,0.0,-0.5787965616045845,1.0,0.0,Graduate
1827,0.3851540623358165,0.33333333333333326,0.3333333333333333,0.4025486827844931,-0.05555555555555535,-0.25,0.0,1.0,0.0,1.0,0.0,0.5266666666666671,0.0,1.0,0.0,1.0,-0.27350427350427403,0.0,1.0,0.0,0.38596491228070123,0.0,0.0,0.0,1.0,0.0,0.0,0.42120343839541546,-0.39130434782608686,0.0,Graduate
1828,-0.5686274513939693,-0.4666666666666668,-0.6666666666666666,-0.4112824802000832,2.333333333333333,1.25,0.0,1.0,0.0,1.0,-0.5,-0.5399999999999996,1.0,0.0,0.0,1.0,-0.11965811965811904,0.0,0.0,0.0,-0.44444444444444386,0.0,0.0,0.0,1.0,0.0,0.0,-0.98567335243553,-0.9565217391304347,0.0,Enrolled
1831,0.02450980392671798,0.0,0.0,0.28345143809920775,0.7777777777777779,0.5,0.0,1.0,1.0,0.0,0.0,1.926666666666667,1.0,0.0,1.0,0.0,-1.1965811965811965,0.0,1.0,0.0,0.9824561403508774,0.0,0.0,0.0,1.0,0.0,0.0,-0.5787965616045845,1.0,0.0,Dropout
1832,0.1225490196335886,0.33333333333333326,0.3333333333333333,-0.34180908711963315,0.5,0.25,0.0,1.0,0.0,1.0,0.0,-0.20666666666666628,0.0,1.0,0.0,1.0,0.0,0.0,1.0,0.0,-0.07017543859649136,0.0,0.0,0.0,1.0,0.0,0.0,0.48710601719197705,-0.3478260869565217,0.0,Graduate
1833,0.1666666667016809,0.33333333333333326,0.0,-0.2167569820758647,0.6666666666666667,0.0,0.0,1.0,0.0,1.0,-0.5,0.06000000000000038,0.0,1.0,0.0,1.0,-0.2136752136752139,0.0,0.0,0.0,0.017543859649122633,0.0,0.0,0.0,1.0,0.0,1.0,-0.3553008595988538,-0.4782608695652173,0.0,Graduate
1834,-0.6274509802298565,-0.4666666666666668,-0.6666666666666666,-0.689176044185077,0.3333333333333332,-0.25,1.0,0.0,1.0,0.0,-0.5,0.0,0.0,1.0,0.0,1.0,-0.7606837606837606,0.0,1.0,0.0,-0.40935672514619864,0.0,0.0,0.0,1.0,0.0,0.0,0.4068767908309455,0.0,0.0,Dropout
1835,0.181897759141855,0.04761904761904745,0.3333333333333333,0.6533972488536883,0.619047619047619,0.75,0.0,1.0,0.0,1.0,0.5,0.2600000000000004,0.0,1.0,0.0,1.0,-0.5897435897435895,0.0,0.0,1.0,-0.0643274853801166,0.0,0.0,0.0,1.0,0.0,0.0,-1.2550143266475644,0.608695652173913,0.0,Graduate
1836,-0.1715686274870239,0.0,0.0,-0.38349312213422243,-0.05555555555555535,-0.25,0.0,1.0,1.0,0.0,0.0,0.0,0.0,1.0,1.0,0.0,-0.8461538461538463,0.0,1.0,0.0,-0.4678362573099413,0.0,0.0,0.0,1.0,0.0,0.0,0.9140401146131805,0.0,0.0,Graduate
1839,0.4060049020460796,0.33333333333333326,1.0,0.46165068778657753,-0.3333333333333332,0.0,0.0,1.0,0.0,1.0,1.0,-0.006666666666666288,1.0,0.0,0.0,1.0,0.2564102564102579,0.0,0.0,1.0,0.28070175438596545,0.0,0.0,0.0,1.0,0.0,2.0,-0.98567335243553,-0.9565217391304347,0.0,Graduate
1840,0.661764706511575,0.33333333333333326,0.3333333333333333,1.1866055314714457,-0.3333333333333332,-0.5,0.0,1.0,0.0,1.0,0.0,-0.20666666666666628,1.0,0.0,0.0,1.0,-1.264957264957266,1.0,0.0,0.0,-0.9356725146198825,0.0,0.0,0.0,1.0,0.0,0.0,-1.2550143266475644,0.608695652173913,0.0,Graduate
1841,-1.5686274513099354,-1.6666666666666667,-1.6666666666666667,-5.1354731137974134,1.3333333333333333,1.0,0.0,1.0,0.0,1.0,0.0,1.1933333333333338,1.0,0.0,0.0,1.0,0.44444444444444514,0.0,0.0,0.0,1.4619883040935666,0.0,1.0,0.0,1.0,0.0,0.0,-0.98567335243553,-0.9565217391304347,0.0,Dropout
1842,-0.9509803923566483,-0.8666666666666667,-1.0,-0.7586494372655271,1.6666666666666667,0.75,0.0,1.0,0.0,1.0,-0.5,-0.5399999999999996,1.0,0.0,0.0,1.0,0.9572649572649584,0.0,0.0,0.0,0.2923976608187133,0.0,0.0,0.0,1.0,0.0,0.0,0.4068767908309455,0.0,0.0,Dropout
1843,0.1666666667016809,0.33333333333333326,0.0,-0.2167569820758647,-0.3333333333333332,-0.75,0.0,1.0,0.0,1.0,-0.5,1.6600000000000004,0.0,1.0,0.0,1.0,0.2051282051282046,0.0,1.0,0.0,1.7076023391812851,0.0,0.0,0.0,1.0,0.0,0.0,-0.98567335243553,-0.9565217391304347,0.0,Graduate
1845,0.3541666667410712,0.33333333333333326,0.6666666666666666,0.31471446436014955,-0.09523809523809526,0.0,0.0,1.0,1.0,0.0,0.5,-0.006666666666666288,1.0,0.0,1.0,0.0,-0.6923076923076925,0.0,1.0,1.0,-0.3684210526315786,0.0,0.0,0.0,1.0,0.0,5.0,0.42120343839541546,-0.39130434782608686,0.0,Graduate
1846,-0.43137254911023243,-0.3333333333333335,-0.3333333333333333,-0.3001250521050439,0.22222222222222213,0.0,0.0,1.0,0.0,1.0,0.0,0.32666666666666705,1.0,0.0,0.0,1.0,-0.15384615384615374,0.0,1.0,0.0,0.2923976608187133,0.0,0.0,0.0,1.0,0.0,0.0,0.48710601719197705,-0.3478260869565217,0.0,Dropout
1848,-0.3039215686913,-0.06666666666666665,-0.3333333333333333,-0.6544393497290536,1.0,0.25,0.0,1.0,0.0,1.0,-0.5,0.46000000000000035,1.0,0.0,0.0,1.0,-0.4102564102564104,1.0,0.0,0.0,0.23391812865497064,0.0,0.0,0.0,1.0,0.0,0.0,-0.98567335243553,-0.9565217391304347,0.0,Dropout
1849,0.13215286081207703,0.04761904761904745,0.3333333333333333,0.4888941809087116,0.38095238095238104,0.5,0.0,1.0,0.0,1.0,0.5,0.6600000000000004,1.0,0.0,0.0,1.0,1.2146029671112836e-15,0.0,1.0,1.0,0.690058479532164,0.0,0.0,0.0,1.0,0.0,1.0,0.42120343839541546,-0.39130434782608686,0.0,Graduate
1850,-0.6495098040580202,-0.6666666666666667,-0.6666666666666666,0.0750312630262608,1.8888888888888888,1.5,0.0,1.0,0.0,1.0,0.0,0.12666666666666704,1.0,0.0,0.0,1.0,-0.658119658119659,0.0,0.0,0.0,-0.2280701754385967,0.0,0.0,0.0,1.0,0.0,2.0,-0.5787965616045845,1.0,0.0,Enrolled
1851,-1.5686274513099354,-1.6666666666666667,-1.6666666666666667,-5.1354731137974134,-1.9999999999999996,-2.0,1.0,0.0,1.0,0.0,0.5,-0.873333333333333,1.0,0.0,0.0,1.0,0.44444444444444514,0.0,0.0,1.0,-0.35087719298245595,0.0,0.0,0.0,0.0,0.0,0.0,-0.5787965616045845,1.0,0.0,Dropout
1852,0.3851540623358165,0.33333333333333326,0.0,0.4025486827844931,1.9999999999999996,1.0,0.0,1.0,0.0,1.0,-0.5,0.9933333333333337,1.0,0.0,0.0,1.0,-0.8376068376068382,0.0,1.0,0.0,0.40935672514619864,1.0,0.0,0.0,1.0,0.0,0.0,0.42120343839541546,-0.39130434782608686,0.0,Dropout
1855,-0.8921568629325258,-0.8666666666666667,-1.0,-0.34180908711963315,0.3333333333333332,-0.25,1.0,0.0,1.0,0.0,-0.5,0.46000000000000035,1.0,0.0,1.0,0.0,-2.4358974358974383,1.0,0.0,0.0,-1.1520467836257307,0.0,0.0,0.0,1.0,0.0,0.0,0.0,0.5217391304347826,0.0,Dropout
1856,-1.5686274513099354,-1.6666666666666667,-1.6666666666666667,-5.1354731137974134,-0.3333333333333332,-0.5,1.0,0.0,1.0,0.0,0.0,0.0,1.0,0.0,0.0,1.0,-2.1282051282051295,1.0,0.0,0.0,-1.3450292397660812,0.0,0.0,0.0,0.0,0.0,1.0,0.4068767908309455,0.0,0.0,Dropout
1858,-0.1593137255236654,0.0,0.0,-0.34180908711963315,0.7777777777777779,0.5,1.0,0.0,1.0,0.0,0.0,1.1266666666666671,1.0,0.0,1.0,0.0,0.14529914529914567,0.0,0.0,0.0,1.1988304093567246,0.0,0.0,0.0,1.0,0.0,0.0,0.1346704871060172,-0.7391304347826085,0.0,Graduate
1859,0.5147058829512685,0.33333333333333326,0.3333333333333333,0.7697651813255517,-0.3333333333333332,-0.5,0.0,1.0,0.0,1.0,0.0,-0.20666666666666628,1.0,0.0,0.0,1.0,0.5641025641025654,0.0,0.0,0.0,0.3157894736842107,0.0,0.0,0.0,1.0,0.0,2.0,0.48710601719197705,-0.3478260869565217,0.0,Graduate
1862,-1.5686274513099354,-1.6666666666666667,-1.6666666666666667,-5.1354731137974134,0.3333333333333332,-0.25,0.0,1.0,0.0,1.0,-0.5,-1.5399999999999996,1.0,0.0,0.0,1.0,1.803418803418806,1.0,0.0,0.0,-0.005847953216373934,1.0,0.0,0.0,1.0,0.0,0.0,0.4068767908309455,0.0,0.0,Enrolled
1864,0.17156862699682812,0.33333333333333326,0.3333333333333333,-0.2028623051271362,-0.3333333333333332,-0.5,0.0,1.0,0.0,1.0,0.0,-0.4066666666666663,1.0,0.0,0.0,1.0,0.8034188034188035,0.0,0.0,0.0,0.3040935672514612,0.0,0.0,0.0,1.0,0.0,0.0,0.0,0.5217391304347826,0.0,Graduate
1866,0.25490196083786454,0.33333333333333326,0.0,0.033347228011671545,-0.3333333333333332,-0.75,0.0,1.0,0.0,1.0,-0.5,-0.20666666666666628,1.0,0.0,0.0,1.0,1.2991452991453007,1.0,0.0,0.0,0.8187134502923973,0.0,0.0,0.0,1.0,0.0,0.0,-1.2550143266475644,0.608695652173913,0.0,Graduate
1868,-1.5686274513099354,-1.6666666666666667,-1.6666666666666667,-5.1354731137974134,1.0,0.25,1.0,0.0,1.0,0.0,-0.5,-2.206666666666666,1.0,0.0,1.0,0.0,5.017094017094022,1.0,0.0,0.0,1.6081871345029233,0.0,0.0,0.0,1.0,0.0,0.0,0.42120343839541546,-0.39130434782608686,0.0,Dropout
1869,0.575980391787671,0.33333333333333326,2.3333333333333335,0.9434486577740722,-0.3333333333333332,1.0,0.0,1.0,0.0,1.0,3.0,0.3933333333333337,0.0,1.0,0.0,1.0,0.717948717948718,0.0,1.0,0.0,0.9473684210526304,0.0,0.0,0.0,1.0,0.0,2.0,0.9140401146131805,0.0,0.0,Graduate
1870,0.14705882405050236,0.33333333333333326,0.3333333333333333,-0.2723356940391831,-0.3333333333333332,-0.5,0.0,1.0,0.0,1.0,0.0,1.1266666666666671,1.0,0.0,0.0,1.0,-1.1709401709401723,0.0,1.0,0.0,0.29824561403508726,0.0,1.0,0.0,1.0,0.0,0.0,0.0,0.5217391304347826,1.0,Graduate
1871,-1.5686274513099354,-1.6666666666666667,-1.6666666666666667,-5.1354731137974134,-0.3333333333333332,-0.75,1.0,0.0,1.0,0.0,-0.5,0.0,1.0,0.0,1.0,0.0,0.23076923076923123,0.0,0.0,0.0,0.2690058479532159,0.0,0.0,1.0,1.0,0.0,0.0,0.0,0.5217391304347826,0.0,Dropout
1872,-1.2955182075550806,-1.380952380952381,-1.3333333333333333,0.28345143809920775,1.3333333333333333,1.5,0.0,1.0,0.0,1.0,0.5,-0.9399999999999996,0.0,1.0,0.0,1.0,0.10256410256410291,0.0,1.0,1.0,-0.6432748538011692,0.0,0.0,0.0,1.0,0.0,5.0,0.48710601719197705,-0.3478260869565217,0.0,Dropout
1873,0.7343137256444636,0.33333333333333326,0.6666666666666666,1.3922467694872858,-0.3333333333333332,-0.25,0.0,1.0,0.0,1.0,0.5,2.4600000000000004,1.0,0.0,0.0,1.0,-3.4017094017094047,0.0,0.0,1.0,-0.05847953216374266,0.0,0.0,0.0,1.0,0.0,0.0,0.48710601719197705,-0.3478260869565217,0.0,Graduate
1874,-1.5686274513099354,-1.6666666666666667,-1.6666666666666667,-5.1354731137974134,0.7777777777777779,0.5,0.0,1.0,0.0,1.0,0.0,0.0,1.0,0.0,0.0,1.0,-2.5982905982906,1.0,0.0,0.0,-1.6666666666666659,0.0,1.0,1.0,1.0,1.0,0.0,0.0,0.5217391304347826,1.0,Dropout
1875,0.22058823583065565,0.33333333333333326,0.3333333333333333,-0.06391551896623615,-0.3333333333333332,-0.5,0.0,1.0,0.0,1.0,0.0,-0.006666666666666288,0.0,1.0,0.0,1.0,0.5641025641025654,0.0,1.0,0.0,0.4912280701754387,0.0,0.0,0.0,1.0,0.0,3.0,-0.98567335243553,-0.9565217391304347,0.0,Graduate
1876,0.10784313727755794,0.04761904761904745,0.3333333333333333,0.40850354314297627,-0.3333333333333332,-0.25,0.0,1.0,0.0,1.0,0.5,-0.5399999999999996,1.0,0.0,0.0,1.0,-0.08547008547008556,0.0,1.0,1.0,-0.42105263157894735,0.0,0.0,0.0,1.0,0.0,0.0,0.0,0.5217391304347826,0.0,Graduate
1877,-1.5686274513099354,-1.6666666666666667,-1.6666666666666667,-5.1354731137974134,1.5714285714285712,1.75,0.0,1.0,0.0,1.0,0.5,0.0,1.0,0.0,0.0,1.0,-1.487179487179488,1.0,0.0,0.0,-0.9064327485380113,0.0,0.0,0.0,0.0,0.0,0.0,0.48710601719197705,-0.3478260869565217,0.0,Dropout
1878,-1.5686274513099354,-1.6666666666666667,-1.6666666666666667,-5.1354731137974134,-1.9999999999999996,-2.0,0.0,1.0,0.0,1.0,0.5,0.6600000000000004,1.0,0.0,0.0,1.0,-1.2393162393162405,0.0,1.0,1.0,-0.15789473684210534,0.0,0.0,0.0,1.0,0.0,4.0,0.0,0.5217391304347826,0.0,Dropout
1879,-1.5686274513099354,-1.6666666666666667,-1.6666666666666667,-5.1354731137974134,-1.9999999999999996,-2.0,1.0,0.0,1.0,0.0,-3.0,-0.4066666666666663,0.0,1.0,1.0,0.0,1.5213675213675226,0.0,1.0,0.0,0.7953216374268999,0.0,0.0,0.0,1.0,0.0,1.0,0.1346704871060172,-0.7391304347826085,0.0,Dropout
1880,0.17585784354184694,0.08333333333333326,0.6666666666666666,0.5156910629428929,-0.3333333333333332,0.0,0.0,1.0,0.0,1.0,1.0,1.5933333333333337,1.0,0.0,0.0,1.0,-1.111111111111111,0.0,0.0,1.0,0.7485380116959067,0.0,0.0,0.0,1.0,0.0,0.0,-0.5787965616045845,1.0,0.0,Graduate
1881,-0.06302521044741415,-0.23809523809523814,0.0,0.8392385702375987,1.5714285714285712,1.75,0.0,1.0,1.0,0.0,0.5,1.7933333333333337,1.0,0.0,1.0,0.0,0.44444444444444514,0.0,0.0,0.0,1.9883040935672505,1.0,0.0,0.0,0.0,0.0,0.0,0.42120343839541546,-0.39130434782608686,0.0,Enrolled
1882,-0.3921568628274839,-0.3333333333333335,-0.3333333333333333,-0.13338891204668618,2.4444444444444438,2.0,0.0,1.0,0.0,1.0,0.0,0.46000000000000035,1.0,0.0,0.0,1.0,0.44444444444444514,1.0,0.0,0.0,0.8187134502923973,0.0,0.0,0.0,1.0,0.0,0.0,0.1346704871060172,-0.7391304347826085,0.0,Dropout
1883,-1.5686274513099354,-1.6666666666666667,-1.6666666666666667,-5.1354731137974134,-0.3333333333333332,-0.75,0.0,1.0,0.0,1.0,-0.5,-0.33999999999999964,1.0,0.0,0.0,1.0,-0.39316239316239304,0.0,0.0,0.0,-0.45614035087719257,0.0,0.0,0.0,1.0,0.0,0.0,0.9140401146131805,0.0,0.0,Dropout
1884,-1.5686274513099354,-1.6666666666666667,-1.6666666666666667,-5.1354731137974134,-1.9999999999999996,-2.0,0.0,1.0,0.0,1.0,-3.0,0.7933333333333337,1.0,0.0,0.0,1.0,0.9230769230769237,0.0,1.0,0.0,1.438596491228069,0.0,0.0,0.0,1.0,0.0,0.0,0.4068767908309455,0.0,0.0,Graduate
1885,-0.5812324931193065,-0.523809523809524,-0.3333333333333333,-0.23759899958315966,0.619047619047619,0.75,0.0,1.0,0.0,1.0,0.5,0.0,1.0,0.0,0.0,1.0,-1.0854700854700856,1.0,0.0,1.0,-0.6315789473684206,0.0,0.0,0.0,1.0,0.0,0.0,0.48710601719197705,-0.3478260869565217,0.0,Enrolled
1886,-0.03291316569318913,0.04761904761904745,0.3333333333333333,-0.05696818257607348,-0.3333333333333332,-0.25,0.0,1.0,0.0,1.0,0.5,-0.07333333333333296,1.0,0.0,0.0,1.0,-0.0683760683760682,0.0,1.0,1.0,0.0,0.0,0.0,0.0,1.0,0.0,0.0,0.0,0.5217391304347826,0.0,Graduate
1887,-0.4084967324387598,-0.3333333333333335,0.3333333333333333,-0.2028623051271362,1.3333333333333333,2.5,1.0,0.0,1.0,0.0,1.5,1.7933333333333337,1.0,0.0,0.0,1.0,0.44444444444444514,0.0,0.0,0.0,1.9883040935672505,0.0,0.0,0.0,0.0,0.0,0.0,-1.2550143266475644,0.608695652173913,0.0,Dropout
1888,-1.5686274513099354,-1.6666666666666667,-1.6666666666666667,-5.1354731137974134,-0.3333333333333332,-1.0,1.0,0.0,1.0,0.0,-1.0,1.7933333333333337,1.0,0.0,1.0,0.0,0.44444444444444514,0.0,0.0,0.0,1.9883040935672505,0.0,0.0,0.0,1.0,0.0,0.0,-0.5787965616045845,1.0,1.0,Dropout
1889,0.6372549020946613,0.33333333333333326,0.3333333333333333,1.1171321383909958,0.22222222222222213,0.0,0.0,1.0,0.0,1.0,0.0,3.420000000000001,1.0,0.0,0.0,1.0,0.44444444444444514,0.0,0.0,0.0,3.4152046783625716,0.0,0.0,0.0,1.0,0.0,0.0,0.48710601719197705,-0.3478260869565217,0.0,Graduate
1890,-1.5686274513099354,-1.6666666666666667,-1.6666666666666667,-5.1354731137974134,-1.9999999999999996,-2.0,0.0,1.0,0.0,1.0,-3.0,1.0600000000000003,1.0,0.0,0.0,1.0,1.042735042735044,0.0,1.0,0.0,1.7543859649122797,0.0,0.0,0.0,1.0,0.0,0.0,0.4068767908309455,0.0,0.0,Graduate
1891,-1.5686274513099354,-1.6666666666666667,-1.6666666666666667,-5.1354731137974134,-1.9999999999999996,-2.0,0.0,1.0,0.0,1.0,-3.0,0.8600000000000004,1.0,0.0,0.0,1.0,0.8034188034188035,0.0,1.0,0.0,1.4152046783625718,0.0,0.0,0.0,1.0,0.0,0.0,0.48710601719197705,-0.3478260869565217,0.0,Graduate
1892,0.40710784322278193,0.33333333333333326,1.0,0.46477699041267184,-0.3333333333333332,0.0,0.0,1.0,0.0,1.0,1.0,0.3933333333333337,0.0,1.0,0.0,1.0,-0.6410256410256416,0.0,1.0,1.0,0.017543859649122633,0.0,0.0,0.0,1.0,0.0,4.0,-0.98567335243553,-0.9565217391304347,0.0,Graduate
1895,0.1225490196335886,0.33333333333333326,4.0,-0.34180908711963315,-0.23529411764705868,2.5,0.0,1.0,0.0,1.0,5.5,-0.8066666666666663,1.0,0.0,0.0,1.0,0.08547008547008556,0.0,0.0,0.0,-0.5380116959064326,0.0,0.0,0.0,1.0,0.0,0.0,0.42120343839541546,-0.39130434782608686,0.0,Graduate
1896,-1.0539215688488628,-1.0,-1.0,-0.7586494372655271,0.7777777777777779,0.5,0.0,1.0,0.0,1.0,0.0,-0.6066666666666662,1.0,0.0,0.0,1.0,1.1367521367521376,0.0,1.0,0.0,0.3567251461988299,0.0,0.0,0.0,1.0,0.0,0.0,0.0,0.5217391304347826,0.0,Enrolled
1897,-0.3921568628274839,-0.3333333333333335,-0.3333333333333333,-0.13338891204668618,1.6111111111111107,1.25,0.0,1.0,0.0,1.0,0.0,-1.8733333333333329,1.0,0.0,0.0,1.0,0.2393162393162393,0.0,1.0,0.0,-1.3684210526315785,0.0,0.0,0.0,1.0,0.0,0.0,0.48710601719197705,-0.3478260869565217,0.0,Enrolled
1898,-0.07352941178015329,0.0,0.0,-0.05002084201750769,-0.05555555555555535,-0.25,1.0,0.0,1.0,0.0,0.0,-0.8066666666666663,1.0,0.0,1.0,0.0,-0.2991452991452994,0.0,1.0,0.0,-0.8011695906432746,0.0,0.0,0.0,1.0,0.0,0.0,0.48710601719197705,-0.3478260869565217,0.0,Dropout
1899,-1.5686274513099354,-1.6666666666666667,-1.6666666666666667,-5.1354731137974134,-1.9999999999999996,-2.0,0.0,1.0,0.0,1.0,-3.0,0.6600000000000004,1.0,0.0,0.0,1.0,1.4957264957264984,0.0,1.0,0.0,1.7134502923976607,0.0,0.0,0.0,1.0,0.0,0.0,0.48710601719197705,-0.3478260869565217,0.0,Graduate
1901,0.39215686233728797,0.33333333333333326,0.3333333333333333,0.42239822009170475,-0.05555555555555535,-0.25,0.0,1.0,1.0,0.0,0.0,-0.47333333333333294,1.0,0.0,1.0,0.0,-0.9230769230769237,0.0,0.0,0.0,-0.9356725146198825,0.0,0.0,0.0,1.0,0.0,0.0,0.42120343839541546,-0.39130434782608686,1.0,Graduate
1903,0.6556372550396995,0.33333333333333326,0.3333333333333333,1.1692371821592324,0.5,0.25,0.0,1.0,0.0,1.0,0.0,-0.4066666666666663,1.0,0.0,0.0,1.0,-0.11965811965811904,0.0,1.0,0.0,-0.32748538011695855,0.0,0.0,0.0,1.0,0.0,0.0,0.1346704871060172,-0.7391304347826085,0.0,Graduate
1904,0.08473389399539243,0.04761904761904745,0.3333333333333333,0.33208281367236353,-0.3333333333333332,-0.25,0.0,1.0,0.0,1.0,0.5,1.7933333333333337,1.0,0.0,0.0,1.0,-0.15384615384615374,0.0,0.0,1.0,1.5789473684210518,0.0,0.0,0.0,1.0,0.0,0.0,0.0,0.5217391304347826,0.0,Graduate
1905,0.3186274505571347,0.33333333333333326,0.3333333333333333,0.21397804501875775,-0.05555555555555535,-0.25,0.0,1.0,0.0,1.0,0.0,-0.8066666666666663,1.0,0.0,0.0,1.0,0.1794871794871804,0.0,1.0,0.0,-0.4736842105263152,0.0,0.0,0.0,1.0,0.0,0.0,0.48710601719197705,-0.3478260869565217,0.0,Graduate
1906,0.39215686233728797,0.33333333333333326,0.3333333333333333,0.42239822009170475,-0.3333333333333332,-0.5,0.0,1.0,0.0,1.0,0.0,1.1266666666666671,0.0,1.0,0.0,1.0,0.0683760683760682,0.0,0.0,0.0,1.1461988304093558,0.0,0.0,0.0,0.0,0.0,0.0,0.1346704871060172,-0.7391304347826085,0.0,Graduate
1907,0.472128852059971,0.33333333333333326,0.6666666666666666,0.6490799749895784,-0.3333333333333332,-0.25,0.0,1.0,0.0,1.0,0.5,-1.073333333333333,1.0,0.0,0.0,1.0,0.6837606837606844,0.0,1.0,1.0,-0.36257309941520466,0.0,0.0,0.0,1.0,0.0,5.0,0.42120343839541546,-0.39130434782608686,0.0,Graduate
1908,0.09699754848851484,0.08333333333333326,0.6666666666666666,0.26022747394747825,-0.3333333333333332,0.0,0.0,1.0,0.0,1.0,1.0,0.5266666666666671,1.0,0.0,0.0,1.0,-0.7692307692307699,0.0,1.0,1.0,0.04678362573099396,0.0,0.0,0.0,1.0,0.0,5.0,0.4068767908309455,0.0,0.0,Graduate
1909,-0.05718954290417129,0.0,0.0,0.005557869945810766,0.22222222222222213,0.0,0.0,1.0,0.0,1.0,0.0,-1.4066666666666663,1.0,0.0,0.0,1.0,-0.05982905982906013,0.0,0.0,0.0,-1.1637426900584793,0.0,0.0,0.0,1.0,0.0,0.0,-1.2550143266475644,0.608695652173913,0.0,Enrolled
1911,0.02450980392671798,0.0,0.0,0.28345143809920775,0.22222222222222213,0.0,0.0,1.0,0.0,1.0,0.0,-0.873333333333333,1.0,0.0,0.0,1.0,0.05982905982906013,0.0,1.0,0.0,-0.6140350877192979,0.0,0.0,0.0,1.0,0.0,1.0,0.1346704871060172,-0.7391304347826085,0.0,Graduate
1912,0.2672181373110402,0.33333333333333326,1.0,0.06825760733639026,-0.3333333333333332,0.0,0.0,1.0,0.0,1.0,1.0,-0.07333333333333296,1.0,0.0,0.0,1.0,0.05982905982906013,0.0,1.0,1.0,0.08771929824561399,0.0,0.0,0.0,1.0,0.0,1.0,-0.98567335243553,-0.9565217391304347,0.0,Graduate
1913,0.40616246528140665,0.33333333333333326,0.6666666666666666,0.4620973030429342,-0.09523809523809526,0.0,0.0,1.0,0.0,1.0,0.5,-0.5399999999999996,1.0,0.0,0.0,1.0,-0.2991452991452994,0.0,1.0,0.0,-0.567251461988304,0.0,0.0,0.0,1.0,0.0,1.0,-0.3553008595988538,-0.4782608695652173,0.0,Graduate
1914,-0.7843137254098697,-0.6666666666666667,-0.6666666666666666,-0.689176044185077,0.5,0.25,1.0,0.0,1.0,0.0,0.0,-0.673333333333333,1.0,0.0,1.0,0.0,-0.39316239316239304,0.0,0.0,0.0,-0.748538011695906,0.0,0.0,0.0,1.0,0.0,2.0,0.0,0.5217391304347826,0.0,Dropout
1915,0.3186274510473308,0.0,0.0,1.2838682784493534,0.22222222222222213,0.0,0.0,1.0,0.0,1.0,0.0,0.5933333333333337,1.0,0.0,0.0,1.0,-0.3589743589743596,0.0,1.0,0.0,0.38596491228070123,0.0,0.0,0.0,1.0,0.0,0.0,0.0,0.5217391304347826,0.0,Graduate
1916,0.12675070030674027,0.04761904761904745,0.3333333333333333,0.47102959566485975,-0.3333333333333332,-0.25,0.0,1.0,0.0,1.0,0.5,0.9933333333333337,1.0,0.0,0.0,1.0,-0.9230769230769237,0.0,1.0,1.0,0.35087719298245595,0.0,0.0,0.0,1.0,0.0,3.0,0.0,0.5217391304347826,0.0,Graduate
1917,0.019607843141373992,0.04761904761904745,0.3333333333333333,0.11671529804085004,-0.3333333333333332,-0.25,0.0,1.0,0.0,1.0,0.5,0.19333333333333372,0.0,1.0,0.0,1.0,-0.04273504273504156,0.0,0.0,1.0,0.2514619883040941,0.0,0.0,0.0,1.0,0.0,4.0,0.0,0.5217391304347826,0.0,Graduate
1918,0.26750700348757156,0.33333333333333326,0.6666666666666666,0.06907640266777837,-0.3333333333333332,-0.25,0.0,1.0,0.0,1.0,0.5,-0.673333333333333,1.0,0.0,0.0,1.0,-0.09401709401709363,0.0,1.0,1.0,-0.5438596491228066,0.0,0.0,0.0,1.0,0.0,3.0,-0.3553008595988538,-0.4782608695652173,0.0,Graduate
1919,-0.2450980392671772,0.0,0.0,-0.6335973322217586,0.7777777777777779,0.5,0.0,1.0,0.0,1.0,0.0,0.12666666666666704,0.0,1.0,0.0,1.0,0.3589743589743596,0.0,1.0,0.0,0.4678362573099413,0.0,0.0,0.0,1.0,0.0,1.0,-0.5787965616045845,1.0,0.0,Graduate
1921,0.17156862748702423,0.0,0.0,0.7836598582742802,1.0555555555555554,0.75,0.0,1.0,0.0,1.0,0.0,0.46000000000000035,1.0,0.0,0.0,1.0,0.44444444444444514,0.0,0.0,0.0,0.8187134502923973,0.0,0.0,0.0,0.0,0.0,0.0,0.1346704871060172,-0.7391304347826085,0.0,Enrolled
1922,0.46568627411744096,0.33333333333333326,0.3333333333333333,0.6308183951646517,-0.05555555555555535,-0.25,0.0,1.0,0.0,1.0,0.0,0.19333333333333372,1.0,0.0,0.0,1.0,0.717948717948718,0.0,1.0,0.0,0.7719298245614025,0.0,0.0,0.0,1.0,0.0,1.0,-0.98567335243553,-0.9565217391304347,0.0,Graduate
1923,0.0,0.0,0.0,0.20008336807002927,0.22222222222222213,0.0,0.0,1.0,0.0,1.0,0.0,0.5933333333333337,1.0,0.0,0.0,1.0,-0.3589743589743596,0.0,1.0,0.0,0.38596491228070123,0.0,0.0,0.0,1.0,0.0,0.0,-0.98567335243553,-0.9565217391304347,0.0,Enrolled
1924,0.37254901968610943,0.33333333333333326,0.0,0.36681950812838626,-0.3333333333333332,-0.75,0.0,1.0,0.0,1.0,-0.5,0.5933333333333337,1.0,0.0,0.0,1.0,-0.6324786324786323,0.0,0.0,0.0,0.19883040935672538,0.0,0.0,0.0,1.0,0.0,2.0,-0.98567335243553,-0.9565217391304347,0.0,Graduate
1925,-1.225490196335887,-1.3333333333333335,-1.3333333333333333,0.7002917882451017,-0.05555555555555535,-0.25,0.0,1.0,1.0,0.0,0.0,-0.4066666666666663,0.0,1.0,1.0,0.0,0.32478632478632485,0.0,0.0,0.0,-0.023391812865497397,0.0,0.0,0.0,1.0,0.0,0.0,-1.2550143266475644,0.608695652173913,0.0,Dropout
1926,0.47181372558931645,0.33333333333333326,1.0,0.648186744476865,-0.3333333333333332,0.0,0.0,1.0,0.0,1.0,1.0,-0.13999999999999962,1.0,0.0,0.0,1.0,0.29914529914530064,0.0,0.0,0.0,0.19298245614035145,0.0,0.0,0.0,1.0,0.0,0.0,0.48710601719197705,-0.3478260869565217,0.0,Graduate
1927,0.2696078431938952,0.33333333333333326,0.0,0.0750312630262608,0.3333333333333332,-0.25,0.0,1.0,0.0,1.0,-0.5,0.06000000000000038,0.0,1.0,0.0,1.0,-0.03418803418803349,0.0,1.0,0.0,0.14035087719298273,0.0,0.0,0.0,1.0,0.0,0.0,0.4068767908309455,0.0,0.0,Graduate
1928,0.40616246528140665,0.33333333333333326,0.3333333333333333,0.4620973030429342,-0.05555555555555535,-0.25,0.0,1.0,0.0,1.0,0.0,0.5933333333333337,0.0,1.0,0.0,1.0,0.26495726495726596,0.0,0.0,0.0,0.8128654970760233,0.0,0.0,0.0,1.0,0.0,1.0,0.1346704871060172,-0.7391304347826085,0.0,Graduate
1929,-0.12254901963358843,0.0,0.0,-0.2167569820758647,-0.05555555555555535,-0.25,1.0,0.0,1.0,0.0,0.0,-0.673333333333333,0.0,1.0,0.0,1.0,0.5982905982905988,0.0,1.0,0.0,-0.07017543859649136,0.0,0.0,0.0,1.0,0.0,0.0,0.9140401146131805,0.0,0.0,Enrolled
1930,0.6179271712082478,0.33333333333333326,0.6666666666666666,1.0623474072530212,-0.3333333333333332,-0.25,0.0,1.0,0.0,1.0,0.5,-0.006666666666666288,0.0,1.0,0.0,1.0,0.05982905982906013,0.0,0.0,1.0,0.14619883040935666,0.0,0.0,0.0,1.0,0.0,2.0,0.48710601719197705,-0.3478260869565217,0.0,Graduate
1931,0.3475490196808575,0.33333333333333326,0.6666666666666666,0.29595664860358434,0.38095238095238104,0.5,0.0,1.0,0.0,1.0,0.5,-0.5399999999999996,1.0,0.0,0.0,1.0,-0.1709401709401711,0.0,1.0,1.0,-0.47953216374269,0.0,0.0,0.0,1.0,0.0,3.0,-1.2550143266475644,0.608695652173913,0.0,Graduate
1932,0.5742296917873031,0.33333333333333326,0.3333333333333333,0.9384862734472693,-0.05555555555555535,-0.25,0.0,1.0,0.0,1.0,0.0,-0.873333333333333,1.0,0.0,0.0,1.0,0.02564102564102542,0.0,0.0,0.0,-0.6374269005847953,0.0,0.0,0.0,1.0,0.0,0.0,0.42120343839541546,-0.39130434782608686,0.0,Graduate
1933,-0.22058823534045954,0.0,0.0,-0.5502292621925802,0.5,0.25,0.0,1.0,0.0,1.0,0.0,-0.5399999999999996,1.0,0.0,0.0,1.0,-0.15384615384615374,0.0,0.0,0.0,-0.4678362573099413,0.0,0.0,0.0,1.0,0.0,1.0,0.9140401146131805,0.0,0.0,Graduate
1934,0.39718137263246084,0.33333333333333326,1.0,0.4366402667778237,-0.3333333333333332,0.0,0.0,1.0,0.0,1.0,1.0,0.0,0.0,1.0,0.0,1.0,-0.6752136752136751,1.0,0.0,1.0,-0.35087719298245595,0.0,0.0,0.0,0.0,0.0,0.0,-0.98567335243553,-0.9565217391304347,0.0,Graduate
1935,0.04586834692840366,0.04761904761904745,0.3333333333333333,0.20355703626511026,-0.3333333333333332,-0.25,0.0,1.0,0.0,1.0,0.5,0.0,0.0,1.0,0.0,1.0,-0.7094017094017099,0.0,1.0,1.0,-0.37426900584795336,0.0,0.0,0.0,1.0,0.0,3.0,0.42120343839541546,-0.39130434782608686,0.0,Graduate
1936,0.4782212888259567,0.33333333333333326,0.6666666666666666,0.6663490746144224,-0.3333333333333332,-0.25,0.0,1.0,0.0,1.0,0.5,0.6600000000000004,1.0,0.0,0.0,1.0,-0.39316239316239426,0.0,0.0,1.0,0.4210526315789465,0.0,0.0,0.0,1.0,0.0,5.0,0.48710601719197705,-0.3478260869565217,0.0,Graduate
1939,0.02450980392671798,0.0,0.0,0.28345143809920775,1.0555555555555554,0.75,0.0,1.0,0.0,1.0,0.0,1.1266666666666671,1.0,0.0,0.0,1.0,-3.8290598290598323,1.0,0.0,0.0,-1.5204678362573092,0.0,0.0,0.0,1.0,0.0,0.0,0.1346704871060172,-0.7391304347826085,0.0,Dropout
1941,0.4271708682269965,0.33333333333333326,0.3333333333333333,0.5216459233013753,0.5,0.25,0.0,1.0,0.0,1.0,0.0,0.19333333333333372,0.0,1.0,0.0,1.0,-0.6324786324786323,0.0,1.0,0.0,-0.1520467836257306,0.0,0.0,0.0,1.0,0.0,1.0,0.9140401146131805,0.0,0.0,Graduate
1942,0.36764705939096226,0.33333333333333326,0.3333333333333333,0.3529248311796578,-0.3333333333333332,-0.5,0.0,1.0,0.0,1.0,0.0,-1.1399999999999997,1.0,0.0,0.0,1.0,0.4786324786324798,0.0,1.0,0.0,-0.5614035087719292,0.0,0.0,0.0,1.0,0.0,0.0,0.9140401146131805,0.0,0.0,Graduate
1943,0.6372549020946613,0.33333333333333326,0.3333333333333333,1.1171321383909958,-0.3333333333333332,-0.5,0.0,1.0,0.0,1.0,0.0,-0.4066666666666663,0.0,1.0,0.0,1.0,0.11965811965812026,0.0,1.0,0.0,-0.16374269005847927,0.0,0.0,0.0,1.0,0.0,0.0,0.48710601719197705,-0.3478260869565217,0.0,Graduate
1944,0.29411764761080894,0.33333333333333326,0.3333333333333333,0.14450465610671082,-0.3333333333333332,-0.5,0.0,1.0,0.0,1.0,0.0,-1.073333333333333,1.0,0.0,0.0,1.0,1.0170940170940186,0.0,1.0,0.0,-0.13450292397660796,0.0,0.0,0.0,1.0,0.0,0.0,0.42120343839541546,-0.39130434782608686,0.0,Graduate
1945,0.4691876755887649,0.33333333333333326,0.3333333333333333,0.6407431679866606,-0.05555555555555535,-0.25,0.0,1.0,0.0,1.0,0.0,-1.1399999999999997,0.0,1.0,0.0,1.0,1.435897435897437,0.0,1.0,0.0,0.09356725146198792,0.0,0.0,0.0,1.0,0.0,1.0,0.1346704871060172,-0.7391304347826085,0.0,Dropout
1946,0.5920868344381134,0.33333333333333326,0.6666666666666666,0.9891026010837841,-0.3333333333333332,-0.25,0.0,1.0,0.0,1.0,0.5,-0.27333333333333293,1.0,0.0,0.0,1.0,-0.5726495726495735,0.0,1.0,1.0,-0.52046783625731,0.0,0.0,0.0,1.0,0.0,3.0,0.42120343839541546,-0.39130434782608686,0.0,Graduate
1947,0.4953431373589655,0.33333333333333326,1.0,0.7148812005002081,-0.3333333333333332,0.0,0.0,1.0,0.0,1.0,1.0,1.5933333333333337,1.0,0.0,0.0,1.0,-0.21367521367521267,0.0,1.0,1.0,1.3625730994152048,0.0,0.0,0.0,1.0,0.0,0.0,-0.98567335243553,-0.9565217391304347,0.0,Graduate
1949,0.39215686233728797,0.33333333333333326,0.3333333333333333,0.42239822009170475,-0.3333333333333332,-0.5,0.0,1.0,0.0,1.0,0.0,0.3933333333333337,0.0,1.0,0.0,1.0,0.9572649572649584,0.0,1.0,0.0,1.1111111111111105,0.0,0.0,0.0,1.0,0.0,0.0,-0.98567335243553,-0.9565217391304347,0.0,Graduate
1950,-0.0846988795696145,0.04761904761904745,0.3333333333333333,-0.2282200917048767,1.0952380952380953,1.25,0.0,1.0,0.0,1.0,0.5,-1.2066666666666663,1.0,0.0,0.0,1.0,0.44444444444444514,0.0,0.0,1.0,-0.6432748538011692,0.0,0.0,0.0,1.0,0.0,0.0,-1.2550143266475644,0.608695652173913,0.0,Graduate
1951,-1.5686274513099354,-1.6666666666666667,-1.6666666666666667,-5.1354731137974134,-1.9999999999999996,-2.0,0.0,1.0,0.0,1.0,0.0,-0.673333333333333,1.0,0.0,0.0,1.0,-0.2991452991452994,0.0,1.0,0.0,-0.6842105263157893,0.0,0.0,0.0,1.0,0.0,0.0,0.48710601719197705,-0.3478260869565217,0.0,Dropout
1952,-1.5686274513099354,-1.6666666666666667,-1.6666666666666667,-5.1354731137974134,-1.9999999999999996,-2.0,0.0,1.0,0.0,1.0,0.0,0.46000000000000035,1.0,0.0,0.0,1.0,-0.7521367521367526,0.0,0.0,0.0,0.0,0.0,0.0,0.0,1.0,0.0,1.0,0.4068767908309455,0.0,0.0,Dropout
1953,-1.5686274513099354,-1.6666666666666667,-1.6666666666666667,-5.1354731137974134,-1.9999999999999996,-2.0,1.0,0.0,1.0,0.0,-3.0,0.32666666666666705,1.0,0.0,0.0,1.0,-0.7521367521367526,0.0,1.0,0.0,-0.11695906432748532,0.0,0.0,0.0,1.0,0.0,0.0,0.4068767908309455,0.0,0.0,Dropout
1954,0.23809523877551025,0.33333333333333326,0.3333333333333333,-0.014291667361400867,-0.05555555555555535,-0.25,0.0,1.0,0.0,1.0,0.0,-0.07333333333333296,0.0,1.0,0.0,1.0,-0.3589743589743596,0.0,1.0,0.0,-0.19883040935672538,0.0,0.0,0.0,1.0,0.0,3.0,0.9140401146131805,0.0,0.0,Graduate
1956,-0.03501400518942883,0.04761904761904745,0.3333333333333333,-0.06391551896623615,0.38095238095238104,0.5,0.0,1.0,0.0,1.0,0.5,-1.073333333333333,1.0,0.0,0.0,1.0,0.14529914529914567,0.0,0.0,0.0,-0.7309941520467833,0.0,0.0,0.0,1.0,0.0,0.0,0.42120343839541546,-0.39130434782608686,1.0,Graduate
1958,0.33651960846530504,0.08333333333333326,0.6666666666666666,1.0361460150062518,-0.3333333333333332,0.0,0.0,1.0,0.0,1.0,1.0,0.46000000000000035,1.0,0.0,0.0,1.0,0.44444444444444514,0.0,0.0,1.0,0.8187134502923973,0.0,0.0,0.0,0.0,0.0,0.0,0.4068767908309455,0.0,0.0,Graduate
1960,0.14705882356030625,0.11111111111111094,1.0,0.3355564818674445,-0.3333333333333332,0.25,1.0,0.0,1.0,0.0,1.5,-0.20666666666666628,1.0,0.0,1.0,0.0,0.44444444444444514,0.0,0.0,0.0,0.23391812865497064,0.0,0.0,0.0,0.0,0.0,0.0,0.9140401146131805,0.0,0.0,Enrolled
1961,0.3186274505571347,0.33333333333333326,0.3333333333333333,0.21397804501875775,-0.3333333333333332,-0.5,0.0,1.0,1.0,0.0,0.0,0.06000000000000038,0.0,1.0,1.0,0.0,-0.39316239316239304,0.0,1.0,0.0,-0.10526315789473663,0.0,0.0,0.0,1.0,0.0,0.0,-0.98567335243553,-0.9565217391304347,0.0,Graduate
1962,-1.5686274513099354,-1.6666666666666667,-1.6666666666666667,-5.1354731137974134,-0.3333333333333332,0.0,0.0,1.0,0.0,1.0,1.0,-0.33999999999999964,0.0,1.0,0.0,1.0,0.25641025641025667,0.0,0.0,1.0,-0.011695906432748699,0.0,0.0,0.0,1.0,0.0,0.0,-0.98567335243553,-0.9565217391304347,0.0,Enrolled
1963,0.02450980392671798,0.0,0.0,0.28345143809920775,0.5,0.25,0.0,1.0,0.0,1.0,0.0,-1.2066666666666663,0.0,1.0,0.0,1.0,-0.15384615384615374,0.0,1.0,0.0,-1.052631578947368,0.0,0.0,0.0,1.0,0.0,0.0,0.42120343839541546,-0.39130434782608686,0.0,Graduate
1964,0.30269607849496405,0.33333333333333326,0.6666666666666666,0.16882034180908678,-0.09523809523809526,0.0,0.0,1.0,0.0,1.0,0.5,-0.9399999999999996,0.0,1.0,0.0,1.0,0.11965811965812026,0.0,1.0,1.0,-0.6315789473684206,0.0,0.0,0.0,1.0,0.0,1.0,0.1346704871060172,-0.7391304347826085,0.0,Graduate
1965,-0.24509803926717735,-0.06666666666666665,-0.3333333333333333,-0.4460191746561067,1.3333333333333333,0.5,0.0,1.0,0.0,1.0,-0.5,-0.13999999999999962,1.0,0.0,0.0,1.0,0.29914529914530064,0.0,0.0,0.0,0.19298245614035145,0.0,0.0,0.0,1.0,0.0,0.0,-0.5787965616045845,1.0,0.0,Graduate
1967,-0.4803921572577854,-0.4666666666666668,-0.6666666666666666,0.005557869945810766,1.9999999999999996,1.0,0.0,1.0,0.0,1.0,-0.5,-0.873333333333333,1.0,0.0,0.0,1.0,0.16239316239316304,0.0,1.0,0.0,-0.5438596491228066,0.0,0.0,0.0,1.0,0.0,0.0,-0.98567335243553,-0.9565217391304347,0.0,Graduate
1968,-0.4803921572577854,-0.4666666666666668,-0.6666666666666666,0.005557869945810766,2.666666666666666,1.5,0.0,1.0,0.0,1.0,-0.5,0.12666666666666704,1.0,0.0,0.0,1.0,-0.7521367521367526,0.0,1.0,0.0,-0.2923976608187133,0.0,0.0,0.0,1.0,0.0,2.0,-0.98567335243553,-0.9565217391304347,0.0,Enrolled
1971,-0.21836007134712163,-0.21212121212121215,1.0,0.12713630679449753,0.7272727272727274,2.5,0.0,1.0,1.0,0.0,2.5,-0.7399999999999997,1.0,0.0,1.0,0.0,-0.3589743589743596,0.0,0.0,0.0,-0.783625730994152,0.0,0.0,0.0,1.0,0.0,0.0,0.48710601719197705,-0.3478260869565217,0.0,Enrolled
1972,0.6127450976777475,0.33333333333333326,0.3333333333333333,1.0476587453105457,-0.3333333333333332,-0.5,0.0,1.0,0.0,1.0,0.0,-0.33999999999999964,0.0,1.0,0.0,1.0,0.04273504273504278,0.0,0.0,0.0,-0.15789473684210534,0.0,0.0,0.0,1.0,0.0,0.0,0.9140401146131805,0.0,0.0,Graduate
1973,-0.19607843141374204,0.0,0.0,-0.46686119216340166,-0.05555555555555535,-0.25,0.0,1.0,0.0,1.0,0.0,-0.27333333333333293,0.0,1.0,0.0,1.0,0.4786324786324798,0.0,0.0,0.0,0.19883040935672538,0.0,0.0,0.0,1.0,0.0,1.0,0.4068767908309455,0.0,0.0,Dropout
1976,0.34313725497404846,0.33333333333333326,1.6666666666666667,0.28345143809920775,-0.3333333333333332,0.5,0.0,1.0,0.0,1.0,2.0,0.6600000000000004,1.0,0.0,0.0,1.0,-1.5213675213675226,0.0,0.0,0.0,-0.35087719298245595,0.0,0.0,0.0,1.0,0.0,0.0,0.48710601719197705,-0.3478260869565217,0.0,Dropout
1977,-0.48879551830997103,-0.523809523809524,-0.3333333333333333,0.22092538557732352,0.857142857142857,1.0,0.0,1.0,0.0,1.0,0.5,-1.0066666666666664,1.0,0.0,0.0,1.0,-0.2393162393162393,0.0,1.0,1.0,-0.9356725146198825,0.0,0.0,0.0,1.0,0.0,3.0,0.48710601719197705,-0.3478260869565217,0.0,Enrolled
1979,0.532212885896123,0.33333333333333326,0.3333333333333333,0.8193890329303871,-0.05555555555555535,-0.25,0.0,1.0,0.0,1.0,0.0,0.46000000000000035,1.0,0.0,0.0,1.0,0.44444444444444514,0.0,0.0,0.0,0.8187134502923973,0.0,0.0,0.0,1.0,0.0,0.0,0.1346704871060172,-0.7391304347826085,0.0,Enrolled
1980,0.08578431374351245,0.0,0.0,0.4918716131721548,0.22222222222222213,0.0,0.0,1.0,0.0,1.0,0.0,-0.673333333333333,0.0,1.0,0.0,1.0,0.11965811965812026,0.0,1.0,0.0,-0.39766081871344994,0.0,0.0,0.0,1.0,0.0,0.0,0.42120343839541546,-0.39130434782608686,0.0,Graduate
1981,-0.3039215686913,-0.06666666666666665,-0.3333333333333333,-0.6544393497290536,0.6666666666666667,0.0,0.0,1.0,0.0,1.0,-0.5,0.46000000000000035,0.0,1.0,0.0,1.0,-0.8974358974358984,0.0,1.0,0.0,-0.09941520467836269,0.0,0.0,0.0,1.0,0.0,0.0,0.42120343839541546,-0.39130434782608686,0.0,Graduate
1983,-0.7492997200453709,-0.8095238095238096,-0.6666666666666666,0.28345143809920775,1.5714285714285712,1.75,0.0,1.0,0.0,1.0,0.5,1.1266666666666671,0.0,1.0,0.0,1.0,0.44444444444444514,0.0,0.0,0.0,1.4035087719298238,0.0,0.0,0.0,0.0,0.0,0.0,0.4068767908309455,0.0,0.0,Graduate
1984,0.19187675116075836,0.04761904761904745,0.3333333333333333,0.6863971112963733,-0.3333333333333332,-0.25,0.0,1.0,0.0,1.0,0.5,0.9266666666666671,1.0,0.0,0.0,1.0,0.47008547008547175,0.0,1.0,1.0,1.2456140350877194,0.0,0.0,0.0,1.0,0.0,0.0,0.0,0.5217391304347826,0.0,Graduate
1986,-0.43137254911023243,-0.3333333333333335,-0.3333333333333333,-0.3001250521050439,0.7777777777777779,0.5,0.0,1.0,0.0,1.0,0.0,-1.673333333333333,0.0,1.0,0.0,1.0,0.44444444444444514,0.0,0.0,0.0,-1.052631578947368,0.0,0.0,0.0,1.0,0.0,1.0,-0.5787965616045845,1.0,0.0,Graduate
1987,0.5876225491430579,0.33333333333333326,1.0,0.9764485202167563,-0.3333333333333332,0.0,0.0,1.0,0.0,1.0,1.0,-0.20666666666666628,0.0,1.0,0.0,1.0,0.44444444444444514,0.0,0.0,1.0,0.23391812865497064,0.0,0.0,0.0,0.0,0.0,0.0,-0.98567335243553,-0.9565217391304347,0.0,Graduate
1989,0.06918767466439533,0.04761904761904745,0.3333333333333333,0.28067250104210084,-0.09523809523809526,0.0,0.0,1.0,0.0,1.0,0.5,-1.1399999999999997,0.0,1.0,0.0,1.0,-0.15384615384615374,0.0,1.0,1.0,-0.9941520467836252,0.0,0.0,0.0,1.0,0.0,1.0,0.48710601719197705,-0.3478260869565217,0.0,Graduate
1990,-0.46568627460763706,-0.3333333333333335,-0.3333333333333333,-0.4460191746561067,0.7777777777777779,0.5,0.0,1.0,0.0,1.0,0.0,-0.873333333333333,1.0,0.0,0.0,1.0,-0.2393162393162393,0.0,1.0,0.0,-0.8187134502923973,0.0,0.0,0.0,1.0,0.0,4.0,0.9140401146131805,0.0,0.0,Enrolled
1991,-0.07352941178015329,0.0,0.0,-0.05002084201750769,0.22222222222222213,0.0,0.0,1.0,0.0,1.0,0.0,-0.07333333333333296,1.0,0.0,0.0,1.0,-0.4786324786324786,0.0,0.0,0.0,-0.2807017543859646,0.0,0.0,0.0,1.0,0.0,0.0,0.4068767908309455,0.0,0.0,Graduate
1992,-1.5686274513099354,-1.6666666666666667,-1.6666666666666667,-5.1354731137974134,-1.9999999999999996,-2.0,0.0,1.0,0.0,1.0,-3.0,0.46000000000000035,1.0,0.0,0.0,1.0,0.44444444444444514,0.0,0.0,0.0,0.8187134502923973,0.0,0.0,0.0,0.0,0.0,0.0,0.4068767908309455,0.0,0.0,Dropout
1993,0.09803921521667483,0.33333333333333326,0.3333333333333333,-0.4112824802000832,-0.3333333333333332,-0.5,0.0,1.0,1.0,0.0,0.0,-0.873333333333333,1.0,0.0,1.0,0.0,0.40170940170940234,1.0,0.0,0.0,-0.3801169590643273,0.0,0.0,0.0,1.0,0.0,0.0,0.9140401146131805,0.0,0.0,Enrolled
1995,-1.5686274513099354,-1.6666666666666667,-1.6666666666666667,-5.1354731137974134,1.3333333333333333,1.0,0.0,1.0,0.0,1.0,0.0,-0.006666666666666288,0.0,1.0,0.0,1.0,-0.5384615384615388,0.0,1.0,0.0,-0.263157894736842,0.0,1.0,0.0,1.0,0.0,0.0,0.0,0.5217391304347826,1.0,Dropout
1996,0.09803921521667483,0.33333333333333326,0.3333333333333333,-0.4112824802000832,0.22222222222222213,0.0,0.0,1.0,0.0,1.0,0.0,-0.47333333333333294,1.0,0.0,0.0,1.0,0.05982905982906013,0.0,1.0,0.0,-0.263157894736842,0.0,1.0,0.0,1.0,0.0,4.0,0.0,0.5217391304347826,0.0,Graduate
1997,0.4691876755887649,0.33333333333333326,0.3333333333333333,0.6407431679866606,0.22222222222222213,0.0,0.0,1.0,0.0,1.0,0.0,0.5933333333333337,1.0,0.0,0.0,1.0,-0.37606837606837573,0.0,0.0,0.0,0.37426900584795336,0.0,0.0,0.0,1.0,0.0,0.0,0.42120343839541546,-0.39130434782608686,0.0,Graduate
1998,0.3221288520284583,0.33333333333333326,0.3333333333333333,0.22390281784076668,-0.05555555555555535,-0.25,0.0,1.0,0.0,1.0,0.0,-0.8066666666666663,1.0,0.0,0.0,1.0,0.5641025641025654,0.0,0.0,0.0,-0.21052631578947326,0.0,0.0,0.0,1.0,0.0,0.0,0.1346704871060172,-0.7391304347826085,0.0,Graduate
1999,-1.323529412042758,-1.3333333333333335,-1.3333333333333333,-0.9670696123384741,0.7777777777777779,0.5,0.0,1.0,0.0,1.0,0.0,0.06000000000000038,1.0,0.0,0.0,1.0,-1.6068376068376082,1.0,0.0,0.0,-0.9356725146198825,0.0,0.0,0.0,1.0,0.0,0.0,-0.98567335243553,-0.9565217391304347,0.0,Dropout
2000,-0.16666666728991592,0.19999999999999996,3.0,-0.8777466819508124,-0.11111111111111106,2.25,1.0,0.0,1.0,0.0,4.5,0.46000000000000035,1.0,0.0,1.0,0.0,-1.2307692307692313,0.0,0.0,0.0,-0.32748538011695855,0.0,0.0,0.0,1.0,0.0,0.0,-0.3553008595988538,-0.4782608695652173,0.0,Graduate
2002,0.46568627411744096,0.33333333333333326,0.3333333333333333,0.6308183951646517,-0.3333333333333332,-0.5,0.0,1.0,0.0,1.0,0.0,1.5933333333333337,0.0,1.0,0.0,1.0,-1.1965811965811965,0.0,1.0,0.0,0.690058479532164,0.0,0.0,0.0,1.0,0.0,0.0,-1.2550143266475644,0.608695652173913,0.0,Dropout
2004,0.14705882405050236,0.33333333333333326,0.3333333333333333,-0.2723356940391831,0.22222222222222213,0.0,0.0,1.0,0.0,1.0,0.0,0.06000000000000038,0.0,1.0,0.0,1.0,-0.5726495726495735,0.0,0.0,0.0,-0.2280701754385967,0.0,0.0,0.0,1.0,0.0,4.0,0.4068767908309455,0.0,0.0,Dropout
2005,-1.5686274513099354,-1.6666666666666667,-1.6666666666666667,-5.1354731137974134,1.3333333333333333,1.0,1.0,0.0,1.0,0.0,0.0,0.46000000000000035,1.0,0.0,0.0,1.0,0.44444444444444514,0.0,0.0,0.0,0.8187134502923973,0.0,1.0,1.0,0.0,1.0,0.0,-0.98567335243553,-0.9565217391304347,1.0,Dropout
2006,0.5490196079584774,0.33333333333333326,0.0,0.8670279283034594,0.3333333333333332,-0.25,0.0,1.0,0.0,1.0,-0.5,-0.006666666666666288,1.0,0.0,0.0,1.0,1.316239316239317,0.0,1.0,0.0,1.005847953216373,0.0,0.0,0.0,1.0,0.0,0.0,0.0,0.5217391304347826,0.0,Graduate
2007,0.6127450976777475,0.33333333333333326,0.3333333333333333,1.0476587453105457,-0.3333333333333332,-0.5,0.0,1.0,0.0,1.0,0.0,0.8600000000000004,1.0,0.0,0.0,1.0,-1.7350427350427364,1.0,0.0,0.0,-0.3216374269005846,0.0,0.0,0.0,1.0,0.0,0.0,0.4068767908309455,0.0,0.0,Graduate
2008,0.5392156858975943,0.33333333333333326,0.3333333333333333,0.8392385702375987,1.8888888888888888,1.5,0.0,1.0,0.0,1.0,0.0,-0.20666666666666628,0.0,1.0,0.0,1.0,-0.4529914529914532,0.0,0.0,0.0,-0.3801169590643273,0.0,0.0,0.0,1.0,0.0,2.0,-1.2550143266475644,0.608695652173913,0.0,Graduate
2009,-1.5686274513099354,-1.6666666666666667,-1.6666666666666667,-5.1354731137974134,-1.9999999999999996,-2.0,0.0,1.0,0.0,1.0,-3.0,1.1933333333333338,1.0,0.0,0.0,1.0,0.14529914529914567,0.0,1.0,0.0,1.2573099415204672,0.0,0.0,0.0,1.0,0.0,0.0,0.0,0.5217391304347826,0.0,Graduate
2010,-1.5686274513099354,-1.6666666666666667,-1.6666666666666667,-5.1354731137974134,-1.9999999999999996,-2.0,0.0,1.0,0.0,1.0,0.0,0.0,1.0,0.0,0.0,1.0,0.14529914529914567,0.0,1.0,0.0,0.21052631578947326,0.0,0.0,0.0,1.0,0.0,5.0,0.0,0.5217391304347826,0.0,Dropout
2011,-0.014005602664006809,0.04761904761904745,0.3333333333333333,0.005557869945810766,0.14285714285714307,0.25,0.0,1.0,0.0,1.0,0.5,-0.07333333333333296,0.0,1.0,0.0,1.0,-0.05982905982906013,0.0,0.0,0.0,0.005847953216373934,0.0,0.0,0.0,1.0,0.0,0.0,0.48710601719197705,-0.3478260869565217,0.0,Graduate
2012,0.1666666667016809,0.33333333333333326,0.0,-0.2167569820758647,-0.3333333333333332,-0.75,0.0,1.0,0.0,1.0,-0.5,-1.5399999999999996,1.0,0.0,0.0,1.0,4.7179487179487225,1.0,0.0,0.0,1.9883040935672505,0.0,0.0,0.0,1.0,0.0,0.0,-1.2550143266475644,0.608695652173913,0.0,Graduate
2013,0.04901960785343531,0.0,0.0,0.36681950812838626,-0.05555555555555535,-0.25,0.0,1.0,1.0,0.0,0.0,0.0,1.0,0.0,1.0,0.0,-1.9145299145299157,1.0,0.0,0.0,-1.1988304093567246,0.0,0.0,0.0,0.0,0.0,0.0,0.0,0.5217391304347826,0.0,Dropout
2014,-1.5686274513099354,-1.6666666666666667,-1.6666666666666667,-5.1354731137974134,-0.3333333333333332,-0.5,1.0,0.0,1.0,0.0,0.0,-1.5399999999999996,1.0,0.0,1.0,0.0,-0.7948717948717954,1.0,0.0,0.0,-1.7836257309941512,0.0,0.0,0.0,1.0,0.0,0.0,0.4068767908309455,0.0,0.0,Dropout
2015,-1.5686274513099354,-1.6666666666666667,-1.6666666666666667,-5.1354731137974134,-1.9999999999999996,-2.0,1.0,0.0,1.0,0.0,0.0,0.0,1.0,0.0,0.0,1.0,-1.7435897435897445,1.0,0.0,0.0,-1.0818713450292392,0.0,0.0,0.0,1.0,0.0,0.0,-1.2550143266475644,0.608695652173913,0.0,Dropout
2016,0.1225490196335886,0.33333333333333326,0.3333333333333333,-0.34180908711963315,-0.3333333333333332,-0.5,0.0,1.0,0.0,1.0,0.0,-1.8733333333333329,1.0,0.0,0.0,1.0,0.5384615384615388,0.0,1.0,0.0,-1.1637426900584793,0.0,0.0,0.0,1.0,0.0,0.0,0.48710601719197705,-0.3478260869565217,0.0,Graduate
2017,-0.024509803926717654,0.0,0.0,0.11671529804085004,0.22222222222222213,0.0,0.0,1.0,0.0,1.0,0.0,1.7933333333333337,1.0,0.0,0.0,1.0,-3.290598290598294,1.0,0.0,0.0,-0.567251461988304,0.0,0.0,0.0,1.0,0.0,0.0,-0.98567335243553,-0.9565217391304347,0.0,Graduate
2018,0.42296918734376093,0.33333333333333326,0.6666666666666666,0.5097361984160066,-0.3333333333333332,-0.25,0.0,1.0,0.0,1.0,0.5,0.726666666666667,1.0,0.0,0.0,1.0,-0.11965811965811904,0.0,1.0,1.0,0.6666666666666666,0.0,0.0,0.0,1.0,0.0,0.0,-0.3553008595988538,-0.4782608695652173,0.0,Graduate
2020,0.4411764711711155,0.33333333333333326,0.3333333333333333,0.5613450062526048,-0.05555555555555535,-0.25,0.0,1.0,0.0,1.0,0.0,0.6600000000000004,0.0,1.0,0.0,1.0,0.5384615384615388,0.0,1.0,0.0,1.058479532163742,0.0,0.0,0.0,1.0,0.0,1.0,-0.5787965616045845,1.0,0.0,Graduate
2022,-1.5686274513099354,-1.6666666666666667,-1.6666666666666667,-5.1354731137974134,-1.9999999999999996,-2.0,1.0,0.0,1.0,0.0,0.0,0.46000000000000035,1.0,0.0,0.0,1.0,-0.5641025641025654,1.0,0.0,0.0,0.1286549707602332,0.0,0.0,0.0,1.0,0.0,0.0,-0.5787965616045845,1.0,0.0,Dropout
2023,-1.5686274513099354,-1.6666666666666667,-1.6666666666666667,-5.1354731137974134,-1.9999999999999996,-2.0,0.0,1.0,0.0,1.0,-3.0,0.0,1.0,0.0,0.0,1.0,-0.9316239316239318,0.0,0.0,0.0,-0.526315789473684,0.0,0.0,0.0,1.0,0.0,3.0,0.4068767908309455,0.0,0.0,Dropout
2024,0.1225490196335886,0.33333333333333326,0.3333333333333333,-0.34180908711963315,-0.3333333333333332,-0.5,0.0,1.0,0.0,1.0,0.0,-1.1399999999999997,1.0,0.0,0.0,1.0,-0.03418803418803349,0.0,1.0,0.0,-0.9122807017543851,0.0,0.0,0.0,1.0,0.0,0.0,0.9140401146131805,0.0,0.0,Graduate
2026,0.17086834758491648,0.33333333333333326,0.6666666666666666,-0.20484725719049598,-0.3333333333333332,-0.25,0.0,1.0,0.0,1.0,0.5,0.5266666666666671,1.0,0.0,0.0,1.0,-3.0598290598290627,0.0,0.0,1.0,-1.5204678362573092,0.0,0.0,0.0,1.0,0.0,0.0,0.1346704871060172,-0.7391304347826085,0.0,Graduate
2027,-1.5686274513099354,-1.6666666666666667,-1.6666666666666667,-5.1354731137974134,-1.9999999999999996,-2.0,0.0,1.0,0.0,1.0,-3.0,-1.5399999999999996,1.0,0.0,0.0,1.0,1.042735042735044,0.0,1.0,0.0,-0.526315789473684,0.0,0.0,0.0,1.0,0.0,0.0,-0.98567335243553,-0.9565217391304347,0.0,Graduate
2028,-1.5686274513099354,-1.6666666666666667,-1.6666666666666667,-5.1354731137974134,-1.9999999999999996,-2.0,0.0,1.0,0.0,1.0,-3.0,-0.4066666666666663,1.0,0.0,0.0,1.0,1.000000000000001,0.0,1.0,0.0,0.43859649122806993,0.0,0.0,0.0,1.0,0.0,1.0,-1.2550143266475644,0.608695652173913,0.0,Enrolled
2030,0.46568627411744096,0.33333333333333326,0.3333333333333333,0.6308183951646517,-0.3333333333333332,-0.5,0.0,1.0,0.0,1.0,0.0,0.12666666666666704,1.0,0.0,0.0,1.0,-0.658119658119659,0.0,1.0,0.0,-0.2280701754385967,0.0,0.0,0.0,1.0,0.0,0.0,-0.5787965616045845,1.0,0.0,Graduate
2031,0.5086834741264741,0.33333333333333326,0.6666666666666666,0.752694576907044,-0.3333333333333332,-0.25,0.0,1.0,0.0,1.0,0.5,0.12666666666666704,1.0,0.0,0.0,1.0,0.3076923076923087,0.0,0.0,1.0,0.43274853801169605,0.0,0.0,0.0,1.0,0.0,1.0,0.48710601719197705,-0.3478260869565217,0.0,Graduate
2032,-0.6740196077396399,-0.6666666666666667,0.0,-0.06391551896623615,0.0,1.0,0.0,1.0,1.0,0.0,2.0,0.46000000000000035,1.0,0.0,1.0,0.0,-1.9487179487179505,1.0,0.0,0.0,-0.8187134502923973,0.0,0.0,0.0,1.0,0.0,0.0,-0.5787965616045845,1.0,0.0,Dropout
2033,0.29411764761080894,0.33333333333333326,0.3333333333333333,0.14450465610671082,2.7222222222222223,2.25,0.0,1.0,0.0,1.0,0.0,0.0,1.0,0.0,0.0,1.0,0.1794871794871804,1.0,0.0,0.0,0.23391812865497064,0.0,0.0,0.0,1.0,0.0,0.0,-1.2550143266475644,0.608695652173913,0.0,Graduate
2034,-1.5686274513099354,-1.6666666666666667,-1.6666666666666667,-5.1354731137974134,-0.3333333333333332,-1.0,0.0,1.0,0.0,1.0,-1.0,-2.206666666666666,1.0,0.0,0.0,1.0,0.44444444444444514,1.0,0.0,0.0,-1.5204678362573092,0.0,0.0,0.0,1.0,0.0,1.0,-0.5787965616045845,1.0,0.0,Dropout
2035,0.23809523877551025,0.33333333333333326,0.3333333333333333,-0.014291667361400867,0.22222222222222213,0.0,0.0,1.0,1.0,0.0,0.0,0.0,0.0,1.0,1.0,0.0,2.914529914529918,1.0,0.0,0.0,2.105263157894736,0.0,0.0,0.0,0.0,0.0,0.0,0.4068767908309455,0.0,0.0,Graduate
2037,-0.9803921570687096,-0.8666666666666667,-1.0,-0.9670696123384741,0.6666666666666667,0.0,0.0,1.0,0.0,1.0,-0.5,0.2600000000000004,1.0,0.0,0.0,1.0,-0.03418803418803349,0.0,0.0,0.0,0.3157894736842107,0.0,0.0,0.0,1.0,0.0,0.0,0.0,0.5217391304347826,0.0,Dropout
2038,-0.8921568629325258,-0.8666666666666667,-1.0,-0.34180908711963315,1.6666666666666667,0.75,0.0,1.0,0.0,1.0,-0.5,-0.873333333333333,1.0,0.0,0.0,1.0,1.1452991452991457,0.0,0.0,0.0,0.1286549707602332,0.0,0.0,0.0,0.0,0.0,0.0,-0.98567335243553,-0.9565217391304347,0.0,Dropout
2039,0.13725490198961926,0.33333333333333326,0.0,-0.3001250521050439,0.0,-0.5,0.0,1.0,0.0,1.0,-0.5,1.0533333333333341,1.0,0.0,0.0,1.0,0.44444444444444514,0.0,0.0,0.0,1.3391812865497073,0.0,0.0,0.0,1.0,0.0,0.0,-0.98567335243553,-0.9565217391304347,0.0,Graduate
2040,0.2696078431938952,0.33333333333333326,0.3333333333333333,0.0750312630262608,-0.3333333333333332,-0.5,0.0,1.0,0.0,1.0,0.0,0.06000000000000038,0.0,1.0,0.0,1.0,-0.03418803418803349,0.0,1.0,0.0,0.14035087719298273,0.0,0.0,0.0,1.0,0.0,3.0,0.4068767908309455,0.0,0.0,Graduate
2041,-0.7107843136297165,-0.6666666666666667,-0.6666666666666666,-0.2723356940391831,0.5,0.25,1.0,0.0,1.0,0.0,0.0,-0.33999999999999964,1.0,0.0,1.0,0.0,-0.2136752136752139,0.0,1.0,0.0,-0.3333333333333333,0.0,0.0,0.0,1.0,0.0,4.0,0.4068767908309455,0.0,0.0,Dropout
2042,-0.18627450969599604,-0.26666666666666683,0.6666666666666666,0.4620973030429342,-0.1666666666666664,0.75,0.0,1.0,0.0,1.0,2.0,0.0,1.0,0.0,0.0,1.0,-2.3846153846153864,0.0,0.0,0.0,-1.5204678362573092,0.0,0.0,0.0,1.0,0.0,0.0,0.9140401146131805,0.0,0.0,Graduate
2043,0.4411764711711155,0.33333333333333326,0.3333333333333333,0.5613450062526048,-0.3333333333333332,-0.5,0.0,1.0,0.0,1.0,0.0,-0.13999999999999962,1.0,0.0,0.0,1.0,0.02564102564102542,0.0,1.0,0.0,0.005847953216373934,0.0,0.0,0.0,1.0,0.0,0.0,0.0,0.5217391304347826,0.0,Graduate
2044,0.2696078431938952,0.33333333333333326,0.3333333333333333,0.0750312630262608,-0.3333333333333332,-0.5,0.0,1.0,0.0,1.0,0.0,-1.0066666666666664,1.0,0.0,0.0,1.0,-0.09401709401709363,0.0,1.0,0.0,-0.8362573099415199,0.0,0.0,0.0,1.0,0.0,2.0,0.42120343839541546,-0.39130434782608686,0.0,Graduate
2045,0.34313725497404846,0.33333333333333326,0.3333333333333333,0.28345143809920775,-0.05555555555555535,-0.25,0.0,1.0,0.0,1.0,0.0,0.46000000000000035,1.0,0.0,0.0,1.0,0.44444444444444514,0.0,0.0,0.0,0.8187134502923973,0.0,0.0,0.0,0.0,0.0,0.0,0.42120343839541546,-0.39130434782608686,0.0,Graduate
2048,-0.4341736695589999,-0.523809523809524,-0.3333333333333333,0.4918716131721548,1.0952380952380953,1.25,0.0,1.0,0.0,1.0,0.5,-0.5399999999999996,1.0,0.0,0.0,1.0,0.14529914529914567,0.0,0.0,0.0,-0.263157894736842,0.0,0.0,0.0,1.0,0.0,1.0,0.48710601719197705,-0.3478260869565217,0.0,Dropout
2051,-0.4901960785343547,-0.3333333333333335,-0.3333333333333333,-0.5502292621925802,1.6111111111111107,1.25,0.0,1.0,0.0,1.0,0.0,-0.6066666666666662,1.0,0.0,0.0,1.0,-0.39316239316239304,0.0,1.0,0.0,-0.6900584795321633,0.0,0.0,0.0,1.0,0.0,0.0,-1.2550143266475644,0.608695652173913,0.0,Graduate
2052,0.09803921521667483,0.33333333333333326,0.3333333333333333,-0.4112824802000832,-0.3333333333333332,-0.5,0.0,1.0,0.0,1.0,0.0,-0.006666666666666288,0.0,1.0,0.0,1.0,-0.2136752136752139,0.0,0.0,0.0,-0.040935672514620026,0.0,0.0,0.0,1.0,0.0,0.0,-1.2550143266475644,0.608695652173913,0.0,Graduate
2053,-0.9803921570687096,-0.8666666666666667,-1.0,-0.9670696123384741,0.3333333333333332,-0.25,0.0,1.0,0.0,1.0,-0.5,-0.4066666666666663,1.0,0.0,0.0,1.0,-0.11965811965811904,0.0,1.0,0.0,-0.32748538011695855,0.0,0.0,0.0,1.0,0.0,1.0,-0.5787965616045845,1.0,0.0,Dropout
2054,-0.15686274513099357,-0.23809523809523814,0.0,0.46686119216340094,0.38095238095238104,0.5,0.0,1.0,0.0,1.0,0.5,0.32666666666666705,1.0,0.0,0.0,1.0,-0.8376068376068382,0.0,1.0,1.0,-0.17543859649122798,0.0,0.0,0.0,1.0,0.0,5.0,0.42120343839541546,-0.39130434782608686,0.0,Enrolled
2056,0.5147058829512685,0.33333333333333326,0.3333333333333333,0.7697651813255517,-0.3333333333333332,-0.5,0.0,1.0,0.0,1.0,0.0,-0.20666666666666628,0.0,1.0,0.0,1.0,0.05982905982906013,0.0,1.0,0.0,-0.02923976608187133,0.0,0.0,0.0,1.0,0.0,0.0,0.48710601719197705,-0.3478260869565217,0.0,Graduate
2057,0.32051282114576585,0.33333333333333326,2.3333333333333335,0.2193221550646102,-0.19444444444444448,1.25,0.0,1.0,1.0,0.0,3.0,-0.20666666666666628,0.0,1.0,1.0,0.0,0.7692307692307712,0.0,0.0,0.0,0.4561403508771934,0.0,0.0,0.0,0.0,0.0,0.0,0.9140401146131805,0.0,0.0,Graduate
2058,0.34313725497404846,0.33333333333333326,0.3333333333333333,0.28345143809920775,0.22222222222222213,0.0,0.0,1.0,0.0,1.0,0.0,1.1266666666666671,1.0,0.0,0.0,1.0,0.44444444444444514,0.0,0.0,0.0,1.4035087719298238,0.0,0.0,0.0,0.0,0.0,0.0,0.42120343839541546,-0.39130434782608686,0.0,Enrolled
2059,0.31372549026198715,0.33333333333333326,0.0,0.20008336807002927,0.0,-0.5,0.0,1.0,0.0,1.0,-0.5,-0.4066666666666663,0.0,1.0,0.0,1.0,0.7435897435897445,0.0,1.0,0.0,0.263157894736842,0.0,0.0,0.0,1.0,0.0,0.0,-0.98567335243553,-0.9565217391304347,0.0,Graduate
2060,-0.29411764712061284,-0.3333333333333335,-0.3333333333333333,0.28345143809920775,1.6111111111111107,1.25,1.0,0.0,1.0,0.0,0.0,0.46000000000000035,1.0,0.0,1.0,0.0,0.44444444444444514,0.0,0.0,0.0,0.8187134502923973,0.0,0.0,0.0,0.0,0.0,0.0,-0.3553008595988538,-0.4782608695652173,0.0,Dropout
2061,0.39775910351493554,0.33333333333333326,0.6666666666666666,0.4382778532721968,-0.3333333333333332,-0.25,0.0,1.0,0.0,1.0,0.5,-0.47333333333333294,0.0,1.0,0.0,1.0,-0.11965811965811904,0.0,0.0,1.0,-0.38596491228070123,0.0,0.0,0.0,1.0,0.0,5.0,-0.3553008595988538,-0.4782608695652173,0.0,Graduate
2062,0.39985994469184716,0.33333333333333326,0.6666666666666666,0.44423271779908236,-0.09523809523809526,0.0,0.0,1.0,0.0,1.0,0.5,0.3933333333333337,0.0,1.0,0.0,1.0,-1.0683760683760695,0.0,0.0,0.0,-0.2748538011695907,0.0,0.0,0.0,1.0,0.0,4.0,0.4068767908309455,0.0,0.0,Graduate
2064,0.14705882356030658,0.0,0.0,0.7002917882451017,1.3333333333333333,1.0,0.0,1.0,0.0,1.0,0.0,-0.873333333333333,1.0,0.0,0.0,1.0,-0.27350427350427403,0.0,1.0,0.0,-0.8421052631578947,0.0,0.0,0.0,1.0,0.0,0.0,-0.3553008595988538,-0.4782608695652173,0.0,Graduate
2065,0.28431372554992584,0.33333333333333326,0.0,0.11671529804085004,-0.3333333333333332,-0.75,0.0,1.0,0.0,1.0,-0.5,-0.873333333333333,1.0,0.0,0.0,1.0,-0.2991452991452994,0.0,0.0,0.0,-0.8596491228070173,0.0,0.0,0.0,1.0,0.0,3.0,0.9140401146131805,0.0,0.0,Graduate
2066,0.4901960785343547,0.33333333333333326,0.3333333333333333,0.7002917882451017,-0.05555555555555535,-0.25,0.0,1.0,0.0,1.0,0.0,0.06000000000000038,0.0,1.0,0.0,1.0,-0.5384615384615388,0.0,1.0,0.0,-0.20467836257309932,0.0,0.0,0.0,1.0,0.0,1.0,-1.2550143266475644,0.608695652173913,0.0,Graduate
2068,0.34313725497404846,0.33333333333333326,0.3333333333333333,0.28345143809920775,-0.3333333333333332,-0.5,0.0,1.0,0.0,1.0,0.0,-0.006666666666666288,0.0,1.0,0.0,1.0,0.3589743589743596,0.0,0.0,0.0,0.35087719298245595,0.0,0.0,0.0,1.0,0.0,4.0,-1.2550143266475644,0.608695652173913,0.0,Graduate
2069,-0.01633986887598167,0.0,0.0,0.14450465610671082,0.22222222222222213,0.0,0.0,1.0,0.0,1.0,0.0,-0.673333333333333,1.0,0.0,0.0,1.0,0.5042735042735053,0.0,0.0,0.0,-0.13450292397660796,0.0,0.0,0.0,1.0,0.0,3.0,-1.2550143266475644,0.608695652173913,0.0,Enrolled
2071,0.3186274505571347,0.33333333333333326,0.3333333333333333,0.21397804501875775,-0.05555555555555535,-0.25,0.0,1.0,0.0,1.0,0.0,-1.3399999999999996,1.0,0.0,0.0,1.0,0.7435897435897445,0.0,1.0,0.0,-0.5555555555555552,0.0,0.0,0.0,1.0,0.0,0.0,0.9140401146131805,0.0,0.0,Graduate
2072,0.05952380995648245,0.04761904761904745,0.3333333333333333,0.24871474364318433,-0.3333333333333332,-0.25,0.0,1.0,0.0,1.0,0.5,0.12666666666666704,1.0,0.0,0.0,1.0,-0.7094017094017099,0.0,1.0,1.0,-0.263157894736842,0.0,0.0,0.0,1.0,0.0,0.0,0.0,0.5217391304347826,0.0,Graduate
2073,0.3851540623358165,0.33333333333333326,0.3333333333333333,0.4025486827844931,0.5,0.25,0.0,1.0,0.0,1.0,0.0,0.0,1.0,0.0,0.0,1.0,-1.9572649572649585,0.0,1.0,0.0,-1.2280701754385959,0.0,0.0,0.0,1.0,0.0,0.0,-1.2550143266475644,0.608695652173913,0.0,Graduate
2074,0.5784313726705387,0.33333333333333326,0.0,0.950395998332638,0.0,-0.5,0.0,1.0,0.0,1.0,-0.5,-0.20666666666666628,0.0,1.0,0.0,1.0,-0.2991452991452994,0.0,1.0,0.0,-0.2748538011695907,0.0,0.0,0.0,1.0,0.0,2.0,0.4068767908309455,0.0,0.0,Graduate
2075,0.4901960785343547,0.33333333333333326,0.3333333333333333,0.7002917882451017,-0.3333333333333332,-0.5,0.0,1.0,0.0,1.0,0.0,0.12666666666666704,0.0,1.0,0.0,1.0,0.5384615384615388,0.0,1.0,0.0,0.5906432748538005,0.0,0.0,0.0,1.0,0.0,0.0,0.42120343839541546,-0.39130434782608686,0.0,Graduate
2076,0.5112044814799449,0.33333333333333326,0.3333333333333333,0.7598404085035428,-0.05555555555555535,-0.25,0.0,1.0,0.0,1.0,0.0,-0.006666666666666288,0.0,1.0,0.0,1.0,-0.3589743589743596,0.0,0.0,0.0,-0.14035087719298273,0.0,0.0,0.0,1.0,0.0,1.0,0.1346704871060172,-0.7391304347826085,0.0,Graduate
2077,0.14705882405050236,0.33333333333333326,0.3333333333333333,-0.2723356940391831,0.22222222222222213,0.0,0.0,1.0,0.0,1.0,0.0,-0.673333333333333,1.0,0.0,0.0,1.0,0.9572649572649584,0.0,1.0,0.0,0.17543859649122798,0.0,0.0,0.0,1.0,0.0,3.0,0.4068767908309455,0.0,0.0,Graduate
2078,0.5457107844283703,0.33333333333333326,1.0,0.8576490204251765,-0.1249999999999999,0.25,0.0,1.0,0.0,1.0,1.0,0.7933333333333337,1.0,0.0,0.0,1.0,-0.25641025641025544,0.0,0.0,1.0,0.6315789473684214,0.0,0.0,0.0,1.0,0.0,0.0,-0.98567335243553,-0.9565217391304347,0.0,Graduate
2079,0.2696078431938952,0.33333333333333326,0.6666666666666666,0.0750312630262608,-0.09523809523809526,0.0,0.0,1.0,0.0,1.0,0.5,0.8600000000000004,1.0,0.0,0.0,1.0,-0.6324786324786323,0.0,0.0,1.0,0.43274853801169605,0.0,0.0,0.0,1.0,0.0,1.0,0.1346704871060172,-0.7391304347826085,0.0,Graduate
2080,0.2149859944429242,0.04761904761904745,0.3333333333333333,0.762817840766986,-0.3333333333333332,-0.25,0.0,1.0,0.0,1.0,0.5,0.726666666666667,0.0,1.0,0.0,1.0,-0.2393162393162393,0.0,1.0,1.0,0.5847953216374266,0.0,0.0,0.0,1.0,0.0,4.0,0.0,0.5217391304347826,0.0,Graduate
2081,0.036151960608085225,0.08333333333333326,0.6666666666666666,0.0631215381408921,0.5,1.0,0.0,1.0,0.0,1.0,1.0,0.726666666666667,0.0,1.0,0.0,1.0,-1.1111111111111123,0.0,1.0,1.0,-0.011695906432748699,0.0,0.0,0.0,1.0,0.0,0.0,-0.5787965616045845,1.0,0.0,Graduate
2082,0.2149859944429242,0.04761904761904745,0.3333333333333333,0.762817840766986,-0.3333333333333332,-0.25,0.0,1.0,0.0,1.0,0.5,-0.13999999999999962,1.0,0.0,0.0,1.0,-0.4529914529914532,0.0,1.0,1.0,-0.3216374269005846,0.0,0.0,0.0,1.0,0.0,0.0,0.0,0.5217391304347826,0.0,Graduate
2084,0.6162464991490711,0.33333333333333326,0.3333333333333333,1.0575835181325546,-0.05555555555555535,-0.25,0.0,1.0,0.0,1.0,0.0,0.32666666666666705,1.0,0.0,0.0,1.0,0.26495726495726596,0.0,1.0,0.0,0.5789473684210527,0.0,0.0,0.0,1.0,0.0,2.0,0.1346704871060172,-0.7391304347826085,0.0,Graduate
2085,0.532212885896123,0.33333333333333326,0.3333333333333333,0.8193890329303871,-0.05555555555555535,-0.25,0.0,1.0,0.0,1.0,0.0,-0.4066666666666663,0.0,1.0,0.0,1.0,-0.4529914529914532,0.0,1.0,0.0,-0.5555555555555552,0.0,0.0,0.0,1.0,0.0,0.0,0.48710601719197705,-0.3478260869565217,0.0,Graduate
2086,-1.5686274513099354,-1.6666666666666667,-1.6666666666666667,-5.1354731137974134,-0.3333333333333332,-1.0,1.0,0.0,1.0,0.0,-1.0,-0.6066666666666662,1.0,0.0,0.0,1.0,0.44444444444444514,0.0,1.0,0.0,-0.11695906432748532,0.0,0.0,0.0,1.0,0.0,3.0,-0.5787965616045845,1.0,0.0,Dropout
2087,-1.5686274513099354,-1.6666666666666667,-1.6666666666666667,-5.1354731137974134,-1.9999999999999996,-2.0,0.0,1.0,0.0,1.0,0.0,0.46000000000000035,1.0,0.0,0.0,1.0,0.44444444444444514,0.0,0.0,0.0,0.8187134502923973,0.0,0.0,0.0,0.0,0.0,0.0,0.4068767908309455,0.0,0.0,Dropout
2088,0.6372549020946613,0.33333333333333326,0.3333333333333333,1.1171321383909958,0.22222222222222213,0.0,0.0,1.0,0.0,1.0,0.0,1.5933333333333337,1.0,0.0,0.0,1.0,-0.07692307692307628,0.0,0.0,0.0,1.4561403508771926,0.0,0.0,0.0,1.0,0.0,0.0,0.1346704871060172,-0.7391304347826085,0.0,Dropout
2089,0.023809523394357508,0.04761904761904745,0.3333333333333333,0.13060997498957852,-0.3333333333333332,-0.25,0.0,1.0,0.0,1.0,0.5,-0.27333333333333293,0.0,1.0,0.0,1.0,0.2991452991452994,0.0,1.0,1.0,0.0760233918128653,0.0,0.0,0.0,1.0,0.0,2.0,0.0,0.5217391304347826,0.0,Graduate
2090,0.07843137256549662,0.33333333333333326,0.0,-0.46686119216340166,-0.3333333333333332,-0.75,1.0,0.0,1.0,0.0,-0.5,0.0,1.0,0.0,1.0,0.0,-2.3846153846153864,1.0,0.0,0.0,-1.5204678362573092,0.0,0.0,0.0,0.0,0.0,0.0,-0.98567335243553,-0.9565217391304347,0.0,Dropout
2091,0.22549019570563505,0.04761904761904745,0.3333333333333333,0.7975545352230095,-0.3333333333333332,-0.25,0.0,1.0,0.0,1.0,0.5,0.5933333333333337,1.0,0.0,0.0,1.0,-0.6837606837606832,0.0,1.0,1.0,0.1637426900584801,0.0,0.0,0.0,1.0,0.0,4.0,0.0,0.5217391304347826,0.0,Graduate
2093,0.45159313734977413,0.08333333333333326,0.6666666666666666,1.4089203834931212,-0.3333333333333332,0.0,0.0,1.0,0.0,1.0,1.0,1.526666666666667,1.0,0.0,0.0,1.0,-0.8547008547008543,0.0,1.0,1.0,0.8654970760233921,0.0,0.0,0.0,1.0,0.0,0.0,-0.5787965616045845,1.0,0.0,Graduate
2094,0.3473389356471998,0.04761904761904745,0.3333333333333333,1.2005002084201741,-0.3333333333333332,-0.25,0.0,1.0,0.0,1.0,0.5,1.1933333333333338,1.0,0.0,0.0,1.0,-0.6666666666666671,0.0,1.0,1.0,0.7017543859649119,0.0,0.0,0.0,1.0,0.0,0.0,0.0,0.5217391304347826,0.0,Graduate
2095,0.8333333330182071,0.33333333333333326,0.3333333333333333,1.6729192705293858,0.5,0.25,1.0,0.0,1.0,0.0,0.0,0.12666666666666704,1.0,0.0,0.0,1.0,0.26495726495726596,0.0,0.0,0.0,0.4035087719298247,0.0,0.0,0.0,1.0,0.0,0.0,-0.5787965616045845,1.0,0.0,Dropout
2096,-0.047217416388235484,-0.019607843137255054,3.0,0.10108378491037917,0.8431372549019607,5.25,0.0,1.0,0.0,1.0,5.5,0.46000000000000035,1.0,0.0,0.0,1.0,0.44444444444444514,0.0,0.0,0.0,0.8187134502923973,0.0,0.0,0.0,1.0,0.0,0.0,-1.2550143266475644,0.608695652173913,0.0,Graduate
2097,-1.5686274513099354,-1.6666666666666667,-1.6666666666666667,-5.1354731137974134,-1.9999999999999996,-2.0,0.0,1.0,0.0,1.0,0.5,0.46000000000000035,1.0,0.0,0.0,1.0,0.44444444444444514,0.0,0.0,1.0,0.8187134502923973,0.0,0.0,0.0,0.0,0.0,0.0,0.1346704871060172,-0.7391304347826085,0.0,Dropout
2098,-0.04901960785343531,0.0,0.0,0.033347228011671545,0.22222222222222213,0.0,0.0,1.0,0.0,1.0,0.0,-2.206666666666666,1.0,0.0,0.0,1.0,0.38461538461538497,0.0,1.0,0.0,-1.5614035087719291,0.0,0.0,0.0,1.0,0.0,1.0,0.42120343839541546,-0.39130434782608686,0.0,Graduate
2099,0.45802696088053785,0.33333333333333326,1.0,0.6091079616506875,-0.1249999999999999,0.25,0.0,1.0,0.0,1.0,1.0,-0.47333333333333294,0.0,1.0,0.0,1.0,-0.12820512820512833,0.0,0.0,1.0,-0.391812865497076,0.0,0.0,0.0,1.0,0.0,0.0,-0.98567335243553,-0.9565217391304347,0.0,Graduate
2100,0.22058823583065565,0.33333333333333326,0.3333333333333333,-0.06391551896623615,0.7777777777777779,0.5,0.0,1.0,1.0,0.0,0.0,-0.673333333333333,1.0,0.0,1.0,0.0,-0.39316239316239304,0.0,0.0,0.0,-0.748538011695906,0.0,0.0,0.0,1.0,0.0,1.0,-0.3553008595988538,-0.4782608695652173,0.0,Dropout
2101,-0.12254901963358843,0.0,0.0,-0.2167569820758647,0.22222222222222213,0.0,0.0,1.0,0.0,1.0,0.0,0.0,1.0,0.0,0.0,1.0,-0.9316239316239318,0.0,0.0,0.0,-0.526315789473684,0.0,0.0,0.0,1.0,0.0,0.0,-1.2550143266475644,0.608695652173913,0.0,Enrolled
2102,-0.5098039216757291,-0.3333333333333335,-0.3333333333333333,-0.6335973322217586,1.6111111111111107,1.25,0.0,1.0,1.0,0.0,0.0,0.2600000000000004,1.0,0.0,1.0,0.0,-0.7521367521367526,0.0,0.0,0.0,-0.17543859649122798,0.0,0.0,0.0,1.0,0.0,0.0,-0.3553008595988538,-0.4782608695652173,0.0,Graduate
2103,0.3813725490997282,0.33333333333333326,0.6666666666666666,0.3918299291371401,-0.09523809523809526,0.0,0.0,1.0,0.0,1.0,0.5,0.32666666666666705,0.0,1.0,0.0,1.0,-0.4786324786324786,0.0,1.0,1.0,0.07017543859649136,0.0,0.0,0.0,1.0,0.0,5.0,-1.2550143266475644,0.608695652173913,0.0,Graduate
2104,-0.3921568628274839,-0.3333333333333335,-0.3333333333333333,-0.13338891204668618,0.7777777777777779,0.5,1.0,0.0,1.0,0.0,0.0,-0.33999999999999964,1.0,0.0,0.0,1.0,1.5555555555555574,0.0,1.0,0.0,0.8771929824561399,0.0,0.0,1.0,1.0,0.0,1.0,0.0,0.5217391304347826,1.0,Dropout
2105,0.17769607846870364,0.33333333333333326,0.3333333333333333,-0.18549395581492292,0.5,0.25,0.0,1.0,0.0,1.0,0.0,0.19333333333333372,0.0,1.0,0.0,1.0,-0.777777777777778,0.0,1.0,0.0,-0.2514619883040933,0.0,0.0,0.0,1.0,0.0,0.0,-0.3553008595988538,-0.4782608695652173,0.0,Graduate
2106,-0.29131652667184516,-0.23809523809523814,0.0,-0.06669445602334309,0.619047619047619,0.75,0.0,1.0,0.0,1.0,0.5,-0.4066666666666663,0.0,1.0,0.0,1.0,-0.05982905982906013,0.0,0.0,1.0,-0.2865497076023394,0.0,0.0,0.0,1.0,0.0,0.0,-0.3553008595988538,-0.4782608695652173,0.0,Enrolled
2109,-0.8921568629325258,-0.8666666666666667,-1.0,-0.34180908711963315,1.9999999999999996,1.0,0.0,1.0,0.0,1.0,-0.5,0.32666666666666705,1.0,0.0,0.0,1.0,-0.5128205128205133,0.0,0.0,0.0,0.04678362573099396,0.0,0.0,0.0,1.0,0.0,0.0,0.4068767908309455,0.0,0.0,Enrolled
2110,0.553221288841713,0.33333333333333326,0.3333333333333333,0.8789376531888282,-0.05555555555555535,-0.25,0.0,1.0,0.0,1.0,0.0,1.1266666666666671,1.0,0.0,0.0,1.0,0.44444444444444514,0.0,0.0,0.0,1.4035087719298238,0.0,0.0,0.0,0.0,0.0,0.0,0.1346704871060172,-0.7391304347826085,0.0,Graduate
2111,-1.1862745100531387,-1.2666666666666666,-1.3333333333333333,0.28345143809920775,1.3333333333333333,0.5,0.0,1.0,0.0,1.0,-0.5,1.1266666666666671,1.0,0.0,0.0,1.0,0.44444444444444514,0.0,0.0,0.0,1.4035087719298238,0.0,0.0,0.0,0.0,0.0,2.0,-0.5787965616045845,1.0,0.0,Enrolled
2113,0.660130719746526,0.33333333333333326,0.6666666666666666,1.1819739724885363,0.14285714285714307,0.25,0.0,1.0,0.0,1.0,0.5,0.19333333333333372,1.0,0.0,0.0,1.0,-0.11111111111111098,0.0,1.0,0.0,0.20467836257309932,0.0,0.0,0.0,1.0,0.0,1.0,-0.5787965616045845,1.0,0.0,Graduate
2115,-0.22058823534045954,0.0,0.0,-0.5502292621925802,0.5,0.25,0.0,1.0,0.0,1.0,0.0,1.6600000000000004,1.0,0.0,0.0,1.0,-1.0769230769230786,0.0,0.0,0.0,0.8304093567251452,0.0,0.0,0.0,1.0,0.0,0.0,0.4068767908309455,0.0,0.0,Dropout
2116,-1.5686274513099354,-1.6666666666666667,-1.6666666666666667,-5.1354731137974134,-1.9999999999999996,-2.0,0.0,1.0,0.0,1.0,0.0,-0.27333333333333293,1.0,0.0,0.0,1.0,-0.39316239316239304,0.0,0.0,0.0,-0.39766081871344994,0.0,0.0,0.0,1.0,0.0,1.0,0.9140401146131805,0.0,0.0,Dropout
2117,0.23809523877551025,0.33333333333333326,0.3333333333333333,-0.014291667361400867,-0.05555555555555535,-0.25,0.0,1.0,0.0,1.0,0.0,0.46000000000000035,1.0,0.0,0.0,1.0,0.504273504273504,0.0,1.0,0.0,0.8596491228070164,0.0,0.0,0.0,1.0,0.0,0.0,0.42120343839541546,-0.39130434782608686,0.0,Graduate
2119,0.29411764761080894,0.33333333333333326,0.3333333333333333,0.14450465610671082,-0.3333333333333332,-0.5,0.0,1.0,0.0,1.0,0.0,-0.07333333333333296,1.0,0.0,0.0,1.0,0.26495726495726596,0.0,1.0,0.0,0.2280701754385967,0.0,0.0,0.0,1.0,0.0,3.0,0.0,0.5217391304347826,0.0,Graduate
2120,-1.5686274513099354,-1.6666666666666667,-1.6666666666666667,-5.1354731137974134,-1.9999999999999996,-2.0,0.0,1.0,0.0,1.0,-3.0,-0.006666666666666288,1.0,0.0,0.0,1.0,0.5982905982906,0.0,0.0,0.0,0.5146198830409361,0.0,0.0,0.0,1.0,0.0,0.0,0.42120343839541546,-0.39130434782608686,0.0,Enrolled
2121,-0.9313725492152741,-1.0,-1.0,0.28345143809920775,2.4444444444444438,2.0,1.0,0.0,1.0,0.0,0.0,-1.6066666666666662,0.0,1.0,1.0,0.0,0.02564102564102542,0.0,0.0,0.0,-1.2807017543859647,0.0,0.0,0.0,1.0,0.0,0.0,-1.2550143266475644,0.608695652173913,0.0,Dropout
2123,0.31372549026198715,0.33333333333333326,0.0,0.20008336807002927,-0.3333333333333332,-0.75,0.0,1.0,0.0,1.0,-0.5,-0.7399999999999997,0.0,1.0,0.0,1.0,0.32478632478632485,0.0,1.0,0.0,-0.3157894736842107,0.0,0.0,0.0,1.0,0.0,0.0,-0.98567335243553,-0.9565217391304347,0.0,Graduate
2124,-0.18557422920565278,0.0,0.0,-0.43113201750729485,0.7777777777777779,0.5,0.0,1.0,0.0,1.0,0.0,-1.0066666666666664,1.0,0.0,0.0,1.0,-0.03418803418803349,0.0,0.0,0.0,-0.7953216374268999,0.0,0.0,0.0,1.0,0.0,2.0,-0.3553008595988538,-0.4782608695652173,0.0,Dropout
2125,-1.5686274513099354,-1.6666666666666667,-1.6666666666666667,-5.1354731137974134,-1.9999999999999996,-2.0,0.0,1.0,0.0,1.0,-3.0,2.726666666666667,1.0,0.0,0.0,1.0,-0.9316239316239318,0.0,1.0,0.0,1.8654970760233913,0.0,0.0,0.0,1.0,0.0,0.0,0.1346704871060172,-0.7391304347826085,0.0,Graduate
2126,-1.5686274513099354,-1.6666666666666667,-1.6666666666666667,-5.1354731137974134,-1.9999999999999996,-2.0,0.0,1.0,0.0,1.0,0.0,0.5933333333333337,0.0,1.0,0.0,1.0,-0.9316239316239318,0.0,0.0,0.0,-0.005847953216373934,0.0,0.0,0.0,1.0,0.0,0.0,0.4068767908309455,0.0,0.0,Dropout
2128,-0.16145833373490015,-0.16666666666666674,0.3333333333333333,0.18271501875781526,-0.1249999999999999,0.25,1.0,0.0,1.0,0.0,1.0,0.3933333333333337,1.0,0.0,0.0,1.0,-0.25641025641025544,0.0,1.0,1.0,0.28070175438596545,0.0,0.0,0.0,1.0,0.0,2.0,-0.98567335243553,-0.9565217391304347,0.0,Dropout
2129,-1.5686274513099354,-1.6666666666666667,-1.6666666666666667,-5.1354731137974134,-1.9999999999999996,-2.0,0.0,1.0,0.0,1.0,-3.0,2.4600000000000004,0.0,1.0,0.0,1.0,1.0170940170940173,0.0,1.0,0.0,2.964912280701752,0.0,0.0,0.0,1.0,0.0,0.0,0.48710601719197705,-0.3478260869565217,0.0,Dropout
2130,0.29411764761080894,0.33333333333333326,0.3333333333333333,0.14450465610671082,-0.3333333333333332,-0.5,0.0,1.0,0.0,1.0,0.0,3.2600000000000002,1.0,0.0,0.0,1.0,-1.7094017094017098,0.0,1.0,0.0,1.8011695906432745,0.0,0.0,0.0,1.0,0.0,0.0,0.4068767908309455,0.0,0.0,Graduate
2131,0.1960784314137419,0.33333333333333326,0.3333333333333333,-0.13338891204668618,1.6111111111111107,1.25,0.0,1.0,0.0,1.0,0.0,-0.5399999999999996,1.0,0.0,0.0,1.0,0.5982905982905988,0.0,1.0,0.0,0.04678362573099396,0.0,0.0,0.0,1.0,0.0,0.0,0.48710601719197705,-0.3478260869565217,0.0,Enrolled
2132,0.2328431373038187,0.33333333333333326,0.3333333333333333,-0.029178824510212698,0.22222222222222213,0.0,0.0,1.0,0.0,1.0,0.0,0.5933333333333337,0.0,1.0,0.0,1.0,-0.7521367521367526,0.0,1.0,0.0,0.11695906432748532,0.0,0.0,0.0,1.0,0.0,0.0,-0.3553008595988538,-0.4782608695652173,0.0,Graduate
2133,-0.5686274513939693,-0.4666666666666668,-0.6666666666666666,-0.4112824802000832,0.6666666666666667,0.0,0.0,1.0,0.0,1.0,-0.5,-0.9399999999999996,1.0,0.0,0.0,1.0,0.0,0.0,1.0,0.0,-0.7134502923976607,0.0,0.0,0.0,1.0,0.0,1.0,0.0,0.5217391304347826,0.0,Graduate
2136,-1.5686274513099354,-1.6666666666666667,-1.6666666666666667,-5.1354731137974134,-0.3333333333333332,-0.5,0.0,1.0,1.0,0.0,0.0,0.0,1.0,0.0,1.0,0.0,-2.2991452991453007,1.0,0.0,0.0,-1.4619883040935666,0.0,0.0,0.0,1.0,0.0,0.0,-1.2550143266475644,0.608695652173913,0.0,Dropout
2137,-0.4411764706809194,-0.3333333333333335,-0.3333333333333333,-0.34180908711963315,0.5,0.25,1.0,0.0,1.0,0.0,0.0,-0.13999999999999962,1.0,0.0,0.0,1.0,0.02564102564102542,0.0,0.0,0.0,0.005847953216373934,0.0,0.0,0.0,1.0,0.0,4.0,0.0,0.5217391304347826,0.0,Graduate
2138,0.24509803877698141,0.33333333333333326,0.3333333333333333,0.005557869945810766,-0.05555555555555535,-0.25,0.0,1.0,0.0,1.0,0.0,-1.0066666666666664,1.0,0.0,0.0,1.0,0.08547008547008556,0.0,1.0,0.0,-0.7134502923976607,0.0,0.0,0.0,1.0,0.0,4.0,0.9140401146131805,0.0,0.0,Graduate
2139,0.19187675053050632,0.33333333333333326,0.6666666666666666,-0.1452986369320549,-0.3333333333333332,-0.25,0.0,1.0,0.0,1.0,0.5,-0.7399999999999997,0.0,1.0,0.0,1.0,0.12820512820512833,0.0,0.0,0.0,-0.45029239766081863,0.0,0.0,0.0,1.0,0.0,1.0,-1.2550143266475644,0.608695652173913,0.0,Graduate
2140,-0.8039215687963419,-0.8666666666666667,-1.0,0.28345143809920775,1.9999999999999996,1.0,1.0,0.0,1.0,0.0,-0.5,-1.1399999999999997,0.0,1.0,1.0,0.0,1.4615384615384637,0.0,1.0,0.0,0.11111111111111138,0.0,0.0,0.0,1.0,0.0,0.0,-0.98567335243553,-0.9565217391304347,0.0,Dropout
2141,0.2528011211315406,0.33333333333333326,0.6666666666666666,0.027392367653188383,0.14285714285714307,0.25,0.0,1.0,0.0,1.0,0.5,0.2600000000000004,1.0,0.0,0.0,1.0,-0.05982905982906013,0.0,0.0,1.0,0.29824561403508726,0.0,0.0,0.0,1.0,0.0,4.0,0.1346704871060172,-0.7391304347826085,0.0,Enrolled
2142,-0.7745098040842805,-0.8666666666666667,-1.0,0.4918716131721548,1.9999999999999996,1.0,0.0,1.0,0.0,1.0,-0.5,-0.33999999999999964,1.0,0.0,0.0,1.0,-0.4188034188034185,0.0,0.0,0.0,-0.4736842105263152,0.0,0.0,0.0,1.0,0.0,3.0,0.4068767908309455,0.0,0.0,Graduate
2143,0.22058823583065565,0.33333333333333326,0.3333333333333333,-0.06391551896623615,0.22222222222222213,0.0,0.0,1.0,0.0,1.0,0.0,-0.673333333333333,1.0,0.0,0.0,1.0,-0.17948717948717918,0.0,0.0,0.0,-0.6023391812865493,0.0,0.0,0.0,1.0,0.0,0.0,0.48710601719197705,-0.3478260869565217,0.0,Graduate
2144,-1.5686274513099354,-1.6666666666666667,-1.6666666666666667,-5.1354731137974134,-1.9999999999999996,-2.0,0.0,1.0,0.0,1.0,-3.0,0.0,1.0,0.0,0.0,1.0,1.1196581196581215,0.0,1.0,0.0,0.8771929824561399,0.0,0.0,0.0,1.0,0.0,1.0,-0.5787965616045845,1.0,0.0,Graduate
2145,0.14705882405050236,0.33333333333333326,0.3333333333333333,-0.2723356940391831,-0.3333333333333332,-0.5,0.0,1.0,0.0,1.0,0.0,-1.5399999999999996,1.0,0.0,0.0,1.0,1.2991452991453007,1.0,0.0,0.0,-0.35087719298245595,0.0,0.0,0.0,0.0,0.0,0.0,0.4068767908309455,0.0,0.0,Graduate
2146,-0.04901960785343531,0.0,0.0,0.033347228011671545,0.5,0.25,1.0,0.0,1.0,0.0,0.0,0.6600000000000004,1.0,0.0,1.0,0.0,-0.5128205128205121,0.0,0.0,0.0,0.3391812865497081,0.0,0.0,0.0,1.0,0.0,0.0,0.9140401146131805,0.0,0.0,Enrolled
2148,0.1960784314137419,0.33333333333333326,0.3333333333333333,-0.13338891204668618,1.0555555555555554,0.75,0.0,1.0,0.0,1.0,0.0,-0.27333333333333293,1.0,0.0,0.0,1.0,-0.5128205128205133,0.0,1.0,0.0,-0.47953216374269,0.0,0.0,0.0,1.0,0.0,5.0,0.9140401146131805,0.0,0.0,Graduate
2149,0.5196078432464161,0.33333333333333326,0.0,0.7836598582742802,0.0,-0.5,0.0,1.0,0.0,1.0,-0.5,0.46000000000000035,1.0,0.0,0.0,1.0,0.44444444444444514,0.0,0.0,0.0,0.8187134502923973,0.0,0.0,0.0,1.0,0.0,0.0,0.4068767908309455,0.0,0.0,Graduate
2150,0.21446078435878013,0.33333333333333326,0.3333333333333333,-0.08128386827844944,0.22222222222222213,0.0,0.0,1.0,0.0,1.0,0.0,0.0,0.0,1.0,0.0,1.0,-1.7008547008547017,0.0,1.0,0.0,-1.052631578947368,0.0,0.0,0.0,1.0,0.0,0.0,-0.3553008595988538,-0.4782608695652173,0.0,Graduate
2151,0.4691876755887649,0.33333333333333326,0.6666666666666666,0.6407431679866606,-0.3333333333333332,-0.25,0.0,1.0,0.0,1.0,0.5,-0.07333333333333296,1.0,0.0,0.0,1.0,-0.3333333333333329,0.0,1.0,0.0,-0.1812865497076019,0.0,0.0,0.0,1.0,0.0,0.0,0.48710601719197705,-0.3478260869565217,0.0,Graduate
2152,-0.704656862893135,-0.6666666666666667,-0.6666666666666666,-0.23759899958315966,1.6111111111111107,1.25,0.0,1.0,0.0,1.0,0.0,-0.20666666666666628,1.0,0.0,0.0,1.0,0.44444444444444514,0.0,0.0,0.0,0.23391812865497064,0.0,0.0,0.0,0.0,0.0,0.0,0.42120343839541546,-0.39130434782608686,0.0,Enrolled
2153,0.5318627447195787,0.33333333333333326,0.6666666666666666,0.8183965527303037,0.14285714285714307,0.25,0.0,1.0,0.0,1.0,0.5,0.2600000000000004,1.0,0.0,0.0,1.0,-0.49572649572649596,0.0,1.0,1.0,0.0,0.0,0.0,0.0,1.0,0.0,3.0,-1.2550143266475644,0.608695652173913,0.0,Graduate
2154,0.08295625910490902,0.02564102564102555,2.0,0.39713516882034183,0.6923076923076923,3.25,0.0,1.0,0.0,1.0,3.5,0.0,1.0,0.0,0.0,1.0,0.5213675213675226,0.0,0.0,0.0,0.4678362573099413,0.0,0.0,0.0,1.0,0.0,0.0,0.0,0.5217391304347826,0.0,Graduate
2155,0.5882352947314218,0.33333333333333326,0.3333333333333333,0.9781853563984988,-0.3333333333333332,-0.5,0.0,1.0,0.0,1.0,0.0,0.6600000000000004,1.0,0.0,0.0,1.0,-0.29914529914529825,0.0,1.0,0.0,0.48538011695906474,0.0,0.0,0.0,1.0,0.0,0.0,0.9140401146131805,0.0,0.0,Graduate
2156,0.6541666668040966,0.33333333333333326,0.6666666666666666,1.1650687786577736,0.38095238095238104,0.5,0.0,1.0,0.0,1.0,0.5,0.9933333333333337,0.0,1.0,0.0,1.0,-0.3504273504273515,0.0,1.0,1.0,0.7426900584795312,0.0,0.0,0.0,1.0,0.0,0.0,-1.2550143266475644,0.608695652173913,0.0,Graduate
2157,-1.5686274513099354,-1.6666666666666667,-1.6666666666666667,-5.1354731137974134,-1.9999999999999996,-2.0,0.0,1.0,0.0,1.0,-3.0,0.2600000000000004,1.0,0.0,0.0,1.0,0.9829059829059851,0.0,0.0,0.0,1.0116959064327486,0.0,0.0,0.0,1.0,0.0,1.0,-0.98567335243553,-0.9565217391304347,0.0,Enrolled
2159,0.04901960785343531,0.0,0.0,0.36681950812838626,0.22222222222222213,0.0,0.0,1.0,0.0,1.0,0.0,-1.4066666666666663,1.0,0.0,0.0,1.0,0.3589743589743596,0.0,1.0,0.0,-0.8771929824561399,0.0,0.0,0.0,1.0,0.0,1.0,-0.98567335243553,-0.9565217391304347,0.0,Graduate
2161,0.3056372555176408,0.08333333333333326,0.6666666666666666,0.9361043309712378,-0.3333333333333332,0.0,0.0,1.0,0.0,1.0,1.0,0.5933333333333337,0.0,1.0,0.0,1.0,-0.32478632478632485,0.0,1.0,1.0,0.40935672514619864,0.0,0.0,0.0,1.0,0.0,3.0,0.4068767908309455,0.0,0.0,Graduate
2162,-0.5098039216757291,-0.4666666666666668,-0.6666666666666666,-0.13338891204668618,0.6666666666666667,0.0,1.0,0.0,1.0,0.0,-0.5,-0.673333333333333,1.0,0.0,1.0,0.0,-0.27350427350427403,0.0,0.0,0.0,-0.6666666666666666,0.0,1.0,1.0,1.0,0.0,1.0,0.0,0.5217391304347826,1.0,Dropout
2163,-1.5686274513099354,-1.6666666666666667,-1.6666666666666667,-5.1354731137974134,-0.3333333333333332,-0.5,0.0,1.0,0.0,1.0,0.0,-2.0066666666666664,1.0,0.0,0.0,1.0,0.5384615384615388,0.0,0.0,0.0,-1.2807017543859647,0.0,0.0,0.0,1.0,0.0,0.0,0.9140401146131805,0.0,0.0,Dropout
2164,0.170448179727685,0.04761904761904745,0.3333333333333333,0.6155342517715713,-0.3333333333333332,-0.25,0.0,1.0,0.0,1.0,0.5,0.46000000000000035,1.0,0.0,0.0,1.0,-0.6153846153846162,0.0,0.0,1.0,0.09356725146198792,0.0,0.0,0.0,1.0,0.0,3.0,0.42120343839541546,-0.39130434782608686,0.0,Graduate
2166,0.3186274505571347,0.33333333333333326,0.3333333333333333,0.21397804501875775,-0.3333333333333332,-0.5,0.0,1.0,0.0,1.0,0.0,0.46000000000000035,1.0,0.0,0.0,1.0,0.07692307692307628,0.0,0.0,0.0,0.5672514619883031,0.0,0.0,0.0,0.0,0.0,0.0,0.42120343839541546,-0.39130434782608686,0.0,Graduate
2167,0.3567401957857297,0.08333333333333326,0.6666666666666666,1.101649495623176,-0.3333333333333332,0.0,0.0,1.0,0.0,1.0,1.0,0.9933333333333337,0.0,1.0,0.0,1.0,-0.42735042735042655,0.0,0.0,1.0,0.690058479532164,0.0,0.0,0.0,1.0,0.0,0.0,0.4068767908309455,0.0,0.0,Graduate
2168,-0.15686274513099357,-0.06666666666666665,-0.3333333333333333,-0.13338891204668618,0.6666666666666667,0.0,0.0,1.0,0.0,1.0,-0.5,-1.4066666666666663,1.0,0.0,0.0,1.0,0.8974358974358984,0.0,1.0,0.0,-0.5087719298245613,0.0,0.0,0.0,1.0,0.0,5.0,0.48710601719197705,-0.3478260869565217,0.0,Graduate
2169,0.25490196083786454,0.33333333333333326,0.6666666666666666,0.033347228011671545,-0.09523809523809526,0.0,0.0,1.0,0.0,1.0,0.5,-0.13999999999999962,1.0,0.0,0.0,1.0,-0.39316239316239304,0.0,0.0,1.0,-0.2807017543859646,0.0,0.0,0.0,1.0,0.0,1.0,-0.3553008595988538,-0.4782608695652173,0.0,Graduate
2170,0.7212885153476096,0.33333333333333326,0.3333333333333333,1.3553266235931631,-0.05555555555555535,-0.25,0.0,1.0,0.0,1.0,0.0,0.7933333333333337,1.0,0.0,0.0,1.0,-0.8974358974358971,0.0,0.0,0.0,0.19298245614035145,0.0,0.0,0.0,1.0,0.0,0.0,-0.3553008595988538,-0.4782608695652173,0.0,Graduate
2171,0.19607843086227159,0.08333333333333326,0.6666666666666666,0.5811945435598164,-0.3333333333333332,0.0,0.0,1.0,0.0,1.0,1.0,0.0,1.0,0.0,0.0,1.0,-0.4188034188034185,0.0,1.0,1.0,-0.17543859649122798,0.0,0.0,0.0,1.0,0.0,4.0,-0.5787965616045845,1.0,0.0,Graduate
2172,0.3641456579196383,0.33333333333333326,0.3333333333333333,0.3430000583576489,0.5,0.25,0.0,1.0,0.0,1.0,0.0,0.46000000000000035,1.0,0.0,0.0,1.0,0.44444444444444514,0.0,0.0,0.0,0.8187134502923973,0.0,0.0,0.0,0.0,0.0,0.0,0.1346704871060172,-0.7391304347826085,0.0,Graduate
2173,0.6372549020946613,0.33333333333333326,0.3333333333333333,1.1171321383909958,-0.05555555555555535,-0.25,0.0,1.0,0.0,1.0,0.0,0.46000000000000035,1.0,0.0,0.0,1.0,0.44444444444444514,0.0,0.0,0.0,0.8187134502923973,0.0,0.0,0.0,0.0,0.0,0.0,0.48710601719197705,-0.3478260869565217,0.0,Graduate
2174,-1.1862745100531387,-1.2666666666666666,-1.3333333333333333,0.28345143809920775,0.0,-0.5,1.0,0.0,1.0,0.0,-0.5,1.1266666666666671,1.0,0.0,1.0,0.0,-0.017094017094017352,0.0,1.0,0.0,1.0877192982456132,0.0,0.0,0.0,1.0,0.0,0.0,0.0,0.5217391304347826,0.0,Dropout
2175,0.1960784314137419,0.33333333333333326,2.0,-0.13338891204668618,-0.18181818181818185,1.0,0.0,1.0,0.0,1.0,2.5,-0.873333333333333,0.0,1.0,0.0,1.0,0.2991452991452994,0.0,0.0,0.0,-0.45029239766081863,0.0,0.0,0.0,1.0,0.0,0.0,0.1346704871060172,-0.7391304347826085,0.0,Graduate
2176,-1.5686274513099354,-1.6666666666666667,-1.6666666666666667,-5.1354731137974134,-1.9999999999999996,-2.0,0.0,1.0,0.0,1.0,-3.0,1.526666666666667,1.0,0.0,0.0,1.0,0.2393162393162393,0.0,1.0,0.0,1.614035087719297,0.0,0.0,0.0,1.0,0.0,0.0,-0.98567335243553,-0.9565217391304347,0.0,Graduate
2177,0.661764706511575,0.33333333333333326,0.3333333333333333,1.1866055314714457,-0.3333333333333332,-0.5,0.0,1.0,0.0,1.0,0.0,2.2600000000000002,1.0,0.0,0.0,1.0,-0.29914529914529825,0.0,1.0,0.0,1.8888888888888886,0.0,0.0,0.0,1.0,0.0,3.0,-1.2550143266475644,0.608695652173913,0.0,Graduate
2178,-0.3921568628274839,-0.3333333333333335,-0.3333333333333333,-0.13338891204668618,0.5,0.25,0.0,1.0,1.0,0.0,0.0,0.0,1.0,0.0,1.0,0.0,-2.3846153846153864,0.0,0.0,0.0,-1.5204678362573092,0.0,1.0,1.0,0.0,1.0,0.0,0.0,0.5217391304347826,1.0,Dropout
2179,0.4376750696997916,0.33333333333333326,0.6666666666666666,0.5514202334305959,-0.3333333333333332,-0.25,0.0,1.0,0.0,1.0,0.5,0.9266666666666671,1.0,0.0,0.0,1.0,-0.5897435897435895,0.0,0.0,1.0,0.52046783625731,0.0,0.0,0.0,1.0,0.0,0.0,-0.3553008595988538,-0.4782608695652173,0.0,Graduate
2180,0.29411764761080894,0.33333333333333326,0.3333333333333333,0.14450465610671082,0.22222222222222213,0.0,0.0,1.0,0.0,1.0,0.0,-0.27333333333333293,1.0,0.0,0.0,1.0,1.5555555555555574,0.0,1.0,0.0,0.9356725146198825,0.0,0.0,0.0,1.0,0.0,2.0,-0.98567335243553,-0.9565217391304347,0.0,Graduate
2181,-1.5686274513099354,-1.6666666666666667,-1.6666666666666667,-5.1354731137974134,-1.9999999999999996,-2.0,0.0,1.0,0.0,1.0,-3.0,0.19333333333333372,1.0,0.0,0.0,1.0,-0.2991452991452994,0.0,0.0,0.0,0.0760233918128653,0.0,0.0,0.0,1.0,0.0,0.0,-1.2550143266475644,0.608695652173913,0.0,Dropout
2182,-0.2450980392671772,0.0,0.0,-0.6335973322217586,0.22222222222222213,0.0,0.0,1.0,0.0,1.0,0.0,-0.33999999999999964,0.0,1.0,0.0,1.0,-0.5384615384615388,0.0,0.0,0.0,-0.5555555555555552,0.0,0.0,0.0,1.0,0.0,0.0,0.42120343839541546,-0.39130434782608686,0.0,Graduate
2183,0.22759103646237888,0.04761904761904745,0.3333333333333333,0.8045018757815753,0.14285714285714307,0.25,0.0,1.0,0.0,1.0,0.5,0.46000000000000035,0.0,1.0,0.0,1.0,0.32478632478632485,0.0,0.0,1.0,0.7368421052631572,0.0,0.0,0.0,1.0,0.0,0.0,-0.3553008595988538,-0.4782608695652173,0.0,Graduate
2184,-0.03663003712254145,0.04761904761904745,2.3333333333333335,-0.0692596290120886,0.619047619047619,3.5,0.0,1.0,0.0,1.0,4.0,0.5266666666666671,1.0,0.0,0.0,1.0,-0.2393162393162393,0.0,0.0,0.0,0.40935672514619864,0.0,0.0,0.0,1.0,0.0,0.0,0.4068767908309455,0.0,0.0,Dropout
2185,-1.2867647061526815,-1.3333333333333335,-1.3333333333333333,-0.34180908711963315,1.8888888888888888,1.5,0.0,1.0,0.0,1.0,0.0,-0.006666666666666288,1.0,0.0,0.0,1.0,0.717948717948718,0.0,0.0,0.0,0.5964912280701745,0.0,0.0,0.0,1.0,0.0,1.0,0.0,0.5217391304347826,0.0,Enrolled
2186,-0.3676470589007661,-0.3333333333333335,-0.3333333333333333,-0.029178824510212698,0.7777777777777779,0.5,0.0,1.0,0.0,1.0,0.0,-0.5399999999999996,0.0,1.0,0.0,1.0,-0.15384615384615374,0.0,0.0,0.0,-0.4678362573099413,0.0,0.0,0.0,1.0,0.0,0.0,-0.98567335243553,-0.9565217391304347,0.0,Graduate
2188,0.40251225498652227,0.33333333333333326,1.0,0.4517507294706127,-0.3333333333333332,0.0,0.0,1.0,0.0,1.0,1.0,0.46000000000000035,0.0,1.0,0.0,1.0,-0.5384615384615388,0.0,1.0,1.0,0.14619883040935666,0.0,0.0,0.0,1.0,0.0,5.0,-0.98567335243553,-0.9565217391304347,0.0,Graduate
2189,0.09803921521667483,0.33333333333333326,0.3333333333333333,-0.4112824802000832,2.1666666666666665,1.75,0.0,1.0,0.0,1.0,0.0,0.46000000000000035,0.0,1.0,0.0,1.0,-0.4188034188034185,0.0,0.0,0.0,0.2280701754385967,0.0,0.0,0.0,1.0,0.0,0.0,-0.98567335243553,-0.9565217391304347,0.0,Graduate
2194,-0.5980392158119128,-0.4666666666666668,-0.6666666666666666,-0.5502292621925802,1.3333333333333333,0.5,0.0,1.0,0.0,1.0,-0.5,0.5933333333333337,1.0,0.0,0.0,1.0,-0.8119658119658127,0.0,0.0,0.0,0.0760233918128653,1.0,0.0,0.0,1.0,0.0,0.0,-0.3553008595988538,-0.4782608695652173,0.0,Enrolled
2195,-1.5686274513099354,-1.6666666666666667,-1.6666666666666667,-5.1354731137974134,-1.9999999999999996,-2.0,0.0,1.0,0.0,1.0,-3.0,0.19333333333333372,0.0,1.0,0.0,1.0,-0.15384615384615374,0.0,1.0,0.0,0.17543859649122798,0.0,0.0,0.0,1.0,0.0,0.0,0.1346704871060172,-0.7391304347826085,0.0,Graduate
2196,-0.3921568628274839,-0.3333333333333335,-0.3333333333333333,-0.13338891204668618,0.22222222222222213,0.0,0.0,1.0,0.0,1.0,0.0,0.0,0.0,1.0,0.0,1.0,-2.555555555555557,0.0,1.0,0.0,-1.6374269005847946,0.0,0.0,0.0,1.0,0.0,1.0,-1.2550143266475644,0.608695652173913,0.0,Enrolled
2198,-0.7107843136297165,-0.6666666666666667,-0.6666666666666666,-0.2723356940391831,-0.05555555555555535,-0.25,0.0,1.0,0.0,1.0,0.0,-1.073333333333333,1.0,0.0,0.0,1.0,0.05982905982906013,0.0,0.0,0.0,-0.7894736842105259,0.0,0.0,0.0,1.0,0.0,0.0,0.1346704871060172,-0.7391304347826085,0.0,Enrolled
2200,-1.5686274513099354,-1.6666666666666667,-1.6666666666666667,-5.1354731137974134,2.2857142857142856,2.5,0.0,1.0,0.0,1.0,0.5,0.0,1.0,0.0,0.0,1.0,-2.3418803418803433,1.0,0.0,0.0,-1.491228070175438,0.0,0.0,0.0,1.0,0.0,1.0,0.48710601719197705,-0.3478260869565217,0.0,Dropout
2201,-0.34313725497404846,-0.3333333333333335,-0.3333333333333333,0.0750312630262608,1.0555555555555554,0.75,1.0,0.0,1.0,0.0,0.0,0.46000000000000035,1.0,0.0,1.0,0.0,-1.0940170940170948,1.0,0.0,0.0,-0.23391812865497064,0.0,0.0,0.0,1.0,0.0,0.0,0.42120343839541546,-0.39130434782608686,0.0,Dropout
2202,0.09232026080370873,0.33333333333333326,0.6666666666666666,-0.4274929387244687,0.619047619047619,0.75,0.0,1.0,0.0,1.0,0.5,1.1266666666666671,1.0,0.0,0.0,1.0,-0.4102564102564104,1.0,0.0,1.0,0.8187134502923973,0.0,0.0,0.0,1.0,0.0,0.0,-1.2550143266475644,0.608695652173913,0.0,Graduate
2203,-0.19607843141374204,0.0,0.0,-0.46686119216340166,0.22222222222222213,0.0,0.0,1.0,0.0,1.0,0.0,-0.8066666666666663,1.0,0.0,0.0,1.0,0.02564102564102542,0.0,0.0,0.0,-0.5789473684210527,0.0,0.0,0.0,1.0,0.0,1.0,-1.2550143266475644,0.608695652173913,0.0,Graduate
2206,0.2140856339385333,0.04761904761904745,0.3333333333333333,0.7598404085035428,0.857142857142857,1.0,0.0,1.0,0.0,1.0,0.5,3.126666666666667,0.0,1.0,0.0,1.0,0.44444444444444514,0.0,0.0,0.0,3.1578947368421035,1.0,0.0,0.0,0.0,0.0,0.0,0.42120343839541546,-0.39130434782608686,0.0,Enrolled
2208,-1.5686274513099354,-1.6666666666666667,-1.6666666666666667,-5.1354731137974134,-0.3333333333333332,-0.75,0.0,1.0,0.0,1.0,-0.5,-0.20666666666666628,1.0,0.0,0.0,1.0,0.5128205128205146,0.0,0.0,0.0,0.28070175438596545,0.0,0.0,0.0,1.0,0.0,0.0,-0.3553008595988538,-0.4782608695652173,0.0,Enrolled
2209,-0.4803921572577854,-0.4666666666666668,-0.6666666666666666,0.005557869945810766,0.3333333333333332,-0.25,0.0,1.0,0.0,1.0,-0.5,0.0,0.0,1.0,0.0,1.0,-1.6153846153846163,0.0,0.0,0.0,-0.9941520467836252,0.0,0.0,0.0,1.0,0.0,1.0,0.4068767908309455,0.0,0.0,Enrolled
2211,0.11703431375007722,0.08333333333333326,0.6666666666666666,0.32513547311379704,-0.3333333333333332,0.0,0.0,1.0,0.0,1.0,1.0,1.0600000000000003,1.0,0.0,0.0,1.0,-1.2393162393162394,0.0,1.0,1.0,0.19298245614035145,0.0,0.0,0.0,1.0,0.0,2.0,-0.5787965616045845,1.0,0.0,Graduate
2213,-0.06862745099480963,0.33333333333333326,0.0,-0.8837015423092957,0.3333333333333332,-0.25,0.0,1.0,0.0,1.0,-0.5,-0.47333333333333294,1.0,0.0,0.0,1.0,0.8034188034188035,0.0,1.0,0.0,0.2456140350877185,1.0,0.0,0.0,1.0,0.0,0.0,0.4068767908309455,0.0,0.0,Enrolled
2215,0.6792717094564293,0.33333333333333326,0.3333333333333333,1.236229383076281,-0.05555555555555535,-0.25,0.0,1.0,1.0,0.0,0.0,2.4600000000000004,1.0,0.0,1.0,0.0,0.44444444444444514,0.0,0.0,0.0,2.573099415204677,0.0,0.0,0.0,0.0,0.0,0.0,0.42120343839541546,-0.39130434782608686,0.0,Graduate
2216,-0.024509803926717654,0.0,0.0,0.11671529804085004,0.5,0.25,0.0,1.0,0.0,1.0,0.0,-0.006666666666666288,1.0,0.0,0.0,1.0,0.2051282051282046,0.0,1.0,0.0,0.2456140350877185,0.0,0.0,0.0,1.0,0.0,1.0,0.9140401146131805,0.0,0.0,Enrolled
2217,0.12464985954999612,0.04761904761904745,0.3333333333333333,0.464082255106294,0.619047619047619,0.75,0.0,1.0,0.0,1.0,0.5,-0.47333333333333294,1.0,0.0,0.0,1.0,-0.4529914529914532,0.0,0.0,0.0,-0.6140350877192979,0.0,0.0,0.0,1.0,0.0,1.0,0.9140401146131805,0.0,0.0,Graduate
2218,0.13725490198961926,0.33333333333333326,0.0,-0.3001250521050439,0.6666666666666667,0.0,0.0,1.0,0.0,1.0,-0.5,-0.27333333333333293,1.0,0.0,0.0,1.0,0.32478632478632485,0.0,0.0,0.0,0.09356725146198792,0.0,0.0,0.0,1.0,0.0,1.0,0.4068767908309455,0.0,0.0,Dropout
2219,0.5882352947314218,0.33333333333333326,0.3333333333333333,0.9781853563984988,-0.3333333333333332,-0.5,0.0,1.0,0.0,1.0,0.0,0.46000000000000035,1.0,0.0,0.0,1.0,0.44444444444444514,0.0,0.0,0.0,0.8187134502923973,0.0,0.0,0.0,0.0,0.0,0.0,0.48710601719197705,-0.3478260869565217,0.0,Graduate
2220,0.5882352947314218,0.33333333333333326,0.3333333333333333,0.9781853563984988,0.5,0.25,0.0,1.0,0.0,1.0,0.0,-0.20666666666666628,1.0,0.0,0.0,1.0,-0.39316239316239304,0.0,1.0,0.0,-0.33918128654970725,0.0,0.0,0.0,1.0,0.0,0.0,-0.5787965616045845,1.0,0.0,Graduate
2222,0.1924019608247343,0.33333333333333326,0.6666666666666666,-0.1438099208003337,0.14285714285714307,0.25,0.0,1.0,0.0,1.0,0.5,-2.273333333333333,1.0,0.0,0.0,1.0,0.5299145299145307,0.0,1.0,1.0,-1.5204678362573092,0.0,0.0,0.0,1.0,0.0,1.0,0.1346704871060172,-0.7391304347826085,0.0,Graduate
2223,-0.1274509804189321,-0.06666666666666665,-0.3333333333333333,-0.029178824510212698,1.0,0.25,0.0,1.0,0.0,1.0,-0.5,0.8600000000000004,1.0,0.0,0.0,1.0,-3.4871794871794903,0.0,0.0,0.0,-1.5204678362573092,1.0,0.0,0.0,1.0,0.0,0.0,0.1346704871060172,-0.7391304347826085,0.0,Enrolled
2224,-1.5686274513099354,-1.6666666666666667,-1.6666666666666667,-5.1354731137974134,-1.9999999999999996,-2.0,1.0,0.0,1.0,0.0,-3.0,-0.27333333333333293,1.0,0.0,0.0,1.0,0.3589743589743596,0.0,0.0,0.0,0.11695906432748532,0.0,0.0,0.0,1.0,0.0,0.0,-0.98567335243553,-0.9565217391304347,0.0,Dropout
2225,0.3532475496452901,0.08333333333333326,0.6666666666666666,1.0903352605252183,-0.3333333333333332,0.0,0.0,1.0,0.0,1.0,1.0,-0.07333333333333296,0.0,1.0,0.0,1.0,0.10256410256410291,0.0,1.0,1.0,0.11695906432748532,0.0,0.0,0.0,1.0,0.0,1.0,0.4068767908309455,0.0,0.0,Graduate
2226,-1.0539215688488628,-1.0,-1.0,-0.7586494372655271,2.4444444444444438,2.0,0.0,1.0,0.0,1.0,0.0,-1.5399999999999996,1.0,0.0,0.0,1.0,0.20512820512820581,0.0,0.0,0.0,-1.0994152046783618,0.0,0.0,0.0,1.0,0.0,2.0,0.0,0.5217391304347826,0.0,Dropout
2227,0.06535947672941764,0.0,0.0,0.42239822009170475,0.5,0.25,0.0,1.0,0.0,1.0,0.0,-1.1399999999999997,1.0,0.0,0.0,1.0,-0.05982905982906013,0.0,1.0,0.0,-0.9298245614035087,0.0,0.0,0.0,1.0,0.0,0.0,0.42120343839541546,-0.39130434782608686,0.0,Graduate
2228,-1.5686274513099354,-1.6666666666666667,-1.6666666666666667,-5.1354731137974134,-0.3333333333333332,-0.5,0.0,1.0,1.0,0.0,0.0,-0.9399999999999996,1.0,0.0,1.0,0.0,0.44444444444444514,0.0,0.0,0.0,-0.40935672514619864,0.0,0.0,0.0,1.0,0.0,0.0,-1.2550143266475644,0.608695652173913,0.0,Dropout
2229,0.12254901963358893,0.0,0.0,0.6169237182159233,1.3333333333333333,1.0,0.0,1.0,0.0,1.0,0.0,-0.873333333333333,1.0,0.0,0.0,1.0,3.4786324786324823,1.0,0.0,0.0,1.7251461988304084,0.0,0.0,0.0,1.0,0.0,0.0,-0.5787965616045845,1.0,0.0,Dropout
2230,0.17156862699682812,0.33333333333333326,0.3333333333333333,-0.2028623051271362,-0.3333333333333332,-0.5,0.0,1.0,0.0,1.0,0.0,-1.073333333333333,1.0,0.0,0.0,1.0,0.5641025641025654,0.0,1.0,0.0,-0.44444444444444386,0.0,0.0,0.0,1.0,0.0,0.0,-0.3553008595988538,-0.4782608695652173,0.0,Graduate
2231,-1.5686274513099354,-1.6666666666666667,-1.6666666666666667,-5.1354731137974134,-1.9999999999999996,-2.0,0.0,1.0,0.0,1.0,-3.0,0.2600000000000004,1.0,0.0,0.0,1.0,0.8034188034188035,0.0,1.0,0.0,0.8888888888888877,0.0,0.0,0.0,1.0,0.0,3.0,0.48710601719197705,-0.3478260869565217,0.0,Graduate
2232,-1.5686274513099354,-1.6666666666666667,-1.6666666666666667,-5.1354731137974134,-1.9999999999999996,-2.0,0.0,1.0,0.0,1.0,-3.0,-0.6066666666666662,1.0,0.0,0.0,1.0,0.02564102564102542,0.0,1.0,0.0,-0.4035087719298247,0.0,0.0,0.0,1.0,0.0,0.0,-0.3553008595988538,-0.4782608695652173,0.0,Dropout
2233,-0.9803921570687096,-0.8666666666666667,-1.0,-0.9670696123384741,1.0,0.25,0.0,1.0,0.0,1.0,-0.5,1.1933333333333338,1.0,0.0,0.0,1.0,-2.974358974358977,0.0,0.0,0.0,-0.8771929824561399,0.0,0.0,0.0,1.0,0.0,0.0,-1.2550143266475644,0.608695652173913,0.0,Dropout
2234,-0.4411764706809194,-0.3333333333333335,-0.3333333333333333,-0.34180908711963315,0.7777777777777779,0.5,0.0,1.0,0.0,1.0,0.0,0.36666666666666664,1.0,0.0,0.0,1.0,0.44444444444444514,0.0,0.0,0.0,0.7368421052631572,0.0,1.0,1.0,0.0,1.0,0.0,0.0,0.5217391304347826,1.0,Dropout
2235,-0.7843137254098697,-0.6666666666666667,-0.6666666666666666,-0.689176044185077,1.3333333333333333,1.0,0.0,1.0,0.0,1.0,0.0,-1.0066666666666664,0.0,1.0,0.0,1.0,0.7179487179487192,0.0,0.0,0.0,-0.2807017543859646,0.0,0.0,0.0,1.0,0.0,1.0,-1.2550143266475644,0.608695652173913,0.0,Enrolled
2236,-1.5686274513099354,-1.6666666666666667,-1.6666666666666667,-5.1354731137974134,-1.9999999999999996,-2.0,0.0,1.0,0.0,1.0,-3.0,0.19333333333333372,0.0,1.0,0.0,1.0,1.6752136752136775,0.0,1.0,0.0,1.4269005847953213,0.0,0.0,0.0,1.0,0.0,0.0,0.42120343839541546,-0.39130434782608686,0.0,Graduate
2238,-1.5686274513099354,-1.6666666666666667,-1.6666666666666667,-5.1354731137974134,-0.05555555555555535,-0.25,1.0,0.0,1.0,0.0,0.0,0.0,1.0,0.0,1.0,0.0,-2.170940170940172,1.0,0.0,0.0,-1.3742690058479525,0.0,0.0,0.0,0.0,0.0,0.0,-0.3553008595988538,-0.4782608695652173,0.0,Dropout
2239,0.09803921521667483,0.33333333333333326,0.3333333333333333,-0.4112824802000832,1.0555555555555554,0.75,0.0,1.0,0.0,1.0,0.0,-0.20666666666666628,1.0,0.0,0.0,1.0,-1.264957264957266,1.0,0.0,0.0,-0.9356725146198825,0.0,0.0,0.0,1.0,0.0,0.0,-0.3553008595988538,-0.4782608695652173,0.0,Enrolled
2240,-1.5686274513099354,-1.6666666666666667,-1.6666666666666667,-5.1354731137974134,-0.3333333333333332,-0.5,1.0,0.0,1.0,0.0,0.0,0.0,1.0,0.0,1.0,0.0,0.8888888888888915,1.0,0.0,0.0,0.7192982456140354,0.0,0.0,0.0,0.0,0.0,0.0,0.9140401146131805,0.0,0.0,Enrolled
2241,0.34313725497404846,0.33333333333333326,0.3333333333333333,0.28345143809920775,0.7777777777777779,0.5,0.0,1.0,0.0,1.0,0.0,1.1266666666666671,1.0,0.0,0.0,1.0,-1.923076923076925,1.0,0.0,0.0,-0.21637426900584802,0.0,0.0,0.0,1.0,0.0,0.0,0.1346704871060172,-0.7391304347826085,0.0,Graduate
2242,-0.3039215686913,-0.06666666666666665,-0.3333333333333333,-0.6544393497290536,0.3333333333333332,-0.25,0.0,1.0,0.0,1.0,-0.5,-0.20666666666666628,1.0,0.0,0.0,1.0,0.25641025641025667,1.0,0.0,0.0,0.10526315789473663,0.0,0.0,0.0,1.0,0.0,0.0,0.0,0.5217391304347826,0.0,Enrolled
2243,0.1960784314137419,0.33333333333333326,0.0,-0.13338891204668618,0.6666666666666667,0.0,0.0,1.0,0.0,1.0,-0.5,-0.33999999999999964,1.0,0.0,0.0,1.0,-1.9487179487179505,0.0,0.0,0.0,-1.5204678362573092,1.0,0.0,0.0,1.0,0.0,0.0,0.1346704871060172,-0.7391304347826085,0.0,Enrolled
2244,0.4112044814589364,0.33333333333333326,0.6666666666666666,0.4763889704043351,-0.3333333333333332,-0.25,0.0,1.0,0.0,1.0,0.5,-0.006666666666666288,0.0,1.0,0.0,1.0,-0.11965811965811904,0.0,0.0,1.0,0.023391812865497397,0.0,0.0,0.0,1.0,0.0,3.0,0.48710601719197705,-0.3478260869565217,0.0,Graduate
2246,0.24509803877698141,0.33333333333333326,0.3333333333333333,0.005557869945810766,-0.3333333333333332,-0.5,0.0,1.0,0.0,1.0,0.0,-0.27333333333333293,1.0,0.0,0.0,1.0,-0.5726495726495735,0.0,0.0,0.0,-0.52046783625731,0.0,0.0,0.0,1.0,0.0,3.0,0.9140401146131805,0.0,0.0,Graduate
2250,0.4313725491102321,0.33333333333333326,0.0,0.5335556481867441,-0.3333333333333332,-0.75,0.0,1.0,0.0,1.0,-0.5,0.5266666666666671,1.0,0.0,0.0,1.0,0.26495726495726596,0.0,1.0,0.0,0.7543859649122806,0.0,0.0,0.0,1.0,0.0,0.0,0.4068767908309455,0.0,0.0,Graduate
2251,0.24509803877698141,0.33333333333333326,0.3333333333333333,0.005557869945810766,-0.05555555555555535,-0.25,0.0,1.0,0.0,1.0,0.0,0.46000000000000035,1.0,0.0,0.0,1.0,0.32478632478632485,0.0,0.0,0.0,0.7368421052631572,0.0,0.0,0.0,0.0,0.0,0.0,0.1346704871060172,-0.7391304347826085,0.0,Dropout
2252,-0.2728643910829653,-0.1282051282051282,1.6666666666666667,-0.36075637765735746,0.05128205128205146,2.0,0.0,1.0,0.0,1.0,3.5,-0.7399999999999997,1.0,0.0,0.0,1.0,1.4615384615384637,0.0,0.0,0.0,0.46198830409356734,0.0,0.0,0.0,1.0,0.0,0.0,0.42120343839541546,-0.39130434782608686,0.0,Dropout
2253,-0.3469079940396972,-0.4358974358974359,1.0,0.4918716131721548,-0.3333333333333332,1.25,0.0,1.0,1.0,0.0,3.5,0.46000000000000035,1.0,0.0,1.0,0.0,0.44444444444444514,0.0,0.0,0.0,0.8187134502923973,0.0,0.0,0.0,0.0,0.0,0.0,0.48710601719197705,-0.3478260869565217,0.0,Dropout
2255,-0.9215686276445869,-0.8666666666666667,-1.0,-0.5502292621925802,-0.3333333333333332,-0.75,1.0,0.0,1.0,0.0,-0.5,-0.873333333333333,1.0,0.0,0.0,1.0,1.1452991452991457,1.0,0.0,0.0,0.1286549707602332,0.0,0.0,0.0,1.0,0.0,0.0,-0.5787965616045845,1.0,0.0,Dropout
2256,0.44817927117258666,0.33333333333333326,0.3333333333333333,0.5811945435598164,0.5,0.25,0.0,1.0,0.0,1.0,0.0,0.0,1.0,0.0,0.0,1.0,-0.5470085470085468,1.0,0.0,0.0,-0.263157894736842,0.0,0.0,0.0,1.0,0.0,0.0,-0.3553008595988538,-0.4782608695652173,0.0,Dropout
2257,0.24955436671909384,0.33333333333333326,5.333333333333333,0.018189395581491834,0.06349206349206363,4.5,1.0,0.0,1.0,0.0,7.5,-0.873333333333333,1.0,0.0,1.0,0.0,0.44444444444444514,0.0,0.0,0.0,-0.35087719298245595,0.0,0.0,0.0,0.0,0.0,0.0,0.48710601719197705,-0.3478260869565217,0.0,Dropout
2258,-0.8963585433955934,-0.8095238095238096,-0.6666666666666666,-0.689176044185077,1.0952380952380953,1.25,0.0,1.0,0.0,1.0,0.5,-0.20666666666666628,1.0,0.0,0.0,1.0,0.44444444444444514,0.0,0.0,0.0,0.23391812865497064,0.0,0.0,0.0,0.0,0.0,0.0,-1.2550143266475644,0.608695652173913,0.0,Enrolled
2259,-0.9803921570687097,-1.0,-1.0,-0.13338891204668618,0.5,0.25,0.0,1.0,0.0,1.0,0.0,-0.873333333333333,1.0,0.0,0.0,1.0,0.44444444444444514,0.0,0.0,0.0,-0.35087719298245595,0.0,0.0,0.0,0.0,0.0,0.0,-0.5787965616045845,1.0,0.0,Dropout
2261,0.3615196079190867,0.33333333333333326,0.3333333333333333,0.3355564818674445,0.7777777777777779,0.5,0.0,1.0,0.0,1.0,0.0,-0.7399999999999997,0.0,1.0,0.0,1.0,-0.05982905982906013,0.0,1.0,0.0,-0.5789473684210527,0.0,0.0,0.0,1.0,0.0,1.0,0.48710601719197705,-0.3478260869565217,0.0,Enrolled
2262,-1.5686274513099354,-1.6666666666666667,-1.6666666666666667,-5.1354731137974134,0.0,-0.5,0.0,1.0,0.0,1.0,-0.5,-0.673333333333333,1.0,0.0,0.0,1.0,-0.2905982905982902,0.0,0.0,0.0,-0.6783625730994145,0.0,0.0,0.0,1.0,0.0,0.0,-1.2550143266475644,0.608695652173913,0.0,Dropout
2263,-0.9068627452885565,-1.0,-1.0,0.4918716131721548,1.6111111111111107,1.25,0.0,1.0,0.0,1.0,0.0,2.9933333333333336,1.0,0.0,0.0,1.0,-1.2905982905982927,0.0,1.0,0.0,1.8538011695906418,0.0,0.0,0.0,1.0,0.0,0.0,-1.2550143266475644,0.608695652173913,0.0,Dropout
2264,0.6506238859209993,0.33333333333333326,2.0,1.1550267152980405,0.12121212121212123,1.5,1.0,0.0,1.0,0.0,2.5,-0.20666666666666628,1.0,0.0,1.0,0.0,2.153846153846156,1.0,0.0,0.0,1.4035087719298238,0.0,0.0,0.0,1.0,0.0,0.0,0.48710601719197705,-0.3478260869565217,0.0,Dropout
2265,-0.04901960785343531,0.0,0.0,0.033347228011671545,0.5,0.25,0.0,1.0,0.0,1.0,0.0,-1.5399999999999996,1.0,0.0,0.0,1.0,0.8119658119658127,0.0,1.0,0.0,-0.6842105263157893,0.0,0.0,0.0,1.0,0.0,0.0,0.0,0.5217391304347826,0.0,Enrolled
2267,-0.9068627452885565,-1.0,-1.0,0.4918716131721548,0.22222222222222213,0.0,0.0,1.0,0.0,1.0,0.0,0.46000000000000035,1.0,0.0,0.0,1.0,0.44444444444444514,0.0,0.0,0.0,0.8187134502923973,0.0,0.0,0.0,0.0,0.0,0.0,-1.2550143266475644,0.608695652173913,0.0,Dropout
2268,-1.5686274513099354,-1.6666666666666667,-1.6666666666666667,-5.1354731137974134,-0.3333333333333332,-0.75,0.0,1.0,0.0,1.0,-0.5,-1.673333333333333,1.0,0.0,0.0,1.0,0.5384615384615388,0.0,1.0,0.0,-0.9883040935672514,0.0,0.0,0.0,1.0,0.0,3.0,0.42120343839541546,-0.39130434782608686,0.0,Dropout
2269,-0.5056022410025773,-0.523809523809524,-0.3333333333333333,0.13755731554814504,0.857142857142857,1.0,0.0,1.0,0.0,1.0,0.5,-0.873333333333333,1.0,0.0,0.0,1.0,0.49572649572649596,0.0,0.0,1.0,-0.3157894736842107,0.0,0.0,0.0,1.0,0.0,0.0,-0.3553008595988538,-0.4782608695652173,0.0,Dropout
2270,-1.5686274513099354,-1.6666666666666667,-1.6666666666666667,-5.1354731137974134,0.3333333333333332,-0.25,0.0,1.0,0.0,1.0,-0.5,-2.206666666666666,1.0,0.0,0.0,1.0,5.735042735042741,1.0,0.0,0.0,2.099415204678362,0.0,0.0,0.0,1.0,0.0,0.0,-0.3553008595988538,-0.4782608695652173,0.0,Dropout
2271,-1.5686274513099354,-1.6666666666666667,-1.6666666666666667,-5.1354731137974134,-0.3333333333333332,-0.75,1.0,0.0,1.0,0.0,-0.5,0.46000000000000035,1.0,0.0,0.0,1.0,0.44444444444444514,0.0,0.0,0.0,0.8187134502923973,0.0,0.0,1.0,0.0,1.0,0.0,0.0,0.5217391304347826,0.0,Dropout
2273,-0.5686274513939693,-0.4666666666666668,-0.6666666666666666,-0.4112824802000832,1.0,0.25,0.0,1.0,0.0,1.0,-0.5,0.0,1.0,0.0,0.0,1.0,0.8888888888888915,1.0,0.0,0.0,0.7192982456140354,0.0,0.0,0.0,0.0,0.0,0.0,0.1346704871060172,-0.7391304347826085,0.0,Dropout
2274,-1.5686274513099354,-1.6666666666666667,-1.6666666666666667,-5.1354731137974134,-1.9999999999999996,-2.0,0.0,1.0,0.0,1.0,0.0,0.46000000000000035,1.0,0.0,0.0,1.0,-0.5811965811965815,0.0,1.0,0.0,0.11695906432748532,0.0,1.0,1.0,1.0,1.0,3.0,-0.98567335243553,-0.9565217391304347,1.0,Dropout
2275,-1.5686274513099354,-1.6666666666666667,-1.6666666666666667,-5.1354731137974134,-1.9999999999999996,-2.0,0.0,1.0,0.0,1.0,-3.0,-2.206666666666666,1.0,0.0,0.0,1.0,3.7777777777777817,1.0,0.0,0.0,0.7602339181286546,0.0,0.0,0.0,0.0,0.0,0.0,0.4068767908309455,0.0,0.0,Dropout
2276,-0.5392156860936729,-0.4666666666666668,-0.6666666666666666,-0.2723356940391831,0.3333333333333332,-0.25,1.0,0.0,1.0,0.0,-0.5,-0.673333333333333,1.0,0.0,0.0,1.0,-0.39316239316239304,0.0,1.0,0.0,-0.748538011695906,0.0,0.0,0.0,1.0,0.0,1.0,0.0,0.5217391304347826,0.0,Dropout
2277,0.22058823583065565,0.33333333333333326,0.3333333333333333,-0.06391551896623615,0.22222222222222213,0.0,0.0,1.0,0.0,1.0,0.0,0.0,1.0,0.0,0.0,1.0,0.9487179487179503,1.0,0.0,0.0,0.7602339181286546,0.0,0.0,0.0,0.0,0.0,0.0,0.42120343839541546,-0.39130434782608686,0.0,Graduate
2278,0.39215686233728797,0.33333333333333326,0.3333333333333333,0.42239822009170475,-0.05555555555555535,-0.25,0.0,1.0,0.0,1.0,0.0,0.12666666666666704,1.0,0.0,0.0,1.0,-1.6923076923076936,0.0,0.0,0.0,-0.9356725146198825,0.0,0.0,0.0,1.0,0.0,0.0,0.48710601719197705,-0.3478260869565217,0.0,Graduate
2279,-0.1715686274870239,0.0,0.0,-0.38349312213422243,-0.05555555555555535,-0.25,0.0,1.0,0.0,1.0,0.0,-0.07333333333333296,1.0,0.0,0.0,1.0,0.8376068376068382,0.0,1.0,0.0,0.6198830409356719,0.0,0.0,0.0,1.0,0.0,0.0,0.0,0.5217391304347826,0.0,Enrolled
2280,0.21708683435933204,0.33333333333333326,0.3333333333333333,-0.07384029178824508,0.5,0.25,0.0,1.0,0.0,1.0,0.0,-0.873333333333333,1.0,0.0,0.0,1.0,3.957264957264961,0.0,0.0,0.0,2.0526315789473673,0.0,0.0,0.0,1.0,0.0,0.0,-0.3553008595988538,-0.4782608695652173,0.0,Dropout
2281,0.24509803934887656,0.2222222222222221,4.0,0.3079714589412252,1.3333333333333333,7.0,0.0,1.0,0.0,1.0,6.0,-0.20666666666666628,1.0,0.0,0.0,1.0,0.44444444444444514,0.0,0.0,0.0,0.23391812865497064,0.0,0.0,0.0,1.0,0.0,0.0,-1.2550143266475644,0.608695652173913,0.0,Graduate
2282,-0.4166666667542016,-0.3333333333333335,-0.3333333333333333,-0.23759899958315966,1.6111111111111107,1.25,0.0,1.0,0.0,1.0,0.0,0.46000000000000035,1.0,0.0,0.0,1.0,0.44444444444444514,0.0,0.0,0.0,0.8187134502923973,0.0,0.0,0.0,0.0,0.0,0.0,-1.2550143266475644,0.608695652173913,0.0,Enrolled
2284,0.08912655973351898,0.15151515151515138,1.6666666666666667,0.033347228011671545,0.12121212121212123,1.5,0.0,1.0,0.0,1.0,2.5,-0.873333333333333,1.0,0.0,0.0,1.0,0.32478632478632485,0.0,0.0,0.0,-0.43274853801169605,0.0,0.0,0.0,0.0,0.0,0.0,0.1346704871060172,-0.7391304347826085,0.0,Graduate
2285,0.40616246528140665,0.33333333333333326,0.3333333333333333,0.4620973030429342,0.22222222222222213,0.0,0.0,1.0,0.0,1.0,0.0,0.46000000000000035,1.0,0.0,0.0,1.0,0.29914529914530064,0.0,1.0,0.0,0.7192982456140354,0.0,0.0,0.0,1.0,0.0,0.0,0.1346704871060172,-0.7391304347826085,0.0,Enrolled
2286,-1.5686274513099354,-1.6666666666666667,-1.6666666666666667,-5.1354731137974134,-0.3333333333333332,-0.75,1.0,0.0,1.0,0.0,-0.5,0.0,1.0,0.0,0.0,1.0,-1.0341880341880347,0.0,0.0,0.0,-0.5964912280701753,0.0,0.0,0.0,1.0,0.0,0.0,0.4068767908309455,0.0,0.0,Dropout
2287,0.049019607853435634,0.33333333333333326,0.0,-0.5502292621925802,-0.3333333333333332,-0.75,0.0,1.0,0.0,1.0,-0.5,-0.873333333333333,1.0,0.0,0.0,1.0,3.8632478632478673,1.0,0.0,0.0,1.9883040935672505,0.0,0.0,0.0,1.0,0.0,0.0,-1.2550143266475644,0.608695652173913,0.0,Graduate
2288,0.43504901969924,0.33333333333333326,0.3333333333333333,0.5439766569403915,0.22222222222222213,0.0,0.0,1.0,0.0,1.0,0.0,-0.5399999999999996,0.0,1.0,0.0,1.0,-0.4529914529914532,0.0,0.0,0.0,-0.6725146198830406,0.0,0.0,0.0,1.0,0.0,0.0,0.48710601719197705,-0.3478260869565217,0.0,Graduate
2289,-0.1803921569006423,-0.06666666666666665,-0.3333333333333333,-0.2167569820758647,0.0,-0.5,0.0,1.0,0.0,1.0,-0.5,0.19333333333333372,1.0,0.0,0.0,1.0,-1.1367521367521376,0.0,0.0,0.0,-0.4970760233918126,1.0,0.0,0.0,1.0,0.0,0.0,-1.2550143266475644,0.608695652173913,0.0,Enrolled
2291,-0.8333333335084032,-1.0,-1.0,1.1171321383909958,0.5,0.25,0.0,1.0,0.0,1.0,0.0,-0.873333333333333,1.0,0.0,0.0,1.0,0.017094017094017352,0.0,0.0,0.0,-0.6432748538011692,1.0,0.0,0.0,1.0,0.0,0.0,-1.2550143266475644,0.608695652173913,0.0,Dropout
2293,-0.36274509782130493,-0.4666666666666668,-0.6666666666666666,0.5613450062526048,1.6666666666666667,0.75,0.0,1.0,0.0,1.0,-0.5,-0.13999999999999962,1.0,0.0,0.0,1.0,0.44444444444444514,0.0,0.0,0.0,0.2923976608187133,0.0,0.0,1.0,1.0,1.0,0.0,-0.98567335243553,-0.9565217391304347,0.0,Dropout
2294,0.3186274505571347,0.33333333333333326,0.3333333333333333,0.21397804501875775,0.22222222222222213,0.0,0.0,1.0,0.0,1.0,0.0,-0.4066666666666663,1.0,0.0,0.0,1.0,0.38461538461538497,0.0,1.0,0.0,0.017543859649122633,0.0,0.0,0.0,1.0,0.0,0.0,-1.2550143266475644,0.608695652173913,0.0,Graduate
2296,0.6556372550396995,0.33333333333333326,0.3333333333333333,1.1692371821592324,0.22222222222222213,0.0,0.0,1.0,0.0,1.0,0.0,0.2600000000000004,1.0,0.0,0.0,1.0,0.5641025641025654,0.0,0.0,0.0,0.7251461988304093,0.0,0.0,0.0,1.0,0.0,2.0,0.48710601719197705,-0.3478260869565217,0.0,Graduate
2299,-0.3676470589007661,-0.3333333333333335,-0.3333333333333333,-0.029178824510212698,1.3333333333333333,1.0,0.0,1.0,0.0,1.0,0.0,-0.6066666666666662,1.0,0.0,0.0,1.0,0.0,0.0,1.0,0.0,-0.42105263157894735,0.0,0.0,0.0,1.0,0.0,0.0,-0.98567335243553,-0.9565217391304347,0.0,Graduate
2300,-1.5686274513099354,-1.6666666666666667,-1.6666666666666667,-5.1354731137974134,-1.9999999999999996,-2.0,1.0,0.0,1.0,0.0,0.0,0.2600000000000004,1.0,0.0,0.0,1.0,-0.6239316239316243,1.0,0.0,0.0,-0.08771929824561399,0.0,0.0,0.0,0.0,0.0,0.0,-0.3553008595988538,-0.4782608695652173,0.0,Dropout
2301,-0.6862745099480968,-0.8095238095238096,-0.6666666666666666,0.7002917882451017,0.857142857142857,1.0,0.0,1.0,0.0,1.0,0.5,0.46000000000000035,1.0,0.0,0.0,1.0,0.44444444444444514,0.0,0.0,0.0,0.8187134502923973,1.0,0.0,0.0,0.0,0.0,0.0,0.42120343839541546,-0.39130434782608686,0.0,Enrolled
2302,0.24509803877698141,0.33333333333333326,0.3333333333333333,0.005557869945810766,-0.05555555555555535,-0.25,0.0,1.0,0.0,1.0,0.0,-0.13999999999999962,1.0,0.0,0.0,1.0,-0.05982905982906013,0.0,0.0,0.0,-0.05263157894736873,0.0,0.0,0.0,1.0,0.0,0.0,-0.3553008595988538,-0.4782608695652173,0.0,Enrolled
2303,4.901961190933602e-10,0.33333333333333326,0.0,-0.689176044185077,0.6666666666666667,0.0,0.0,1.0,1.0,0.0,-0.5,-0.20666666666666628,0.0,1.0,1.0,0.0,-0.5128205128205133,0.0,1.0,0.0,-0.42105263157894735,0.0,0.0,0.0,1.0,0.0,0.0,-1.2550143266475644,0.608695652173913,0.0,Enrolled
2304,0.17156862699682812,0.33333333333333326,0.0,-0.2028623051271362,1.0,0.25,0.0,1.0,0.0,1.0,-0.5,0.19333333333333372,1.0,0.0,0.0,1.0,-0.4786324786324786,0.0,0.0,0.0,-0.04678362573099396,1.0,0.0,0.0,1.0,0.0,4.0,0.42120343839541546,-0.39130434782608686,0.0,Enrolled
2305,-1.5686274513099354,-1.6666666666666667,-1.6666666666666667,-5.1354731137974134,2.666666666666666,1.5,0.0,1.0,0.0,1.0,-0.5,0.0,1.0,0.0,0.0,1.0,-2.811965811965814,0.0,0.0,0.0,-1.8128654970760225,0.0,0.0,0.0,1.0,0.0,0.0,0.48710601719197705,-0.3478260869565217,0.0,Dropout
2306,0.14705882405050236,0.33333333333333326,0.3333333333333333,-0.2723356940391831,-0.3333333333333332,-0.5,0.0,1.0,0.0,1.0,0.0,-1.5399999999999996,0.0,1.0,0.0,1.0,0.2393162393162393,0.0,1.0,0.0,-1.0760233918128652,0.0,0.0,0.0,1.0,0.0,2.0,0.0,0.5217391304347826,0.0,Enrolled
2307,-0.8039215687963419,-0.8666666666666667,-1.0,0.28345143809920775,0.3333333333333332,-0.25,1.0,0.0,1.0,0.0,-0.5,0.46000000000000035,1.0,0.0,0.0,1.0,0.44444444444444514,0.0,0.0,0.0,0.8187134502923973,0.0,0.0,0.0,0.0,0.0,0.0,-0.5787965616045845,1.0,0.0,Dropout
2308,-1.5686274513099354,-1.6666666666666667,-1.6666666666666667,-5.1354731137974134,2.1666666666666665,-0.75,0.0,1.0,0.0,1.0,-2.0,0.0,1.0,0.0,0.0,1.0,-0.21367521367521267,0.0,0.0,0.0,-0.035087719298245265,0.0,0.0,0.0,0.0,0.0,1.0,0.4068767908309455,0.0,0.0,Dropout
2309,-1.5686274513099354,-1.6666666666666667,-1.6666666666666667,-5.1354731137974134,-0.3333333333333332,0.0,0.0,1.0,0.0,1.0,1.0,0.5266666666666671,1.0,0.0,0.0,1.0,-0.6666666666666671,0.0,1.0,1.0,0.11695906432748532,0.0,0.0,0.0,1.0,0.0,0.0,0.4068767908309455,0.0,0.0,Dropout
2310,0.34313725497404846,0.33333333333333326,0.0,0.28345143809920775,-0.3333333333333332,-0.75,0.0,1.0,0.0,1.0,-0.5,-0.20666666666666628,0.0,1.0,0.0,1.0,0.3846153846153862,0.0,0.0,0.0,0.19298245614035145,1.0,0.0,0.0,1.0,0.0,2.0,0.9140401146131805,0.0,0.0,Graduate
2312,0.11939775954889292,0.04761904761904745,0.3333333333333333,0.4467139099624838,-0.3333333333333332,-0.25,0.0,1.0,0.0,1.0,0.5,0.46000000000000035,1.0,0.0,0.0,1.0,-0.5128205128205121,0.0,1.0,1.0,0.1637426900584801,0.0,0.0,0.0,1.0,0.0,0.0,0.42120343839541546,-0.39130434782608686,0.0,Graduate
2313,-0.06862745099480963,-0.06666666666666665,-0.3333333333333333,0.1792413505627343,0.3333333333333332,-0.25,0.0,1.0,0.0,1.0,-0.5,1.1266666666666671,0.0,1.0,0.0,1.0,0.6837606837606857,0.0,1.0,0.0,1.567251461988304,0.0,1.0,1.0,1.0,0.0,0.0,0.0,0.5217391304347826,0.0,Dropout
2314,0.13725490198961926,-0.06666666666666665,-0.3333333333333333,0.9087119633180487,0.3333333333333332,-0.25,0.0,1.0,0.0,1.0,-0.5,1.1266666666666671,1.0,0.0,0.0,1.0,0.44444444444444514,0.0,0.0,0.0,1.4035087719298238,0.0,0.0,0.0,0.0,0.0,0.0,0.4068767908309455,0.0,0.0,Graduate
2315,0.22058823583065565,0.33333333333333326,0.3333333333333333,-0.06391551896623615,-0.05555555555555535,-0.25,0.0,1.0,0.0,1.0,0.0,0.0,1.0,0.0,0.0,1.0,-1.3589743589743595,0.0,1.0,0.0,-0.8187134502923973,0.0,0.0,0.0,1.0,0.0,0.0,0.42120343839541546,-0.39130434782608686,0.0,Graduate
2316,0.6960784315187839,0.33333333333333326,0.0,1.2838682784493534,-0.3333333333333332,-0.75,0.0,1.0,0.0,1.0,-0.5,1.2600000000000005,1.0,0.0,0.0,1.0,-0.9572649572649584,0.0,1.0,0.0,0.5614035087719292,0.0,0.0,0.0,1.0,0.0,0.0,-0.5787965616045845,1.0,0.0,Dropout
2317,-0.784313725851046,-0.8666666666666667,-1.0,0.42239822009170475,1.0,0.25,1.0,0.0,1.0,0.0,-0.5,0.0,1.0,0.0,1.0,0.0,0.5555555555555574,1.0,0.0,0.0,0.4912280701754387,1.0,0.0,0.0,0.0,0.0,0.0,-0.3553008595988538,-0.4782608695652173,0.0,Dropout
2318,-1.5686274513099354,-1.6666666666666667,-1.6666666666666667,-5.1354731137974134,-0.3333333333333332,-0.75,0.0,1.0,0.0,1.0,-0.5,-0.20666666666666628,1.0,0.0,0.0,1.0,-0.36752136752136766,1.0,0.0,0.0,-0.3216374269005846,0.0,0.0,0.0,1.0,0.0,0.0,-0.5787965616045845,1.0,0.0,Dropout
2319,-1.5686274513099354,-1.6666666666666667,-1.6666666666666667,-5.1354731137974134,-1.9999999999999996,-2.0,0.0,1.0,0.0,1.0,0.0,0.9933333333333337,1.0,0.0,0.0,1.0,-0.11965811965811904,0.0,1.0,0.0,0.9005847953216373,0.0,0.0,0.0,1.0,0.0,0.0,-1.2550143266475644,0.608695652173913,0.0,Dropout
2320,0.44817927117258666,0.33333333333333326,0.3333333333333333,0.5811945435598164,-0.05555555555555535,-0.25,0.0,1.0,0.0,1.0,0.0,0.9933333333333337,1.0,0.0,0.0,1.0,0.2051282051282046,0.0,0.0,0.0,1.1228070175438585,0.0,0.0,0.0,1.0,0.0,0.0,-0.3553008595988538,-0.4782608695652173,0.0,Graduate
2322,0.3921568628274841,0.0,0.0,1.5339724885368897,0.5,0.25,0.0,1.0,0.0,1.0,0.0,1.7933333333333337,1.0,0.0,0.0,1.0,-4.683760683760688,0.0,0.0,0.0,-1.5204678362573092,0.0,0.0,0.0,1.0,0.0,0.0,0.1346704871060172,-0.7391304347826085,0.0,Enrolled
2324,0.5028011211840617,0.33333333333333326,0.6666666666666666,0.7360209629012086,-0.3333333333333332,-0.25,0.0,1.0,0.0,1.0,0.5,-1.5399999999999996,1.0,0.0,0.0,1.0,1.811965811965814,1.0,0.0,1.0,0.0,0.0,0.0,0.0,1.0,0.0,0.0,0.0,0.5217391304347826,0.0,Enrolled
2325,-0.07352941128995717,0.33333333333333326,0.3333333333333333,-0.8975962192580241,0.5,0.25,0.0,1.0,0.0,1.0,0.0,-0.7399999999999997,1.0,0.0,0.0,1.0,-0.3589743589743596,0.0,0.0,0.0,-0.783625730994152,0.0,0.0,0.0,1.0,0.0,0.0,-0.5787965616045845,1.0,0.0,Graduate
2326,-1.2745098041893226,-1.2666666666666666,-1.3333333333333333,-0.9670696123384741,0.6666666666666667,0.0,0.0,1.0,0.0,1.0,-0.5,-1.5399999999999996,1.0,0.0,0.0,1.0,0.1709401709401711,1.0,0.0,0.0,-1.1228070175438594,1.0,0.0,0.0,1.0,0.0,0.0,0.9140401146131805,0.0,0.0,Dropout
2327,-1.5686274513099354,-1.6666666666666667,-1.6666666666666667,-5.1354731137974134,1.3333333333333333,0.5,0.0,1.0,0.0,1.0,-0.5,-0.27333333333333293,1.0,0.0,0.0,1.0,-0.18803418803418845,0.0,0.0,0.0,-0.25730994152046804,1.0,0.0,0.0,1.0,0.0,0.0,0.0,0.5217391304347826,0.0,Enrolled
2328,-0.9509803923566483,-0.8666666666666667,-1.0,-0.7586494372655271,1.3333333333333333,0.5,1.0,0.0,1.0,0.0,-0.5,-1.5399999999999996,1.0,0.0,0.0,1.0,1.2991452991453007,1.0,0.0,0.0,-0.35087719298245595,0.0,0.0,0.0,1.0,0.0,0.0,-0.98567335243553,-0.9565217391304347,0.0,Dropout
2329,-1.5686274513099354,-1.6666666666666667,-1.6666666666666667,-5.1354731137974134,-1.9999999999999996,-2.0,0.0,1.0,0.0,1.0,-3.0,2.4600000000000004,0.0,1.0,0.0,1.0,-0.3589743589743596,0.0,1.0,0.0,2.0233918128654955,0.0,0.0,0.0,1.0,0.0,0.0,-0.5787965616045845,1.0,0.0,Graduate
2331,-1.5686274513099354,-1.6666666666666667,-1.6666666666666667,-5.1354731137974134,1.3333333333333333,1.0,0.0,1.0,0.0,1.0,0.0,-1.5399999999999996,1.0,0.0,0.0,1.0,0.44444444444444514,0.0,0.0,0.0,-0.9356725146198825,0.0,1.0,1.0,1.0,1.0,4.0,0.0,0.5217391304347826,1.0,Dropout
2332,-1.5686274513099354,-1.6666666666666667,-1.6666666666666667,-5.1354731137974134,0.22222222222222213,0.0,0.0,1.0,0.0,1.0,0.0,0.0,1.0,0.0,0.0,1.0,-1.5299145299145307,1.0,0.0,0.0,-0.9356725146198825,0.0,0.0,0.0,1.0,0.0,0.0,-0.3553008595988538,-0.4782608695652173,0.0,Dropout
2333,0.06535947672941764,0.0,0.0,0.42239822009170475,2.1666666666666665,1.75,0.0,1.0,0.0,1.0,0.0,0.0,1.0,0.0,0.0,1.0,1.5299145299145331,1.0,0.0,0.0,1.1578947368421053,0.0,0.0,0.0,1.0,0.0,0.0,0.42120343839541546,-0.39130434782608686,0.0,Graduate
2334,-1.5686274513099354,-1.6666666666666667,-1.6666666666666667,-5.1354731137974134,-1.9999999999999996,-2.0,0.0,1.0,0.0,1.0,-3.0,-0.47333333333333294,0.0,1.0,0.0,1.0,0.8034188034188035,0.0,1.0,0.0,0.2456140350877185,0.0,0.0,0.0,1.0,0.0,5.0,-0.98567335243553,-0.9565217391304347,0.0,Dropout
2335,0.4271708682269965,0.33333333333333326,0.3333333333333333,0.5216459233013753,-0.05555555555555535,-0.25,0.0,1.0,0.0,1.0,0.0,0.2600000000000004,0.0,1.0,0.0,1.0,-0.8119658119658127,0.0,1.0,0.0,-0.21637426900584802,0.0,0.0,0.0,1.0,0.0,0.0,0.42120343839541546,-0.39130434782608686,0.0,Graduate
2336,0.3186274505571347,0.33333333333333326,0.3333333333333333,0.21397804501875775,-0.3333333333333332,-0.5,0.0,1.0,0.0,1.0,0.0,-1.073333333333333,0.0,1.0,0.0,1.0,1.1623931623931643,0.0,0.0,0.0,-0.035087719298245265,0.0,0.0,0.0,1.0,0.0,3.0,0.48710601719197705,-0.3478260869565217,0.0,Graduate
2337,-0.3627450981154226,-0.06666666666666665,-0.3333333333333333,-0.8628595248020007,0.0,-0.5,0.0,1.0,0.0,1.0,-0.5,-2.206666666666666,1.0,0.0,0.0,1.0,3.0085470085470116,0.0,0.0,0.0,0.23391812865497064,0.0,0.0,0.0,1.0,0.0,0.0,-1.2550143266475644,0.608695652173913,0.0,Dropout
2338,-1.5686274513099354,-1.6666666666666667,-1.6666666666666667,-5.1354731137974134,-0.3333333333333332,-0.5,0.0,1.0,0.0,1.0,0.0,-0.873333333333333,1.0,0.0,0.0,1.0,3.0085470085470116,1.0,0.0,0.0,1.4035087719298238,0.0,0.0,0.0,1.0,0.0,0.0,0.42120343839541546,-0.39130434782608686,0.0,Dropout
2339,0.13725490198961926,-0.06666666666666665,-0.3333333333333333,0.9087119633180487,-0.3333333333333332,-0.75,0.0,1.0,1.0,0.0,-0.5,-0.47333333333333294,1.0,0.0,1.0,0.0,-0.3333333333333329,0.0,0.0,0.0,-0.5321637426900578,1.0,0.0,0.0,1.0,0.0,4.0,0.48710601719197705,-0.3478260869565217,0.0,Dropout
2340,0.7549019609429065,0.33333333333333326,0.0,1.4506044185077112,0.0,-0.5,0.0,1.0,0.0,1.0,-0.5,-0.7399999999999997,1.0,0.0,0.0,1.0,-0.17948717948717918,0.0,0.0,0.0,-0.6608187134502919,1.0,0.0,0.0,1.0,0.0,0.0,0.48710601719197705,-0.3478260869565217,0.0,Enrolled
2342,-0.09803921570687095,-0.06666666666666665,-0.3333333333333333,0.0750312630262608,0.6666666666666667,0.0,0.0,1.0,0.0,1.0,-0.5,0.3933333333333337,1.0,0.0,0.0,1.0,-0.05982905982906013,0.0,0.0,0.0,0.4152046783625726,1.0,0.0,0.0,1.0,0.0,3.0,0.0,0.5217391304347826,0.0,Enrolled
2343,0.14705882405050236,0.33333333333333326,4.333333333333333,-0.2723356940391831,0.03703703703703727,3.5,0.0,1.0,0.0,1.0,6.0,1.1266666666666671,1.0,0.0,0.0,1.0,0.44444444444444514,0.0,0.0,0.0,1.4035087719298238,0.0,0.0,0.0,1.0,0.0,0.0,-1.2550143266475644,0.608695652173913,0.0,Graduate
2344,-0.03921568628274831,-0.06666666666666665,-0.3333333333333333,0.28345143809920775,0.0,-0.5,0.0,1.0,0.0,1.0,-0.5,-1.1399999999999997,1.0,0.0,0.0,1.0,0.658119658119659,0.0,0.0,0.0,-0.43859649122806993,0.0,0.0,0.0,1.0,0.0,1.0,0.0,0.5217391304347826,0.0,Graduate
2345,0.21393557406455246,0.33333333333333326,0.6666666666666666,-0.08277258441017064,-0.09523809523809526,0.0,0.0,1.0,0.0,1.0,0.5,-0.20666666666666628,1.0,0.0,0.0,1.0,0.5384615384615388,0.0,0.0,1.0,0.29824561403508726,0.0,0.0,0.0,1.0,0.0,0.0,0.42120343839541546,-0.39130434782608686,0.0,Graduate
2346,0.14260249530625085,-0.030303030303030276,1.3333333333333333,0.7929229762401,0.2727272727272726,1.75,0.0,1.0,0.0,1.0,2.5,1.1266666666666671,0.0,1.0,0.0,1.0,0.47008547008547175,0.0,0.0,0.0,1.4210526315789473,0.0,0.0,0.0,0.0,0.0,0.0,0.9140401146131805,0.0,0.0,Graduate
2347,-0.34313725497404846,-0.3333333333333335,-0.3333333333333333,0.0750312630262608,2.7222222222222223,2.25,0.0,1.0,0.0,1.0,0.0,-0.07333333333333296,1.0,0.0,0.0,1.0,-0.5384615384615388,0.0,0.0,0.0,-0.3216374269005846,0.0,0.0,0.0,1.0,0.0,0.0,0.1346704871060172,-0.7391304347826085,0.0,Enrolled
2349,-1.5686274513099354,-1.6666666666666667,-1.6666666666666667,-5.1354731137974134,-1.9999999999999996,-2.0,0.0,1.0,0.0,1.0,0.0,0.0,0.0,1.0,0.0,1.0,-0.22222222222222196,1.0,0.0,0.0,-0.040935672514620026,0.0,0.0,0.0,1.0,0.0,0.0,0.42120343839541546,-0.39130434782608686,0.0,Dropout
2350,0.29411764761080894,0.33333333333333326,0.3333333333333333,0.14450465610671082,-0.3333333333333332,-0.5,0.0,1.0,0.0,1.0,0.0,-0.873333333333333,1.0,0.0,0.0,1.0,1.3846153846153861,1.0,0.0,0.0,0.2923976608187133,0.0,0.0,0.0,1.0,0.0,0.0,0.42120343839541546,-0.39130434782608686,0.0,Graduate
2351,0.1832107838007447,0.08333333333333326,0.6666666666666666,0.5395105085452272,-0.3333333333333332,0.0,0.0,1.0,0.0,1.0,1.0,0.8600000000000004,1.0,0.0,0.0,1.0,-1.1794871794871804,0.0,0.0,1.0,0.05847953216374266,0.0,0.0,0.0,1.0,0.0,0.0,-0.5787965616045845,1.0,0.0,Graduate
2352,-0.30812324908433963,-0.3333333333333335,2.3333333333333335,0.22390281784076668,0.9629629629629627,6.0,0.0,1.0,0.0,1.0,6.0,1.1266666666666671,1.0,0.0,0.0,1.0,0.44444444444444514,0.0,0.0,0.0,1.4035087719298238,0.0,0.0,0.0,0.0,0.0,0.0,-0.3553008595988538,-0.4782608695652173,0.0,Graduate
2353,0.07843137256549662,-0.06666666666666665,-0.3333333333333333,0.7002917882451017,0.3333333333333332,-0.25,0.0,1.0,0.0,1.0,-0.5,1.7933333333333337,1.0,0.0,0.0,1.0,-0.4786324786324798,0.0,1.0,0.0,1.356725146198829,0.0,0.0,0.0,1.0,0.0,0.0,0.0,0.5217391304347826,0.0,Graduate
2354,-0.1225490196335886,-0.3333333333333335,-0.3333333333333333,1.0129220508545222,0.22222222222222213,0.0,0.0,1.0,0.0,1.0,0.0,-0.5399999999999996,0.0,1.0,0.0,1.0,0.14529914529914567,0.0,0.0,0.0,-0.263157894736842,0.0,0.0,0.0,1.0,0.0,0.0,-0.5787965616045845,1.0,0.0,Graduate
2355,-1.5686274513099354,-1.6666666666666667,-1.6666666666666667,-5.1354731137974134,-1.9999999999999996,-2.0,0.0,1.0,0.0,1.0,0.0,-0.5399999999999996,1.0,0.0,0.0,1.0,1.4957264957264984,0.0,1.0,0.0,0.6608187134502927,0.0,0.0,0.0,1.0,0.0,1.0,0.0,0.5217391304347826,0.0,Dropout
2356,0.43504901969924,0.33333333333333326,0.3333333333333333,0.5439766569403915,0.22222222222222213,0.0,0.0,1.0,0.0,1.0,0.0,-0.7399999999999997,1.0,0.0,0.0,1.0,0.2393162393162393,0.0,0.0,0.0,-0.37426900584795336,0.0,0.0,0.0,1.0,0.0,3.0,0.48710601719197705,-0.3478260869565217,0.0,Graduate
2357,-1.5686274513099354,-1.6666666666666667,-1.6666666666666667,-5.1354731137974134,-1.9999999999999996,-2.0,0.0,1.0,0.0,1.0,-3.0,0.32666666666666705,1.0,0.0,0.0,1.0,0.7435897435897445,0.0,1.0,0.0,0.9064327485380113,0.0,0.0,0.0,1.0,0.0,0.0,0.0,0.5217391304347826,0.0,Graduate
2358,-0.41176470596885795,-0.3333333333333335,-0.3333333333333333,-0.2167569820758647,1.3333333333333333,1.0,0.0,1.0,0.0,1.0,0.0,1.1266666666666671,1.0,0.0,0.0,1.0,0.44444444444444514,0.0,0.0,0.0,1.4035087719298238,0.0,0.0,0.0,0.0,0.0,0.0,-0.3553008595988538,-0.4782608695652173,0.0,Dropout
2359,0.6556372550396995,0.33333333333333326,0.3333333333333333,1.1692371821592324,0.22222222222222213,0.0,0.0,1.0,0.0,1.0,0.0,0.46000000000000035,1.0,0.0,0.0,1.0,-2.1196581196581215,1.0,0.0,0.0,-0.9356725146198825,0.0,0.0,0.0,1.0,0.0,0.0,-0.3553008595988538,-0.4782608695652173,0.0,Graduate
2360,-0.4411764706809194,-0.3333333333333335,-0.3333333333333333,-0.34180908711963315,0.7777777777777779,0.5,0.0,1.0,0.0,1.0,0.0,-1.3399999999999996,1.0,0.0,0.0,1.0,0.20512820512820581,0.0,0.0,0.0,-0.9239766081871339,0.0,0.0,0.0,1.0,0.0,4.0,-0.98567335243553,-0.9565217391304347,0.0,Dropout
2361,-1.2745098041893226,-1.2666666666666666,-1.3333333333333333,-0.9670696123384741,1.9999999999999996,1.0,0.0,1.0,1.0,0.0,-0.5,0.3933333333333337,1.0,0.0,1.0,0.0,-2.0085470085470103,1.0,0.0,0.0,-0.9181286549707599,1.0,0.0,0.0,1.0,0.0,0.0,0.9140401146131805,0.0,0.0,Enrolled
2362,-1.5686274513099354,-1.6666666666666667,-1.6666666666666667,-5.1354731137974134,1.3333333333333333,0.0,0.0,1.0,0.0,1.0,-1.0,0.0,1.0,0.0,0.0,1.0,-0.6752136752136751,0.0,0.0,0.0,-0.35087719298245595,0.0,0.0,0.0,1.0,0.0,0.0,-0.98567335243553,-0.9565217391304347,0.0,Dropout
2363,-0.6568627455301531,-0.4666666666666668,-0.6666666666666666,-0.8281228303459771,1.0,0.25,0.0,1.0,0.0,1.0,-0.5,-1.0066666666666664,1.0,0.0,0.0,1.0,0.11965811965812026,0.0,1.0,0.0,-0.6900584795321633,0.0,0.0,0.0,1.0,0.0,4.0,0.42120343839541546,-0.39130434782608686,0.0,Graduate
2364,-1.5686274513099354,-1.6666666666666667,-1.6666666666666667,-5.1354731137974134,1.0,0.25,0.0,1.0,0.0,1.0,-0.5,0.46000000000000035,1.0,0.0,0.0,1.0,0.44444444444444514,0.0,0.0,0.0,0.8187134502923973,1.0,0.0,0.0,0.0,0.0,0.0,0.4068767908309455,0.0,0.0,Enrolled
2365,-0.3921568628274839,-0.3333333333333335,-0.3333333333333333,-0.13338891204668618,0.5,0.25,0.0,1.0,0.0,1.0,0.0,0.726666666666667,0.0,1.0,0.0,1.0,-0.5128205128205121,0.0,1.0,0.0,0.39766081871345077,0.0,0.0,0.0,1.0,0.0,0.0,-1.2550143266475644,0.608695652173913,0.0,Enrolled
2366,0.46568627411744096,0.33333333333333326,0.3333333333333333,0.6308183951646517,-0.3333333333333332,-0.5,0.0,1.0,0.0,1.0,0.0,-0.5399999999999996,1.0,0.0,0.0,1.0,0.14529914529914567,0.0,0.0,0.0,-0.263157894736842,0.0,0.0,0.0,1.0,0.0,0.0,0.9140401146131805,0.0,0.0,Graduate
2367,-0.2018454445349074,-0.1372549019607845,2.6666666666666665,-0.0692596290120886,-0.1372549019607842,2.75,0.0,1.0,1.0,0.0,5.5,-0.13999999999999962,1.0,0.0,1.0,0.0,0.11965811965812026,0.0,1.0,0.0,0.07017543859649136,0.0,0.0,0.0,1.0,0.0,0.0,0.48710601719197705,-0.3478260869565217,0.0,Enrolled
2370,-1.0392156864928321,-1.2666666666666666,-1.3333333333333333,2.367653188828678,1.6666666666666667,0.75,0.0,1.0,0.0,1.0,-0.5,0.0,1.0,0.0,0.0,1.0,-0.6752136752136751,1.0,0.0,0.0,-0.35087719298245595,0.0,0.0,0.0,1.0,0.0,0.0,0.4068767908309455,0.0,0.0,Dropout
2371,0.09103641521520367,0.33333333333333326,0.3333333333333333,-0.43113201750729485,1.0555555555555554,0.75,0.0,1.0,0.0,1.0,0.0,0.46000000000000035,1.0,0.0,0.0,1.0,0.44444444444444514,0.0,0.0,0.0,0.8187134502923973,0.0,0.0,0.0,1.0,0.0,0.0,-0.3553008595988538,-0.4782608695652173,0.0,Enrolled
2372,-1.5686274513099354,-1.6666666666666667,-1.6666666666666667,-5.1354731137974134,-1.9999999999999996,-2.0,0.0,1.0,0.0,1.0,-3.0,0.3933333333333337,0.0,1.0,0.0,1.0,0.26495726495726596,0.0,1.0,0.0,0.6374269005847953,0.0,0.0,0.0,1.0,0.0,4.0,-0.98567335243553,-0.9565217391304347,0.0,Graduate
2373,-1.5686274513099354,-1.6666666666666667,-1.6666666666666667,-5.1354731137974134,-1.9999999999999996,-2.0,0.0,1.0,0.0,1.0,-3.0,-0.5399999999999996,1.0,0.0,0.0,1.0,-0.2393162393162393,0.0,0.0,0.0,-0.526315789473684,0.0,0.0,0.0,1.0,0.0,2.0,0.4068767908309455,0.0,0.0,Enrolled
2375,0.049019607853435634,-0.06666666666666665,-0.3333333333333333,0.5960817007086282,2.333333333333333,1.25,0.0,1.0,0.0,1.0,-0.5,1.1266666666666671,1.0,0.0,0.0,1.0,1.2991452991453007,1.0,0.0,0.0,1.9883040935672505,0.0,0.0,0.0,1.0,0.0,0.0,-0.98567335243553,-0.9565217391304347,0.0,Enrolled
2376,-0.2696078431938952,-0.3333333333333335,-0.3333333333333333,0.3876615256356813,0.5,0.25,1.0,0.0,1.0,0.0,0.0,-2.5399999999999996,1.0,0.0,0.0,1.0,0.44444444444444514,0.0,1.0,0.0,-1.8128654970760225,0.0,0.0,0.0,1.0,0.0,0.0,-0.5787965616045845,1.0,0.0,Dropout
2377,0.10784313727755826,-0.06666666666666665,-0.3333333333333333,0.8045018757815753,0.3333333333333332,-0.25,0.0,1.0,0.0,1.0,-0.5,1.1266666666666671,0.0,1.0,0.0,1.0,0.34188034188034344,1.0,0.0,0.0,1.3333333333333333,0.0,0.0,0.0,1.0,0.0,0.0,-0.5787965616045845,1.0,0.0,Graduate
2378,-1.5686274513099354,-1.6666666666666667,-1.6666666666666667,-5.1354731137974134,1.0,0.25,1.0,0.0,1.0,0.0,-0.5,-0.873333333333333,1.0,0.0,0.0,1.0,-0.4102564102564104,1.0,0.0,0.0,-0.9356725146198825,0.0,0.0,0.0,1.0,0.0,0.0,-0.98567335243553,-0.9565217391304347,0.0,Dropout
2379,-0.46568627460763706,-0.3333333333333335,1.0,-0.4460191746561067,-0.3333333333333332,1.0,1.0,0.0,1.0,0.0,3.0,0.19333333333333372,1.0,0.0,0.0,1.0,0.26495726495726596,0.0,0.0,0.0,0.46198830409356734,0.0,0.0,0.0,1.0,0.0,0.0,0.0,0.5217391304347826,0.0,Dropout
2380,0.4166666667542018,0.33333333333333326,0.3333333333333333,0.4918716131721548,-0.05555555555555535,-0.25,0.0,1.0,0.0,1.0,0.0,-0.006666666666666288,0.0,1.0,0.0,1.0,-0.17948717948717918,0.0,1.0,0.0,-0.017543859649122633,0.0,0.0,0.0,1.0,0.0,0.0,0.42120343839541546,-0.39130434782608686,0.0,Graduate
2381,-0.01633986887598167,0.0,0.0,0.14450465610671082,0.22222222222222213,0.0,0.0,1.0,0.0,1.0,0.0,-0.5399999999999996,0.0,1.0,0.0,1.0,-0.27350427350427403,0.0,0.0,0.0,-0.5497076023391814,0.0,0.0,0.0,1.0,0.0,0.0,-0.3553008595988538,-0.4782608695652173,0.0,Graduate
2382,0.661764706511575,0.33333333333333326,0.3333333333333333,1.1866055314714457,-0.3333333333333332,-0.5,0.0,1.0,0.0,1.0,0.0,-0.4066666666666663,0.0,1.0,0.0,1.0,1.641025641025643,0.0,1.0,0.0,0.8771929824561399,0.0,0.0,0.0,1.0,0.0,2.0,0.42120343839541546,-0.39130434782608686,0.0,Graduate
2384,-0.12254901963358843,0.0,1.6666666666666667,-0.2167569820758647,0.7777777777777779,3.0,0.0,1.0,1.0,0.0,3.0,-0.20666666666666628,1.0,0.0,1.0,0.0,0.44444444444444514,0.0,0.0,0.0,0.23391812865497064,0.0,0.0,0.0,1.0,0.0,0.0,0.9140401146131805,0.0,0.0,Enrolled
2385,-0.21568627455511621,-0.06666666666666665,-0.3333333333333333,-0.34180908711963315,1.3333333333333333,0.5,0.0,1.0,0.0,1.0,-0.5,-0.4066666666666663,1.0,0.0,0.0,1.0,-0.5128205128205133,0.0,0.0,0.0,-0.5964912280701753,1.0,0.0,0.0,1.0,0.0,0.0,0.1346704871060172,-0.7391304347826085,0.0,Enrolled
2386,0.563725490314508,0.33333333333333326,0.3333333333333333,0.9087119633180487,-0.3333333333333332,-0.5,0.0,1.0,0.0,1.0,0.0,0.46000000000000035,1.0,0.0,0.0,1.0,0.44444444444444514,0.0,0.0,0.0,0.8187134502923973,0.0,0.0,0.0,0.0,0.0,0.0,0.42120343839541546,-0.39130434782608686,1.0,Graduate
2388,-1.5686274513099354,-1.6666666666666667,-1.6666666666666667,-5.1354731137974134,-1.9999999999999996,-2.0,1.0,0.0,1.0,0.0,-3.0,0.12666666666666704,1.0,0.0,1.0,0.0,0.658119658119659,0.0,1.0,0.0,0.6725146198830406,0.0,0.0,0.0,1.0,0.0,0.0,-0.5787965616045845,1.0,0.0,Graduate
2389,-0.2980392157488876,-0.06666666666666665,-0.3333333333333333,-0.6335973322217586,0.6666666666666667,0.0,0.0,1.0,0.0,1.0,-0.5,-0.07333333333333296,0.0,1.0,0.0,1.0,-0.5128205128205133,0.0,0.0,0.0,-0.304093567251462,0.0,0.0,0.0,1.0,0.0,3.0,0.48710601719197705,-0.3478260869565217,0.0,Dropout
2390,-1.5686274513099354,-1.6666666666666667,-1.6666666666666667,-5.1354731137974134,0.0,-0.5,0.0,1.0,0.0,1.0,-0.5,-1.5399999999999996,1.0,0.0,0.0,1.0,2.709401709401712,1.0,0.0,0.0,0.6140350877192979,0.0,0.0,0.0,1.0,0.0,1.0,0.1346704871060172,-0.7391304347826085,0.0,Dropout
2391,-0.5602240896274978,-0.4666666666666668,0.3333333333333333,-0.3715833972488537,1.8333333333333328,3.75,1.0,0.0,1.0,0.0,2.0,-0.20666666666666628,1.0,0.0,1.0,0.0,-0.2393162393162393,1.0,0.0,0.0,-0.23391812865497064,0.0,0.0,0.0,1.0,0.0,0.0,-1.2550143266475644,0.608695652173913,0.0,Dropout
2392,-0.5182072830220323,-0.523809523809524,1.0,0.0750312630262608,0.857142857142857,4.0,0.0,1.0,0.0,1.0,4.0,-0.20666666666666628,1.0,0.0,0.0,1.0,0.44444444444444514,0.0,0.0,0.0,0.23391812865497064,0.0,0.0,0.0,1.0,0.0,0.0,-1.2550143266475644,0.608695652173913,0.0,Dropout
2393,-0.7745098040842805,-0.8666666666666667,-1.0,0.4918716131721548,1.6666666666666667,0.75,0.0,1.0,0.0,1.0,-0.5,0.12666666666666704,1.0,0.0,0.0,1.0,-0.2991452991452994,0.0,1.0,0.0,0.017543859649122633,0.0,0.0,0.0,1.0,0.0,0.0,0.9140401146131805,0.0,0.0,Enrolled
2394,-1.5686274513099354,-1.6666666666666667,-1.6666666666666667,-5.1354731137974134,-0.3333333333333332,-0.5,0.0,1.0,0.0,1.0,0.0,0.0,1.0,0.0,0.0,1.0,-2.555555555555557,0.0,1.0,0.0,-1.6374269005847946,0.0,0.0,0.0,1.0,0.0,0.0,0.4068767908309455,0.0,0.0,Dropout
2395,0.30637254908397166,0.33333333333333326,0.0,0.1792413505627343,0.6666666666666667,0.0,0.0,1.0,0.0,1.0,-0.5,0.12666666666666704,0.0,1.0,0.0,1.0,-0.7521367521367526,0.0,0.0,0.0,-0.2923976608187133,0.0,0.0,0.0,1.0,0.0,2.0,0.1346704871060172,-0.7391304347826085,0.0,Graduate
2396,-0.7352941180466303,-0.6666666666666667,-0.6666666666666666,-0.4112824802000832,2.7222222222222223,2.25,0.0,1.0,0.0,1.0,0.0,-0.33999999999999964,1.0,0.0,0.0,1.0,0.11965811965812026,0.0,0.0,0.0,-0.10526315789473663,0.0,0.0,0.0,1.0,0.0,0.0,-1.2550143266475644,0.608695652173913,0.0,Enrolled
2401,-0.7230392158381734,-0.6666666666666667,-0.3333333333333333,-0.34180908711963315,0.0833333333333334,0.5,0.0,1.0,0.0,1.0,1.0,-2.206666666666666,1.0,0.0,0.0,1.0,1.427350427350429,1.0,0.0,0.0,-0.8479532163742686,0.0,0.0,0.0,0.0,0.0,0.0,0.4068767908309455,0.0,0.0,Dropout
2403,-0.5098039216757291,-0.4666666666666668,-0.6666666666666666,-0.13338891204668618,1.0,0.25,1.0,0.0,1.0,0.0,-0.5,-0.6066666666666662,1.0,0.0,0.0,1.0,-0.27350427350427403,0.0,1.0,0.0,-0.608187134502924,0.0,0.0,0.0,1.0,0.0,0.0,-0.98567335243553,-0.9565217391304347,0.0,Dropout
2405,-0.481232493098298,-0.523809523809524,-0.3333333333333333,0.2584410170904539,0.857142857142857,1.0,1.0,0.0,1.0,0.0,0.5,0.5933333333333337,1.0,0.0,1.0,0.0,-0.8376068376068382,0.0,1.0,1.0,0.05847953216374266,0.0,0.0,0.0,1.0,0.0,0.0,0.42120343839541546,-0.39130434782608686,0.0,Dropout
2407,-1.5686274513099354,-1.6666666666666667,-1.6666666666666667,-5.1354731137974134,-1.9999999999999996,-2.0,0.0,1.0,0.0,1.0,-3.0,-1.5399999999999996,1.0,0.0,0.0,1.0,0.10256410256410291,1.0,0.0,0.0,-1.1695906432748533,0.0,0.0,0.0,0.0,0.0,0.0,0.0,0.5217391304347826,0.0,Graduate
2409,-1.5686274513099354,-1.6666666666666667,-1.6666666666666667,-5.1354731137974134,-1.9999999999999996,-2.0,0.0,1.0,0.0,1.0,-0.5,-1.4066666666666663,1.0,0.0,0.0,1.0,-0.03418803418803349,0.0,0.0,0.0,-1.1461988304093558,0.0,0.0,0.0,1.0,0.0,0.0,0.9140401146131805,0.0,0.0,Dropout
2410,-0.24509803926717735,-0.06666666666666665,-0.3333333333333333,-0.4460191746561067,0.6666666666666667,0.0,0.0,1.0,0.0,1.0,-0.5,-2.206666666666666,1.0,0.0,0.0,1.0,2.6068376068376096,1.0,0.0,0.0,-0.040935672514620026,0.0,0.0,0.0,1.0,0.0,0.0,0.0,0.5217391304347826,0.0,Dropout
2411,-1.5686274513099354,-1.6666666666666667,-1.6666666666666667,-5.1354731137974134,-0.3333333333333332,-0.75,0.0,1.0,0.0,1.0,-0.5,-0.20666666666666628,1.0,0.0,0.0,1.0,0.44444444444444514,0.0,0.0,0.0,0.23391812865497064,1.0,0.0,1.0,0.0,1.0,0.0,0.4068767908309455,0.0,0.0,Dropout
2412,-0.46568627460763706,-0.3333333333333335,-0.3333333333333333,-0.4460191746561067,1.6111111111111107,1.25,1.0,0.0,1.0,0.0,0.0,0.0,1.0,0.0,0.0,1.0,-1.0170940170940173,1.0,0.0,0.0,-0.5847953216374266,0.0,0.0,1.0,1.0,1.0,0.0,0.4068767908309455,0.0,0.0,Dropout
2413,-0.6274509802298565,-0.4666666666666668,-0.6666666666666666,-0.689176044185077,1.6666666666666667,0.75,0.0,1.0,0.0,1.0,-0.5,1.1266666666666671,1.0,0.0,0.0,1.0,-2.1196581196581215,1.0,0.0,0.0,-0.35087719298245595,0.0,0.0,0.0,1.0,0.0,1.0,-0.98567335243553,-0.9565217391304347,0.0,Enrolled
2415,-0.20098039219908523,-0.06666666666666665,1.0,-0.28970404335139643,1.1666666666666665,2.75,0.0,1.0,0.0,1.0,2.0,-0.20666666666666628,1.0,0.0,0.0,1.0,-0.5384615384615388,0.0,0.0,0.0,-0.43859649122806993,0.0,0.0,1.0,1.0,0.0,1.0,0.0,0.5217391304347826,0.0,Graduate
2416,-1.5686274513099354,-1.6666666666666667,-1.6666666666666667,-5.1354731137974134,1.0555555555555554,0.75,0.0,1.0,0.0,1.0,0.0,-0.27333333333333293,1.0,0.0,0.0,1.0,-0.4188034188034185,0.0,0.0,0.0,-0.4152046783625726,0.0,1.0,1.0,1.0,0.0,1.0,-0.98567335243553,-0.9565217391304347,0.0,Dropout
2417,-0.5637254903145081,-0.3333333333333335,-0.3333333333333333,-0.8628595248020007,0.22222222222222213,0.0,0.0,1.0,0.0,1.0,0.0,-0.4066666666666663,0.0,1.0,0.0,1.0,-0.2136752136752139,0.0,0.0,0.0,-0.391812865497076,0.0,0.0,0.0,1.0,0.0,1.0,-0.5787965616045845,1.0,0.0,Dropout
2420,0.4271708682269965,0.33333333333333326,0.6666666666666666,0.5216459233013753,-0.3333333333333332,-0.25,0.0,1.0,0.0,1.0,0.5,0.0,1.0,0.0,0.0,1.0,0.16239316239316426,1.0,0.0,0.0,0.22222222222222276,0.0,0.0,0.0,1.0,0.0,0.0,0.9140401146131805,0.0,0.0,Enrolled
2421,-1.5686274513099354,-1.6666666666666667,-1.6666666666666667,-5.1354731137974134,-1.9999999999999996,-2.0,0.0,1.0,0.0,1.0,0.0,0.46000000000000035,1.0,0.0,0.0,1.0,1.2991452991453007,1.0,0.0,0.0,1.4035087719298238,0.0,0.0,0.0,0.0,0.0,0.0,-0.3553008595988538,-0.4782608695652173,0.0,Dropout
2422,-1.5686274513099354,-1.6666666666666667,-1.6666666666666667,-5.1354731137974134,-0.3333333333333332,-0.75,0.0,1.0,0.0,1.0,-0.5,0.0,1.0,0.0,0.0,1.0,-1.3675213675213675,1.0,0.0,0.0,-0.8245614035087712,0.0,0.0,0.0,0.0,0.0,0.0,0.0,0.5217391304347826,0.0,Dropout
2423,0.6045751638525015,0.33333333333333326,0.3333333333333333,1.0245009503959974,0.5,0.25,0.0,1.0,0.0,1.0,0.0,-0.873333333333333,1.0,0.0,0.0,1.0,3.0170940170940197,1.0,0.0,0.0,1.4093567251461978,0.0,0.0,0.0,1.0,0.0,0.0,0.1346704871060172,-0.7391304347826085,0.0,Graduate
2424,-1.5686274513099354,-1.6666666666666667,-1.6666666666666667,-5.1354731137974134,0.22222222222222213,-1.0,0.0,1.0,0.0,1.0,-1.5,0.0,1.0,0.0,0.0,1.0,0.1794871794871804,1.0,0.0,0.0,0.23391812865497064,0.0,0.0,0.0,1.0,0.0,0.0,-0.3553008595988538,-0.4782608695652173,0.0,Dropout
2425,-1.5686274513099354,-1.6666666666666667,-1.6666666666666667,-5.1354731137974134,-0.3333333333333332,-1.5,0.0,1.0,0.0,1.0,-2.0,-0.873333333333333,1.0,0.0,0.0,1.0,1.1282051282051295,1.0,0.0,0.0,0.11695906432748532,1.0,0.0,0.0,1.0,0.0,1.0,0.0,0.5217391304347826,0.0,Dropout
2426,-1.5686274513099354,-1.6666666666666667,-1.6666666666666667,-5.1354731137974134,-0.3333333333333332,-1.0,1.0,0.0,1.0,0.0,-1.0,0.0,1.0,0.0,0.0,1.0,-2.170940170940172,1.0,0.0,0.0,-1.3742690058479525,0.0,0.0,0.0,0.0,0.0,1.0,-0.5787965616045845,1.0,0.0,Dropout
2427,-1.5686274513099354,-1.6666666666666667,-1.6666666666666667,-5.1354731137974134,1.3333333333333333,0.5,1.0,0.0,1.0,0.0,-0.5,0.0,1.0,0.0,0.0,1.0,-2.170940170940172,1.0,0.0,0.0,-1.3742690058479525,0.0,0.0,0.0,1.0,0.0,1.0,-1.2550143266475644,0.608695652173913,0.0,Dropout
2428,0.10784313727755826,0.33333333333333326,0.0,-0.38349312213422243,-0.3333333333333332,-0.75,0.0,1.0,0.0,1.0,-0.5,-2.206666666666666,0.0,1.0,0.0,1.0,1.2991452991453007,1.0,0.0,0.0,-0.9356725146198825,0.0,0.0,0.0,1.0,0.0,1.0,-0.98567335243553,-0.9565217391304347,0.0,Graduate
2430,-0.4068627447423381,-0.26666666666666683,0.6666666666666666,-0.43113201750729485,0.0,1.0,0.0,1.0,0.0,1.0,2.0,-0.873333333333333,1.0,0.0,0.0,1.0,1.1452991452991457,0.0,0.0,0.0,0.1286549707602332,1.0,1.0,1.0,1.0,1.0,0.0,-0.98567335243553,-0.9565217391304347,1.0,Dropout
2431,-0.4411764706809194,-0.3333333333333335,-0.3333333333333333,-0.34180908711963315,1.3333333333333333,1.0,0.0,1.0,0.0,1.0,0.0,-0.33999999999999964,0.0,1.0,0.0,1.0,-0.5384615384615388,0.0,1.0,0.0,-0.5555555555555552,0.0,0.0,0.0,1.0,0.0,0.0,0.4068767908309455,0.0,0.0,Graduate
2433,0.2696078431938952,0.33333333333333326,0.3333333333333333,0.0750312630262608,-0.3333333333333332,-0.5,0.0,1.0,0.0,1.0,0.0,0.8600000000000004,0.0,1.0,0.0,1.0,-0.5726495726495735,0.0,1.0,0.0,0.4736842105263152,0.0,0.0,0.0,1.0,0.0,2.0,0.4068767908309455,0.0,0.0,Dropout
2435,-1.5686274513099354,-1.6666666666666667,-1.6666666666666667,-5.1354731137974134,1.6666666666666667,0.75,0.0,1.0,0.0,1.0,-0.5,1.7933333333333337,1.0,0.0,0.0,1.0,-2.974358974358977,0.0,0.0,0.0,-0.35087719298245595,0.0,0.0,0.0,1.0,0.0,0.0,-0.98567335243553,-0.9565217391304347,0.0,Enrolled
2436,0.34313725497404846,0.33333333333333326,0.0,0.28345143809920775,1.3333333333333333,0.5,0.0,1.0,0.0,1.0,-0.5,1.1266666666666671,1.0,0.0,0.0,1.0,-0.9658119658119665,0.0,0.0,0.0,0.43859649122806993,1.0,0.0,0.0,1.0,0.0,0.0,-0.98567335243553,-0.9565217391304347,0.0,Graduate
2437,-0.11204481840589174,-0.22222222222222232,2.6666666666666665,0.5811945435598164,0.5,4.75,0.0,1.0,0.0,1.0,6.0,-0.20666666666666628,1.0,0.0,0.0,1.0,-1.264957264957266,1.0,0.0,0.0,-0.9356725146198825,0.0,0.0,0.0,1.0,0.0,0.0,-1.2550143266475644,0.608695652173913,0.0,Graduate
2438,-0.4803921572577854,-0.4666666666666668,-0.6666666666666666,0.005557869945810766,1.0,0.25,0.0,1.0,0.0,1.0,-0.5,-1.473333333333333,0.0,1.0,0.0,1.0,0.14529914529914567,0.0,1.0,0.0,-1.0818713450292392,1.0,0.0,0.0,1.0,0.0,3.0,0.48710601719197705,-0.3478260869565217,0.0,Dropout
2439,-0.3575547864361315,-0.37254901960784315,2.0,0.1697677073780737,1.0392156862745097,5.75,1.0,0.0,1.0,0.0,5.5,-0.20666666666666628,1.0,0.0,0.0,1.0,0.44444444444444514,0.0,0.0,0.0,0.23391812865497064,0.0,0.0,0.0,0.0,0.0,0.0,-1.2550143266475644,0.608695652173913,0.0,Dropout
2442,-0.1715686274870239,0.0,0.0,-0.38349312213422243,0.22222222222222213,0.0,0.0,1.0,0.0,1.0,0.0,-2.206666666666666,1.0,0.0,0.0,1.0,1.153846153846155,1.0,0.0,0.0,-1.0350877192982453,0.0,0.0,0.0,1.0,0.0,0.0,0.0,0.5217391304347826,0.0,Enrolled
2444,1.2071078433908486,0.33333333333333326,0.3333333333333333,2.732388495206335,0.22222222222222213,0.0,0.0,1.0,0.0,1.0,0.0,-1.5399999999999996,1.0,0.0,0.0,1.0,3.8632478632478673,1.0,0.0,0.0,1.4035087719298238,0.0,0.0,0.0,0.0,0.0,0.0,-0.3553008595988538,-0.4782608695652173,0.0,Graduate
2445,-1.5686274513099354,-1.6666666666666667,-1.6666666666666667,-5.1354731137974134,1.3333333333333333,1.0,0.0,1.0,0.0,1.0,0.0,0.0,1.0,0.0,0.0,1.0,1.2735042735042765,0.0,1.0,0.0,0.9824561403508774,0.0,1.0,1.0,1.0,1.0,0.0,0.0,0.5217391304347826,1.0,Dropout
2446,-0.14005602285855523,0.04761904761904745,0.3333333333333333,-0.4112824802000832,1.5714285714285712,1.75,0.0,1.0,0.0,1.0,0.5,-0.873333333333333,1.0,0.0,0.0,1.0,-1.264957264957266,1.0,0.0,1.0,-1.5204678362573092,0.0,0.0,0.0,1.0,0.0,0.0,-0.3553008595988538,-0.4782608695652173,0.0,Enrolled
2448,-1.1675579325090997,-1.3030303030303032,-1.0,1.1171321383909958,-0.18181818181818185,1.0,0.0,1.0,0.0,1.0,2.5,0.0,1.0,0.0,0.0,1.0,2.4444444444444478,1.0,0.0,0.0,1.7836257309941512,0.0,0.0,0.0,0.0,0.0,0.0,-0.3553008595988538,-0.4782608695652173,0.0,Graduate
2449,-1.5686274513099354,-1.6666666666666667,-1.6666666666666667,-5.1354731137974134,1.3333333333333333,0.5,1.0,0.0,1.0,0.0,-0.5,-0.873333333333333,1.0,0.0,1.0,0.0,-1.3846153846153861,1.0,0.0,0.0,-1.6023391812865493,1.0,0.0,0.0,0.0,0.0,0.0,0.42120343839541546,-0.39130434782608686,0.0,Dropout
2450,0.5228758167765145,0.33333333333333326,1.3333333333333333,0.7929229762401,-0.3333333333333332,0.25,0.0,1.0,0.0,1.0,1.5,-0.20666666666666628,1.0,0.0,0.0,1.0,0.44444444444444514,0.0,0.0,0.0,0.23391812865497064,0.0,0.0,0.0,0.0,0.0,0.0,-0.5787965616045845,1.0,0.0,Dropout
2451,-1.5686274513099354,-1.6666666666666667,-1.6666666666666667,-5.1354731137974134,-1.9999999999999996,-2.0,1.0,0.0,1.0,0.0,-3.0,-0.20666666666666628,1.0,0.0,1.0,0.0,-0.5726495726495735,0.0,1.0,0.0,-0.46198830409356734,0.0,0.0,0.0,1.0,0.0,0.0,-0.98567335243553,-0.9565217391304347,0.0,Enrolled
2452,-0.5602240897535485,-0.523809523809524,-0.3333333333333333,-0.13338891204668618,1.3333333333333333,1.5,1.0,0.0,1.0,0.0,0.5,-2.206666666666666,1.0,0.0,1.0,0.0,2.153846153846156,1.0,0.0,0.0,-0.35087719298245595,0.0,0.0,0.0,1.0,0.0,0.0,-1.2550143266475644,0.608695652173913,0.0,Dropout
2453,0.28431372554992584,0.33333333333333326,0.0,0.11671529804085004,1.0,0.25,0.0,1.0,0.0,1.0,-0.5,0.5933333333333337,1.0,0.0,0.0,1.0,-0.777777777777778,0.0,1.0,0.0,0.09941520467836269,0.0,0.0,0.0,1.0,0.0,0.0,-0.5787965616045845,1.0,0.0,Graduate
2455,-1.5686274513099354,-1.6666666666666667,-1.6666666666666667,-5.1354731137974134,-0.3333333333333332,-0.75,0.0,1.0,0.0,1.0,-0.5,0.9933333333333337,0.0,1.0,0.0,1.0,0.4188034188034185,0.0,0.0,0.0,1.2690058479532151,1.0,0.0,0.0,1.0,0.0,0.0,-0.98567335243553,-0.9565217391304347,0.0,Dropout
2456,0.563725490314508,0.33333333333333326,0.3333333333333333,0.9087119633180487,0.22222222222222213,0.0,0.0,1.0,0.0,1.0,0.0,2.4600000000000004,1.0,0.0,0.0,1.0,0.44444444444444514,0.0,0.0,0.0,2.573099415204677,0.0,0.0,0.0,0.0,0.0,0.0,-0.3553008595988538,-0.4782608695652173,0.0,Graduate
2457,0.563725490314508,0.33333333333333326,0.3333333333333333,0.9087119633180487,-0.3333333333333332,-0.5,0.0,1.0,0.0,1.0,0.0,-1.5399999999999996,1.0,0.0,0.0,1.0,0.46153846153846245,1.0,0.0,0.0,-0.9239766081871339,0.0,0.0,0.0,1.0,0.0,0.0,0.48710601719197705,-0.3478260869565217,0.0,Graduate
2458,-0.6862745099480968,-0.4666666666666668,-0.6666666666666666,-0.9670696123384741,1.9999999999999996,1.0,0.0,1.0,0.0,1.0,-0.5,2.193333333333334,1.0,0.0,0.0,1.0,-1.2307692307692313,0.0,1.0,0.0,1.1929824561403506,0.0,0.0,0.0,1.0,0.0,0.0,0.0,0.5217391304347826,0.0,Enrolled
2459,-1.5686274513099354,-1.6666666666666667,-1.6666666666666667,-5.1354731137974134,-1.9999999999999996,-2.0,0.0,1.0,0.0,1.0,-0.5,0.12666666666666704,1.0,0.0,0.0,1.0,-0.7521367521367526,0.0,0.0,0.0,-0.2923976608187133,1.0,0.0,0.0,1.0,0.0,1.0,0.42120343839541546,-0.39130434782608686,0.0,Dropout
2460,0.13725490198961926,0.33333333333333326,0.0,-0.3001250521050439,-0.3333333333333332,-0.75,0.0,1.0,0.0,1.0,-0.5,-0.006666666666666288,1.0,0.0,0.0,1.0,0.1794871794871804,0.0,1.0,0.0,0.2280701754385967,0.0,0.0,0.0,1.0,0.0,0.0,0.42120343839541546,-0.39130434782608686,0.0,Graduate
2461,-0.4166666667542016,-0.3333333333333335,-0.3333333333333333,-0.23759899958315966,0.7777777777777779,0.5,0.0,1.0,0.0,1.0,0.0,0.0,1.0,0.0,0.0,1.0,0.3504273504273515,1.0,0.0,0.0,0.35087719298245595,0.0,0.0,0.0,1.0,0.0,0.0,-1.2550143266475644,0.608695652173913,0.0,Dropout
2462,-1.5686274513099354,-1.6666666666666667,-1.6666666666666667,-5.1354731137974134,-1.9999999999999996,-2.0,0.0,1.0,0.0,1.0,0.0,-0.8066666666666663,1.0,0.0,0.0,1.0,0.8632478632478648,0.0,0.0,0.0,-0.005847953216373934,0.0,0.0,0.0,1.0,0.0,2.0,0.1346704871060172,-0.7391304347826085,0.0,Dropout
2463,-1.5686274513099354,-1.6666666666666667,-1.6666666666666667,-5.1354731137974134,-1.9999999999999996,-2.0,0.0,1.0,0.0,1.0,-3.0,1.726666666666667,1.0,0.0,0.0,1.0,1.0170940170940173,0.0,1.0,0.0,2.321637426900583,0.0,0.0,0.0,1.0,0.0,0.0,-0.98567335243553,-0.9565217391304347,0.0,Dropout
2464,-1.5686274513099354,-1.6666666666666667,-1.6666666666666667,-5.1354731137974134,-0.05555555555555535,-0.25,0.0,1.0,1.0,0.0,0.0,-0.20666666666666628,0.0,1.0,1.0,0.0,-0.17948717948717918,0.0,0.0,0.0,-0.19298245614035062,0.0,0.0,0.0,1.0,0.0,4.0,0.9140401146131805,0.0,0.0,Dropout
2465,-0.24509803926717735,-0.06666666666666665,-0.3333333333333333,-0.4460191746561067,0.3333333333333332,-0.25,1.0,0.0,1.0,0.0,-0.5,-0.8066666666666663,1.0,0.0,1.0,0.0,2.188034188034191,1.0,0.0,0.0,0.9005847953216373,0.0,0.0,0.0,1.0,0.0,0.0,0.4068767908309455,0.0,0.0,Dropout
2466,-0.15056022429633617,0.0,0.0,-0.3120347769904126,0.5,0.25,0.0,1.0,1.0,0.0,0.0,0.0,1.0,0.0,1.0,0.0,2.4358974358974397,1.0,0.0,0.0,1.7777777777777772,0.0,0.0,0.0,0.0,0.0,0.0,0.1346704871060172,-0.7391304347826085,0.0,Dropout
2467,-0.3921568628274838,-0.06666666666666665,-0.3333333333333333,-0.9670696123384741,0.3333333333333332,-0.25,0.0,1.0,0.0,1.0,-0.5,0.8600000000000004,1.0,0.0,0.0,1.0,0.658119658119659,0.0,1.0,0.0,1.31578947368421,1.0,0.0,0.0,1.0,0.0,0.0,0.4068767908309455,0.0,0.0,Enrolled
2470,-1.5686274513099354,-1.6666666666666667,-1.6666666666666667,-5.1354731137974134,-0.3333333333333332,-1.0,0.0,1.0,0.0,1.0,-1.0,-0.873333333333333,1.0,0.0,0.0,1.0,-0.8632478632478636,1.0,0.0,0.0,-1.2456140350877185,0.0,0.0,0.0,1.0,0.0,1.0,0.4068767908309455,0.0,0.0,Dropout
2471,-0.14705882356030642,0.0,0.0,-0.3001250521050439,1.6111111111111107,1.25,0.0,1.0,0.0,1.0,0.0,1.1266666666666671,1.0,0.0,0.0,1.0,0.44444444444444514,0.0,0.0,0.0,1.4035087719298238,0.0,0.0,0.0,0.0,0.0,0.0,0.1346704871060172,-0.7391304347826085,0.0,Enrolled
2472,-1.5686274513099354,-1.6666666666666667,-1.6666666666666667,-5.1354731137974134,-0.3333333333333332,-0.75,1.0,0.0,1.0,0.0,-0.5,-1.5399999999999996,1.0,0.0,0.0,1.0,0.44444444444444514,1.0,0.0,0.0,-0.9356725146198825,0.0,0.0,0.0,0.0,0.0,0.0,-0.5787965616045845,1.0,0.0,Dropout
2474,-1.5686274513099354,-1.6666666666666667,-1.6666666666666667,-5.1354731137974134,-1.9999999999999996,-2.0,1.0,0.0,1.0,0.0,0.0,0.0,1.0,0.0,0.0,1.0,-0.6752136752136751,1.0,0.0,0.0,-0.35087719298245595,0.0,0.0,0.0,1.0,0.0,0.0,0.1346704871060172,-0.7391304347826085,0.0,Dropout
2475,0.5392156858975943,0.33333333333333326,0.3333333333333333,0.8392385702375987,-0.3333333333333332,-0.5,0.0,1.0,0.0,1.0,0.0,0.0,1.0,0.0,0.0,1.0,-0.07692307692307628,0.0,1.0,0.0,0.05847953216374266,0.0,0.0,0.0,1.0,0.0,0.0,-1.2550143266475644,0.608695652173913,0.0,Graduate
2476,-1.5686274513099354,-1.6666666666666667,-1.6666666666666667,-5.1354731137974134,-0.05555555555555535,-0.25,1.0,0.0,1.0,0.0,0.0,0.0,1.0,0.0,1.0,0.0,2.0170940170940197,1.0,0.0,0.0,1.491228070175438,0.0,0.0,0.0,0.0,0.0,0.0,-0.3553008595988538,-0.4782608695652173,0.0,Dropout
2477,0.1577152600501839,0.0724637681159419,5.0,0.4918716131721548,-0.3333333333333332,3.75,0.0,1.0,0.0,1.0,8.5,-0.20666666666666628,0.0,1.0,0.0,1.0,0.1709401709401711,0.0,0.0,1.0,0.04678362573099396,0.0,0.0,0.0,1.0,0.0,1.0,0.0,0.5217391304347826,0.0,Graduate
2478,0.29411764761080894,0.33333333333333326,0.3333333333333333,0.14450465610671082,0.22222222222222213,0.0,0.0,1.0,0.0,1.0,0.0,1.7933333333333337,1.0,0.0,0.0,1.0,-1.1965811965811965,0.0,1.0,0.0,0.8654970760233921,0.0,0.0,0.0,1.0,0.0,0.0,0.0,0.5217391304347826,0.0,Enrolled
2479,0.2614145652509975,0.33333333333333326,0.6666666666666666,0.05180729887453126,-0.3333333333333332,-0.25,0.0,1.0,0.0,1.0,0.5,-0.33999999999999964,1.0,0.0,0.0,1.0,0.2393162393162393,0.0,1.0,1.0,-0.023391812865497397,0.0,0.0,0.0,1.0,0.0,0.0,0.42120343839541546,-0.39130434782608686,0.0,Graduate
2481,-1.5686274513099354,-1.6666666666666667,-1.6666666666666667,-5.1354731137974134,-1.9999999999999996,-2.0,0.0,1.0,0.0,1.0,-3.0,-0.873333333333333,1.0,0.0,0.0,1.0,0.44444444444444514,0.0,0.0,0.0,-0.35087719298245595,0.0,0.0,0.0,1.0,0.0,0.0,0.0,0.5217391304347826,0.0,Enrolled
2482,0.29411764761080894,0.33333333333333326,0.3333333333333333,0.14450465610671082,-0.3333333333333332,-0.5,0.0,1.0,0.0,1.0,0.0,0.46000000000000035,0.0,1.0,0.0,1.0,-0.29914529914529825,0.0,1.0,0.0,0.3099415204678368,0.0,0.0,0.0,1.0,0.0,0.0,0.42120343839541546,-0.39130434782608686,0.0,Graduate
2483,0.37254901968610943,0.33333333333333326,0.0,0.36681950812838626,-0.3333333333333332,-0.75,0.0,1.0,0.0,1.0,-0.5,-0.873333333333333,1.0,0.0,0.0,1.0,3.4957264957264984,1.0,0.0,0.0,1.7368421052631564,0.0,0.0,0.0,0.0,0.0,0.0,0.4068767908309455,0.0,0.0,Graduate
2484,-0.012254901963358827,0.0,1.6666666666666667,0.1583993330554393,0.7777777777777779,3.0,0.0,1.0,0.0,1.0,3.0,-0.20666666666666628,1.0,0.0,0.0,1.0,0.3162393162393168,0.0,0.0,0.0,0.14619883040935666,0.0,0.0,0.0,0.0,0.0,0.0,0.9140401146131805,0.0,0.0,Graduate
2486,-0.8921568629325258,-0.8666666666666667,-0.3333333333333333,-0.34180908711963315,-0.3333333333333332,0.5,1.0,0.0,1.0,0.0,2.0,0.0,1.0,0.0,0.0,1.0,-2.3846153846153864,1.0,0.0,0.0,-1.5204678362573092,0.0,0.0,0.0,1.0,0.0,0.0,-1.2550143266475644,0.608695652173913,0.0,Dropout
2487,-1.5686274513099354,-1.6666666666666667,-1.6666666666666667,-5.1354731137974134,-1.9999999999999996,-2.0,0.0,1.0,0.0,1.0,0.0,-1.5399999999999996,1.0,0.0,0.0,1.0,0.20512820512820581,1.0,0.0,0.0,-1.0994152046783618,0.0,0.0,0.0,1.0,0.0,0.0,-0.5787965616045845,1.0,0.0,Dropout
2488,-1.5686274513099354,-1.6666666666666667,-1.6666666666666667,-5.1354731137974134,-1.9999999999999996,-2.0,0.0,1.0,0.0,1.0,-0.5,0.9266666666666671,1.0,0.0,0.0,1.0,-0.21367521367521267,0.0,0.0,0.0,0.777777777777778,0.0,0.0,0.0,1.0,0.0,0.0,0.42120343839541546,-0.39130434782608686,0.0,Dropout
2489,-0.4509803919574889,-0.4666666666666668,-0.6666666666666666,0.14450465610671082,0.3333333333333332,-0.25,0.0,1.0,0.0,1.0,-0.5,-0.006666666666666288,1.0,0.0,0.0,1.0,-0.39316239316239304,0.0,0.0,0.0,-0.16374269005847927,0.0,0.0,0.0,1.0,0.0,5.0,-0.98567335243553,-0.9565217391304347,0.0,Enrolled
2490,0.5952380947328932,0.33333333333333326,0.3333333333333333,0.9980348937057104,-0.05555555555555535,-0.25,0.0,1.0,0.0,1.0,0.0,0.2600000000000004,0.0,1.0,0.0,1.0,-0.8119658119658127,0.0,1.0,0.0,-0.21637426900584802,0.0,0.0,0.0,1.0,0.0,1.0,0.9140401146131805,0.0,0.0,Graduate
2491,-0.56372549006941,-0.6666666666666667,-0.6666666666666666,0.5613450062526048,1.0555555555555554,0.75,0.0,1.0,0.0,1.0,0.0,-0.6066666666666662,1.0,0.0,0.0,1.0,0.7777777777777792,0.0,0.0,0.0,0.11111111111111138,0.0,0.0,0.0,1.0,0.0,1.0,-0.98567335243553,-0.9565217391304347,0.0,Enrolled
2492,0.01960784314137432,0.33333333333333326,0.0,-0.6335973322217586,1.0,0.25,0.0,1.0,0.0,1.0,-0.5,-0.33999999999999964,1.0,0.0,0.0,1.0,-0.2136752136752139,0.0,1.0,0.0,-0.3333333333333333,0.0,0.0,0.0,1.0,0.0,1.0,0.9140401146131805,0.0,0.0,Enrolled
2493,-0.7965686276183266,-0.6666666666666667,-0.3333333333333333,-0.7586494372655271,0.7083333333333333,1.25,1.0,0.0,1.0,0.0,1.0,-0.873333333333333,1.0,0.0,1.0,0.0,1.1709401709401723,0.0,0.0,0.0,0.14619883040935666,0.0,0.0,0.0,1.0,0.0,0.0,0.42120343839541546,-0.39130434782608686,0.0,Dropout
2494,0.6372549020946613,0.33333333333333326,0.3333333333333333,1.1171321383909958,0.7777777777777779,0.5,0.0,1.0,0.0,1.0,0.0,0.0,1.0,0.0,0.0,1.0,1.8888888888888915,1.0,0.0,0.0,1.4035087719298238,0.0,0.0,0.0,1.0,0.0,0.0,0.1346704871060172,-0.7391304347826085,0.0,Graduate
2495,0.29411764761080894,0.33333333333333326,0.3333333333333333,0.14450465610671082,-0.3333333333333332,-0.5,0.0,1.0,1.0,0.0,0.0,0.5933333333333337,0.0,1.0,1.0,0.0,-0.05982905982906013,0.0,1.0,0.0,0.5906432748538005,0.0,0.0,0.0,1.0,0.0,0.0,-0.3553008595988538,-0.4782608695652173,0.0,Graduate
2496,0.36764705939096226,0.33333333333333326,0.3333333333333333,0.3529248311796578,-0.05555555555555535,-0.25,0.0,1.0,0.0,1.0,0.0,-2.206666666666666,1.0,0.0,0.0,1.0,2.8376068376068404,1.0,0.0,0.0,0.11695906432748532,0.0,1.0,0.0,0.0,0.0,0.0,0.0,0.5217391304347826,1.0,Graduate
2498,0.34313725497404846,0.33333333333333326,0.3333333333333333,0.28345143809920775,-0.3333333333333332,-0.5,0.0,1.0,0.0,1.0,0.0,-1.5399999999999996,1.0,0.0,0.0,1.0,0.33333333333333415,0.0,1.0,0.0,-1.0116959064327478,0.0,0.0,0.0,1.0,0.0,1.0,-0.98567335243553,-0.9565217391304347,0.0,Graduate
2499,-1.5686274513099354,-1.6666666666666667,-1.6666666666666667,-5.1354731137974134,-1.9999999999999996,-2.0,0.0,1.0,0.0,1.0,-3.0,0.0,0.0,1.0,0.0,1.0,-1.5299145299145307,1.0,0.0,0.0,-0.9356725146198825,0.0,0.0,0.0,0.0,0.0,0.0,-1.2550143266475644,0.608695652173913,0.0,Dropout
2501,0.39215686233728797,0.33333333333333326,0.3333333333333333,0.42239822009170475,-0.05555555555555535,-0.25,0.0,1.0,0.0,1.0,0.0,1.1266666666666671,1.0,0.0,0.0,1.0,0.44444444444444514,0.0,0.0,0.0,1.4035087719298238,0.0,0.0,0.0,0.0,0.0,0.0,0.42120343839541546,-0.39130434782608686,0.0,Graduate
2502,-0.661764706266477,-0.6666666666666667,-0.6666666666666666,0.005557869945810766,1.6111111111111107,1.25,0.0,1.0,0.0,1.0,0.0,0.0,1.0,0.0,0.0,1.0,-1.273504273504274,1.0,0.0,0.0,-0.7602339181286546,0.0,0.0,0.0,0.0,0.0,0.0,0.48710601719197705,-0.3478260869565217,0.0,Graduate
2503,0.2775655714868834,0.23809523809523792,5.0,0.35924059191329716,-0.17460317460317432,3.75,0.0,1.0,0.0,1.0,7.5,-0.8066666666666663,1.0,0.0,0.0,1.0,0.2393162393162393,0.0,0.0,0.0,-0.43274853801169605,0.0,0.0,0.0,1.0,0.0,0.0,0.9140401146131805,0.0,0.0,Graduate
2504,0.00868347297101178,0.04761904761904745,0.3333333333333333,0.08058913297207156,-0.3333333333333332,-0.25,0.0,1.0,0.0,1.0,0.5,0.0,0.0,1.0,0.0,1.0,1.7863247863247897,1.0,0.0,1.0,1.3333333333333333,0.0,0.0,0.0,1.0,0.0,0.0,0.42120343839541546,-0.39130434782608686,0.0,Graduate
2506,0.17953431431467806,0.08333333333333326,0.6666666666666666,0.5276007878282616,-0.3333333333333332,0.0,0.0,1.0,0.0,1.0,1.0,0.6600000000000004,0.0,1.0,0.0,1.0,-0.9230769230769237,0.0,1.0,1.0,0.05847953216374266,0.0,0.0,0.0,1.0,0.0,5.0,-0.5787965616045845,1.0,0.0,Graduate
2507,0.07189542550530001,0.33333333333333326,0.6666666666666666,-0.4853874280950396,0.14285714285714307,0.25,0.0,1.0,0.0,1.0,0.5,-0.673333333333333,1.0,0.0,0.0,1.0,-0.3418803418803422,0.0,1.0,0.0,-0.7134502923976607,0.0,0.0,0.0,1.0,0.0,0.0,-0.5787965616045845,1.0,0.0,Graduate
2509,-1.5686274513099354,-1.6666666666666667,-1.6666666666666667,-5.1354731137974134,-1.9999999999999996,-2.0,0.0,1.0,0.0,1.0,-3.0,-1.273333333333333,0.0,1.0,0.0,1.0,1.7350427350427364,0.0,0.0,0.0,0.1812865497076019,0.0,0.0,0.0,1.0,0.0,0.0,-0.98567335243553,-0.9565217391304347,0.0,Graduate
2510,0.4901960785343547,0.33333333333333326,3.0,0.7002917882451017,-0.3333333333333332,1.5,0.0,1.0,0.0,1.0,4.0,-1.273333333333333,1.0,0.0,0.0,1.0,2.316239316239319,0.0,0.0,0.0,0.5789473684210527,0.0,0.0,0.0,1.0,0.0,0.0,-1.2550143266475644,0.608695652173913,0.0,Graduate
2511,-0.09803921570687095,0.0,0.0,-0.13338891204668618,0.22222222222222213,0.0,1.0,0.0,1.0,0.0,0.0,1.4200000000000008,1.0,0.0,0.0,1.0,0.44444444444444514,0.0,0.0,0.0,1.6608187134502919,0.0,0.0,0.0,1.0,0.0,1.0,0.4068767908309455,0.0,0.0,Dropout
2512,-0.5959383754753371,-0.523809523809524,-0.3333333333333333,-0.3105460608586914,1.5714285714285712,1.75,0.0,1.0,0.0,1.0,0.5,3.793333333333334,1.0,0.0,0.0,1.0,0.44444444444444514,0.0,0.0,1.0,3.74269005847953,0.0,0.0,0.0,1.0,0.0,0.0,0.42120343839541546,-0.39130434782608686,0.0,Enrolled
2513,0.37233893586253597,0.33333333333333326,0.6666666666666666,0.3662240225093784,-0.09523809523809526,0.0,0.0,1.0,0.0,1.0,0.5,0.19333333333333372,1.0,0.0,0.0,1.0,0.14529914529914567,0.0,0.0,1.0,0.3801169590643273,0.0,0.0,0.0,1.0,0.0,3.0,0.48710601719197705,-0.3478260869565217,0.0,Graduate
2514,0.4166666667542018,0.33333333333333326,0.3333333333333333,0.4918716131721548,0.7777777777777779,0.5,0.0,1.0,0.0,1.0,0.0,2.0133333333333345,1.0,0.0,0.0,1.0,0.44444444444444514,0.0,0.0,0.0,2.1812865497076017,0.0,0.0,0.0,1.0,0.0,1.0,0.42120343839541546,-0.39130434782608686,0.0,Graduate
2515,0.39215686233728797,0.33333333333333326,0.3333333333333333,0.42239822009170475,-0.3333333333333332,-0.5,0.0,1.0,0.0,1.0,0.0,-0.47333333333333294,1.0,0.0,0.0,1.0,0.14529914529914567,0.0,1.0,0.0,-0.20467836257309932,0.0,0.0,0.0,1.0,0.0,0.0,0.9140401146131805,0.0,0.0,Dropout
2516,0.10784313727755826,-0.06666666666666665,-0.3333333333333333,0.8045018757815753,1.3333333333333333,0.5,0.0,1.0,0.0,1.0,-0.5,-0.7399999999999997,1.0,0.0,0.0,1.0,0.3589743589743596,0.0,0.0,0.0,-0.2923976608187133,1.0,0.0,0.0,1.0,0.0,3.0,0.9140401146131805,0.0,0.0,Enrolled
2517,0.22058823583065565,0.33333333333333326,0.3333333333333333,-0.06391551896623615,-0.05555555555555535,-0.25,0.0,1.0,0.0,1.0,0.0,0.2600000000000004,0.0,1.0,0.0,1.0,1.2146029671112836e-15,0.0,0.0,0.0,0.3391812865497081,0.0,0.0,0.0,1.0,0.0,0.0,-0.98567335243553,-0.9565217391304347,0.0,Graduate
2518,0.003063724939369236,0.08333333333333326,0.6666666666666666,-0.044065981659024527,-0.3333333333333332,0.0,0.0,1.0,0.0,1.0,1.0,0.3933333333333337,0.0,1.0,0.0,1.0,0.10256410256410291,0.0,1.0,1.0,0.526315789473684,0.0,0.0,0.0,1.0,0.0,2.0,-0.5787965616045845,1.0,0.0,Graduate
2519,0.29411764761080894,0.33333333333333326,0.3333333333333333,0.14450465610671082,0.22222222222222213,0.0,0.0,1.0,0.0,1.0,0.0,0.5933333333333337,0.0,1.0,0.0,1.0,0.4188034188034185,0.0,0.0,0.0,0.9181286549707591,0.0,0.0,0.0,1.0,0.0,0.0,0.1346704871060172,-0.7391304347826085,0.0,Graduate
2520,0.23809523877551025,0.33333333333333326,0.3333333333333333,-0.014291667361400867,-0.05555555555555535,-0.25,0.0,1.0,0.0,1.0,0.0,0.0,0.0,1.0,0.0,1.0,0.29059829059829256,0.0,1.0,0.0,0.3099415204678368,0.0,0.0,0.0,1.0,0.0,2.0,0.9140401146131805,0.0,0.0,Graduate
2521,0.34313725497404846,0.33333333333333326,0.3333333333333333,0.28345143809920775,-0.05555555555555535,-0.25,0.0,1.0,0.0,1.0,0.0,-0.47333333333333294,0.0,1.0,0.0,1.0,0.26495726495726596,0.0,1.0,0.0,-0.12280701754385925,0.0,0.0,0.0,1.0,0.0,5.0,0.42120343839541546,-0.39130434782608686,0.0,Graduate
2522,0.21708683435933204,0.33333333333333326,0.3333333333333333,-0.07384029178824508,0.22222222222222213,0.0,0.0,1.0,0.0,1.0,0.0,-0.13999999999999962,1.0,0.0,0.0,1.0,0.02564102564102542,0.0,1.0,0.0,0.005847953216373934,0.0,0.0,0.0,1.0,0.0,1.0,0.9140401146131805,0.0,0.0,Graduate
2523,0.4719187682363972,0.33333333333333326,0.6666666666666666,0.6484844893705705,-0.09523809523809526,0.0,0.0,1.0,0.0,1.0,0.5,-0.13999999999999962,0.0,1.0,0.0,1.0,0.05982905982906013,0.0,0.0,1.0,0.02923976608187133,0.0,0.0,0.0,1.0,0.0,5.0,0.48710601719197705,-0.3478260869565217,0.0,Graduate
2525,0.14705882405050236,0.33333333333333326,0.3333333333333333,-0.2723356940391831,1.3333333333333333,1.0,0.0,1.0,0.0,1.0,0.0,0.0,0.0,1.0,0.0,1.0,-2.811965811965814,0.0,0.0,0.0,-1.8128654970760225,0.0,0.0,0.0,1.0,0.0,3.0,-1.2550143266475644,0.608695652173913,0.0,Dropout
2526,0.36576168880233073,0.33333333333333326,0.3333333333333333,0.3475807211338054,1.6111111111111107,1.25,0.0,1.0,0.0,1.0,0.0,-0.7399999999999997,1.0,0.0,0.0,1.0,-0.05982905982906013,0.0,1.0,0.0,-0.5789473684210527,0.0,0.0,0.0,1.0,0.0,1.0,-1.2550143266475644,0.608695652173913,0.0,Graduate
2527,0.563725490314508,0.33333333333333326,0.3333333333333333,0.9087119633180487,-0.3333333333333332,-0.5,0.0,1.0,0.0,1.0,0.0,0.6600000000000004,0.0,1.0,0.0,1.0,-0.27350427350427403,0.0,1.0,0.0,0.5029239766081866,0.0,0.0,0.0,1.0,0.0,3.0,0.42120343839541546,-0.39130434782608686,0.0,Dropout
2528,0.5551120447244631,0.33333333333333326,0.6666666666666666,0.8842970279283028,-0.3333333333333332,-0.25,0.0,1.0,0.0,1.0,0.5,0.12666666666666704,0.0,1.0,0.0,1.0,-0.15384615384615374,0.0,0.0,1.0,0.11695906432748532,0.0,0.0,0.0,1.0,0.0,5.0,0.48710601719197705,-0.3478260869565217,0.0,Graduate
2529,0.661764706511575,0.33333333333333326,0.3333333333333333,1.1866055314714457,-0.3333333333333332,-0.5,0.0,1.0,0.0,1.0,0.0,0.9933333333333337,1.0,0.0,0.0,1.0,0.11965811965811904,0.0,0.0,0.0,1.0643274853801157,0.0,0.0,0.0,1.0,0.0,1.0,0.42120343839541546,-0.39130434782608686,0.0,Graduate
2530,0.13725490198961926,0.33333333333333326,0.0,-0.3001250521050439,-0.3333333333333332,-0.75,0.0,1.0,0.0,1.0,-0.5,0.06000000000000038,0.0,1.0,0.0,1.0,0.05982905982906013,0.0,0.0,0.0,0.20467836257309932,0.0,0.0,0.0,1.0,0.0,0.0,0.4068767908309455,0.0,0.0,Graduate
2531,0.14705882405050236,0.33333333333333326,0.3333333333333333,-0.2723356940391831,-0.3333333333333332,-0.5,0.0,1.0,1.0,0.0,0.0,-0.7399999999999997,1.0,0.0,1.0,0.0,0.0,0.0,0.0,0.0,-0.5380116959064326,0.0,0.0,0.0,1.0,0.0,0.0,-0.3553008595988538,-0.4782608695652173,0.0,Graduate
2532,0.2879901961389334,0.33333333333333326,0.3333333333333333,0.12713630679449753,0.22222222222222213,0.0,0.0,1.0,0.0,1.0,0.0,1.7933333333333337,0.0,1.0,0.0,1.0,0.44444444444444514,0.0,0.0,0.0,1.9883040935672505,0.0,0.0,0.0,0.0,0.0,0.0,-0.3553008595988538,-0.4782608695652173,0.0,Graduate
2533,-0.6372549018495632,-0.6666666666666667,-0.6666666666666666,0.14450465610671082,1.8888888888888888,1.5,0.0,1.0,0.0,1.0,0.0,-0.47333333333333294,0.0,1.0,0.0,1.0,0.5384615384615388,0.0,0.0,0.0,0.0643274853801166,0.0,0.0,0.0,1.0,0.0,1.0,-0.98567335243553,-0.9565217391304347,0.0,Graduate
2534,0.3186274505571347,0.33333333333333326,0.3333333333333333,0.21397804501875775,-0.05555555555555535,-0.25,0.0,1.0,0.0,1.0,0.0,0.32666666666666705,0.0,1.0,0.0,1.0,-0.5555555555555561,0.0,0.0,0.0,0.017543859649122633,0.0,0.0,0.0,1.0,0.0,0.0,0.9140401146131805,0.0,0.0,Enrolled
2535,0.17507002846815203,0.33333333333333326,0.3333333333333333,-0.1929375323051273,-0.05555555555555535,-0.25,0.0,1.0,0.0,1.0,0.0,-1.2066666666666663,0.0,1.0,0.0,1.0,0.26495726495726596,0.0,1.0,0.0,-0.7660818713450285,0.0,0.0,0.0,1.0,0.0,0.0,0.42120343839541546,-0.39130434782608686,0.0,Graduate
2536,-0.1715686274870239,0.0,0.0,-0.38349312213422243,0.22222222222222213,0.0,0.0,1.0,0.0,1.0,0.0,0.5266666666666671,1.0,0.0,0.0,1.0,-0.4786324786324798,0.0,0.0,0.0,0.2456140350877185,0.0,0.0,0.0,1.0,0.0,1.0,-0.5787965616045845,1.0,0.0,Enrolled
2537,0.6162464991490711,0.33333333333333326,0.0,1.0575835181325546,1.3333333333333333,0.5,0.0,1.0,0.0,1.0,-0.5,-2.206666666666666,1.0,0.0,0.0,1.0,0.44444444444444514,0.0,0.0,0.0,-1.5204678362573092,0.0,0.0,0.0,1.0,0.0,0.0,-0.98567335243553,-0.9565217391304347,0.0,Enrolled
2539,0.4166666667542018,0.33333333333333326,0.3333333333333333,0.4918716131721548,-0.3333333333333332,-0.5,0.0,1.0,1.0,0.0,0.0,-0.20666666666666628,1.0,0.0,1.0,0.0,0.44444444444444514,0.0,0.0,0.0,0.23391812865497064,0.0,0.0,0.0,1.0,0.0,0.0,0.9140401146131805,0.0,0.0,Graduate
2540,-0.21568627455511621,-0.06666666666666665,-0.3333333333333333,-0.34180908711963315,0.3333333333333332,-0.25,0.0,1.0,0.0,1.0,-0.5,0.12666666666666704,0.0,1.0,0.0,1.0,-0.6923076923076925,0.0,0.0,0.0,-0.2514619883040933,0.0,0.0,0.0,1.0,0.0,0.0,0.4068767908309455,0.0,0.0,Graduate
2541,-0.7450980393722194,-0.8666666666666667,-1.0,0.7002917882451017,1.0,0.25,0.0,1.0,0.0,1.0,-0.5,-0.873333333333333,1.0,0.0,0.0,1.0,0.44444444444444514,0.0,0.0,0.0,-0.35087719298245595,0.0,0.0,0.0,0.0,0.0,0.0,0.42120343839541546,-0.39130434782608686,0.0,Dropout
2542,0.049019607433267484,0.04761904761904745,0.3333333333333333,0.21397804501875775,-0.09523809523809526,0.0,0.0,1.0,0.0,1.0,0.5,0.9933333333333337,0.0,1.0,0.0,1.0,0.05982905982906013,0.0,1.0,0.0,1.0233918128654966,0.0,0.0,0.0,1.0,0.0,0.0,0.1346704871060172,-0.7391304347826085,0.0,Dropout
2543,0.40616246528140665,0.33333333333333326,0.6666666666666666,0.4620973030429342,-0.3333333333333332,-0.25,0.0,1.0,0.0,1.0,0.5,0.19333333333333372,0.0,1.0,0.0,1.0,-0.21367521367521267,0.0,0.0,0.0,0.1345029239766088,0.0,0.0,0.0,1.0,0.0,1.0,-1.2550143266475644,0.608695652173913,0.0,Graduate
2544,-1.5686274513099354,-1.6666666666666667,-1.6666666666666667,-5.1354731137974134,-1.9999999999999996,-2.0,0.0,1.0,0.0,1.0,0.0,-1.673333333333333,1.0,0.0,0.0,1.0,0.7777777777777792,0.0,0.0,0.0,-0.8245614035087712,0.0,0.0,0.0,1.0,0.0,0.0,0.9140401146131805,0.0,0.0,Dropout
2545,-0.7107843136297165,-0.6666666666666667,-0.6666666666666666,-0.2723356940391831,2.9999999999999996,2.5,0.0,1.0,0.0,1.0,0.0,0.46000000000000035,1.0,0.0,0.0,1.0,0.44444444444444514,0.0,0.0,0.0,0.8187134502923973,0.0,0.0,0.0,0.0,0.0,0.0,-1.2550143266475644,0.608695652173913,0.0,Enrolled
2546,0.7843137256549678,0.33333333333333326,0.3333333333333333,1.5339724885368897,-0.3333333333333332,-0.5,0.0,1.0,0.0,1.0,0.0,1.326666666666667,1.0,0.0,0.0,1.0,-0.8717948717948729,0.0,1.0,0.0,0.6783625730994145,0.0,0.0,0.0,1.0,0.0,2.0,0.42120343839541546,-0.39130434782608686,0.0,Graduate
2547,0.46568627411744096,0.33333333333333326,0.3333333333333333,0.6308183951646517,-0.3333333333333332,-0.5,0.0,1.0,0.0,1.0,0.0,0.12666666666666704,1.0,0.0,0.0,1.0,0.44444444444444514,0.0,1.0,0.0,0.526315789473684,0.0,0.0,0.0,1.0,0.0,0.0,0.4068767908309455,0.0,0.0,Graduate
2548,0.3773284314518197,0.33333333333333326,1.0,0.3803668195081281,-0.1249999999999999,0.25,0.0,1.0,0.0,1.0,1.0,0.8600000000000004,1.0,0.0,0.0,1.0,-0.5982905982905976,0.0,1.0,1.0,0.4561403508771934,0.0,0.0,0.0,1.0,0.0,4.0,-0.98567335243553,-0.9565217391304347,0.0,Graduate
2550,-1.0784313727755808,-1.0,-1.0,-0.9670696123384741,1.8888888888888888,1.5,0.0,1.0,1.0,0.0,0.0,-1.3399999999999996,0.0,1.0,1.0,0.0,-0.09401709401709363,0.0,0.0,0.0,-1.1286549707602331,0.0,0.0,0.0,1.0,0.0,1.0,0.1346704871060172,-0.7391304347826085,0.0,Dropout
2552,0.2696078431938952,0.33333333333333326,0.3333333333333333,0.0750312630262608,-0.3333333333333332,-0.5,0.0,1.0,0.0,1.0,0.0,0.7933333333333337,0.0,1.0,0.0,1.0,1.1367521367521376,0.0,0.0,0.0,1.5847953216374258,0.0,0.0,0.0,1.0,0.0,2.0,-0.5787965616045845,1.0,0.0,Enrolled
2553,0.2696078431938952,0.33333333333333326,0.3333333333333333,0.0750312630262608,-0.3333333333333332,-0.5,0.0,1.0,0.0,1.0,0.0,-0.47333333333333294,1.0,0.0,0.0,1.0,-0.17948717948717918,0.0,1.0,0.0,-0.4269005847953213,0.0,0.0,0.0,1.0,0.0,0.0,-0.5787965616045845,1.0,0.0,Graduate
2554,-0.9509803923566483,-0.8666666666666667,-1.0,-0.7586494372655271,0.6666666666666667,0.0,0.0,1.0,1.0,0.0,-0.5,1.7933333333333337,1.0,0.0,1.0,0.0,0.5982905982906,0.0,0.0,0.0,2.093567251461988,0.0,1.0,1.0,1.0,1.0,0.0,0.0,0.5217391304347826,1.0,Dropout
2556,-0.33333333340336113,-0.06666666666666665,-0.3333333333333333,-0.7586494372655271,1.0,0.25,0.0,1.0,0.0,1.0,-0.5,1.9933333333333336,1.0,0.0,0.0,1.0,-0.5982905982905976,0.0,1.0,0.0,1.4502923976608186,1.0,0.0,0.0,1.0,0.0,0.0,0.0,0.5217391304347826,0.0,Enrolled
2557,-0.15686274513099357,-0.06666666666666665,-0.3333333333333333,-0.13338891204668618,1.3333333333333333,0.5,0.0,1.0,0.0,1.0,-0.5,-0.20666666666666628,1.0,0.0,0.0,1.0,0.44444444444444514,0.0,0.0,0.0,0.23391812865497064,0.0,0.0,0.0,1.0,0.0,0.0,0.48710601719197705,-0.3478260869565217,0.0,Graduate
2558,-1.5686274513099354,-1.6666666666666667,-1.6666666666666667,-5.1354731137974134,-1.9999999999999996,-2.0,0.0,1.0,0.0,1.0,-3.0,2.126666666666667,1.0,0.0,0.0,1.0,0.32478632478632485,0.0,1.0,0.0,2.1988304093567237,0.0,0.0,0.0,1.0,0.0,1.0,0.42120343839541546,-0.39130434782608686,0.0,Enrolled
2559,0.1225490196335886,0.33333333333333326,0.0,-0.34180908711963315,1.6666666666666667,0.75,0.0,1.0,0.0,1.0,-0.5,0.5933333333333337,1.0,0.0,0.0,1.0,-1.8632478632478648,0.0,0.0,0.0,-0.6432748538011692,0.0,0.0,0.0,1.0,0.0,0.0,0.1346704871060172,-0.7391304347826085,0.0,Enrolled
2560,0.4901960785343547,0.33333333333333326,0.3333333333333333,0.7002917882451017,-0.3333333333333332,-0.5,0.0,1.0,0.0,1.0,0.0,1.526666666666667,1.0,0.0,0.0,1.0,-1.1965811965811965,0.0,1.0,0.0,0.6315789473684214,0.0,0.0,0.0,1.0,0.0,0.0,0.48710601719197705,-0.3478260869565217,0.0,Dropout
2561,0.4166666667542018,0.33333333333333326,0.3333333333333333,0.4918716131721548,-0.05555555555555535,-0.25,0.0,1.0,0.0,1.0,0.0,0.5266666666666671,1.0,0.0,0.0,1.0,-0.4188034188034185,0.0,0.0,0.0,0.2865497076023394,0.0,0.0,0.0,1.0,0.0,4.0,0.0,0.5217391304347826,0.0,Graduate
2562,0.35398284321162093,0.33333333333333326,1.0,0.31419341392246763,-0.3333333333333332,0.0,0.0,1.0,0.0,1.0,1.0,0.6600000000000004,1.0,0.0,0.0,1.0,-0.9230769230769237,0.0,1.0,1.0,0.05847953216374266,0.0,0.0,0.0,1.0,0.0,2.0,-0.98567335243553,-0.9565217391304347,0.0,Graduate
2563,-1.116946778946137,-1.0952380952380953,-1.0,-0.6544393497290536,0.14285714285714307,0.25,0.0,1.0,0.0,1.0,0.5,0.0,1.0,0.0,0.0,1.0,-0.6752136752136751,1.0,0.0,1.0,-0.35087719298245595,0.0,0.0,0.0,0.0,0.0,0.0,-0.3553008595988538,-0.4782608695652173,0.0,Dropout
2564,-1.2745098041893226,-1.3333333333333335,-1.3333333333333333,-0.13338891204668618,1.0555555555555554,0.75,0.0,1.0,0.0,1.0,0.0,-0.006666666666666288,1.0,0.0,0.0,1.0,-0.15384615384615374,0.0,1.0,0.0,0.0,0.0,0.0,0.0,1.0,0.0,0.0,-0.98567335243553,-0.9565217391304347,0.0,Enrolled
2565,0.4901960785343547,0.33333333333333326,0.3333333333333333,0.7002917882451017,-0.3333333333333332,-0.5,0.0,1.0,0.0,1.0,0.0,2.5933333333333337,0.0,1.0,0.0,1.0,-1.111111111111111,0.0,1.0,0.0,1.6257309941520466,0.0,0.0,0.0,1.0,0.0,0.0,0.4068767908309455,0.0,0.0,Graduate
2566,0.24509803877698141,0.33333333333333326,0.3333333333333333,0.005557869945810766,-0.05555555555555535,-0.25,0.0,1.0,0.0,1.0,0.0,0.46000000000000035,1.0,0.0,0.0,1.0,0.44444444444444514,0.0,0.0,0.0,0.8187134502923973,0.0,0.0,0.0,1.0,0.0,0.0,0.48710601719197705,-0.3478260869565217,0.0,Graduate
2567,0.4114145652825102,0.33333333333333326,0.6666666666666666,0.47698445602334294,-0.3333333333333332,-0.25,0.0,1.0,0.0,1.0,0.5,0.5933333333333337,0.0,1.0,0.0,1.0,-0.017094017094017352,0.0,0.0,1.0,0.6198830409356719,0.0,0.0,0.0,1.0,0.0,0.0,0.42120343839541546,-0.39130434782608686,0.0,Graduate
2568,-0.7843137254098697,-0.6666666666666667,-0.6666666666666666,-0.689176044185077,1.8888888888888888,1.5,0.0,1.0,0.0,1.0,0.0,0.46000000000000035,1.0,0.0,0.0,1.0,-2.547008547008549,1.0,0.0,0.0,-1.2280701754385959,0.0,0.0,0.0,1.0,0.0,0.0,-1.2550143266475644,0.608695652173913,0.0,Enrolled
2569,0.13725490198961926,0.33333333333333326,0.0,-0.3001250521050439,0.0,-0.5,0.0,1.0,1.0,0.0,-0.5,0.0,1.0,0.0,1.0,0.0,0.9829059829059851,1.0,0.0,0.0,0.783625730994152,0.0,0.0,0.0,0.0,0.0,0.0,0.0,0.5217391304347826,0.0,Enrolled
2570,0.4411764711711155,0.33333333333333326,0.3333333333333333,0.5613450062526048,-0.3333333333333332,-0.5,0.0,1.0,0.0,1.0,0.0,0.9933333333333337,0.0,1.0,0.0,1.0,-0.2393162393162393,0.0,1.0,0.0,0.8187134502923973,0.0,0.0,0.0,1.0,0.0,1.0,-0.3553008595988538,-0.4782608695652173,0.0,Graduate
2571,0.5493872550173783,0.33333333333333326,1.0,0.868070029178824,-0.1249999999999999,0.25,0.0,1.0,1.0,0.0,1.0,0.2600000000000004,1.0,0.0,1.0,0.0,-0.08547008547008433,0.0,1.0,1.0,0.28070175438596545,0.0,0.0,0.0,1.0,0.0,3.0,-0.98567335243553,-0.9565217391304347,0.0,Graduate
2572,0.706188725638555,0.33333333333333326,0.6666666666666666,1.3125260525218836,0.14285714285714307,0.25,0.0,1.0,0.0,1.0,0.5,0.6600000000000004,1.0,0.0,0.0,1.0,0.08547008547008676,0.0,1.0,1.0,0.7485380116959067,0.0,0.0,0.0,1.0,0.0,0.0,0.48710601719197705,-0.3478260869565217,0.0,Graduate
2573,0.2879901961389334,0.33333333333333326,0.3333333333333333,0.12713630679449753,0.22222222222222213,0.0,0.0,1.0,1.0,0.0,0.0,0.0,1.0,0.0,1.0,0.0,-1.5299145299145307,0.0,1.0,0.0,-0.9356725146198825,0.0,0.0,0.0,1.0,0.0,0.0,-0.5787965616045845,1.0,0.0,Graduate
2574,0.32002801085154664,0.04761904761904745,0.3333333333333333,1.11018479783243,-0.3333333333333332,-0.25,0.0,1.0,0.0,1.0,0.5,0.32666666666666705,1.0,0.0,0.0,1.0,-0.4273504273504278,0.0,1.0,1.0,0.10526315789473663,0.0,0.0,0.0,1.0,0.0,3.0,0.0,0.5217391304347826,0.0,Graduate
2575,0.6372549020946613,0.33333333333333326,0.3333333333333333,1.1171321383909958,-0.3333333333333332,-0.5,0.0,1.0,0.0,1.0,0.0,0.32666666666666705,0.0,1.0,0.0,1.0,0.11965811965811904,0.0,0.0,0.0,0.47953216374268914,0.0,0.0,0.0,1.0,0.0,2.0,0.48710601719197705,-0.3478260869565217,0.0,Graduate
2576,0.7679738565338882,0.33333333333333326,1.3333333333333333,1.4876568945393909,-0.3333333333333332,0.25,0.0,1.0,0.0,1.0,1.5,1.1266666666666671,1.0,0.0,0.0,1.0,-0.15384615384615374,1.0,0.0,0.0,0.9941520467836252,0.0,0.0,0.0,1.0,0.0,0.0,-0.5787965616045845,1.0,0.0,Graduate
2577,-0.4411764706809194,-0.3333333333333335,-0.3333333333333333,-0.34180908711963315,1.8888888888888888,1.5,0.0,1.0,1.0,0.0,0.0,-0.873333333333333,1.0,0.0,1.0,0.0,0.44444444444444514,0.0,0.0,0.0,-0.35087719298245595,0.0,0.0,0.0,0.0,0.0,0.0,-0.3553008595988538,-0.4782608695652173,0.0,Dropout
2578,-1.0539215688488628,-1.0,-1.0,-0.7586494372655271,1.8888888888888888,1.5,0.0,1.0,0.0,1.0,0.0,-1.5399999999999996,1.0,0.0,0.0,1.0,0.7179487179487192,0.0,1.0,0.0,-0.748538011695906,0.0,0.0,0.0,1.0,0.0,3.0,0.4068767908309455,0.0,0.0,Dropout
2579,0.19397759065699807,0.04761904761904745,0.3333333333333333,0.6933444476865359,-0.3333333333333332,-0.25,0.0,1.0,0.0,1.0,0.5,0.8600000000000004,1.0,0.0,0.0,1.0,-0.42735042735042655,0.0,0.0,1.0,0.5730994152046788,0.0,0.0,0.0,1.0,0.0,3.0,0.0,0.5217391304347826,0.0,Graduate
2580,0.34313725497404846,0.33333333333333326,0.3333333333333333,0.28345143809920775,-0.3333333333333332,-0.5,0.0,1.0,0.0,1.0,0.0,0.9933333333333337,1.0,0.0,0.0,1.0,0.05982905982906013,0.0,1.0,0.0,1.0233918128654966,0.0,0.0,0.0,1.0,0.0,0.0,0.4068767908309455,0.0,0.0,Graduate
2581,0.4411764711711155,0.33333333333333326,0.3333333333333333,0.5613450062526048,-0.3333333333333332,-0.5,0.0,1.0,0.0,1.0,0.0,0.7933333333333337,0.0,1.0,0.0,1.0,0.7777777777777792,0.0,1.0,0.0,1.3391812865497073,0.0,0.0,0.0,1.0,0.0,0.0,0.4068767908309455,0.0,0.0,Graduate
2583,0.5490196079584774,0.33333333333333326,0.0,0.8670279283034594,-0.3333333333333332,-0.75,0.0,1.0,0.0,1.0,-0.5,1.7933333333333337,1.0,0.0,0.0,1.0,0.3846153846153862,0.0,1.0,0.0,1.9473684210526312,0.0,0.0,0.0,1.0,0.0,0.0,0.0,0.5217391304347826,0.0,Graduate
2584,-0.15686274513099357,-0.06666666666666665,-0.3333333333333333,-0.13338891204668618,1.3333333333333333,0.5,0.0,1.0,0.0,1.0,-0.5,1.1266666666666671,1.0,0.0,0.0,1.0,-0.5384615384615388,1.0,0.0,0.0,0.7309941520467833,0.0,0.0,0.0,1.0,0.0,0.0,-0.5787965616045845,1.0,0.0,Enrolled
2585,0.5147058829512685,0.33333333333333326,0.3333333333333333,0.7697651813255517,-0.3333333333333332,-0.5,0.0,1.0,0.0,1.0,0.0,-0.20666666666666628,1.0,0.0,0.0,1.0,0.717948717948718,0.0,1.0,0.0,0.4210526315789465,0.0,0.0,0.0,1.0,0.0,0.0,0.0,0.5217391304347826,0.0,Graduate
2586,-0.07352941178015329,0.0,0.0,-0.05002084201750769,0.22222222222222213,0.0,0.0,1.0,0.0,1.0,0.0,-0.873333333333333,1.0,0.0,0.0,1.0,0.2393162393162393,0.0,0.0,0.0,-0.4912280701754387,0.0,1.0,0.0,1.0,1.0,1.0,0.0,0.5217391304347826,1.0,Graduate
2587,-0.5098039216757291,-0.4666666666666668,-0.6666666666666666,-0.13338891204668618,0.6666666666666667,0.0,0.0,1.0,0.0,1.0,-0.5,-1.2066666666666663,1.0,0.0,0.0,1.0,-0.09401709401709363,0.0,0.0,0.0,-1.0116959064327478,0.0,0.0,0.0,1.0,0.0,1.0,-0.98567335243553,-0.9565217391304347,0.0,Enrolled
2589,-0.661764706266477,-0.6666666666666667,-0.6666666666666666,0.005557869945810766,0.22222222222222213,0.0,0.0,1.0,0.0,1.0,0.0,-0.873333333333333,1.0,0.0,0.0,1.0,0.6666666666666671,0.0,0.0,0.0,-0.19883040935672538,0.0,0.0,0.0,1.0,0.0,0.0,-0.5787965616045845,1.0,0.0,Dropout
2590,-0.07352941178015329,0.0,0.0,-0.05002084201750769,-0.05555555555555535,-0.25,0.0,1.0,0.0,1.0,0.0,0.06000000000000038,1.0,0.0,0.0,1.0,-0.11965811965811904,0.0,1.0,0.0,0.08187134502924005,0.0,0.0,0.0,1.0,0.0,3.0,0.4068767908309455,0.0,0.0,Enrolled
2591,-1.5686274513099354,-1.6666666666666667,-1.6666666666666667,-5.1354731137974134,-0.3333333333333332,-0.5,0.0,1.0,0.0,1.0,0.0,0.0,1.0,0.0,0.0,1.0,-2.3846153846153864,1.0,0.0,0.0,-1.5204678362573092,0.0,0.0,0.0,1.0,0.0,0.0,0.48710601719197705,-0.3478260869565217,0.0,Dropout
2592,-0.11904761907262926,0.04761904761904745,0.3333333333333333,-0.34180908711963315,0.38095238095238104,0.5,1.0,0.0,1.0,0.0,0.5,0.0,1.0,0.0,1.0,0.0,-2.811965811965814,0.0,1.0,0.0,-1.8128654970760225,0.0,0.0,0.0,1.0,0.0,0.0,0.48710601719197705,-0.3478260869565217,0.0,Enrolled
2593,0.032679738732355905,0.33333333333333326,1.3333333333333333,-0.5965448561900789,-0.3333333333333332,0.25,0.0,1.0,0.0,1.0,1.5,-0.20666666666666628,1.0,0.0,0.0,1.0,0.44444444444444514,0.0,0.0,0.0,0.23391812865497064,0.0,0.0,0.0,0.0,0.0,0.0,0.4068767908309455,0.0,0.0,Graduate
2595,-0.9803921570687096,-0.8666666666666667,-1.0,-0.9670696123384741,0.3333333333333332,-0.25,0.0,1.0,0.0,1.0,-0.5,-1.2066666666666663,1.0,0.0,0.0,1.0,0.44444444444444514,0.0,0.0,0.0,-0.6432748538011692,0.0,0.0,0.0,1.0,0.0,0.0,-0.98567335243553,-0.9565217391304347,0.0,Enrolled
2596,0.29411764761080894,0.33333333333333326,0.3333333333333333,0.14450465610671082,-0.3333333333333332,-0.5,0.0,1.0,0.0,1.0,0.0,0.12666666666666704,0.0,1.0,0.0,1.0,1.376068376068378,0.0,0.0,0.0,1.1637426900584793,0.0,0.0,0.0,1.0,0.0,0.0,-0.3553008595988538,-0.4782608695652173,0.0,Graduate
2598,-1.5686274513099354,-1.6666666666666667,-1.6666666666666667,-5.1354731137974134,-1.9999999999999996,-2.0,0.0,1.0,0.0,1.0,-3.0,0.7933333333333337,0.0,1.0,0.0,1.0,-3.4017094017094047,0.0,0.0,0.0,-1.5204678362573092,0.0,0.0,0.0,1.0,0.0,0.0,0.1346704871060172,-0.7391304347826085,0.0,Dropout
2599,-0.8039215687963419,-0.8666666666666667,-1.0,0.28345143809920775,2.666666666666666,1.5,0.0,1.0,0.0,1.0,-0.5,-0.20666666666666628,1.0,0.0,0.0,1.0,-0.2991452991452994,0.0,0.0,0.0,-0.2748538011695907,0.0,0.0,0.0,1.0,0.0,2.0,-0.98567335243553,-0.9565217391304347,0.0,Enrolled
2600,0.07352941178015329,0.0,0.0,0.4501875781575655,0.22222222222222213,0.0,0.0,1.0,0.0,1.0,0.0,-1.0066666666666664,1.0,0.0,0.0,1.0,0.7179487179487192,0.0,0.0,0.0,-0.2807017543859646,0.0,0.0,0.0,1.0,0.0,2.0,0.0,0.5217391304347826,0.0,Enrolled
2602,-0.3676470589007661,-0.3333333333333335,-0.3333333333333333,-0.029178824510212698,1.8888888888888888,1.5,0.0,1.0,0.0,1.0,0.0,-0.7399999999999997,1.0,0.0,0.0,1.0,-0.3333333333333329,0.0,0.0,0.0,-0.7660818713450285,0.0,0.0,0.0,1.0,0.0,0.0,0.0,0.5217391304347826,0.0,Enrolled
2603,0.23809523877551025,0.33333333333333326,0.3333333333333333,-0.014291667361400867,-0.05555555555555535,-0.25,0.0,1.0,0.0,1.0,0.0,-0.47333333333333294,1.0,0.0,0.0,1.0,0.0,0.0,1.0,0.0,-0.304093567251462,0.0,0.0,0.0,1.0,0.0,2.0,0.42120343839541546,-0.39130434782608686,0.0,Graduate
2604,-1.5686274513099354,-1.6666666666666667,-1.6666666666666667,-5.1354731137974134,1.9999999999999996,1.0,1.0,0.0,1.0,0.0,-0.5,-0.8066666666666663,1.0,0.0,0.0,1.0,-0.15384615384615374,0.0,1.0,0.0,-0.7017543859649119,0.0,0.0,0.0,1.0,0.0,4.0,-0.98567335243553,-0.9565217391304347,0.0,Dropout
2605,-1.0539215688488628,-1.0,-1.0,-0.7586494372655271,0.7777777777777779,0.5,0.0,1.0,0.0,1.0,0.0,1.2600000000000005,1.0,0.0,0.0,1.0,-1.256410256410258,0.0,0.0,0.0,0.3567251461988299,0.0,0.0,0.0,1.0,0.0,0.0,-0.98567335243553,-0.9565217391304347,0.0,Dropout
2606,-0.3333333334033613,-0.4666666666666668,-0.6666666666666666,0.7002917882451017,1.9999999999999996,1.0,0.0,1.0,0.0,1.0,-0.5,1.7933333333333337,1.0,0.0,0.0,1.0,0.44444444444444514,0.0,0.0,0.0,1.9883040935672505,0.0,0.0,0.0,0.0,0.0,0.0,-0.98567335243553,-0.9565217391304347,0.0,Graduate
2607,0.5196078432464161,0.33333333333333326,0.0,0.7836598582742802,0.3333333333333332,-0.25,0.0,1.0,0.0,1.0,-0.5,0.06000000000000038,1.0,0.0,0.0,1.0,0.44444444444444514,0.0,0.0,0.0,0.4678362573099413,0.0,0.0,0.0,1.0,0.0,0.0,-0.5787965616045845,1.0,0.0,Graduate
2609,0.049019607853435634,0.33333333333333326,0.3333333333333333,-0.5502292621925802,-0.3333333333333332,-0.5,0.0,1.0,0.0,1.0,0.0,-0.5399999999999996,1.0,0.0,0.0,1.0,-0.3589743589743596,0.0,0.0,0.0,-0.608187134502924,0.0,0.0,0.0,1.0,0.0,3.0,-0.98567335243553,-0.9565217391304347,0.0,Graduate
2610,-0.9620098041236712,-0.9166666666666667,-0.6666666666666666,-0.5502292621925802,-0.1249999999999999,0.25,0.0,1.0,0.0,1.0,1.0,-0.20666666666666628,1.0,0.0,0.0,1.0,0.2905982905982902,0.0,0.0,0.0,0.1286549707602332,0.0,0.0,0.0,1.0,0.0,0.0,-0.98567335243553,-0.9565217391304347,0.0,Dropout
2612,-0.1225490196335886,-0.3333333333333335,-0.3333333333333333,1.0129220508545222,1.3333333333333333,1.0,0.0,1.0,0.0,1.0,0.0,-0.8066666666666663,1.0,0.0,0.0,1.0,0.6239316239316243,0.0,0.0,0.0,-0.16959064327485404,0.0,0.0,0.0,1.0,0.0,1.0,-0.98567335243553,-0.9565217391304347,0.0,Graduate
2613,0.8088235300718817,0.33333333333333326,0.0,1.6034458816173405,0.0,-0.5,0.0,1.0,0.0,1.0,-0.5,0.06000000000000038,1.0,0.0,0.0,1.0,-0.27350427350427403,0.0,1.0,0.0,-0.023391812865497397,0.0,0.0,0.0,1.0,0.0,0.0,-0.5787965616045845,1.0,0.0,Graduate
2614,-1.5686274513099354,-1.6666666666666667,-1.6666666666666667,-5.1354731137974134,0.3333333333333332,-0.25,0.0,1.0,0.0,1.0,-0.5,-0.20666666666666628,1.0,0.0,0.0,1.0,-0.8376068376068382,1.0,0.0,0.0,-0.6432748538011692,0.0,0.0,0.0,1.0,0.0,0.0,-0.3553008595988538,-0.4782608695652173,0.0,Dropout
2615,0.25490196083786454,0.33333333333333326,0.0,0.033347228011671545,0.0,-0.5,0.0,1.0,0.0,1.0,-0.5,-0.47333333333333294,1.0,0.0,0.0,1.0,0.2393162393162393,0.0,1.0,0.0,-0.14035087719298273,1.0,0.0,0.0,1.0,0.0,3.0,0.9140401146131805,0.0,0.0,Dropout
2618,-0.22058823534045954,0.0,0.0,-0.5502292621925802,-0.05555555555555535,-0.25,0.0,1.0,0.0,1.0,0.0,-1.0066666666666664,0.0,1.0,0.0,1.0,0.44444444444444514,0.0,0.0,0.0,-0.4678362573099413,0.0,0.0,0.0,1.0,0.0,0.0,0.42120343839541546,-0.39130434782608686,0.0,Graduate
2619,0.24509803877698141,0.33333333333333326,0.3333333333333333,0.005557869945810766,0.22222222222222213,0.0,0.0,1.0,0.0,1.0,0.0,1.1266666666666671,0.0,1.0,0.0,1.0,-0.2393162393162393,0.0,0.0,0.0,0.9356725146198825,0.0,0.0,0.0,1.0,0.0,1.0,0.4068767908309455,0.0,0.0,Dropout
2621,-0.03921568569451297,0.1333333333333333,1.3333333333333333,-0.31865128803668186,0.5,1.75,0.0,1.0,0.0,1.0,2.0,-2.206666666666666,1.0,0.0,0.0,1.0,1.803418803418806,0.0,0.0,0.0,-0.5906432748538005,0.0,0.0,0.0,1.0,0.0,0.0,-0.98567335243553,-0.9565217391304347,0.0,Enrolled
2622,0.1960784314137419,0.33333333333333326,0.3333333333333333,-0.13338891204668618,-0.3333333333333332,-0.5,0.0,1.0,0.0,1.0,0.0,-1.5399999999999996,0.0,1.0,0.0,1.0,0.02564102564102542,0.0,1.0,0.0,-1.2222222222222219,0.0,0.0,0.0,1.0,0.0,0.0,0.42120343839541546,-0.39130434782608686,0.0,Graduate
2623,0.015082956601961923,0.02564102564102555,2.0,0.1697677073780737,-0.3333333333333332,1.25,0.0,1.0,1.0,0.0,3.5,0.46000000000000035,0.0,1.0,1.0,0.0,0.27350427350427403,0.0,0.0,0.0,0.7017543859649119,0.0,0.0,0.0,0.0,0.0,0.0,0.9140401146131805,0.0,0.0,Graduate
2624,-0.024509803926717654,0.33333333333333326,-1.0,-0.7586494372655271,-0.3333333333333332,-1.5,0.0,1.0,0.0,1.0,-2.0,0.0,1.0,0.0,0.0,1.0,-1.1282051282051284,0.0,0.0,0.0,-0.6608187134502919,0.0,0.0,0.0,1.0,0.0,0.0,0.4068767908309455,0.0,0.0,Dropout
2625,0.24509803877698141,0.33333333333333326,0.3333333333333333,0.005557869945810766,-0.3333333333333332,-0.5,0.0,1.0,0.0,1.0,0.0,0.46000000000000035,1.0,0.0,0.0,1.0,-0.36752136752136766,0.0,1.0,0.0,0.263157894736842,0.0,0.0,0.0,1.0,0.0,3.0,-0.5787965616045845,1.0,0.0,Graduate
2626,-1.5686274513099354,-1.6666666666666667,-1.6666666666666667,-5.1354731137974134,1.3333333333333333,0.5,0.0,1.0,0.0,1.0,-0.5,-1.5399999999999996,1.0,0.0,0.0,1.0,2.521367521367525,1.0,0.0,0.0,0.48538011695906474,0.0,0.0,0.0,1.0,0.0,0.0,0.4068767908309455,0.0,0.0,Dropout
2627,0.6141456579721591,0.33333333333333326,0.6666666666666666,1.0516286536056683,-0.3333333333333332,-0.25,0.0,1.0,0.0,1.0,0.5,0.9933333333333337,1.0,0.0,0.0,1.0,-0.4529914529914532,0.0,1.0,1.0,0.6725146198830406,0.0,0.0,0.0,1.0,0.0,0.0,-0.3553008595988538,-0.4782608695652173,0.0,Graduate
2628,0.2254901961258032,0.33333333333333326,0.6666666666666666,-0.05002084201750769,-0.3333333333333332,-0.25,0.0,1.0,0.0,1.0,0.5,0.2600000000000004,1.0,0.0,0.0,1.0,-0.5555555555555561,0.0,1.0,1.0,-0.040935672514620026,0.0,0.0,0.0,1.0,0.0,0.0,0.0,0.5217391304347826,0.0,Enrolled
2629,-0.2980392157488876,-0.06666666666666665,-0.3333333333333333,-0.6335973322217586,1.3333333333333333,0.5,0.0,1.0,0.0,1.0,-0.5,-0.873333333333333,0.0,1.0,0.0,1.0,-0.2991452991452994,0.0,1.0,0.0,-0.8596491228070173,0.0,0.0,0.0,1.0,0.0,0.0,-1.2550143266475644,0.608695652173913,0.0,Enrolled
2630,-0.06862745099480963,-0.06666666666666665,-0.3333333333333333,0.1792413505627343,0.3333333333333332,-0.25,0.0,1.0,0.0,1.0,-0.5,-0.873333333333333,1.0,0.0,0.0,1.0,2.564102564102568,1.0,0.0,0.0,1.0994152046783627,0.0,0.0,0.0,1.0,0.0,8.0,0.4068767908309455,0.0,0.0,Enrolled
2631,-0.9215686276445869,-0.8666666666666667,-1.0,-0.5502292621925802,2.333333333333333,1.25,0.0,1.0,0.0,1.0,-0.5,-0.20666666666666628,1.0,0.0,0.0,1.0,2.3333333333333353,1.0,0.0,0.0,1.5263157894736832,0.0,0.0,0.0,1.0,0.0,0.0,0.48710601719197705,-0.3478260869565217,0.0,Dropout
2632,-0.5147058824610727,-0.3333333333333335,-0.3333333333333333,-0.6544393497290536,0.5,0.25,0.0,1.0,0.0,1.0,0.0,-0.07333333333333296,1.0,0.0,0.0,1.0,-0.05982905982906013,0.0,0.0,0.0,0.005847953216373934,0.0,1.0,0.0,1.0,0.0,0.0,0.0,0.5217391304347826,0.0,Dropout
2633,0.27751225496026183,0.33333333333333326,1.0,0.09743643184660294,-0.1249999999999999,0.25,0.0,1.0,0.0,1.0,1.0,-0.20666666666666628,1.0,0.0,0.0,1.0,0.9572649572649584,0.0,0.0,1.0,0.5847953216374266,0.0,0.0,0.0,1.0,0.0,0.0,-0.98567335243553,-0.9565217391304347,0.0,Graduate
2634,0.06115196134863136,0.08333333333333326,0.6666666666666666,0.14410766569403916,-0.3333333333333332,0.0,0.0,1.0,0.0,1.0,1.0,-0.33999999999999964,1.0,0.0,0.0,1.0,0.12820512820512833,0.0,1.0,1.0,-0.09941520467836269,0.0,0.0,0.0,1.0,0.0,3.0,0.4068767908309455,0.0,0.0,Graduate
2635,0.3011204476122801,0.33333333333333326,0.3333333333333333,0.16435419341392246,0.7777777777777779,0.5,0.0,1.0,0.0,1.0,0.0,-0.07333333333333296,1.0,0.0,0.0,1.0,0.26495726495726596,0.0,1.0,0.0,0.2280701754385967,0.0,0.0,0.0,1.0,0.0,0.0,0.42120343839541546,-0.39130434782608686,0.0,Enrolled
2636,-1.074929972214621,-1.0952380952380953,-1.0,-0.23759899958315966,-0.3333333333333332,-0.25,0.0,1.0,0.0,1.0,0.5,0.0,1.0,0.0,0.0,1.0,0.7008547008547018,1.0,0.0,0.0,0.5906432748538005,0.0,0.0,0.0,1.0,0.0,1.0,0.42120343839541546,-0.39130434782608686,0.0,Dropout
2637,-0.7598039217282498,-0.6666666666666667,-0.6666666666666666,-0.5502292621925802,1.0555555555555554,0.75,1.0,0.0,1.0,0.0,0.0,-0.873333333333333,1.0,0.0,0.0,1.0,0.02564102564102542,0.0,1.0,0.0,-0.6374269005847953,0.0,0.0,0.0,1.0,0.0,1.0,-0.98567335243553,-0.9565217391304347,0.0,Dropout
2638,-1.5686274513099354,-1.6666666666666667,-1.6666666666666667,-5.1354731137974134,-1.9999999999999996,-2.0,0.0,1.0,0.0,1.0,-3.0,0.7933333333333337,1.0,0.0,0.0,1.0,0.32478632478632485,0.0,0.0,0.0,1.0292397660818704,0.0,0.0,0.0,1.0,0.0,1.0,0.42120343839541546,-0.39130434782608686,0.0,Graduate
2639,0.40196078439817107,0.33333333333333326,0.0,0.4501875781575655,-0.3333333333333332,-0.75,0.0,1.0,0.0,1.0,-0.5,-0.4066666666666663,1.0,0.0,0.0,1.0,-0.5128205128205133,0.0,0.0,0.0,-0.5964912280701753,0.0,0.0,0.0,1.0,0.0,0.0,0.48710601719197705,-0.3478260869565217,0.0,Graduate
2641,-1.5686274513099354,-1.6666666666666667,-1.6666666666666667,-5.1354731137974134,-1.9999999999999996,-2.0,0.0,1.0,0.0,1.0,-0.5,0.0,1.0,0.0,0.0,1.0,-2.3846153846153864,1.0,0.0,0.0,-1.5204678362573092,1.0,0.0,0.0,0.0,0.0,0.0,-0.3553008595988538,-0.4782608695652173,0.0,Dropout
2642,0.1960784314137419,0.33333333333333326,0.3333333333333333,-0.13338891204668618,0.22222222222222213,0.0,0.0,1.0,0.0,1.0,0.0,-0.5399999999999996,0.0,1.0,0.0,1.0,1.1623931623931643,0.0,1.0,0.0,0.43274853801169605,0.0,0.0,0.0,1.0,0.0,0.0,0.1346704871060172,-0.7391304347826085,0.0,Graduate
2643,-0.661764706266477,-0.6666666666666667,-0.6666666666666666,0.005557869945810766,-0.3333333333333332,-0.5,0.0,1.0,0.0,1.0,0.0,-0.4066666666666663,1.0,0.0,0.0,1.0,0.08547008547008556,0.0,0.0,0.0,-0.18713450292397668,0.0,0.0,0.0,1.0,0.0,4.0,0.4068767908309455,0.0,0.0,Dropout
2645,0.0,0.0,0.0,0.20008336807002927,-0.05555555555555535,-0.25,0.0,1.0,0.0,1.0,0.0,1.1266666666666671,1.0,0.0,0.0,1.0,-0.6666666666666671,1.0,0.0,0.0,0.6432748538011692,0.0,0.0,0.0,1.0,0.0,0.0,-1.2550143266475644,0.608695652173913,0.0,Graduate
2646,-1.5686274513099354,-1.6666666666666667,-1.6666666666666667,-5.1354731137974134,-1.9999999999999996,-2.0,0.0,1.0,0.0,1.0,-3.0,0.0,1.0,0.0,0.0,1.0,-0.8461538461538463,0.0,1.0,0.0,-0.4678362573099413,0.0,0.0,0.0,1.0,0.0,0.0,0.48710601719197705,-0.3478260869565217,0.0,Dropout
2647,0.3851540623358165,0.33333333333333326,0.6666666666666666,0.4025486827844931,-0.09523809523809526,0.0,0.0,1.0,0.0,1.0,0.5,1.1266666666666671,1.0,0.0,0.0,1.0,-1.5726495726495735,0.0,0.0,0.0,0.023391812865497397,0.0,0.0,0.0,1.0,0.0,0.0,0.42120343839541546,-0.39130434782608686,0.0,Enrolled
2648,-0.41176470596885795,-0.3333333333333335,-0.3333333333333333,-0.2167569820758647,2.4444444444444438,2.0,1.0,0.0,1.0,0.0,0.0,-0.20666666666666628,1.0,0.0,1.0,0.0,0.44444444444444514,0.0,0.0,0.0,0.23391812865497064,0.0,0.0,0.0,0.0,0.0,0.0,-0.3553008595988538,-0.4782608695652173,0.0,Dropout
2649,-0.7993966821438075,-0.7435897435897436,0.3333333333333333,-0.4112824802000832,-0.3333333333333332,1.25,0.0,1.0,0.0,1.0,3.5,0.0,1.0,0.0,0.0,1.0,-1.316239316239317,0.0,0.0,0.0,-0.7894736842105259,0.0,0.0,0.0,0.0,0.0,0.0,-0.3553008595988538,-0.4782608695652173,0.0,Dropout
2650,-0.46550245107818644,-0.41666666666666674,0.0,-0.13255523134639413,0.5,1.0,0.0,1.0,0.0,1.0,1.0,-0.5399999999999996,1.0,0.0,0.0,1.0,-0.12820512820512833,0.0,1.0,1.0,-0.45029239766081863,0.0,0.0,0.0,1.0,0.0,0.0,0.4068767908309455,0.0,0.0,Dropout
2651,-0.1004901957494026,-0.23809523809523814,0.0,0.6905655147978321,0.38095238095238104,0.5,0.0,1.0,0.0,1.0,0.5,-0.4066666666666663,1.0,0.0,0.0,1.0,-0.03418803418803349,0.0,1.0,1.0,-0.2690058479532159,0.0,0.0,0.0,1.0,0.0,0.0,0.42120343839541546,-0.39130434782608686,0.0,Enrolled
2652,0.29411764712061317,0.0,0.0,1.2005002084201741,0.7777777777777779,0.5,1.0,0.0,1.0,0.0,0.0,0.46000000000000035,1.0,0.0,0.0,1.0,0.44444444444444514,0.0,0.0,0.0,0.8187134502923973,0.0,0.0,0.0,0.0,0.0,0.0,-1.2550143266475644,0.608695652173913,0.0,Dropout
2653,0.3641456579196383,0.33333333333333326,0.3333333333333333,0.3430000583576489,-0.05555555555555535,-0.25,0.0,1.0,0.0,1.0,0.0,-1.5399999999999996,0.0,1.0,0.0,1.0,0.3589743589743596,0.0,1.0,0.0,-0.9941520467836252,0.0,0.0,0.0,1.0,0.0,0.0,-1.2550143266475644,0.608695652173913,0.0,Graduate
2655,0.21574754943257984,0.08333333333333326,0.6666666666666666,0.6449115714881195,0.2916666666666667,0.75,0.0,1.0,0.0,1.0,1.0,-0.6066666666666662,1.0,0.0,0.0,1.0,0.08547008547008556,0.0,0.0,1.0,-0.36257309941520466,0.0,0.0,0.0,1.0,0.0,4.0,0.4068767908309455,0.0,0.0,Graduate
2656,-0.17064950983977217,-0.16666666666666674,0.3333333333333333,0.14797832430179253,0.2916666666666667,0.75,0.0,1.0,0.0,1.0,1.0,-1.273333333333333,1.0,0.0,0.0,1.0,1.811965811965814,1.0,0.0,1.0,0.23391812865497064,0.0,0.0,0.0,1.0,0.0,0.0,-0.5787965616045845,1.0,0.0,Graduate
2657,-1.5686274513099354,-1.6666666666666667,-1.6666666666666667,-5.1354731137974134,-1.9999999999999996,-2.0,0.0,1.0,0.0,1.0,-3.0,1.4600000000000004,1.0,0.0,0.0,1.0,1.4957264957264984,0.0,0.0,0.0,2.4152046783625725,0.0,0.0,0.0,1.0,0.0,0.0,0.1346704871060172,-0.7391304347826085,0.0,Graduate
2659,-1.5686274513099354,-1.6666666666666667,-1.6666666666666667,-5.1354731137974134,-1.9999999999999996,-2.0,0.0,1.0,0.0,1.0,-3.0,0.0,1.0,0.0,0.0,1.0,0.6923076923076937,0.0,1.0,0.0,0.5847953216374266,0.0,0.0,0.0,1.0,0.0,0.0,-0.5787965616045845,1.0,0.0,Dropout
2660,0.049019607853435634,0.33333333333333326,0.3333333333333333,-0.5502292621925802,-0.05555555555555535,-0.25,0.0,1.0,0.0,1.0,0.0,-0.5399999999999996,0.0,1.0,0.0,1.0,0.3589743589743596,0.0,1.0,0.0,-0.11695906432748532,0.0,0.0,0.0,1.0,0.0,0.0,0.48710601719197705,-0.3478260869565217,0.0,Dropout
2661,-0.3039215686913,-0.06666666666666665,-0.3333333333333333,-0.6544393497290536,1.6666666666666667,0.75,0.0,1.0,0.0,1.0,-0.5,-0.873333333333333,1.0,0.0,0.0,1.0,1.5470085470085493,1.0,0.0,0.0,0.4035087719298247,0.0,0.0,0.0,1.0,0.0,0.0,0.1346704871060172,-0.7391304347826085,0.0,Dropout
2662,0.17156862748702423,0.0,0.0,0.7836598582742802,-0.05555555555555535,-0.25,0.0,1.0,0.0,1.0,0.0,-2.206666666666666,1.0,0.0,0.0,1.0,5.059829059829065,1.0,0.0,0.0,1.6374269005847946,0.0,0.0,0.0,0.0,0.0,0.0,-0.98567335243553,-0.9565217391304347,0.0,Graduate
2663,-0.5098039216757291,-0.523809523809524,-0.3333333333333333,0.11671529804085004,0.619047619047619,0.75,1.0,0.0,1.0,0.0,0.5,0.0,1.0,0.0,0.0,1.0,-1.1025641025641029,0.0,1.0,1.0,-0.6432748538011692,0.0,0.0,0.0,1.0,0.0,0.0,-0.3553008595988538,-0.4782608695652173,0.0,Dropout
2664,-1.5686274513099354,-1.6666666666666667,-1.6666666666666667,-5.1354731137974134,-0.3333333333333332,-0.75,1.0,0.0,1.0,0.0,-0.5,-0.873333333333333,1.0,0.0,0.0,1.0,-1.6068376068376082,1.0,0.0,0.0,-1.7543859649122797,0.0,0.0,0.0,1.0,0.0,0.0,0.9140401146131805,0.0,0.0,Dropout
2666,-1.0784313727755808,-1.0,-1.0,-0.9670696123384741,2.4444444444444438,2.0,1.0,0.0,1.0,0.0,0.0,-1.5399999999999996,1.0,0.0,1.0,0.0,3.0085470085470116,1.0,0.0,0.0,0.8187134502923973,0.0,0.0,0.0,1.0,0.0,0.0,0.4068767908309455,0.0,0.0,Dropout
2667,0.46568627411744096,0.33333333333333326,0.3333333333333333,0.6308183951646517,-0.3333333333333332,-0.5,0.0,1.0,0.0,1.0,0.0,0.726666666666667,1.0,0.0,0.0,1.0,-0.11965811965811904,0.0,0.0,0.0,0.6666666666666666,0.0,0.0,0.0,1.0,0.0,3.0,0.4068767908309455,0.0,0.0,Graduate
2668,-0.9215686276445869,-0.8666666666666667,-1.0,-0.5502292621925802,0.6666666666666667,0.0,1.0,0.0,1.0,0.0,-0.5,0.0,1.0,0.0,0.0,1.0,1.8888888888888915,1.0,0.0,0.0,1.4035087719298238,0.0,0.0,0.0,0.0,0.0,0.0,-1.2550143266475644,0.608695652173913,0.0,Dropout
2669,-0.07138480338509484,0.08333333333333326,0.6666666666666666,-0.2852378949562321,-0.3333333333333332,0.0,0.0,1.0,0.0,1.0,1.0,0.0,1.0,0.0,0.0,1.0,-2.3418803418803433,1.0,0.0,1.0,-1.491228070175438,0.0,0.0,0.0,0.0,0.0,0.0,0.4068767908309455,0.0,0.0,Enrolled
2670,-0.3676470589007661,-0.3333333333333335,-0.3333333333333333,-0.029178824510212698,-0.3333333333333332,-0.5,0.0,1.0,0.0,1.0,0.0,0.0,1.0,0.0,0.0,1.0,1.760683760683763,1.0,0.0,0.0,1.31578947368421,0.0,0.0,0.0,1.0,0.0,0.0,0.48710601719197705,-0.3478260869565217,0.0,Dropout
2671,-0.09803921570687095,-0.06666666666666665,-0.3333333333333333,0.0750312630262608,1.0,0.25,0.0,1.0,1.0,0.0,-0.5,0.32666666666666705,1.0,0.0,1.0,0.0,-0.8119658119658127,0.0,0.0,0.0,-0.15789473684210534,1.0,0.0,0.0,1.0,0.0,4.0,0.42120343839541546,-0.39130434782608686,0.0,Enrolled
2672,0.46078431382229373,0.33333333333333326,0.0,0.6169237182159233,-0.3333333333333332,-0.75,0.0,1.0,0.0,1.0,-0.5,-0.873333333333333,1.0,0.0,0.0,1.0,2.042735042735044,1.0,0.0,0.0,0.7426900584795312,0.0,0.0,0.0,1.0,0.0,0.0,0.4068767908309455,0.0,0.0,Graduate
2673,-0.6862745099480968,-0.6666666666666667,-0.6666666666666666,-0.13338891204668618,0.22222222222222213,0.0,0.0,1.0,0.0,1.0,0.0,-0.873333333333333,1.0,0.0,0.0,1.0,0.20512820512820581,0.0,1.0,0.0,-0.5146198830409352,0.0,0.0,0.0,1.0,0.0,1.0,-1.2550143266475644,0.608695652173913,0.0,Dropout
2674,-0.5980392158119128,-0.4666666666666668,-0.6666666666666666,-0.5502292621925802,1.0,0.25,0.0,1.0,0.0,1.0,-0.5,1.7933333333333337,1.0,0.0,0.0,1.0,-3.461538461538465,1.0,0.0,0.0,-0.6842105263157893,0.0,0.0,1.0,1.0,1.0,0.0,0.0,0.5217391304347826,0.0,Enrolled
2675,-0.2205882353404597,-0.3333333333333335,-0.3333333333333333,0.5960817007086282,-0.05555555555555535,-0.25,0.0,1.0,0.0,1.0,0.0,0.06000000000000038,0.0,1.0,0.0,1.0,-0.2991452991452994,0.0,0.0,0.0,-0.040935672514620026,0.0,0.0,0.0,1.0,0.0,0.0,0.4068767908309455,0.0,0.0,Graduate
2676,4.901961190933602e-10,0.33333333333333326,0.3333333333333333,-0.689176044185077,-0.3333333333333332,-0.5,0.0,1.0,0.0,1.0,0.0,0.0,1.0,0.0,0.0,1.0,-2.6410256410256427,0.0,1.0,0.0,-1.6959064327485371,0.0,0.0,0.0,1.0,0.0,0.0,0.4068767908309455,0.0,0.0,Enrolled
2678,0.46568627411744096,0.33333333333333326,0.0,0.6308183951646517,0.0,-0.5,0.0,1.0,0.0,1.0,-0.5,-0.20666666666666628,1.0,0.0,0.0,1.0,-0.0683760683760682,0.0,0.0,0.0,-0.11695906432748532,0.0,0.0,0.0,1.0,0.0,0.0,-0.98567335243553,-0.9565217391304347,0.0,Graduate
2679,-1.5686274513099354,-1.6666666666666667,-1.6666666666666667,-5.1354731137974134,-0.3333333333333332,-0.5,0.0,1.0,1.0,0.0,0.0,0.46000000000000035,1.0,0.0,1.0,0.0,0.44444444444444514,0.0,0.0,0.0,0.8187134502923973,0.0,0.0,0.0,0.0,0.0,0.0,0.9140401146131805,0.0,0.0,Enrolled
2680,0.7549019609429065,0.33333333333333326,0.0,1.4506044185077112,-0.3333333333333332,-0.75,0.0,1.0,0.0,1.0,-0.5,1.1266666666666671,1.0,0.0,0.0,1.0,-1.5213675213675226,1.0,0.0,0.0,0.05847953216374266,0.0,0.0,0.0,1.0,0.0,0.0,0.9140401146131805,0.0,0.0,Graduate
2681,0.010291073391517545,0.04761904761904745,2.3333333333333335,0.085905360566903,1.0952380952380953,4.5,0.0,1.0,0.0,1.0,4.0,-2.206666666666666,1.0,0.0,0.0,1.0,1.2991452991453007,0.0,0.0,1.0,-0.9356725146198825,0.0,1.0,1.0,0.0,1.0,0.0,0.0,0.5217391304347826,1.0,Graduate
2682,0.04271708642353983,0.04761904761904745,0.3333333333333333,0.19313602751146275,0.14285714285714307,0.25,0.0,1.0,0.0,1.0,0.5,0.0,1.0,0.0,0.0,1.0,3.5982905982906024,1.0,0.0,1.0,2.573099415204677,0.0,0.0,0.0,0.0,0.0,0.0,-0.3553008595988538,-0.4782608695652173,0.0,Dropout
2683,-1.5686274513099354,-1.6666666666666667,-1.6666666666666667,-5.1354731137974134,-0.3333333333333332,-0.75,1.0,0.0,1.0,0.0,-0.5,-0.873333333333333,1.0,0.0,1.0,0.0,0.44444444444444514,0.0,0.0,0.0,-0.35087719298245595,0.0,0.0,0.0,0.0,0.0,0.0,0.48710601719197705,-0.3478260869565217,0.0,Dropout
2684,-0.4215686275395451,-0.4666666666666668,-0.6666666666666666,0.28345143809920775,0.6666666666666667,0.0,0.0,1.0,0.0,1.0,-0.5,0.0,1.0,0.0,0.0,1.0,0.1794871794871804,0.0,0.0,0.0,0.23391812865497064,0.0,0.0,0.0,1.0,0.0,0.0,0.0,0.5217391304347826,0.0,Graduate
2685,-1.5686274513099354,-1.6666666666666667,-1.6666666666666667,-5.1354731137974134,0.22222222222222213,0.0,0.0,1.0,0.0,1.0,0.0,-0.20666666666666628,1.0,0.0,0.0,1.0,0.44444444444444514,0.0,0.0,0.0,0.23391812865497064,0.0,0.0,0.0,0.0,0.0,0.0,-0.3553008595988538,-0.4782608695652173,0.0,Dropout
2686,0.01960784314137432,0.33333333333333326,0.0,-0.6335973322217586,0.3333333333333332,-0.25,0.0,1.0,0.0,1.0,-0.5,-0.47333333333333294,1.0,0.0,0.0,1.0,0.14529914529914567,0.0,1.0,0.0,-0.20467836257309932,1.0,0.0,0.0,1.0,0.0,1.0,0.9140401146131805,0.0,0.0,Enrolled
2687,0.049019607853435634,0.33333333333333326,0.0,-0.5502292621925802,0.3333333333333332,-0.25,0.0,1.0,0.0,1.0,-0.5,-0.20666666666666628,1.0,0.0,0.0,1.0,-0.777777777777778,0.0,0.0,0.0,-0.6023391812865493,0.0,0.0,0.0,1.0,0.0,0.0,0.9140401146131805,0.0,0.0,Enrolled
2689,-1.5686274513099354,-1.6666666666666667,-1.6666666666666667,-5.1354731137974134,0.3333333333333332,-0.25,0.0,1.0,1.0,0.0,-0.5,0.46000000000000035,1.0,0.0,1.0,0.0,2.6666666666666696,0.0,1.0,0.0,2.3391812865497066,1.0,0.0,0.0,1.0,0.0,0.0,-0.98567335243553,-0.9565217391304347,0.0,Enrolled
2690,-0.9803921570687097,-1.0,-1.0,-0.13338891204668618,0.7777777777777779,0.5,1.0,0.0,1.0,0.0,0.0,0.7933333333333337,1.0,0.0,0.0,1.0,-0.5982905982905976,0.0,0.0,0.0,0.39766081871345077,0.0,0.0,0.0,1.0,0.0,0.0,0.4068767908309455,0.0,0.0,Dropout
2691,-0.3039215686913,-0.06666666666666665,-0.3333333333333333,-0.6544393497290536,0.3333333333333332,-0.25,0.0,1.0,0.0,1.0,-0.5,0.0,1.0,0.0,0.0,1.0,-2.3846153846153864,0.0,0.0,0.0,-1.5204678362573092,0.0,0.0,0.0,1.0,0.0,0.0,-0.3553008595988538,-0.4782608695652173,0.0,Dropout
2693,0.1666666667016809,0.33333333333333326,0.0,-0.2167569820758647,0.0,-0.5,0.0,1.0,0.0,1.0,-0.5,-1.273333333333333,0.0,1.0,0.0,1.0,0.05982905982906013,0.0,0.0,0.0,-0.9649122807017539,0.0,0.0,0.0,1.0,0.0,3.0,0.9140401146131805,0.0,0.0,Graduate
2694,0.7843137256549678,0.33333333333333326,0.3333333333333333,1.5339724885368897,-0.05555555555555535,-0.25,0.0,1.0,0.0,1.0,0.0,0.46000000000000035,1.0,0.0,0.0,1.0,0.29914529914530064,0.0,1.0,0.0,0.7192982456140354,0.0,0.0,0.0,1.0,0.0,0.0,0.42120343839541546,-0.39130434782608686,0.0,Graduate
2695,0.29411764761080894,0.33333333333333326,0.3333333333333333,0.14450465610671082,-0.3333333333333332,-0.5,0.0,1.0,0.0,1.0,0.0,0.46000000000000035,0.0,1.0,0.0,1.0,-0.27350427350427403,0.0,1.0,0.0,0.32748538011695855,0.0,0.0,0.0,1.0,0.0,1.0,-0.3553008595988538,-0.4782608695652173,0.0,Graduate
2696,-0.35854341744227114,-0.523809523809524,-0.3333333333333333,0.8670279283034594,0.857142857142857,1.0,0.0,1.0,1.0,0.0,0.5,-0.873333333333333,1.0,0.0,1.0,0.0,0.8974358974358984,1.0,0.0,1.0,-0.040935672514620026,0.0,0.0,0.0,1.0,0.0,0.0,0.42120343839541546,-0.39130434782608686,0.0,Enrolled
2697,-1.5686274513099354,-1.6666666666666667,-1.6666666666666667,-5.1354731137974134,-0.3333333333333332,-0.5,1.0,0.0,1.0,0.0,0.0,0.0,1.0,0.0,1.0,0.0,-2.2564102564102577,1.0,0.0,0.0,-1.432748538011695,0.0,0.0,0.0,0.0,0.0,0.0,-1.2550143266475644,0.608695652173913,0.0,Dropout
2698,-0.3676470589007661,-0.3333333333333335,-0.3333333333333333,-0.029178824510212698,1.0555555555555554,0.75,1.0,0.0,1.0,0.0,0.0,-1.2066666666666663,1.0,0.0,1.0,0.0,-0.05982905982906013,0.0,0.0,0.0,-0.9883040935672514,0.0,0.0,0.0,1.0,0.0,0.0,0.48710601719197705,-0.3478260869565217,0.0,Enrolled
2699,-0.24509803926717735,-0.23809523809523814,0.0,0.11671529804085004,0.14285714285714307,0.25,0.0,1.0,0.0,1.0,0.5,-0.6133333333333326,1.0,0.0,0.0,1.0,0.44444444444444514,0.0,0.0,0.0,-0.12280701754385925,0.0,0.0,0.0,0.0,0.0,0.0,-0.3553008595988538,-0.4782608695652173,0.0,Dropout
2700,0.15563725493465783,0.08333333333333326,0.6666666666666666,0.4501875781575655,-0.3333333333333332,0.0,0.0,1.0,0.0,1.0,1.0,1.5933333333333337,1.0,0.0,0.0,1.0,-0.7521367521367526,0.0,1.0,1.0,0.9941520467836252,0.0,0.0,0.0,1.0,0.0,0.0,-0.5787965616045845,1.0,0.0,Graduate
2702,-1.323529412042758,-1.3333333333333335,-1.3333333333333333,-0.9670696123384741,0.5,0.25,0.0,1.0,0.0,1.0,0.0,-0.873333333333333,1.0,0.0,0.0,1.0,-0.12820512820512833,0.0,0.0,0.0,-0.742690058479532,0.0,0.0,0.0,1.0,0.0,0.0,0.42120343839541546,-0.39130434782608686,0.0,Dropout
2703,-1.5686274513099354,-1.6666666666666667,-1.6666666666666667,-5.1354731137974134,-0.3333333333333332,-0.75,0.0,1.0,1.0,0.0,-0.5,-0.20666666666666628,1.0,0.0,1.0,0.0,-0.4188034188034185,0.0,0.0,0.0,-0.3567251461988299,1.0,0.0,0.0,1.0,0.0,0.0,-0.98567335243553,-0.9565217391304347,0.0,Dropout
2704,-0.7414215687832116,-0.6666666666666667,-0.6666666666666666,-0.4460191746561067,2.4444444444444438,2.0,0.0,1.0,0.0,1.0,0.0,0.46000000000000035,1.0,0.0,0.0,1.0,0.44444444444444514,0.0,0.0,0.0,0.8187134502923973,0.0,0.0,0.0,0.0,0.0,0.0,-1.2550143266475644,0.608695652173913,0.0,Dropout
2705,-1.5686274513099354,-1.6666666666666667,-1.6666666666666667,-5.1354731137974134,1.3333333333333333,0.5,0.0,1.0,0.0,1.0,-0.5,-1.6066666666666662,1.0,0.0,0.0,1.0,0.3589743589743596,0.0,0.0,0.0,-1.052631578947368,0.0,0.0,0.0,1.0,0.0,0.0,0.0,0.5217391304347826,0.0,Enrolled
2706,-0.6274509802298565,-0.4666666666666668,-0.6666666666666666,-0.689176044185077,0.6666666666666667,0.0,0.0,1.0,0.0,1.0,-0.5,0.6600000000000004,1.0,0.0,0.0,1.0,-3.2307692307692335,1.0,0.0,0.0,-1.5204678362573092,0.0,0.0,0.0,1.0,0.0,1.0,-0.98567335243553,-0.9565217391304347,0.0,Dropout
2707,-0.18627450984305471,-0.06666666666666665,-0.3333333333333333,-0.23759899958315966,0.3333333333333332,-0.25,0.0,1.0,0.0,1.0,-0.5,-0.5399999999999996,1.0,0.0,0.0,1.0,1.0769230769230786,0.0,1.0,0.0,0.37426900584795336,0.0,0.0,0.0,1.0,0.0,0.0,0.0,0.5217391304347826,0.0,Graduate
2708,-1.5686274513099354,-1.6666666666666667,-1.6666666666666667,-5.1354731137974134,-0.3333333333333332,-0.75,0.0,1.0,0.0,1.0,-0.5,0.19333333333333372,1.0,0.0,0.0,1.0,0.5384615384615388,0.0,1.0,0.0,0.6491228070175432,0.0,0.0,0.0,1.0,0.0,0.0,-0.5787965616045845,1.0,0.0,Dropout
2709,0.29411764761080894,0.33333333333333326,0.3333333333333333,0.14450465610671082,-0.3333333333333332,-0.5,0.0,1.0,0.0,1.0,0.0,1.5933333333333337,1.0,0.0,0.0,1.0,-1.1709401709401723,0.0,0.0,0.0,0.7076023391812859,0.0,0.0,0.0,1.0,0.0,2.0,0.4068767908309455,0.0,0.0,Graduate
2710,0.1887254902357264,0.33333333333333326,0.6666666666666666,-0.15423092955398118,1.3333333333333333,1.5,0.0,1.0,0.0,1.0,0.5,1.7933333333333337,1.0,0.0,0.0,1.0,-2.1196581196581215,1.0,0.0,0.0,0.23391812865497064,0.0,0.0,0.0,1.0,0.0,0.0,-0.5787965616045845,1.0,0.0,Enrolled
2712,-1.5686274513099354,-1.6666666666666667,-1.6666666666666667,-5.1354731137974134,-0.3333333333333332,-0.5,1.0,0.0,1.0,0.0,0.0,-1.3399999999999996,1.0,0.0,0.0,1.0,1.7435897435897445,0.0,0.0,0.0,0.1286549707602332,0.0,1.0,0.0,1.0,0.0,0.0,-0.98567335243553,-0.9565217391304347,0.0,Dropout
2713,-0.8921568629325258,-0.8666666666666667,-1.0,-0.34180908711963315,1.6666666666666667,0.75,0.0,1.0,1.0,0.0,-0.5,-0.20666666666666628,0.0,1.0,1.0,0.0,-0.5982905982905988,0.0,1.0,0.0,-0.47953216374269,0.0,0.0,0.0,1.0,0.0,1.0,-0.5787965616045845,1.0,0.0,Dropout
2715,0.8473389359623261,0.33333333333333326,0.3333333333333333,1.7126183534806168,-0.05555555555555535,-0.25,0.0,1.0,1.0,0.0,0.0,-1.5399999999999996,1.0,0.0,1.0,0.0,4.7179487179487225,1.0,0.0,0.0,1.9883040935672505,0.0,0.0,0.0,1.0,0.0,0.0,0.1346704871060172,-0.7391304347826085,0.0,Dropout
2716,-0.16778711488118764,-0.23809523809523814,0.0,0.4235097957482283,0.14285714285714307,0.25,0.0,1.0,0.0,1.0,0.5,-2.1399999999999997,0.0,1.0,0.0,1.0,0.7435897435897445,0.0,1.0,1.0,-1.2573099415204672,0.0,0.0,0.0,1.0,0.0,4.0,0.48710601719197705,-0.3478260869565217,0.0,Graduate
2718,0.5882352947314218,0.33333333333333326,0.6666666666666666,0.9781853563984988,0.14285714285714307,0.25,0.0,1.0,0.0,1.0,0.5,0.0,1.0,0.0,0.0,1.0,-2.3846153846153864,0.0,0.0,0.0,-1.5204678362573092,0.0,0.0,0.0,1.0,0.0,0.0,0.48710601719197705,-0.3478260869565217,0.0,Graduate
2719,0.24773284374076995,0.08333333333333326,0.6666666666666666,0.7485261734055851,-0.3333333333333332,0.0,0.0,1.0,0.0,1.0,1.0,0.32666666666666705,1.0,0.0,0.0,1.0,-0.02564102564102542,0.0,1.0,1.0,0.3801169590643273,0.0,0.0,0.0,1.0,0.0,0.0,0.4068767908309455,0.0,0.0,Graduate
2720,0.6162464991490711,0.33333333333333326,0.3333333333333333,1.0575835181325546,-0.05555555555555535,-0.25,0.0,1.0,0.0,1.0,0.0,0.32666666666666705,0.0,1.0,0.0,1.0,-0.8119658119658127,0.0,1.0,0.0,-0.15789473684210534,0.0,0.0,0.0,1.0,0.0,3.0,0.42120343839541546,-0.39130434782608686,0.0,Graduate
2721,0.46568627411744096,0.33333333333333326,0.3333333333333333,0.6308183951646517,-0.05555555555555535,-0.25,0.0,1.0,0.0,1.0,0.0,0.5266666666666671,0.0,1.0,0.0,1.0,-0.5897435897435895,0.0,1.0,0.0,0.16959064327485404,0.0,0.0,0.0,1.0,0.0,1.0,0.9140401146131805,0.0,0.0,Graduate
2722,-0.5980392158119128,-0.4666666666666668,-0.6666666666666666,-0.5502292621925802,1.3333333333333333,0.5,0.0,1.0,0.0,1.0,-0.5,-0.27333333333333293,1.0,0.0,0.0,1.0,0.3846153846153862,0.0,0.0,0.0,0.1345029239766088,0.0,0.0,0.0,1.0,0.0,1.0,-0.5787965616045845,1.0,0.0,Enrolled
2723,-0.4166666667542016,-0.3333333333333335,-0.3333333333333333,-0.23759899958315966,1.0555555555555554,0.75,0.0,1.0,0.0,1.0,0.0,-0.4066666666666663,1.0,0.0,0.0,1.0,-1.8632478632478648,0.0,0.0,0.0,-1.5204678362573092,0.0,0.0,0.0,1.0,0.0,0.0,0.1346704871060172,-0.7391304347826085,0.0,Enrolled
2724,-0.9803921570687096,-0.8666666666666667,-1.0,-0.9670696123384741,2.9999999999999996,1.75,0.0,1.0,0.0,1.0,-0.5,-0.006666666666666288,0.0,1.0,0.0,1.0,-0.658119658119659,0.0,0.0,0.0,-0.345029239766082,0.0,0.0,0.0,1.0,0.0,1.0,0.1346704871060172,-0.7391304347826085,0.0,Dropout
2728,0.2731004898858054,0.08333333333333326,0.6666666666666666,0.8307032680283448,-0.3333333333333332,0.0,0.0,1.0,0.0,1.0,1.0,-0.27333333333333293,0.0,1.0,0.0,1.0,0.017094017094017352,0.0,0.0,1.0,-0.11695906432748532,0.0,0.0,0.0,1.0,0.0,1.0,0.4068767908309455,0.0,0.0,Graduate
2729,0.7002801124020195,0.33333333333333326,0.3333333333333333,1.2957780033347222,0.22222222222222213,0.0,1.0,0.0,1.0,0.0,0.0,-0.20666666666666628,1.0,0.0,0.0,1.0,-0.4102564102564104,1.0,0.0,0.0,-0.35087719298245595,0.0,0.0,0.0,1.0,0.0,0.0,0.48710601719197705,-0.3478260869565217,0.0,Enrolled
2730,-0.15686274513099357,-0.06666666666666665,-0.3333333333333333,-0.13338891204668618,1.0,0.25,0.0,1.0,0.0,1.0,-0.5,-0.006666666666666288,1.0,0.0,0.0,1.0,-0.6324786324786323,0.0,1.0,0.0,-0.32748538011695855,0.0,0.0,0.0,1.0,0.0,0.0,-0.98567335243553,-0.9565217391304347,0.0,Graduate
2731,0.46568627411744096,0.33333333333333326,0.3333333333333333,0.6308183951646517,-0.05555555555555535,-0.25,0.0,1.0,0.0,1.0,0.0,-0.006666666666666288,1.0,0.0,0.0,1.0,0.32478632478632485,0.0,1.0,0.0,0.32748538011695855,0.0,0.0,0.0,1.0,0.0,0.0,0.48710601719197705,-0.3478260869565217,0.0,Graduate
2732,0.22058823583065565,0.33333333333333326,0.3333333333333333,-0.06391551896623615,-0.3333333333333332,-0.5,0.0,1.0,0.0,1.0,0.0,-1.7399999999999995,1.0,0.0,0.0,1.0,0.20512820512820581,0.0,1.0,0.0,-1.2748538011695898,0.0,0.0,0.0,1.0,0.0,0.0,0.48710601719197705,-0.3478260869565217,0.0,Graduate
2733,0.23468137204685152,0.08333333333333326,0.6666666666666666,0.7062466486035842,-0.3333333333333332,0.0,0.0,1.0,0.0,1.0,1.0,-0.13999999999999962,1.0,0.0,0.0,1.0,-0.32478632478632485,0.0,1.0,1.0,-0.23391812865497064,0.0,0.0,0.0,1.0,0.0,0.0,-0.5787965616045845,1.0,0.0,Enrolled
2734,-1.062091503654501,-1.0,-1.0,-0.8281228303459771,2.1666666666666665,1.75,0.0,1.0,0.0,1.0,0.0,-1.0066666666666664,1.0,0.0,0.0,1.0,-0.17948717948717918,0.0,0.0,0.0,-0.8947368421052625,0.0,0.0,0.0,1.0,0.0,1.0,-0.5787965616045845,1.0,0.0,Enrolled
2735,0.04901960785343531,0.0,0.0,0.36681950812838626,-0.05555555555555535,-0.25,0.0,1.0,0.0,1.0,0.0,0.19333333333333372,0.0,1.0,0.0,1.0,-0.777777777777778,0.0,1.0,0.0,-0.2514619883040933,0.0,0.0,0.0,1.0,0.0,3.0,0.42120343839541546,-0.39130434782608686,0.0,Graduate
2736,0.37254901968610976,0.04761904761904745,0.3333333333333333,1.2838682784493534,-0.3333333333333332,-0.25,0.0,1.0,1.0,0.0,0.5,-0.5399999999999996,1.0,0.0,1.0,0.0,0.5299145299145307,0.0,1.0,1.0,0.0,0.0,0.0,0.0,1.0,0.0,0.0,0.0,0.5217391304347826,0.0,Graduate
2738,0.028011204907845467,0.33333333333333326,0.3333333333333333,-0.6097778824510213,1.6111111111111107,1.25,0.0,1.0,1.0,0.0,0.0,0.726666666666667,1.0,0.0,1.0,0.0,-0.3333333333333329,0.0,1.0,0.0,0.52046783625731,0.0,0.0,0.0,1.0,0.0,0.0,-1.2550143266475644,0.608695652173913,0.0,Dropout
2739,0.09803921521667483,0.33333333333333326,0.0,-0.4112824802000832,1.6666666666666667,0.75,0.0,1.0,0.0,1.0,-0.5,0.8600000000000004,1.0,0.0,0.0,1.0,0.26495726495726596,0.0,0.0,0.0,1.046783625730994,0.0,0.0,0.0,1.0,0.0,1.0,0.1346704871060172,-0.7391304347826085,0.0,Graduate
2740,0.13725490198961926,-0.06666666666666665,-0.3333333333333333,0.9087119633180487,0.3333333333333332,-0.25,0.0,1.0,0.0,1.0,-0.5,0.7933333333333337,0.0,1.0,0.0,1.0,0.44444444444444514,0.0,1.0,0.0,1.1111111111111105,0.0,0.0,0.0,1.0,0.0,3.0,0.4068767908309455,0.0,0.0,Graduate
2741,0.5147058829512685,0.33333333333333326,0.3333333333333333,0.7697651813255517,-0.3333333333333332,-0.5,0.0,1.0,0.0,1.0,0.0,-0.47333333333333294,0.0,1.0,0.0,1.0,0.9572649572649584,0.0,1.0,0.0,0.35087719298245595,0.0,0.0,0.0,1.0,0.0,1.0,0.4068767908309455,0.0,0.0,Graduate
2742,0.3186274505571347,0.33333333333333326,0.3333333333333333,0.21397804501875775,-0.05555555555555535,-0.25,0.0,1.0,0.0,1.0,0.0,0.5266666666666671,1.0,0.0,0.0,1.0,0.02564102564102542,0.0,0.0,0.0,0.5906432748538005,0.0,1.0,1.0,1.0,1.0,0.0,0.0,0.5217391304347826,1.0,Graduate
2743,0.39215686233728797,0.33333333333333326,0.3333333333333333,0.42239822009170475,-0.05555555555555535,-0.25,0.0,1.0,0.0,1.0,0.0,0.5266666666666671,1.0,0.0,0.0,1.0,0.26495726495726596,0.0,1.0,0.0,0.7543859649122806,0.0,0.0,0.0,1.0,0.0,0.0,0.4068767908309455,0.0,0.0,Graduate
2744,0.4411764711711155,0.33333333333333326,0.3333333333333333,0.5613450062526048,-0.05555555555555535,-0.25,0.0,1.0,0.0,1.0,0.0,0.0,0.0,1.0,0.0,1.0,-2.213675213675215,0.0,1.0,0.0,-1.4035087719298238,0.0,0.0,0.0,1.0,0.0,0.0,0.48710601719197705,-0.3478260869565217,0.0,Graduate
2745,0.02450980343652186,0.33333333333333326,0.3333333333333333,-0.6197026552730301,-0.3333333333333332,-0.5,1.0,0.0,1.0,0.0,0.0,0.0,0.0,1.0,1.0,0.0,-0.4188034188034185,1.0,0.0,0.0,-0.17543859649122798,0.0,0.0,0.0,1.0,0.0,0.0,0.1346704871060172,-0.7391304347826085,0.0,Dropout
2746,0.40616246528140665,0.33333333333333326,0.3333333333333333,0.4620973030429342,-0.05555555555555535,-0.25,0.0,1.0,0.0,1.0,0.0,-0.4066666666666663,1.0,0.0,0.0,1.0,1.3418803418803433,0.0,1.0,0.0,0.6725146198830406,0.0,0.0,0.0,1.0,0.0,1.0,0.0,0.5217391304347826,0.0,Graduate
2747,0.255112044661438,0.33333333333333326,0.6666666666666666,0.033942713630679404,-0.3333333333333332,-0.25,0.0,1.0,1.0,0.0,0.5,-1.8066666666666662,1.0,0.0,1.0,0.0,0.11965811965812026,0.0,1.0,1.0,-1.3918128654970752,0.0,0.0,0.0,1.0,0.0,0.0,0.48710601719197705,-0.3478260869565217,0.0,Enrolled
2748,-1.5686274513099354,-1.6666666666666667,-1.6666666666666667,-5.1354731137974134,0.22222222222222213,0.0,1.0,0.0,1.0,0.0,0.0,-0.20666666666666628,1.0,0.0,0.0,1.0,-1.6666666666666683,0.0,0.0,0.0,-1.2105263157894732,0.0,0.0,0.0,1.0,0.0,0.0,-0.3553008595988538,-0.4782608695652173,0.0,Dropout
2749,-1.5686274513099354,-1.6666666666666667,-1.6666666666666667,-5.1354731137974134,-0.3333333333333332,-1.0,1.0,0.0,1.0,0.0,-1.0,-1.5399999999999996,1.0,0.0,0.0,1.0,2.153846153846156,1.0,0.0,0.0,0.23391812865497064,0.0,0.0,0.0,1.0,0.0,0.0,-0.5787965616045845,1.0,0.0,Dropout
2751,-1.5686274513099354,-1.6666666666666667,-1.6666666666666667,-5.1354731137974134,0.6666666666666667,0.0,1.0,0.0,1.0,0.0,-0.5,1.7933333333333337,1.0,0.0,0.0,1.0,-3.6581196581196616,1.0,0.0,0.0,-0.8187134502923973,1.0,0.0,0.0,1.0,0.0,0.0,-0.98567335243553,-0.9565217391304347,0.0,Dropout
2752,0.5112044814799449,0.33333333333333326,0.3333333333333333,0.7598404085035428,0.22222222222222213,0.0,0.0,1.0,0.0,1.0,0.0,2.4600000000000004,0.0,1.0,0.0,1.0,-4.683760683760688,1.0,0.0,0.0,-0.9356725146198825,0.0,0.0,0.0,0.0,0.0,0.0,-1.2550143266475644,0.608695652173913,0.0,Graduate
2754,0.46078431382229373,0.33333333333333326,1.6666666666666667,0.6169237182159233,0.0,1.0,0.0,1.0,0.0,1.0,2.0,-0.873333333333333,0.0,1.0,0.0,1.0,2.2393162393162416,0.0,0.0,0.0,0.8771929824561399,0.0,0.0,0.0,1.0,0.0,0.0,0.4068767908309455,0.0,0.0,Graduate
2755,0.4313725491102321,0.33333333333333326,1.6666666666666667,0.5335556481867441,-0.3333333333333332,0.5,0.0,1.0,0.0,1.0,2.0,-0.20666666666666628,1.0,0.0,0.0,1.0,0.44444444444444514,0.0,0.0,0.0,0.23391812865497064,0.0,0.0,0.0,0.0,0.0,0.0,0.9140401146131805,0.0,0.0,Dropout
2757,-1.2745098041893226,-1.2666666666666666,-1.3333333333333333,-0.9670696123384741,0.6666666666666667,0.0,1.0,0.0,1.0,0.0,-0.5,-0.873333333333333,1.0,0.0,0.0,1.0,-0.9230769230769237,1.0,0.0,0.0,-1.2865497076023384,0.0,0.0,0.0,1.0,0.0,1.0,0.4068767908309455,0.0,0.0,Dropout
2758,-1.5686274513099354,-1.6666666666666667,-1.6666666666666667,-5.1354731137974134,3.2777777777777772,2.75,0.0,1.0,0.0,1.0,0.0,-1.5399999999999996,1.0,0.0,0.0,1.0,0.44444444444444514,0.0,0.0,0.0,-0.9356725146198825,0.0,0.0,0.0,0.0,0.0,0.0,0.1346704871060172,-0.7391304347826085,0.0,Dropout
2759,-1.5686274513099354,-1.6666666666666667,-1.6666666666666667,-5.1354731137974134,-0.3333333333333332,-0.5,0.0,1.0,0.0,1.0,0.0,-0.873333333333333,1.0,0.0,0.0,1.0,0.44444444444444514,0.0,0.0,0.0,-0.35087719298245595,0.0,0.0,0.0,0.0,0.0,0.0,-1.2550143266475644,0.608695652173913,0.0,Enrolled
2760,-0.5098039216757291,-0.3333333333333335,-0.3333333333333333,-0.6335973322217586,1.3333333333333333,1.0,0.0,1.0,0.0,1.0,0.0,-0.20666666666666628,1.0,0.0,0.0,1.0,0.44444444444444514,0.0,0.0,0.0,0.23391812865497064,0.0,0.0,0.0,0.0,0.0,0.0,0.42120343839541546,-0.39130434782608686,0.0,Enrolled
2762,-0.1307189542758278,0.11111111111111094,1.0,-0.5502292621925802,0.4074074074074074,1.25,0.0,1.0,0.0,1.0,1.5,-0.873333333333333,1.0,0.0,0.0,1.0,-1.264957264957266,0.0,0.0,0.0,-1.5204678362573092,0.0,0.0,0.0,1.0,0.0,0.0,-0.5787965616045845,1.0,0.0,Enrolled
2763,-0.661764706266477,-0.6666666666666667,-0.6666666666666666,0.005557869945810766,0.7777777777777779,0.5,0.0,1.0,0.0,1.0,0.0,-2.206666666666666,0.0,1.0,0.0,1.0,1.3846153846153861,1.0,0.0,0.0,-0.8771929824561399,0.0,0.0,0.0,0.0,0.0,0.0,0.0,0.5217391304347826,0.0,Enrolled
2764,0.008912655973351963,0.15151515151515138,1.6666666666666667,-0.2167569820758647,0.4242424242424243,2.0,0.0,1.0,0.0,1.0,2.5,0.0,1.0,0.0,0.0,1.0,0.1794871794871804,0.0,0.0,0.0,0.23391812865497064,0.0,0.0,0.0,0.0,0.0,0.0,0.0,0.5217391304347826,0.0,Graduate
2765,-0.5980392158119128,-0.4666666666666668,-0.6666666666666666,-0.5502292621925802,0.6666666666666667,0.0,0.0,1.0,0.0,1.0,-0.5,-0.20666666666666628,1.0,0.0,0.0,1.0,0.4529914529914532,1.0,0.0,0.0,0.23976608187134457,0.0,0.0,0.0,1.0,0.0,0.0,0.4068767908309455,0.0,0.0,Enrolled
2766,0.35931372556568203,0.33333333333333326,1.0,0.3293038766152559,-0.3333333333333332,0.0,0.0,1.0,0.0,1.0,1.0,0.7933333333333337,1.0,0.0,0.0,1.0,-1.051282051282052,0.0,0.0,1.0,0.08771929824561399,0.0,0.0,0.0,1.0,0.0,3.0,-0.98567335243553,-0.9565217391304347,0.0,Graduate
2768,-1.5686274513099354,-1.6666666666666667,-1.6666666666666667,-5.1354731137974134,-0.3333333333333332,-0.75,1.0,0.0,1.0,0.0,-0.5,-1.2066666666666663,1.0,0.0,0.0,1.0,0.44444444444444514,0.0,0.0,0.0,-0.6432748538011692,0.0,0.0,0.0,1.0,0.0,2.0,0.4068767908309455,0.0,0.0,Dropout
2770,-1.5686274513099354,-1.6666666666666667,-1.6666666666666667,-5.1354731137974134,0.14285714285714307,0.25,0.0,1.0,0.0,1.0,0.5,-0.6066666666666662,0.0,1.0,0.0,1.0,-0.17948717948717918,0.0,1.0,1.0,-0.5438596491228066,0.0,0.0,0.0,1.0,0.0,0.0,-1.2550143266475644,0.608695652173913,0.0,Dropout
2772,0.3497549020342622,0.33333333333333326,1.0,0.30220925385577296,-0.3333333333333332,0.0,0.0,1.0,0.0,1.0,1.0,0.2600000000000004,1.0,0.0,0.0,1.0,-0.36752136752136766,0.0,1.0,1.0,0.08771929824561399,0.0,0.0,0.0,1.0,0.0,3.0,-0.98567335243553,-0.9565217391304347,0.0,Graduate
2773,-0.3868259804734227,-0.41666666666666674,0.0,0.22426010837849106,0.0833333333333334,0.5,0.0,1.0,0.0,1.0,1.0,-0.6066666666666662,1.0,0.0,0.0,1.0,-0.11111111111111098,0.0,1.0,1.0,-0.4970760233918126,0.0,0.0,0.0,1.0,0.0,0.0,-0.98567335243553,-0.9565217391304347,0.0,Enrolled
2774,0.5273284314833321,0.33333333333333326,1.0,0.8055439766569398,-0.3333333333333332,0.0,0.0,1.0,0.0,1.0,1.0,0.19333333333333372,0.0,1.0,0.0,1.0,1.5384615384615412,0.0,0.0,1.0,1.3333333333333333,0.0,0.0,0.0,1.0,0.0,2.0,-0.98567335243553,-0.9565217391304347,0.0,Graduate
2775,-0.09173669469714328,-0.23809523809523814,0.0,0.7253022092538556,0.14285714285714307,0.25,0.0,1.0,0.0,1.0,0.5,-0.47333333333333294,0.0,1.0,0.0,1.0,-0.05128205128205084,0.0,1.0,1.0,-0.33918128654970725,0.0,0.0,0.0,1.0,0.0,3.0,0.42120343839541546,-0.39130434782608686,0.0,Enrolled
2777,-1.5686274513099354,-1.6666666666666667,-1.6666666666666667,-5.1354731137974134,-1.9999999999999996,-2.0,0.0,1.0,0.0,1.0,-3.0,0.5266666666666671,0.0,1.0,0.0,1.0,0.02564102564102542,0.0,0.0,0.0,0.5906432748538005,0.0,0.0,0.0,1.0,0.0,1.0,-0.5787965616045845,1.0,0.0,Enrolled
2779,0.36519607850809427,0.33333333333333326,4.0,0.345977490621092,0.7450980392156861,5.0,0.0,1.0,0.0,1.0,5.5,-0.20666666666666628,1.0,0.0,0.0,1.0,0.44444444444444514,0.0,0.0,0.0,0.23391812865497064,0.0,0.0,0.0,0.0,0.0,-1.0,-1.2550143266475644,0.608695652173913,0.0,Graduate
2780,-0.05718954290417129,0.0,0.0,0.005557869945810766,0.5,0.25,0.0,1.0,0.0,1.0,0.0,0.19333333333333372,0.0,1.0,0.0,1.0,-0.777777777777778,0.0,1.0,0.0,-0.2514619883040933,0.0,0.0,0.0,1.0,0.0,1.0,0.1346704871060172,-0.7391304347826085,0.0,Graduate
2781,0.4576330535275138,0.33333333333333326,0.6666666666666666,0.607991425593997,-0.09523809523809526,0.0,0.0,1.0,0.0,1.0,0.5,0.2600000000000004,0.0,1.0,0.0,1.0,-0.777777777777778,0.0,1.0,1.0,-0.19298245614035062,0.0,0.0,0.0,1.0,0.0,2.0,-0.3553008595988538,-0.4782608695652173,0.0,Graduate
2783,-0.7352941180466303,-0.6666666666666667,-0.6666666666666666,-0.4112824802000832,1.0555555555555554,0.75,0.0,1.0,0.0,1.0,0.0,-0.9399999999999996,1.0,0.0,0.0,1.0,-0.7521367521367526,0.0,0.0,0.0,-1.2280701754385959,0.0,0.0,0.0,1.0,0.0,0.0,-0.3553008595988538,-0.4782608695652173,0.0,Enrolled
2784,0.04901960785343531,0.0,0.0,0.36681950812838626,-0.05555555555555535,-0.25,0.0,1.0,0.0,1.0,0.0,-0.07333333333333296,1.0,0.0,0.0,1.0,0.26495726495726596,0.0,1.0,0.0,0.2280701754385967,0.0,0.0,0.0,1.0,0.0,0.0,0.4068767908309455,0.0,0.0,Enrolled
2785,0.4271708682269965,0.33333333333333326,0.3333333333333333,0.5216459233013753,0.22222222222222213,0.0,0.0,1.0,0.0,1.0,0.0,1.2600000000000005,0.0,1.0,0.0,1.0,-0.8974358974358971,0.0,1.0,0.0,0.6023391812865501,0.0,0.0,0.0,1.0,0.0,0.0,0.1346704871060172,-0.7391304347826085,0.0,Graduate
2786,0.30637254908397166,0.33333333333333326,2.0,0.1792413505627343,0.12121212121212123,1.5,0.0,1.0,0.0,1.0,2.5,-0.5399999999999996,1.0,0.0,0.0,1.0,-0.4188034188034185,0.0,1.0,0.0,-0.6491228070175432,0.0,0.0,0.0,1.0,0.0,0.0,-0.98567335243553,-0.9565217391304347,0.0,Graduate
2787,-0.6127450981679434,-0.6666666666666667,-0.6666666666666666,0.28345143809920775,1.0555555555555554,0.75,0.0,1.0,0.0,1.0,0.0,0.0,1.0,0.0,0.0,1.0,-2.213675213675215,1.0,0.0,0.0,-1.4035087719298238,0.0,0.0,0.0,0.0,0.0,0.0,0.0,0.5217391304347826,0.0,Dropout
2788,-0.5686274513939693,-0.4666666666666668,-0.6666666666666666,-0.4112824802000832,0.3333333333333332,-0.25,0.0,1.0,0.0,1.0,-0.5,-0.873333333333333,1.0,0.0,0.0,1.0,-0.2991452991452994,0.0,1.0,0.0,-0.8596491228070173,0.0,0.0,0.0,1.0,0.0,2.0,-0.98567335243553,-0.9565217391304347,0.0,Enrolled
2789,-1.5686274513099354,-1.6666666666666667,-1.6666666666666667,-5.1354731137974134,1.3333333333333333,1.0,1.0,0.0,1.0,0.0,0.0,0.9933333333333337,1.0,0.0,1.0,0.0,-1.0170940170940173,1.0,0.0,0.0,0.2865497076023394,0.0,0.0,0.0,1.0,0.0,0.0,0.4068767908309455,0.0,0.0,Dropout
2790,-1.5686274513099354,-1.6666666666666667,-1.6666666666666667,-5.1354731137974134,-1.9999999999999996,-2.0,0.0,1.0,1.0,0.0,-3.0,0.0,0.0,1.0,1.0,0.0,-2.3846153846153864,1.0,0.0,0.0,-1.5204678362573092,0.0,0.0,0.0,1.0,0.0,0.0,-1.2550143266475644,0.608695652173913,0.0,Dropout
2791,-0.8333333335084032,-0.8666666666666667,-1.0,0.0750312630262608,0.3333333333333332,-0.25,1.0,0.0,1.0,0.0,-0.5,-1.2066666666666663,1.0,0.0,0.0,1.0,0.26495726495726596,0.0,0.0,0.0,-0.7660818713450285,0.0,0.0,0.0,1.0,0.0,0.0,-0.98567335243553,-0.9565217391304347,0.0,Dropout
2793,0.0,0.11111111111111094,1.0,-0.13338891204668618,0.4074074074074074,1.25,0.0,1.0,0.0,1.0,1.5,0.0,1.0,0.0,0.0,1.0,1.2905982905982927,1.0,0.0,0.0,0.9941520467836252,0.0,0.0,0.0,1.0,0.0,0.0,-0.5787965616045845,1.0,0.0,Graduate
2795,-1.5686274513099354,-1.6666666666666667,-1.6666666666666667,-5.1354731137974134,-0.3333333333333332,-0.75,0.0,1.0,0.0,1.0,-0.5,-0.20666666666666628,1.0,0.0,0.0,1.0,0.2393162393162393,1.0,0.0,0.0,0.09356725146198792,0.0,0.0,0.0,1.0,0.0,0.0,0.0,0.5217391304347826,0.0,Enrolled
2796,0.31792717114522273,0.33333333333333326,0.6666666666666666,0.21199309295539798,-0.09523809523809526,0.0,0.0,1.0,0.0,1.0,0.5,0.0,1.0,0.0,0.0,1.0,1.5982905982906002,1.0,0.0,1.0,1.2046783625730986,0.0,0.0,0.0,0.0,0.0,0.0,0.1346704871060172,-0.7391304347826085,0.0,Graduate
2797,-1.5686274513099354,-1.6666666666666667,-1.6666666666666667,-5.1354731137974134,-1.9999999999999996,-2.0,0.0,1.0,0.0,1.0,0.5,0.2600000000000004,1.0,0.0,0.0,1.0,0.7863247863247873,1.0,0.0,1.0,0.8771929824561399,0.0,0.0,0.0,1.0,0.0,0.0,0.42120343839541546,-0.39130434782608686,0.0,Dropout
2798,0.39215686233728797,0.33333333333333326,0.3333333333333333,0.42239822009170475,-0.3333333333333332,-0.5,0.0,1.0,0.0,1.0,0.0,-0.673333333333333,1.0,0.0,0.0,1.0,0.2393162393162393,0.0,1.0,0.0,-0.3157894736842107,0.0,0.0,0.0,1.0,0.0,1.0,0.9140401146131805,0.0,0.0,Graduate
2799,0.353851540270417,0.33333333333333326,3.0,0.3138212338474362,0.38095238095238104,3.0,0.0,1.0,0.0,1.0,4.0,1.1266666666666671,0.0,1.0,0.0,1.0,-2.974358974358977,0.0,0.0,1.0,-0.9356725146198825,0.0,0.0,0.0,1.0,0.0,0.0,-0.98567335243553,-0.9565217391304347,0.0,Graduate
2800,-0.3081232493644517,-0.23809523809523814,0.0,-0.13338891204668618,1.0952380952380953,1.25,1.0,0.0,1.0,0.0,0.5,-0.873333333333333,1.0,0.0,0.0,1.0,-0.5299145299145307,0.0,0.0,0.0,-1.0175438596491226,1.0,0.0,0.0,1.0,0.0,0.0,-1.2550143266475644,0.608695652173913,0.0,Dropout
2803,0.5952380947328932,0.33333333333333326,0.3333333333333333,0.9980348937057104,-0.05555555555555535,-0.25,0.0,1.0,0.0,1.0,0.0,0.5933333333333337,0.0,1.0,0.0,1.0,0.3846153846153862,0.0,1.0,0.0,0.8947368421052634,0.0,0.0,0.0,1.0,0.0,0.0,0.1346704871060172,-0.7391304347826085,0.0,Graduate
2804,0.8893557418535057,0.33333333333333326,0.3333333333333333,1.8317155939974976,-0.05555555555555535,-0.25,0.0,1.0,0.0,1.0,0.0,0.9266666666666671,1.0,0.0,0.0,1.0,-0.5299145299145307,0.0,1.0,0.0,0.5614035087719292,0.0,0.0,0.0,1.0,0.0,2.0,0.1346704871060172,-0.7391304347826085,0.0,Graduate
2806,-0.09908963629532709,0.04761904761904745,0.3333333333333333,-0.27580936640266795,-0.09523809523809526,0.0,0.0,1.0,0.0,1.0,0.5,-0.47333333333333294,1.0,0.0,0.0,1.0,0.3589743589743596,0.0,1.0,1.0,-0.05847953216374266,0.0,0.0,0.0,1.0,0.0,3.0,0.42120343839541546,-0.39130434782608686,0.0,Graduate
2808,0.5821078432595462,0.33333333333333326,0.3333333333333333,0.9608170070862855,0.22222222222222213,0.0,0.0,1.0,0.0,1.0,0.0,-0.7399999999999997,1.0,0.0,0.0,1.0,0.8376068376068382,0.0,1.0,0.0,0.035087719298245265,0.0,0.0,0.0,1.0,0.0,0.0,0.48710601719197705,-0.3478260869565217,0.0,Enrolled
2809,0.22058823583065565,0.33333333333333326,0.3333333333333333,-0.06391551896623615,-0.3333333333333332,-0.5,0.0,1.0,0.0,1.0,0.0,-0.673333333333333,0.0,1.0,0.0,1.0,-0.09401709401709363,0.0,1.0,0.0,-0.5438596491228066,0.0,0.0,0.0,1.0,0.0,0.0,0.42120343839541546,-0.39130434782608686,0.0,Graduate
2810,-0.4446778712418791,-0.523809523809524,-0.3333333333333333,0.439766569403918,0.857142857142857,1.0,0.0,1.0,0.0,1.0,0.5,-0.47333333333333294,1.0,0.0,0.0,1.0,-0.05982905982906013,0.0,1.0,1.0,-0.345029239766082,0.0,0.0,0.0,1.0,0.0,2.0,0.42120343839541546,-0.39130434782608686,0.0,Enrolled
2811,0.2696078431938952,0.33333333333333326,0.3333333333333333,0.0750312630262608,-0.3333333333333332,-0.5,0.0,1.0,0.0,1.0,0.0,-0.33999999999999964,0.0,1.0,0.0,1.0,0.1794871794871804,0.0,1.0,0.0,-0.0643274853801166,0.0,0.0,0.0,1.0,0.0,0.0,-0.5787965616045845,1.0,0.0,Graduate
2814,-0.7598039217282498,-0.6666666666666667,-0.6666666666666666,-0.5502292621925802,1.0555555555555554,0.75,0.0,1.0,1.0,0.0,0.0,0.7933333333333337,0.0,1.0,1.0,0.0,-0.8974358974358971,0.0,1.0,0.0,0.19298245614035145,0.0,0.0,0.0,1.0,0.0,0.0,0.4068767908309455,0.0,0.0,Graduate
2816,-0.14705882356030642,0.0,0.0,-0.3001250521050439,1.0555555555555554,0.75,0.0,1.0,0.0,1.0,0.0,-0.07333333333333296,0.0,1.0,0.0,1.0,-0.5128205128205133,0.0,0.0,0.0,-0.304093567251462,0.0,0.0,0.0,1.0,0.0,0.0,-1.2550143266475644,0.608695652173913,0.0,Graduate
2817,0.22969187721912268,0.04761904761904745,0.3333333333333333,0.811449216340141,-0.3333333333333332,-0.25,0.0,1.0,0.0,1.0,0.5,-0.20666666666666628,1.0,0.0,0.0,1.0,0.8717948717948729,0.0,1.0,1.0,0.526315789473684,0.0,0.0,0.0,1.0,0.0,0.0,0.0,0.5217391304347826,0.0,Graduate
2818,-0.2745098039792385,-0.06666666666666665,-0.3333333333333333,-0.5502292621925802,0.0,-0.5,0.0,1.0,0.0,1.0,-0.5,-0.27333333333333293,0.0,1.0,0.0,1.0,-0.5128205128205133,0.0,1.0,0.0,-0.47953216374269,0.0,0.0,0.0,1.0,0.0,0.0,0.4068767908309455,0.0,0.0,Enrolled
2819,0.10784313771873445,0.1333333333333333,1.3333333333333333,0.14450465610671082,-0.1666666666666664,0.75,0.0,1.0,0.0,1.0,2.0,-0.5799999999999993,1.0,0.0,0.0,1.0,0.9230769230769237,0.0,0.0,0.0,0.23391812865497064,0.0,1.0,0.0,0.0,1.0,0.0,0.0,0.5217391304347826,1.0,Graduate
2820,-1.5686274513099354,-1.6666666666666667,-1.6666666666666667,-5.1354731137974134,-0.3333333333333332,-0.5,0.0,1.0,0.0,1.0,0.0,-0.4066666666666663,1.0,0.0,0.0,1.0,-0.3589743589743596,0.0,0.0,0.0,-0.4912280701754387,0.0,0.0,0.0,1.0,0.0,0.0,-0.3553008595988538,-0.4782608695652173,0.0,Enrolled
2821,0.0747549017926655,0.08333333333333326,0.6666666666666666,0.18817364318465984,0.2916666666666667,0.75,0.0,1.0,0.0,1.0,1.0,0.726666666666667,1.0,0.0,0.0,1.0,-0.6837606837606832,0.0,0.0,1.0,0.28070175438596545,0.0,0.0,0.0,1.0,0.0,5.0,-0.5787965616045845,1.0,0.0,Graduate
2822,-1.5686274513099354,-1.6666666666666667,-1.6666666666666667,-5.1354731137974134,1.9999999999999996,1.0,0.0,1.0,0.0,1.0,-0.5,-0.8066666666666663,1.0,0.0,0.0,1.0,-0.3333333333333329,0.0,0.0,0.0,-0.8245614035087712,0.0,0.0,0.0,1.0,0.0,4.0,-0.5787965616045845,1.0,0.0,Dropout
2823,0.7107843138748146,0.33333333333333326,0.3333333333333333,1.3255523134639426,-0.3333333333333332,-0.5,0.0,1.0,0.0,1.0,0.0,1.1266666666666671,0.0,1.0,0.0,1.0,0.09401709401709483,0.0,0.0,0.0,1.1637426900584793,0.0,0.0,0.0,1.0,0.0,0.0,0.1346704871060172,-0.7391304347826085,0.0,Graduate
2824,0.3851540623358165,0.33333333333333326,0.3333333333333333,0.4025486827844931,-0.05555555555555535,-0.25,0.0,1.0,0.0,1.0,0.0,-1.2066666666666663,0.0,1.0,0.0,1.0,-0.05982905982906013,0.0,0.0,0.0,-0.9883040935672514,0.0,0.0,0.0,1.0,0.0,0.0,0.42120343839541546,-0.39130434782608686,0.0,Enrolled
2825,-0.3378851537824688,-0.23809523809523814,0.0,-0.25149367653188814,0.619047619047619,0.75,0.0,1.0,0.0,1.0,0.5,-0.5399999999999996,1.0,0.0,0.0,1.0,0.04273504273504278,0.0,1.0,1.0,-0.3333333333333333,0.0,0.0,0.0,1.0,0.0,4.0,0.1346704871060172,-0.7391304347826085,0.0,Enrolled
2826,0.09803921521667483,0.33333333333333326,0.3333333333333333,-0.4112824802000832,0.22222222222222213,0.0,0.0,1.0,0.0,1.0,0.0,-1.073333333333333,1.0,0.0,0.0,1.0,0.14529914529914567,0.0,0.0,0.0,-0.7309941520467833,0.0,0.0,0.0,1.0,0.0,0.0,0.9140401146131805,0.0,0.0,Dropout
2827,0.39215686233728797,0.33333333333333326,0.3333333333333333,0.42239822009170475,-0.3333333333333332,-0.5,0.0,1.0,0.0,1.0,0.0,-0.8066666666666663,0.0,1.0,0.0,1.0,1.6752136752136775,0.0,1.0,0.0,0.5497076023391814,0.0,0.0,0.0,1.0,0.0,1.0,0.9140401146131805,0.0,0.0,Graduate
2828,-0.11764705924040184,-0.06666666666666665,-0.3333333333333333,0.005557869945810766,2.333333333333333,1.25,0.0,1.0,0.0,1.0,-0.5,0.46000000000000035,0.0,1.0,0.0,1.0,-0.39316239316239426,1.0,0.0,0.0,0.2456140350877185,0.0,0.0,0.0,1.0,0.0,0.0,-0.3553008595988538,-0.4782608695652173,0.0,Graduate
2830,-1.5686274513099354,-1.6666666666666667,-1.6666666666666667,-5.1354731137974134,-1.9999999999999996,-2.0,0.0,1.0,0.0,1.0,-3.0,-0.20666666666666628,1.0,0.0,0.0,1.0,0.1794871794871804,0.0,0.0,0.0,0.05263157894736873,0.0,0.0,0.0,1.0,0.0,0.0,-0.5787965616045845,1.0,0.0,Dropout
2831,0.28431372554992584,0.33333333333333326,0.0,0.11671529804085004,0.6666666666666667,0.0,0.0,1.0,0.0,1.0,-0.5,-0.13999999999999962,1.0,0.0,0.0,1.0,-0.5128205128205133,0.0,0.0,0.0,-0.36257309941520466,0.0,0.0,0.0,1.0,0.0,4.0,0.9140401146131805,0.0,0.0,Graduate
2832,0.28431372554992584,0.33333333333333326,0.0,0.11671529804085004,-0.3333333333333332,-0.75,0.0,1.0,0.0,1.0,-0.5,0.2600000000000004,1.0,0.0,0.0,1.0,-0.6324786324786323,0.0,0.0,0.0,-0.09356725146198792,0.0,0.0,0.0,1.0,0.0,2.0,0.48710601719197705,-0.3478260869565217,0.0,Enrolled
2833,0.5392156858975943,0.33333333333333326,0.3333333333333333,0.8392385702375987,0.7777777777777779,0.5,1.0,0.0,1.0,0.0,0.0,1.1266666666666671,1.0,0.0,1.0,0.0,-2.1196581196581215,1.0,0.0,0.0,-0.35087719298245595,0.0,0.0,0.0,1.0,0.0,0.0,0.48710601719197705,-0.3478260869565217,0.0,Enrolled
2834,-0.5098039216757291,-0.4666666666666668,-0.6666666666666666,-0.13338891204668618,0.6666666666666667,0.0,0.0,1.0,0.0,1.0,-0.5,-1.073333333333333,1.0,0.0,0.0,1.0,0.0,0.0,1.0,0.0,-0.8304093567251459,0.0,0.0,0.0,1.0,0.0,1.0,0.0,0.5217391304347826,0.0,Enrolled
2836,-0.16666666630952368,-0.06666666666666665,2.3333333333333335,-0.16812560650270966,-0.11111111111111106,2.25,0.0,1.0,0.0,1.0,4.5,-0.20666666666666628,1.0,0.0,0.0,1.0,1.1282051282051295,0.0,0.0,0.0,0.7017543859649119,0.0,0.0,0.0,1.0,0.0,0.0,0.0,0.5217391304347826,0.0,Graduate
2837,-1.5686274513099354,-1.6666666666666667,-1.6666666666666667,-5.1354731137974134,-0.3333333333333332,-0.75,0.0,1.0,0.0,1.0,-0.5,-1.5399999999999996,1.0,0.0,0.0,1.0,0.8376068376068382,1.0,0.0,0.0,-0.6666666666666666,0.0,1.0,1.0,1.0,1.0,0.0,0.0,0.5217391304347826,1.0,Dropout
2839,-1.5686274513099354,-1.6666666666666667,-1.6666666666666667,-5.1354731137974134,-0.3333333333333332,-0.75,1.0,0.0,1.0,0.0,-0.5,0.46000000000000035,1.0,0.0,0.0,1.0,0.44444444444444514,1.0,0.0,0.0,0.8187134502923973,0.0,0.0,0.0,1.0,0.0,0.0,-1.2550143266475644,0.608695652173913,0.0,Dropout
2841,-0.7107843136297165,-0.6666666666666667,-0.6666666666666666,-0.2723356940391831,1.6111111111111107,1.25,0.0,1.0,0.0,1.0,0.0,-0.20666666666666628,0.0,1.0,0.0,1.0,-1.264957264957266,1.0,0.0,0.0,-0.9356725146198825,0.0,0.0,0.0,1.0,0.0,0.0,0.48710601719197705,-0.3478260869565217,0.0,Enrolled
2843,0.34313725497404846,0.33333333333333326,0.3333333333333333,0.28345143809920775,0.22222222222222213,0.0,0.0,1.0,0.0,1.0,0.0,1.7933333333333337,0.0,1.0,0.0,1.0,-2.418803418803421,1.0,0.0,0.0,0.02923976608187133,0.0,0.0,0.0,1.0,0.0,0.0,0.1346704871060172,-0.7391304347826085,0.0,Graduate
2845,-0.9509803923566483,-0.8666666666666667,-1.0,-0.7586494372655271,1.0,0.25,0.0,1.0,0.0,1.0,-0.5,-0.873333333333333,1.0,0.0,0.0,1.0,0.43589743589743707,1.0,0.0,0.0,-0.3567251461988299,0.0,0.0,0.0,1.0,0.0,0.0,-0.5787965616045845,1.0,0.0,Enrolled
2846,0.4271708682269965,0.33333333333333326,0.3333333333333333,0.5216459233013753,-0.05555555555555535,-0.25,0.0,1.0,0.0,1.0,0.0,1.7933333333333337,1.0,0.0,0.0,1.0,0.44444444444444514,0.0,0.0,0.0,1.9883040935672505,0.0,0.0,0.0,0.0,0.0,0.0,0.42120343839541546,-0.39130434782608686,0.0,Graduate
2848,-1.5686274513099354,-1.6666666666666667,-1.6666666666666667,-5.1354731137974134,-0.3333333333333332,-0.75,1.0,0.0,1.0,0.0,-0.5,0.0,1.0,0.0,0.0,1.0,-1.5299145299145307,1.0,0.0,0.0,-0.9356725146198825,0.0,0.0,0.0,0.0,0.0,0.0,-1.2550143266475644,0.608695652173913,0.0,Dropout
2850,-0.15686274513099357,-0.3333333333333335,-0.3333333333333333,0.8670279283034594,0.22222222222222213,0.0,0.0,1.0,0.0,1.0,0.0,0.46000000000000035,1.0,0.0,0.0,1.0,0.44444444444444514,0.0,0.0,0.0,0.8187134502923973,0.0,0.0,0.0,0.0,0.0,0.0,0.1346704871060172,-0.7391304347826085,0.0,Graduate
2851,-1.5686274513099354,-1.6666666666666667,-1.6666666666666667,-5.1354731137974134,-0.3333333333333332,-0.5,1.0,0.0,1.0,0.0,0.0,-1.6066666666666662,1.0,0.0,0.0,1.0,0.44444444444444514,0.0,0.0,0.0,-0.9941520467836252,0.0,0.0,0.0,1.0,0.0,1.0,0.9140401146131805,0.0,0.0,Dropout
2853,-0.08672699839680208,0.02564102564102555,2.0,-0.17128348895373088,0.6923076923076923,3.25,0.0,1.0,1.0,0.0,3.5,-0.20666666666666628,1.0,0.0,1.0,0.0,0.08547008547008556,0.0,0.0,0.0,-0.011695906432748699,0.0,0.0,0.0,0.0,0.0,0.0,0.9140401146131805,0.0,0.0,Graduate
2854,0.44817927117258666,0.33333333333333326,0.3333333333333333,0.5811945435598164,0.22222222222222213,0.0,0.0,1.0,0.0,1.0,0.0,2.0600000000000005,1.0,0.0,0.0,1.0,0.2051282051282046,0.0,0.0,0.0,2.058479532163741,0.0,0.0,0.0,1.0,0.0,2.0,0.1346704871060172,-0.7391304347826085,0.0,Graduate
2855,-1.5686274513099354,-1.6666666666666667,-1.6666666666666667,-5.1354731137974134,-1.9999999999999996,-2.0,0.0,1.0,1.0,0.0,0.5,-0.5399999999999996,1.0,0.0,1.0,0.0,0.18803418803418845,0.0,1.0,1.0,-0.23391812865497064,0.0,0.0,0.0,1.0,0.0,0.0,0.48710601719197705,-0.3478260869565217,0.0,Dropout
2857,0.6372549020946613,0.33333333333333326,0.3333333333333333,1.1171321383909958,-0.3333333333333332,-0.5,0.0,1.0,0.0,1.0,0.0,-0.006666666666666288,1.0,0.0,0.0,1.0,0.6837606837606857,0.0,1.0,0.0,0.5730994152046788,0.0,0.0,0.0,1.0,0.0,0.0,0.48710601719197705,-0.3478260869565217,0.0,Graduate
2858,-1.5686274513099354,-1.6666666666666667,-1.6666666666666667,-5.1354731137974134,-1.9999999999999996,-2.0,0.0,1.0,0.0,1.0,-3.0,1.9933333333333336,0.0,1.0,0.0,1.0,-0.6923076923076937,0.0,1.0,0.0,1.3859649122807003,0.0,0.0,0.0,1.0,0.0,0.0,0.1346704871060172,-0.7391304347826085,0.0,Dropout
2859,0.07352941178015329,0.0,0.0,0.4501875781575655,-0.05555555555555535,-0.25,0.0,1.0,0.0,1.0,0.0,1.7933333333333337,1.0,0.0,0.0,1.0,-1.495726495726496,0.0,1.0,0.0,0.6608187134502927,0.0,0.0,0.0,1.0,0.0,1.0,-0.5787965616045845,1.0,0.0,Graduate
2861,-0.46568627460763706,-0.3333333333333335,-0.3333333333333333,-0.4460191746561067,1.6111111111111107,1.25,0.0,1.0,1.0,0.0,0.0,-0.873333333333333,1.0,0.0,1.0,0.0,-0.4102564102564104,0.0,0.0,0.0,-0.9356725146198825,0.0,0.0,0.0,1.0,0.0,0.0,0.1346704871060172,-0.7391304347826085,0.0,Graduate
2863,0.29411764761080894,0.33333333333333326,0.3333333333333333,0.14450465610671082,0.22222222222222213,0.0,0.0,1.0,0.0,1.0,0.0,0.46000000000000035,1.0,0.0,0.0,1.0,-1.1794871794871804,1.0,0.0,0.0,-0.2923976608187133,0.0,0.0,0.0,1.0,0.0,0.0,0.4068767908309455,0.0,0.0,Graduate
2864,0.24509803877698141,0.33333333333333326,5.333333333333333,0.005557869945810766,-0.17460317460317432,3.75,0.0,1.0,1.0,0.0,7.5,0.46000000000000035,1.0,0.0,1.0,0.0,-0.8205128205128208,0.0,0.0,0.0,-0.04678362573099396,0.0,0.0,0.0,1.0,0.0,0.0,0.42120343839541546,-0.39130434782608686,0.0,Graduate
2865,-0.09803921570687095,0.0,0.0,-0.13338891204668618,1.0555555555555554,0.75,0.0,1.0,0.0,1.0,0.0,-1.2066666666666663,0.0,1.0,0.0,1.0,0.8376068376068382,0.0,0.0,0.0,-0.37426900584795336,0.0,0.0,0.0,1.0,0.0,1.0,0.0,0.5217391304347826,0.0,Dropout
2866,0.8431372550790902,0.33333333333333326,0.0,1.7007086285952466,-0.3333333333333332,-0.75,0.0,1.0,0.0,1.0,-0.5,0.46000000000000035,1.0,0.0,0.0,1.0,0.6837606837606857,1.0,0.0,0.0,0.9824561403508774,0.0,0.0,0.0,1.0,0.0,0.0,0.0,0.5217391304347826,0.0,Graduate
2867,-1.5686274513099354,-1.6666666666666667,-1.6666666666666667,-5.1354731137974134,-0.3333333333333332,-1.75,0.0,1.0,0.0,1.0,-2.5,0.0,1.0,0.0,0.0,1.0,-0.37606837606837573,1.0,0.0,0.0,-0.14619883040935666,0.0,0.0,0.0,0.0,0.0,0.0,0.4068767908309455,0.0,0.0,Dropout
2868,0.30637254908397166,0.33333333333333326,0.3333333333333333,0.1792413505627343,0.7777777777777779,0.5,0.0,1.0,0.0,1.0,0.0,0.0,1.0,0.0,0.0,1.0,-2.3846153846153864,1.0,0.0,0.0,-1.5204678362573092,0.0,0.0,0.0,0.0,0.0,0.0,0.1346704871060172,-0.7391304347826085,0.0,Graduate
2870,0.6078431373826,0.33333333333333326,0.0,1.0337640683618172,-0.3333333333333332,-0.75,0.0,1.0,0.0,1.0,-0.5,0.0,1.0,0.0,0.0,1.0,1.9145299145299182,1.0,0.0,0.0,1.4210526315789473,0.0,0.0,0.0,0.0,0.0,0.0,0.0,0.5217391304347826,0.0,Graduate
2872,-1.5686274513099354,-1.6666666666666667,-1.6666666666666667,-5.1354731137974134,-1.9999999999999996,-2.0,0.0,1.0,0.0,1.0,0.5,-1.5399999999999996,1.0,0.0,0.0,1.0,0.8119658119658127,1.0,0.0,1.0,-0.6842105263157893,0.0,0.0,0.0,1.0,0.0,0.0,0.4068767908309455,0.0,0.0,Dropout
2873,-0.6274509802298565,-0.4666666666666668,0.3333333333333333,-0.689176044185077,0.5,1.75,0.0,1.0,0.0,1.0,2.0,0.46000000000000035,1.0,0.0,0.0,1.0,-1.495726495726497,0.0,0.0,0.0,-0.5087719298245613,0.0,0.0,0.0,1.0,0.0,0.0,0.0,0.5217391304347826,0.0,Enrolled
2875,-1.5686274513099354,-1.6666666666666667,-1.6666666666666667,-5.1354731137974134,-1.9999999999999996,-2.0,0.0,1.0,0.0,1.0,-0.5,0.0,1.0,0.0,0.0,1.0,-1.4700854700854706,1.0,0.0,0.0,-0.8947368421052625,0.0,0.0,0.0,0.0,1.0,0.0,0.0,0.5217391304347826,0.0,Dropout
2876,0.1666666667016809,0.33333333333333326,3.3333333333333335,-0.2167569820758647,-0.3333333333333332,1.75,0.0,1.0,0.0,1.0,4.5,1.7933333333333337,1.0,0.0,0.0,1.0,-3.145299145299148,0.0,0.0,0.0,-0.4678362573099413,0.0,0.0,0.0,1.0,0.0,0.0,0.9140401146131805,0.0,0.0,Enrolled
2877,-1.5686274513099354,-1.6666666666666667,-1.6666666666666667,-5.1354731137974134,-0.3333333333333332,-0.25,1.0,0.0,1.0,0.0,0.5,0.0,1.0,0.0,1.0,0.0,3.529914529914533,1.0,0.0,0.0,2.5263157894736823,0.0,0.0,0.0,1.0,0.0,0.0,0.42120343839541546,-0.39130434782608686,0.0,Dropout
2878,-0.05718954290417129,0.0,0.0,0.005557869945810766,0.5,0.25,0.0,1.0,0.0,1.0,0.0,-0.873333333333333,1.0,0.0,0.0,1.0,-0.6837606837606844,1.0,0.0,0.0,-1.1228070175438594,0.0,0.0,0.0,1.0,0.0,0.0,0.1346704871060172,-0.7391304347826085,0.0,Enrolled
2879,0.18382352945038305,0.16666666666666652,2.0,0.28345143809920775,0.5,2.5,0.0,1.0,0.0,1.0,3.0,0.0,1.0,0.0,0.0,1.0,-2.3846153846153864,0.0,0.0,0.0,-1.5204678362573092,0.0,0.0,0.0,1.0,0.0,0.0,-0.5787965616045845,1.0,0.0,Dropout
2882,-0.2745098039792385,-0.06666666666666665,1.0,-0.5502292621925802,0.5,1.75,0.0,1.0,0.0,1.0,2.0,-0.7399999999999997,1.0,0.0,0.0,1.0,-0.2136752136752139,0.0,0.0,0.0,-0.6842105263157893,0.0,0.0,0.0,1.0,0.0,0.0,-0.98567335243553,-0.9565217391304347,0.0,Enrolled
2883,-1.2745098041893226,-1.2666666666666666,-1.3333333333333333,-0.9670696123384741,2.666666666666666,1.5,0.0,1.0,0.0,1.0,-0.5,0.0,1.0,0.0,0.0,1.0,-1.2393162393162394,1.0,0.0,0.0,-0.7368421052631572,0.0,0.0,0.0,1.0,0.0,0.0,0.42120343839541546,-0.39130434782608686,0.0,Dropout
2884,0.24509803877698141,0.33333333333333326,0.3333333333333333,0.005557869945810766,-0.05555555555555535,-0.25,0.0,1.0,0.0,1.0,0.0,0.46000000000000035,0.0,1.0,0.0,1.0,-0.5811965811965815,1.0,0.0,0.0,0.11695906432748532,0.0,0.0,0.0,1.0,0.0,0.0,0.9140401146131805,0.0,0.0,Graduate
2885,0.535444947661508,0.33333333333333326,2.6666666666666665,0.8285503584827008,-0.3333333333333332,1.25,0.0,1.0,0.0,1.0,3.5,-0.873333333333333,1.0,0.0,0.0,1.0,0.44444444444444514,0.0,0.0,0.0,-0.35087719298245595,0.0,0.0,0.0,0.0,0.0,0.0,-1.2550143266475644,0.608695652173913,0.0,Graduate
2886,0.557040997666045,0.33333333333333326,2.0,0.8897646727803245,-0.030303030303030123,1.25,0.0,1.0,0.0,1.0,2.5,-0.20666666666666628,1.0,0.0,0.0,1.0,1.9401709401709424,1.0,0.0,0.0,1.2573099415204672,0.0,0.0,0.0,0.0,0.0,0.0,-0.5787965616045845,1.0,0.0,Graduate
2887,0.049019607853435634,0.33333333333333326,0.0,-0.5502292621925802,0.0,-0.5,0.0,1.0,0.0,1.0,-0.5,-0.873333333333333,1.0,0.0,0.0,1.0,0.5042735042735053,1.0,0.0,0.0,-0.30994152046783596,0.0,0.0,0.0,1.0,0.0,0.0,0.0,0.5217391304347826,0.0,Graduate
2888,0.3641456579196383,0.33333333333333326,0.3333333333333333,0.3430000583576489,0.22222222222222213,0.0,0.0,1.0,0.0,1.0,0.0,1.326666666666667,0.0,1.0,0.0,1.0,0.504273504273504,0.0,1.0,0.0,1.619883040935671,0.0,0.0,0.0,1.0,0.0,0.0,-1.2550143266475644,0.608695652173913,0.0,Graduate
2889,0.45343137264427824,0.33333333333333326,0.3333333333333333,0.5960817007086282,0.22222222222222213,0.0,0.0,1.0,0.0,1.0,0.0,-0.13999999999999962,0.0,1.0,0.0,1.0,-0.3333333333333329,0.0,0.0,0.0,-0.23976608187134457,0.0,0.0,0.0,1.0,0.0,0.0,-0.3553008595988538,-0.4782608695652173,0.0,Graduate
2890,0.4901960785343547,0.33333333333333326,0.3333333333333333,0.7002917882451017,-0.3333333333333332,-0.5,0.0,1.0,0.0,1.0,0.0,-0.47333333333333294,0.0,1.0,0.0,1.0,-0.11965811965811904,0.0,0.0,0.0,-0.38596491228070123,0.0,0.0,0.0,1.0,0.0,3.0,0.9140401146131805,0.0,0.0,Graduate
2891,0.45343137264427824,0.33333333333333326,1.0,0.5960817007086282,0.7083333333333333,1.25,0.0,1.0,0.0,1.0,1.0,-1.5399999999999996,1.0,0.0,0.0,1.0,4.529914529914535,1.0,0.0,0.0,1.8596491228070173,0.0,1.0,1.0,0.0,1.0,0.0,0.0,0.5217391304347826,1.0,Graduate
2892,-1.5686274513099354,-1.6666666666666667,-1.6666666666666667,-5.1354731137974134,-0.3333333333333332,-0.75,0.0,1.0,0.0,1.0,-0.5,1.1266666666666671,1.0,0.0,0.0,1.0,0.7863247863247873,1.0,0.0,0.0,1.6374269005847946,0.0,0.0,0.0,1.0,0.0,0.0,0.42120343839541546,-0.39130434782608686,0.0,Dropout
2893,0.36764705939096226,0.33333333333333326,0.3333333333333333,0.3529248311796578,-0.3333333333333332,-0.5,0.0,1.0,0.0,1.0,0.0,-0.13999999999999962,0.0,1.0,0.0,1.0,0.8632478632478648,0.0,1.0,0.0,0.5789473684210527,0.0,0.0,0.0,1.0,0.0,1.0,0.9140401146131805,0.0,0.0,Graduate
2894,-0.196078431903938,-0.16666666666666674,1.3333333333333333,0.0518734639433095,-0.3333333333333332,1.0,0.0,1.0,0.0,1.0,3.0,-0.20666666666666628,1.0,0.0,0.0,1.0,0.44444444444444514,0.0,0.0,0.0,0.23391812865497064,0.0,1.0,1.0,1.0,1.0,0.0,-0.98567335243553,-0.9565217391304347,1.0,Dropout
2895,0.29411764761080894,0.33333333333333326,0.3333333333333333,0.14450465610671082,-0.05555555555555535,-0.25,0.0,1.0,0.0,1.0,0.0,-0.7399999999999997,1.0,0.0,0.0,1.0,0.1794871794871804,0.0,0.0,0.0,-0.4152046783625726,0.0,0.0,0.0,1.0,0.0,3.0,0.0,0.5217391304347826,0.0,Graduate
2896,0.09803921521667483,0.33333333333333326,0.3333333333333333,-0.4112824802000832,-0.05555555555555535,-0.25,0.0,1.0,0.0,1.0,0.0,1.1933333333333338,1.0,0.0,0.0,1.0,0.5641025641025654,0.0,1.0,0.0,1.5438596491228065,0.0,0.0,0.0,1.0,0.0,0.0,0.4068767908309455,0.0,0.0,Graduate
2897,-0.24509803926717735,-0.06666666666666665,-0.3333333333333333,-0.4460191746561067,1.0,0.25,0.0,1.0,0.0,1.0,-0.5,-0.873333333333333,1.0,0.0,0.0,1.0,2.8205128205128243,1.0,0.0,0.0,1.2748538011695907,0.0,0.0,0.0,1.0,0.0,0.0,0.1346704871060172,-0.7391304347826085,0.0,Enrolled
2898,0.4332107844047362,0.33333333333333326,0.6666666666666666,0.5387661525635681,-0.09523809523809526,0.0,0.0,1.0,0.0,1.0,0.5,0.19333333333333372,1.0,0.0,0.0,1.0,-2.6324786324786347,0.0,0.0,1.0,-1.5204678362573092,0.0,0.0,0.0,1.0,0.0,0.0,0.1346704871060172,-0.7391304347826085,0.0,Graduate
2899,0.028799019062422642,0.08333333333333326,0.6666666666666666,0.03930208837015397,-0.3333333333333332,0.0,0.0,1.0,0.0,1.0,1.0,0.46000000000000035,1.0,0.0,0.0,1.0,-0.49572649572649596,0.0,0.0,1.0,0.17543859649122798,0.0,0.0,0.0,1.0,0.0,5.0,-0.5787965616045845,1.0,0.0,Graduate
2900,-1.5686274513099354,-1.6666666666666667,-1.6666666666666667,-5.1354731137974134,-1.9999999999999996,-2.0,0.0,1.0,0.0,1.0,-3.0,-0.13999999999999962,1.0,0.0,0.0,1.0,1.9743589743589771,0.0,0.0,0.0,1.3391812865497073,0.0,0.0,0.0,1.0,0.0,1.0,-0.98567335243553,-0.9565217391304347,0.0,Graduate
2901,-0.018382352945038566,0.16666666666666652,2.0,-0.34180908711963315,0.9166666666666666,3.25,0.0,1.0,0.0,1.0,3.0,-0.873333333333333,1.0,0.0,0.0,1.0,0.44444444444444514,0.0,0.0,0.0,-0.35087719298245595,0.0,0.0,0.0,0.0,0.0,0.0,-0.98567335243553,-0.9565217391304347,0.0,Enrolled
2902,-1.5686274513099354,-1.6666666666666667,-1.6666666666666667,-5.1354731137974134,-0.3333333333333332,-0.75,0.0,1.0,0.0,1.0,-0.5,2.4600000000000004,1.0,0.0,0.0,1.0,0.44444444444444514,0.0,0.0,0.0,2.573099415204677,0.0,0.0,0.0,0.0,0.0,0.0,-0.98567335243553,-0.9565217391304347,0.0,Dropout
2903,0.049019607853435634,0.33333333333333326,0.6666666666666666,-0.5502292621925802,0.38095238095238104,0.5,0.0,1.0,0.0,1.0,0.5,-2.206666666666666,1.0,0.0,0.0,1.0,3.0085470085470116,1.0,0.0,0.0,0.23391812865497064,0.0,0.0,0.0,1.0,0.0,0.0,-0.5787965616045845,1.0,0.0,Graduate
2904,0.4901960785343547,0.33333333333333326,0.3333333333333333,0.7002917882451017,-0.3333333333333332,-0.5,0.0,1.0,0.0,1.0,0.0,-1.1399999999999997,0.0,1.0,0.0,1.0,0.7179487179487192,0.0,0.0,0.0,-0.39766081871344994,0.0,0.0,0.0,1.0,0.0,0.0,0.9140401146131805,0.0,0.0,Graduate
2906,0.2696078431938952,0.33333333333333326,0.3333333333333333,0.0750312630262608,-0.05555555555555535,-0.25,0.0,1.0,0.0,1.0,0.0,0.19333333333333372,1.0,0.0,0.0,1.0,0.14529914529914567,0.0,0.0,0.0,0.3801169590643273,0.0,0.0,0.0,1.0,0.0,0.0,0.4068767908309455,0.0,0.0,Graduate
2907,0.09803921521667483,0.33333333333333326,0.3333333333333333,-0.4112824802000832,0.22222222222222213,0.0,0.0,1.0,0.0,1.0,0.0,1.7933333333333337,0.0,1.0,0.0,1.0,-3.4017094017094047,1.0,0.0,0.0,-0.6432748538011692,0.0,0.0,0.0,1.0,0.0,1.0,0.4068767908309455,0.0,0.0,Graduate
2908,0.20448179318021337,0.04761904761904745,0.3333333333333333,0.7280811463109625,-0.3333333333333332,-0.25,0.0,1.0,0.0,1.0,0.5,0.46000000000000035,0.0,1.0,0.0,1.0,-0.5811965811965815,0.0,1.0,1.0,0.11695906432748532,0.0,0.0,0.0,1.0,0.0,3.0,0.0,0.5217391304347826,0.0,Graduate
2909,0.20334059612114985,0.11111111111111094,1.0,0.515029412255106,0.5925925925925927,1.5,0.0,1.0,0.0,1.0,1.5,-0.20666666666666628,1.0,0.0,0.0,1.0,0.02564102564102542,0.0,0.0,0.0,-0.05263157894736873,0.0,0.0,0.0,1.0,0.0,0.0,0.0,0.5217391304347826,0.0,Graduate
2911,-1.5686274513099354,-1.6666666666666667,-1.6666666666666667,-5.1354731137974134,-1.9999999999999996,-2.0,0.0,1.0,0.0,1.0,0.0,-0.673333333333333,1.0,0.0,0.0,1.0,0.26495726495726596,0.0,0.0,0.0,-0.29824561403508726,0.0,0.0,0.0,1.0,0.0,1.0,0.1346704871060172,-0.7391304347826085,0.0,Dropout
2912,0.3837622549825828,0.33333333333333326,1.0,0.39860358482701064,-0.3333333333333332,0.0,0.0,1.0,0.0,1.0,1.0,0.6600000000000004,1.0,0.0,0.0,1.0,-0.21367521367521267,0.0,1.0,1.0,0.5438596491228074,0.0,0.0,0.0,1.0,0.0,5.0,-0.98567335243553,-0.9565217391304347,0.0,Graduate
2913,-1.5686274513099354,-1.6666666666666667,-1.6666666666666667,-5.1354731137974134,-1.9999999999999996,-2.0,0.0,1.0,0.0,1.0,0.0,0.0,1.0,0.0,0.0,1.0,-0.23076923076923003,0.0,0.0,0.0,-0.04678362573099396,0.0,0.0,1.0,1.0,1.0,3.0,0.0,0.5217391304347826,0.0,Dropout
2914,0.5453431373694697,0.33333333333333326,0.3333333333333333,0.8566069195498119,0.22222222222222213,0.0,0.0,1.0,0.0,1.0,0.0,0.19333333333333372,1.0,0.0,0.0,1.0,0.4188034188034185,0.0,1.0,0.0,0.5672514619883031,0.0,1.0,0.0,1.0,0.0,1.0,0.0,0.5217391304347826,0.0,Graduate
2915,-1.5686274513099354,-1.6666666666666667,-1.6666666666666667,-5.1354731137974134,-1.9999999999999996,-2.0,0.0,1.0,0.0,1.0,-0.5,0.0,1.0,0.0,0.0,1.0,-1.5299145299145307,1.0,0.0,0.0,-0.9356725146198825,0.0,0.0,0.0,1.0,0.0,1.0,-0.98567335243553,-0.9565217391304347,0.0,Dropout
2916,4.901961190933602e-10,0.33333333333333326,0.3333333333333333,-0.689176044185077,-0.05555555555555535,-0.25,0.0,1.0,0.0,1.0,0.0,0.0,0.0,1.0,0.0,1.0,-0.7606837606837606,1.0,0.0,0.0,-0.40935672514619864,0.0,0.0,0.0,1.0,0.0,0.0,0.4068767908309455,0.0,0.0,Enrolled
2917,0.25263951785096395,0.17948717948717952,2.3333333333333335,0.4571349187161313,0.4358974358974358,2.75,0.0,1.0,0.0,1.0,3.5,-1.5399999999999996,1.0,0.0,0.0,1.0,0.44444444444444514,0.0,0.0,0.0,-0.9356725146198825,0.0,0.0,0.0,0.0,0.0,0.0,-0.3553008595988538,-0.4782608695652173,0.0,Graduate
2918,0.06645658306718255,0.04761904761904745,0.3333333333333333,0.27164096290120837,0.14285714285714307,0.25,0.0,1.0,0.0,1.0,0.5,-1.0066666666666664,1.0,0.0,0.0,1.0,0.20512820512820581,0.0,1.0,1.0,-0.6315789473684206,0.0,0.0,0.0,1.0,0.0,0.0,0.48710601719197705,-0.3478260869565217,0.0,Graduate
2919,-0.06862745079873118,0.19999999999999996,3.0,-0.5800035723218007,-0.22222222222222213,2.0,0.0,1.0,0.0,1.0,4.5,-1.5399999999999996,1.0,0.0,0.0,1.0,0.6923076923076937,0.0,0.0,0.0,-0.7660818713450285,0.0,0.0,0.0,0.0,0.0,0.0,-0.98567335243553,-0.9565217391304347,0.0,Dropout
2920,-1.5686274513099354,-1.6666666666666667,-1.6666666666666667,-5.1354731137974134,-0.3333333333333332,-0.5,1.0,0.0,1.0,0.0,0.0,0.0,1.0,0.0,1.0,0.0,-0.726495726495726,1.0,0.0,0.0,-0.38596491228070123,0.0,0.0,0.0,0.0,0.0,0.0,0.9140401146131805,0.0,0.0,Dropout
2921,-1.5686274513099354,-1.6666666666666667,-1.6666666666666667,-5.1354731137974134,-1.9999999999999996,-2.0,0.0,1.0,0.0,1.0,-3.0,1.926666666666667,0.0,1.0,0.0,1.0,-0.3333333333333329,0.0,1.0,0.0,1.573099415204678,0.0,0.0,0.0,1.0,0.0,0.0,0.42120343839541546,-0.39130434782608686,0.0,Graduate
2922,-0.2696078431938952,-0.3333333333333335,-0.3333333333333333,0.3876615256356813,-0.3333333333333332,-0.5,0.0,1.0,0.0,1.0,0.0,1.4600000000000004,1.0,0.0,0.0,1.0,-2.7606837606837633,1.0,0.0,0.0,-0.4970760233918126,0.0,0.0,0.0,1.0,0.0,0.0,-0.5787965616045845,1.0,0.0,Enrolled
2923,0.09803921521667483,0.33333333333333326,0.3333333333333333,-0.4112824802000832,1.8888888888888888,1.5,0.0,1.0,0.0,1.0,0.0,0.0,1.0,0.0,0.0,1.0,-2.5128205128205146,1.0,0.0,0.0,-1.6081871345029233,0.0,0.0,0.0,0.0,0.0,0.0,-1.2550143266475644,0.608695652173913,0.0,Dropout
2924,-1.2450980394772613,-1.2666666666666666,-1.3333333333333333,-0.5502292621925802,0.0,-0.5,0.0,1.0,0.0,1.0,-0.5,1.1266666666666671,1.0,0.0,0.0,1.0,-3.145299145299148,1.0,0.0,0.0,-1.052631578947368,0.0,1.0,1.0,1.0,1.0,0.0,0.0,0.5217391304347826,1.0,Dropout
2926,0.563725490314508,0.33333333333333326,0.3333333333333333,0.9087119633180487,-0.3333333333333332,-0.5,0.0,1.0,0.0,1.0,0.0,1.3933333333333338,0.0,1.0,0.0,1.0,0.11965811965811904,0.0,1.0,0.0,1.4152046783625718,0.0,0.0,0.0,1.0,0.0,0.0,-0.3553008595988538,-0.4782608695652173,0.0,Graduate
2927,0.46568627411744096,0.33333333333333326,0.3333333333333333,0.6308183951646517,-0.3333333333333332,-0.5,0.0,1.0,1.0,0.0,0.0,0.46000000000000035,1.0,0.0,1.0,0.0,0.37606837606837573,0.0,0.0,0.0,0.7719298245614025,0.0,0.0,0.0,0.0,0.0,0.0,0.42120343839541546,-0.39130434782608686,0.0,Graduate
2929,-1.5686274513099354,-1.6666666666666667,-1.6666666666666667,-5.1354731137974134,-1.9999999999999996,-2.0,0.0,1.0,0.0,1.0,-3.0,-0.7399999999999997,1.0,0.0,0.0,1.0,-0.09401709401709363,0.0,1.0,0.0,-0.6023391812865493,0.0,0.0,0.0,1.0,0.0,0.0,-0.98567335243553,-0.9565217391304347,0.0,Dropout
2930,-1.3173406865512618,-1.4166666666666667,-1.3333333333333333,0.5627344726969568,0.0833333333333334,0.5,0.0,1.0,0.0,1.0,1.0,0.19333333333333372,1.0,0.0,0.0,1.0,-0.32478632478632485,0.0,1.0,1.0,0.05847953216374266,0.0,0.0,0.0,1.0,0.0,2.0,-0.98567335243553,-0.9565217391304347,0.0,Enrolled
2931,-1.5686274513099354,-1.6666666666666667,-1.6666666666666667,-5.1354731137974134,1.0,0.25,0.0,1.0,0.0,1.0,-0.5,0.0,1.0,0.0,0.0,1.0,-0.8376068376068382,1.0,0.0,0.0,-0.46198830409356734,0.0,0.0,0.0,0.0,1.0,0.0,0.0,0.5217391304347826,0.0,Dropout
2932,-1.1862745100531387,-1.2666666666666666,-1.3333333333333333,0.28345143809920775,1.3333333333333333,0.5,0.0,1.0,1.0,0.0,-0.5,-0.07333333333333296,1.0,0.0,1.0,0.0,-0.658119658119659,0.0,1.0,0.0,-0.4035087719298247,0.0,1.0,0.0,1.0,0.0,0.0,0.4068767908309455,0.0,0.0,Dropout
2933,-1.5686274513099354,-1.6666666666666667,-1.6666666666666667,-5.1354731137974134,-0.3333333333333332,-0.75,0.0,1.0,1.0,0.0,-0.5,-0.20666666666666628,1.0,0.0,1.0,0.0,-1.1025641025641029,1.0,0.0,0.0,-0.8245614035087712,0.0,0.0,0.0,1.0,0.0,0.0,-0.5787965616045845,1.0,0.0,Dropout
2934,-0.02818627469954878,0.08333333333333326,0.6666666666666666,-0.1452986369320549,0.5,1.0,0.0,1.0,0.0,1.0,1.0,0.726666666666667,1.0,0.0,0.0,1.0,-0.7094017094017099,0.0,1.0,1.0,0.263157894736842,0.0,0.0,0.0,1.0,0.0,5.0,-0.5787965616045845,1.0,0.0,Graduate
2935,-1.5686274513099354,-1.6666666666666667,-1.6666666666666667,-5.1354731137974134,1.3333333333333333,1.0,0.0,1.0,0.0,1.0,0.0,0.0,1.0,0.0,0.0,1.0,0.6068376068376081,1.0,0.0,0.0,0.526315789473684,0.0,1.0,1.0,0.0,1.0,0.0,0.0,0.5217391304347826,1.0,Dropout
2936,-1.1764705884824516,-1.3333333333333335,-1.3333333333333333,1.5339724885368897,1.0555555555555554,0.75,0.0,1.0,1.0,0.0,0.0,0.0,1.0,0.0,1.0,0.0,0.1794871794871804,0.0,0.0,0.0,0.23391812865497064,0.0,0.0,1.0,1.0,1.0,0.0,0.0,0.5217391304347826,0.0,Dropout
2937,-1.5686274513099354,-1.6666666666666667,-1.6666666666666667,-5.1354731137974134,-1.9999999999999996,-2.0,0.0,1.0,0.0,1.0,0.0,1.1266666666666671,1.0,0.0,0.0,1.0,0.44444444444444514,0.0,0.0,0.0,1.4035087719298238,0.0,0.0,0.0,1.0,0.0,0.0,0.4068767908309455,0.0,0.0,Dropout
2938,-0.3186274510473308,-0.3333333333333335,-0.3333333333333333,0.1792413505627343,0.5,0.25,1.0,0.0,1.0,0.0,0.0,1.1266666666666671,1.0,0.0,0.0,1.0,0.46153846153846123,0.0,0.0,0.0,1.4152046783625718,0.0,1.0,1.0,1.0,1.0,4.0,-0.98567335243553,-0.9565217391304347,1.0,Dropout
2941,-0.07352941178015329,0.0,0.0,-0.05002084201750769,-0.05555555555555535,-0.25,0.0,1.0,0.0,1.0,0.0,-2.206666666666666,0.0,1.0,0.0,1.0,3.0085470085470116,1.0,0.0,0.0,0.23391812865497064,0.0,0.0,0.0,0.0,0.0,0.0,-0.98567335243553,-0.9565217391304347,0.0,Graduate
2942,0.25910364172110006,0.33333333333333326,0.6666666666666666,0.045256952897040244,0.14285714285714307,0.25,0.0,1.0,0.0,1.0,0.5,0.0,1.0,0.0,0.0,1.0,2.128205128205132,1.0,0.0,0.0,1.567251461988304,0.0,0.0,0.0,1.0,0.0,1.0,0.42120343839541546,-0.39130434782608686,0.0,Enrolled
2944,-0.6127450981679434,-0.6666666666666667,0.3333333333333333,0.28345143809920775,-0.19444444444444448,1.25,0.0,1.0,0.0,1.0,3.0,-0.20666666666666628,1.0,0.0,0.0,1.0,1.2991452991453007,1.0,0.0,0.0,0.8187134502923973,0.0,0.0,0.0,1.0,0.0,0.0,-1.2550143266475644,0.608695652173913,0.0,Graduate
2945,0.15406162405197385,0.33333333333333326,0.6666666666666666,-0.2524861567319715,-0.3333333333333332,-0.25,0.0,1.0,0.0,1.0,0.5,-1.0066666666666664,1.0,0.0,0.0,1.0,-0.17948717948717918,0.0,1.0,1.0,-0.8947368421052625,0.0,0.0,0.0,1.0,0.0,3.0,0.42120343839541546,-0.39130434782608686,0.0,Graduate
2946,-0.707282913313855,-0.523809523809524,-0.3333333333333333,-0.8628595248020007,0.857142857142857,1.0,0.0,1.0,0.0,1.0,0.5,0.0,1.0,0.0,0.0,1.0,0.8888888888888915,1.0,0.0,0.0,0.7192982456140354,0.0,0.0,0.0,1.0,0.0,0.0,0.48710601719197705,-0.3478260869565217,0.0,Dropout
2947,-1.5686274513099354,-1.6666666666666667,-1.6666666666666667,-5.1354731137974134,-1.9999999999999996,-2.0,0.0,1.0,0.0,1.0,0.0,1.1266666666666671,1.0,0.0,0.0,1.0,0.44444444444444514,0.0,0.0,0.0,1.4035087719298238,0.0,0.0,0.0,0.0,0.0,0.0,0.42120343839541546,-0.39130434782608686,0.0,Dropout
2948,0.25122549024885693,0.33333333333333326,0.3333333333333333,0.02292621925802405,0.5,0.25,0.0,1.0,0.0,1.0,0.0,-1.3399999999999996,1.0,0.0,0.0,1.0,0.38461538461538497,0.0,0.0,0.0,-0.8011695906432746,0.0,0.0,0.0,1.0,0.0,5.0,0.48710601719197705,-0.3478260869565217,0.0,Graduate
2949,0.29411764761080894,0.33333333333333326,0.3333333333333333,0.14450465610671082,-0.3333333333333332,-0.5,0.0,1.0,0.0,1.0,0.0,0.19333333333333372,1.0,0.0,0.0,1.0,-0.7521367521367526,0.0,1.0,0.0,-0.23391812865497064,0.0,0.0,0.0,1.0,0.0,5.0,0.0,0.5217391304347826,0.0,Graduate
2950,-0.7965686276183266,-0.6666666666666667,-0.6666666666666666,-0.7586494372655271,1.6111111111111107,1.25,0.0,1.0,0.0,1.0,0.0,0.46000000000000035,1.0,0.0,0.0,1.0,0.5897435897435895,1.0,0.0,0.0,0.9181286549707591,0.0,0.0,0.0,1.0,0.0,0.0,0.42120343839541546,-0.39130434782608686,0.0,Dropout
2951,0.5085784314793933,0.33333333333333326,0.3333333333333333,0.7523968320133385,1.0555555555555554,0.75,0.0,1.0,0.0,1.0,0.0,-0.13999999999999962,1.0,0.0,0.0,1.0,-0.6324786324786323,0.0,1.0,0.0,-0.44444444444444386,0.0,0.0,0.0,1.0,0.0,0.0,0.1346704871060172,-0.7391304347826085,0.0,Graduate
2952,0.5882352947314218,0.33333333333333326,0.3333333333333333,0.9781853563984988,-0.05555555555555535,-0.25,0.0,1.0,0.0,1.0,0.0,0.32666666666666705,1.0,0.0,0.0,1.0,-0.3504273504273515,0.0,1.0,0.0,0.15789473684210453,0.0,0.0,0.0,1.0,0.0,2.0,0.9140401146131805,0.0,0.0,Graduate
2954,-1.5686274513099354,-1.6666666666666667,-1.6666666666666667,-5.1354731137974134,-1.9999999999999996,-2.0,0.0,1.0,0.0,1.0,-3.0,0.46000000000000035,1.0,0.0,0.0,1.0,-2.905982905982909,1.0,0.0,0.0,-1.4736842105263153,0.0,0.0,0.0,1.0,0.0,0.0,-0.3553008595988538,-0.4782608695652173,0.0,Dropout
2955,0.4901960785343547,0.33333333333333326,0.3333333333333333,0.7002917882451017,-0.05555555555555535,-0.25,0.0,1.0,0.0,1.0,0.0,-0.873333333333333,0.0,1.0,0.0,1.0,0.9145299145299156,1.0,0.0,0.0,-0.02923976608187133,0.0,0.0,0.0,1.0,0.0,0.0,-0.5787965616045845,1.0,0.0,Graduate
2956,-1.5686274513099354,-1.6666666666666667,-1.6666666666666667,-5.1354731137974134,-1.9999999999999996,-2.0,0.0,1.0,0.0,1.0,-3.0,0.3933333333333337,1.0,0.0,0.0,1.0,-0.8376068376068382,0.0,1.0,0.0,-0.11695906432748532,0.0,0.0,0.0,1.0,0.0,0.0,0.0,0.5217391304347826,0.0,Graduate
2957,-1.5686274513099354,-1.6666666666666667,-1.6666666666666667,-5.1354731137974134,-0.3333333333333332,-0.25,0.0,1.0,0.0,1.0,0.5,-0.20666666666666628,1.0,0.0,0.0,1.0,0.44444444444444514,0.0,0.0,1.0,0.23391812865497064,0.0,0.0,0.0,0.0,0.0,0.0,-0.3553008595988538,-0.4782608695652173,0.0,Dropout
2958,0.2896613196686965,0.33333333333333326,2.0,0.13187313047102975,-0.3333333333333332,0.75,0.0,1.0,0.0,1.0,2.5,-1.5399999999999996,1.0,0.0,0.0,1.0,4.760683760683766,1.0,0.0,0.0,2.017543859649122,0.0,0.0,0.0,0.0,0.0,0.0,0.1346704871060172,-0.7391304347826085,0.0,Graduate
2959,-0.661764706266477,-0.6666666666666667,-0.6666666666666666,0.005557869945810766,1.0555555555555554,0.75,0.0,1.0,0.0,1.0,0.0,0.0,1.0,0.0,0.0,1.0,-2.3846153846153864,1.0,0.0,0.0,-1.5204678362573092,0.0,0.0,0.0,0.0,0.0,0.0,0.0,0.5217391304347826,0.0,Dropout
2960,0.6372549020946613,0.33333333333333326,0.3333333333333333,1.1171321383909958,-0.05555555555555535,-0.25,0.0,1.0,0.0,1.0,0.0,0.0,1.0,0.0,0.0,1.0,-2.1282051282051295,1.0,0.0,0.0,-1.3450292397660812,0.0,0.0,0.0,1.0,0.0,0.0,0.4068767908309455,0.0,0.0,Graduate
2961,-0.4166666667542016,-0.3333333333333335,-0.3333333333333333,-0.23759899958315966,0.22222222222222213,0.0,0.0,1.0,0.0,1.0,0.0,0.0,0.0,1.0,0.0,1.0,-2.1282051282051295,0.0,1.0,0.0,-1.3450292397660812,0.0,0.0,0.0,1.0,0.0,0.0,0.4068767908309455,0.0,0.0,Graduate
2962,0.2504901964987026,0.08333333333333326,0.6666666666666666,0.7574584660275114,-0.3333333333333332,0.0,0.0,1.0,0.0,1.0,1.0,0.3933333333333337,1.0,0.0,0.0,1.0,-0.19658119658119652,0.0,1.0,1.0,0.3216374269005846,0.0,0.0,0.0,1.0,0.0,0.0,0.4068767908309455,0.0,0.0,Graduate
2963,-0.9803921570687097,-1.0,-1.0,-0.13338891204668618,-0.3333333333333332,-0.5,0.0,1.0,0.0,1.0,0.0,0.06000000000000038,1.0,0.0,0.0,1.0,-0.6324786324786323,0.0,0.0,0.0,-0.2690058479532159,0.0,0.0,0.0,1.0,0.0,2.0,-0.98567335243553,-0.9565217391304347,0.0,Dropout
2964,0.01960784314137432,0.33333333333333326,0.0,-0.6335973322217586,-0.3333333333333332,-0.75,0.0,1.0,0.0,1.0,-0.5,1.7933333333333337,1.0,0.0,0.0,1.0,-1.495726495726496,0.0,1.0,0.0,0.6608187134502927,0.0,0.0,0.0,0.0,0.0,0.0,-0.98567335243553,-0.9565217391304347,0.0,Graduate
2965,0.3851540623358165,0.33333333333333326,0.3333333333333333,0.4025486827844931,0.22222222222222213,0.0,0.0,1.0,1.0,0.0,0.0,-0.6066666666666662,0.0,1.0,1.0,0.0,1.6752136752136775,0.0,1.0,0.0,0.7251461988304093,0.0,0.0,0.0,1.0,0.0,0.0,0.1346704871060172,-0.7391304347826085,0.0,Dropout
2967,0.42401960793221694,0.33333333333333326,0.6666666666666666,0.5127136306794498,-0.09523809523809526,0.0,0.0,1.0,0.0,1.0,0.5,1.5933333333333337,1.0,0.0,0.0,1.0,-4.427350427350431,0.0,0.0,1.0,-1.5204678362573092,0.0,0.0,0.0,1.0,0.0,0.0,0.1346704871060172,-0.7391304347826085,0.0,Graduate
2968,-1.5686274513099354,-1.6666666666666667,-1.6666666666666667,-5.1354731137974134,-0.3333333333333332,0.0,0.0,1.0,0.0,1.0,1.0,0.32666666666666705,1.0,0.0,0.0,1.0,0.017094017094017352,0.0,0.0,1.0,0.40935672514619864,0.0,0.0,0.0,1.0,0.0,3.0,-0.98567335243553,-0.9565217391304347,0.0,Enrolled
2970,-0.14705882356030642,0.0,0.0,-0.3001250521050439,0.22222222222222213,0.0,0.0,1.0,0.0,1.0,0.0,-0.20666666666666628,0.0,1.0,0.0,1.0,2.923076923076926,1.0,0.0,0.0,1.9298245614035079,0.0,0.0,0.0,1.0,0.0,0.0,0.42120343839541546,-0.39130434782608686,0.0,Graduate
2971,0.2696078431938952,0.33333333333333326,1.6666666666666667,0.0750312630262608,0.6666666666666667,2.0,0.0,1.0,0.0,1.0,2.0,0.0,1.0,0.0,0.0,1.0,-0.6239316239316243,0.0,0.0,0.0,-0.3157894736842107,0.0,0.0,0.0,1.0,0.0,1.0,-0.3553008595988538,-0.4782608695652173,0.0,Graduate
2972,-1.2450980394772613,-1.2666666666666666,-1.3333333333333333,-0.5502292621925802,2.666666666666666,1.5,0.0,1.0,0.0,1.0,-0.5,-0.873333333333333,1.0,0.0,0.0,1.0,1.641025641025643,1.0,0.0,0.0,0.4678362573099413,0.0,0.0,0.0,0.0,0.0,0.0,-0.3553008595988538,-0.4782608695652173,0.0,Dropout
2973,-0.5098039216757291,-0.4666666666666668,-0.6666666666666666,-0.13338891204668618,1.0,0.25,0.0,1.0,0.0,1.0,-0.5,1.1266666666666671,1.0,0.0,0.0,1.0,-0.46153846153846123,0.0,0.0,0.0,0.783625730994152,0.0,0.0,0.0,1.0,0.0,0.0,0.0,0.5217391304347826,0.0,Enrolled
2975,-1.5686274513099354,-1.6666666666666667,-1.6666666666666667,-5.1354731137974134,-1.9999999999999996,-2.0,0.0,1.0,0.0,1.0,-3.0,-0.6066666666666662,1.0,0.0,0.0,1.0,-0.4188034188034185,0.0,1.0,0.0,-0.7076023391812859,0.0,0.0,0.0,1.0,0.0,0.0,0.1346704871060172,-0.7391304347826085,0.0,Dropout
2976,0.5837789667893093,0.33333333333333326,1.6666666666666667,0.9655538307628176,0.3333333333333332,1.5,0.0,1.0,0.0,1.0,2.0,-0.20666666666666628,1.0,0.0,0.0,1.0,0.44444444444444514,0.0,0.0,0.0,0.23391812865497064,0.0,0.0,0.0,0.0,0.0,0.0,-0.3553008595988538,-0.4782608695652173,0.0,Graduate
2977,0.34313725497404846,0.33333333333333326,0.3333333333333333,0.28345143809920775,0.22222222222222213,0.0,0.0,1.0,0.0,1.0,0.0,-0.07333333333333296,0.0,1.0,0.0,1.0,0.26495726495726596,0.0,1.0,0.0,0.2280701754385967,0.0,0.0,0.0,1.0,0.0,1.0,0.9140401146131805,0.0,0.0,Graduate
2978,-0.1062091498589142,-0.11111111111111116,3.0,0.1941285077115461,0.1296296296296295,3.75,0.0,1.0,0.0,1.0,6.0,0.0,1.0,0.0,0.0,1.0,0.49572649572649596,0.0,0.0,0.0,0.4502923976608178,0.0,0.0,0.0,0.0,0.0,0.0,-0.3553008595988538,-0.4782608695652173,0.0,Dropout
2980,0.1490196078744438,-0.06666666666666665,-0.3333333333333333,0.950395998332638,1.9999999999999996,1.0,1.0,0.0,1.0,0.0,-0.5,0.12666666666666704,1.0,0.0,0.0,1.0,0.32478632478632485,0.0,1.0,0.0,0.44444444444444386,0.0,0.0,0.0,1.0,0.0,0.0,-0.98567335243553,-0.9565217391304347,0.0,Dropout
2981,0.2696078431938952,0.33333333333333326,0.3333333333333333,0.0750312630262608,-0.05555555555555535,-0.25,1.0,0.0,1.0,0.0,0.0,0.32666666666666705,1.0,0.0,0.0,1.0,0.05982905982906013,0.0,0.0,0.0,0.43859649122806993,0.0,0.0,0.0,1.0,0.0,3.0,0.4068767908309455,0.0,0.0,Graduate
2982,0.4901960785343547,0.33333333333333326,0.3333333333333333,0.7002917882451017,-0.3333333333333332,-0.5,0.0,1.0,0.0,1.0,0.0,0.12666666666666704,0.0,1.0,0.0,1.0,-0.15384615384615374,0.0,1.0,0.0,0.11695906432748532,0.0,0.0,0.0,1.0,0.0,0.0,0.4068767908309455,0.0,0.0,Graduate
2983,0.4609943976458672,0.33333333333333326,0.6666666666666666,0.6175192038349311,-0.3333333333333332,-0.25,0.0,1.0,0.0,1.0,0.5,-0.13999999999999962,0.0,1.0,0.0,1.0,0.11965811965812026,0.0,0.0,1.0,0.07017543859649136,0.0,0.0,0.0,1.0,0.0,5.0,0.48710601719197705,-0.3478260869565217,0.0,Graduate
2984,0.553221288841713,0.33333333333333326,0.3333333333333333,0.8789376531888282,-0.05555555555555535,-0.25,1.0,0.0,1.0,0.0,0.0,1.1266666666666671,1.0,0.0,1.0,0.0,0.44444444444444514,0.0,0.0,0.0,1.4035087719298238,0.0,0.0,0.0,0.0,0.0,0.0,0.4068767908309455,0.0,0.0,Graduate
2985,0.24019607848183386,0.04761904761904745,0.3333333333333333,0.8461859107961645,-0.3333333333333332,-0.25,0.0,1.0,0.0,1.0,0.5,-0.006666666666666288,0.0,1.0,0.0,1.0,0.0,0.0,0.0,1.0,0.10526315789473663,0.0,0.0,0.0,0.0,0.0,3.0,0.0,0.5217391304347826,0.0,Graduate
2986,0.5392156858975943,0.33333333333333326,0.3333333333333333,0.8392385702375987,-0.3333333333333332,-0.5,0.0,1.0,0.0,1.0,0.0,0.12666666666666704,1.0,0.0,0.0,1.0,-0.39316239316239304,0.0,0.0,0.0,-0.04678362573099396,0.0,0.0,0.0,1.0,0.0,0.0,-0.5787965616045845,1.0,0.0,Graduate
2987,-0.3676470589007661,-0.3333333333333335,-0.3333333333333333,-0.029178824510212698,0.7777777777777779,0.5,0.0,1.0,0.0,1.0,0.0,-1.0066666666666664,1.0,0.0,0.0,1.0,-0.2393162393162393,0.0,0.0,0.0,-0.9356725146198825,0.0,0.0,0.0,1.0,0.0,1.0,0.4068767908309455,0.0,0.0,Enrolled
2988,0.39215686233728797,0.33333333333333326,0.3333333333333333,0.42239822009170475,0.5,0.25,0.0,1.0,0.0,1.0,0.0,-2.206666666666666,1.0,0.0,0.0,1.0,0.44444444444444514,1.0,0.0,0.0,-1.5204678362573092,0.0,1.0,1.0,0.0,1.0,0.0,0.0,0.5217391304347826,1.0,Graduate
2989,0.34313725497404846,0.33333333333333326,2.3333333333333335,0.28345143809920775,-0.3333333333333332,1.0,1.0,0.0,1.0,0.0,3.0,1.6600000000000004,1.0,0.0,0.0,1.0,-0.11965811965811904,0.0,0.0,0.0,1.485380116959064,0.0,0.0,0.0,1.0,0.0,0.0,0.9140401146131805,0.0,0.0,Graduate
2992,-0.04767156863746615,0.08333333333333326,0.6666666666666666,-0.208420175072947,-0.3333333333333332,0.0,0.0,1.0,0.0,1.0,1.0,-0.673333333333333,0.0,1.0,0.0,1.0,0.017094017094017352,0.0,0.0,1.0,-0.4678362573099413,0.0,0.0,0.0,1.0,0.0,0.0,0.4068767908309455,0.0,0.0,Graduate
2993,-1.5686274513099354,-1.6666666666666667,-1.6666666666666667,-5.1354731137974134,-1.9999999999999996,-2.0,0.0,1.0,0.0,1.0,0.0,0.726666666666667,1.0,0.0,0.0,1.0,0.11965811965811904,0.0,1.0,0.0,0.8304093567251452,0.0,0.0,0.0,1.0,0.0,1.0,-0.3553008595988538,-0.4782608695652173,0.0,Dropout
2994,-0.04901960785343531,0.0,0.0,0.033347228011671545,-0.3333333333333332,-0.5,0.0,1.0,0.0,1.0,0.0,0.46000000000000035,0.0,1.0,0.0,1.0,-0.5384615384615388,1.0,0.0,0.0,0.14619883040935666,0.0,0.0,0.0,1.0,0.0,0.0,-0.98567335243553,-0.9565217391304347,0.0,Graduate
2995,0.28011204466669026,0.33333333333333326,0.3333333333333333,0.10480557315548135,-0.05555555555555535,-0.25,0.0,1.0,0.0,1.0,0.0,0.19333333333333372,1.0,0.0,0.0,1.0,0.05982905982906013,0.0,0.0,0.0,0.3216374269005846,0.0,0.0,0.0,1.0,0.0,0.0,0.1346704871060172,-0.7391304347826085,0.0,Graduate
2996,0.4691876755887649,0.33333333333333326,0.6666666666666666,0.6407431679866606,-0.3333333333333332,-0.25,0.0,1.0,0.0,1.0,0.5,0.2600000000000004,0.0,1.0,0.0,1.0,0.0683760683760682,0.0,0.0,1.0,0.38596491228070123,0.0,0.0,0.0,1.0,0.0,4.0,0.1346704871060172,-0.7391304347826085,0.0,Graduate
2998,-0.2745098039792385,-0.06666666666666665,-0.3333333333333333,-0.5502292621925802,1.3333333333333333,0.5,0.0,1.0,0.0,1.0,-0.5,-0.873333333333333,1.0,0.0,0.0,1.0,-0.2393162393162393,0.0,0.0,0.0,-0.8187134502923973,0.0,0.0,0.0,1.0,0.0,0.0,-1.2550143266475644,0.608695652173913,0.0,Enrolled
2999,0.5882352947314218,0.33333333333333326,0.3333333333333333,0.9781853563984988,-0.3333333333333332,-0.5,0.0,1.0,0.0,1.0,0.0,-0.20666666666666628,1.0,0.0,0.0,1.0,0.7008547008547018,0.0,1.0,0.0,0.40935672514619864,0.0,0.0,0.0,1.0,0.0,0.0,0.42120343839541546,-0.39130434782608686,0.0,Graduate
3000,-1.5686274513099354,-1.6666666666666667,-1.6666666666666667,-5.1354731137974134,-0.3333333333333332,-1.0,1.0,0.0,1.0,0.0,-1.0,0.32666666666666705,1.0,0.0,0.0,1.0,-0.49572649572649596,1.0,0.0,0.0,0.05847953216374266,0.0,0.0,0.0,1.0,0.0,0.0,0.4068767908309455,0.0,0.0,Dropout
3001,0.06740196024700325,0.08333333333333326,0.6666666666666666,0.16435419341392246,0.5,1.0,0.0,1.0,0.0,1.0,1.0,0.9933333333333337,1.0,0.0,0.0,1.0,-1.0940170940170948,1.0,0.0,1.0,0.23391812865497064,0.0,0.0,0.0,1.0,0.0,0.0,-0.5787965616045845,1.0,0.0,Enrolled
3002,0.40522875792826923,0.33333333333333326,0.6666666666666666,0.4594506961233845,0.14285714285714307,0.25,0.0,1.0,0.0,1.0,0.5,0.3933333333333337,1.0,0.0,0.0,1.0,0.22222222222222315,0.0,1.0,1.0,0.608187134502924,0.0,0.0,0.0,1.0,0.0,1.0,-1.2550143266475644,0.608695652173913,0.0,Graduate
3005,0.31372549026198715,0.33333333333333326,0.0,0.20008336807002927,-0.3333333333333332,-0.75,0.0,1.0,1.0,0.0,-0.5,0.12666666666666704,0.0,1.0,1.0,0.0,-0.15384615384615374,0.0,0.0,0.0,0.11695906432748532,0.0,0.0,0.0,1.0,0.0,0.0,0.48710601719197705,-0.3478260869565217,0.0,Graduate
3006,0.5744397756108766,0.33333333333333326,0.6666666666666666,0.9390817590662771,-0.3333333333333332,-0.25,0.0,1.0,0.0,1.0,0.5,-0.7399999999999997,0.0,1.0,0.0,1.0,0.02564102564102542,0.0,1.0,1.0,-0.52046783625731,0.0,0.0,0.0,1.0,0.0,3.0,0.42120343839541546,-0.39130434782608686,0.0,Graduate
3007,-0.24509803926717735,-0.06666666666666665,-0.3333333333333333,-0.4460191746561067,1.0,0.25,0.0,1.0,0.0,1.0,-0.5,0.2600000000000004,1.0,0.0,0.0,1.0,0.3846153846153862,0.0,1.0,0.0,0.6023391812865501,0.0,0.0,0.0,1.0,0.0,3.0,0.9140401146131805,0.0,0.0,Graduate
3008,-0.9803921570687096,-0.8666666666666667,-1.0,-0.9670696123384741,1.9999999999999996,1.0,0.0,1.0,0.0,1.0,-0.5,-0.4066666666666663,0.0,1.0,0.0,1.0,0.2393162393162393,0.0,0.0,0.0,-0.08187134502924005,0.0,0.0,0.0,1.0,0.0,4.0,0.48710601719197705,-0.3478260869565217,0.0,Enrolled
3009,0.1960784314137419,0.0,0.0,0.8670279283034594,0.22222222222222213,0.0,0.0,1.0,0.0,1.0,0.0,0.2600000000000004,1.0,0.0,0.0,1.0,-0.09401709401709483,0.0,1.0,0.0,0.27485380116958985,0.0,0.0,0.0,1.0,0.0,0.0,0.9140401146131805,0.0,0.0,Dropout
3010,0.34061624614998925,0.33333333333333326,0.6666666666666666,0.2763056023343058,-0.3333333333333332,-0.25,0.0,1.0,0.0,1.0,0.5,-0.5399999999999996,1.0,0.0,0.0,1.0,-0.39316239316239304,0.0,1.0,1.0,-0.6315789473684206,0.0,0.0,0.0,1.0,0.0,3.0,0.42120343839541546,-0.39130434782608686,0.0,Graduate
3011,0.7475490197648911,0.33333333333333326,0.3333333333333333,1.4297624010004162,1.8888888888888888,1.5,0.0,1.0,0.0,1.0,0.0,0.5266666666666671,1.0,0.0,0.0,1.0,-0.4786324786324798,0.0,0.0,0.0,0.2456140350877185,0.0,0.0,0.0,1.0,0.0,0.0,-1.2550143266475644,0.608695652173913,0.0,Graduate
3012,-0.06302520957206402,0.0,0.0,-0.014291667361400867,1.0555555555555554,0.75,0.0,1.0,0.0,1.0,0.0,-0.07333333333333296,1.0,0.0,0.0,1.0,0.14529914529914567,0.0,1.0,0.0,0.14619883040935666,0.0,0.0,0.0,1.0,0.0,0.0,0.42120343839541546,-0.39130434782608686,0.0,Dropout
3013,0.16519607846607767,0.04761904761904745,0.3333333333333333,0.5981659024593581,-0.3333333333333332,-0.25,0.0,1.0,0.0,1.0,0.5,0.0,1.0,0.0,0.0,1.0,-2.811965811965814,0.0,0.0,1.0,-1.8128654970760225,0.0,0.0,0.0,1.0,0.0,0.0,0.42120343839541546,-0.39130434782608686,0.0,Graduate
3014,0.46568627411744096,0.33333333333333326,0.3333333333333333,0.6308183951646517,-0.05555555555555535,-0.25,0.0,1.0,0.0,1.0,0.0,-0.07333333333333296,0.0,1.0,0.0,1.0,-0.6324786324786323,0.0,0.0,0.0,-0.38596491228070123,0.0,0.0,0.0,1.0,0.0,0.0,0.9140401146131805,0.0,0.0,Graduate
3015,-1.5686274513099354,-1.6666666666666667,-1.6666666666666667,-5.1354731137974134,-1.9999999999999996,-2.0,0.0,1.0,0.0,1.0,0.5,0.5933333333333337,1.0,0.0,0.0,1.0,-1.1367521367521376,0.0,1.0,1.0,-0.14619883040935666,0.0,0.0,0.0,1.0,0.0,5.0,-0.5787965616045845,1.0,0.0,Dropout
3017,0.5806938167886612,0.33333333333333326,2.0,0.9568089287202998,-0.030303030303030123,1.25,0.0,1.0,0.0,1.0,2.5,1.1266666666666671,1.0,0.0,0.0,1.0,0.03418803418803349,0.0,0.0,0.0,1.1228070175438585,0.0,0.0,0.0,0.0,0.0,0.0,0.9140401146131805,0.0,0.0,Graduate
3019,0.36764705939096226,0.33333333333333326,0.0,0.3529248311796578,0.6666666666666667,0.0,0.0,1.0,0.0,1.0,-0.5,0.19333333333333372,0.0,1.0,0.0,1.0,-0.6324786324786323,0.0,0.0,0.0,-0.1520467836257306,0.0,0.0,0.0,1.0,0.0,1.0,-0.98567335243553,-0.9565217391304347,0.0,Graduate
3020,-0.2450980392671772,0.0,0.0,-0.6335973322217586,1.0555555555555554,0.75,0.0,1.0,0.0,1.0,0.0,0.32666666666666705,1.0,0.0,0.0,1.0,-0.8376068376068382,0.0,0.0,0.0,-0.17543859649122798,0.0,0.0,0.0,1.0,0.0,5.0,-1.2550143266475644,0.608695652173913,0.0,Graduate
3021,-0.5098039216757291,-0.4666666666666668,-0.6666666666666666,-0.13338891204668618,0.6666666666666667,0.0,0.0,1.0,0.0,1.0,-0.5,-0.13999999999999962,1.0,0.0,0.0,1.0,-0.6324786324786323,0.0,0.0,0.0,-0.44444444444444386,0.0,0.0,0.0,1.0,0.0,0.0,0.0,0.5217391304347826,0.0,Graduate
3022,0.19082633015213457,0.04761904761904745,0.3333333333333333,0.6829234389328884,-0.09523809523809526,0.0,0.0,1.0,0.0,1.0,0.5,0.9266666666666671,1.0,0.0,0.0,1.0,-0.8717948717948729,0.0,1.0,1.0,0.32748538011695855,0.0,0.0,0.0,1.0,0.0,0.0,0.48710601719197705,-0.3478260869565217,0.0,Graduate
3023,-0.29411764712061284,-0.3333333333333335,-0.3333333333333333,0.28345143809920775,0.5,0.25,0.0,1.0,0.0,1.0,0.0,0.46000000000000035,1.0,0.0,0.0,1.0,-1.0683760683760695,0.0,0.0,0.0,-0.21637426900584802,0.0,0.0,0.0,1.0,0.0,0.0,-0.5787965616045845,1.0,0.0,Dropout
3024,-1.5686274513099354,-1.6666666666666667,-1.6666666666666667,-5.1354731137974134,-1.9999999999999996,-2.0,0.0,1.0,0.0,1.0,-3.0,1.2600000000000005,0.0,1.0,0.0,1.0,0.4188034188034185,0.0,1.0,0.0,1.5029239766081857,0.0,0.0,0.0,1.0,0.0,1.0,0.48710601719197705,-0.3478260869565217,0.0,Graduate
3025,-1.5686274513099354,-1.6666666666666667,-1.6666666666666667,-5.1354731137974134,-1.9999999999999996,-2.0,0.0,1.0,0.0,1.0,-3.0,2.3933333333333335,0.0,1.0,0.0,1.0,1.042735042735044,0.0,1.0,0.0,2.9239766081871332,0.0,0.0,0.0,1.0,0.0,0.0,0.42120343839541546,-0.39130434782608686,0.0,Graduate
3026,0.23284313730381836,0.08333333333333326,0.6666666666666666,0.7002917882451017,-0.3333333333333332,0.0,0.0,1.0,0.0,1.0,1.0,1.0600000000000003,0.0,1.0,0.0,1.0,-0.9230769230769237,0.0,1.0,1.0,0.40935672514619864,0.0,0.0,0.0,1.0,0.0,5.0,-0.5787965616045845,1.0,0.0,Graduate
3027,0.28011204466669026,0.33333333333333326,0.3333333333333333,0.10480557315548135,0.7777777777777779,0.5,0.0,1.0,0.0,1.0,0.0,0.2600000000000004,1.0,0.0,0.0,1.0,0.6837606837606857,0.0,1.0,0.0,0.8070175438596494,0.0,0.0,0.0,1.0,0.0,3.0,0.4068767908309455,0.0,0.0,Enrolled
3028,-0.3921568628274839,-0.3333333333333335,-0.3333333333333333,-0.13338891204668618,-0.3333333333333332,-0.5,0.0,1.0,0.0,1.0,0.0,-0.7399999999999997,1.0,0.0,0.0,1.0,0.2393162393162393,0.0,1.0,0.0,-0.37426900584795336,0.0,0.0,0.0,1.0,0.0,3.0,0.48710601719197705,-0.3478260869565217,0.0,Dropout
3029,0.43504901969924,0.33333333333333326,1.0,0.5439766569403915,-0.3333333333333332,0.0,0.0,1.0,0.0,1.0,1.0,-0.20666666666666628,0.0,1.0,0.0,1.0,0.7863247863247873,1.0,0.0,0.0,0.4678362573099413,0.0,0.0,0.0,1.0,0.0,0.0,0.9140401146131805,0.0,0.0,Graduate
3031,0.1372549021856977,0.19999999999999996,3.0,0.045256952897040244,0.7777777777777779,4.25,0.0,1.0,0.0,1.0,4.5,-0.20666666666666628,1.0,0.0,0.0,1.0,0.44444444444444514,0.0,0.0,0.0,0.23391812865497064,0.0,0.0,0.0,0.0,0.0,0.0,0.0,0.5217391304347826,0.0,Dropout
3032,0.40012254910366696,0.33333333333333326,0.6666666666666666,0.4449770737807414,-0.09523809523809526,0.0,0.0,1.0,0.0,1.0,0.5,1.5933333333333337,1.0,0.0,0.0,1.0,-0.8888888888888891,0.0,0.0,1.0,0.9005847953216373,0.0,0.0,0.0,1.0,0.0,0.0,0.1346704871060172,-0.7391304347826085,0.0,Graduate
3033,0.025700279697275806,0.04761904761904745,0.3333333333333333,0.13686258024176715,-0.09523809523809526,0.0,0.0,1.0,0.0,1.0,0.5,0.12666666666666704,0.0,1.0,0.0,1.0,-0.07692307692307628,0.0,0.0,1.0,0.16959064327485404,0.0,0.0,0.0,1.0,0.0,1.0,0.48710601719197705,-0.3478260869565217,0.0,Graduate
3034,0.4901960785343547,0.33333333333333326,0.3333333333333333,0.7002917882451017,-0.3333333333333332,-0.5,0.0,1.0,0.0,1.0,0.0,-0.673333333333333,1.0,0.0,0.0,1.0,0.02564102564102542,0.0,0.0,0.0,-0.46198830409356734,0.0,0.0,0.0,1.0,0.0,1.0,0.9140401146131805,0.0,0.0,Graduate
3036,0.09803921521667483,0.33333333333333326,0.3333333333333333,-0.4112824802000832,0.22222222222222213,0.0,0.0,1.0,0.0,1.0,0.0,0.19333333333333372,1.0,0.0,0.0,1.0,-0.7521367521367526,0.0,1.0,0.0,-0.23391812865497064,0.0,0.0,0.0,1.0,0.0,0.0,0.0,0.5217391304347826,0.0,Graduate
3037,-1.5686274513099354,-1.6666666666666667,-1.6666666666666667,-5.1354731137974134,-1.9999999999999996,-2.0,1.0,0.0,1.0,0.0,0.5,0.12666666666666704,1.0,0.0,0.0,1.0,-0.5811965811965815,0.0,1.0,1.0,-0.17543859649122798,0.0,0.0,0.0,1.0,0.0,1.0,-0.5787965616045845,1.0,0.0,Dropout
3038,0.5147058829512685,0.33333333333333326,0.3333333333333333,0.7697651813255517,-0.3333333333333332,-0.5,0.0,1.0,0.0,1.0,0.0,-0.47333333333333294,0.0,1.0,0.0,1.0,0.5042735042735053,0.0,1.0,0.0,0.040935672514620026,0.0,0.0,0.0,1.0,0.0,0.0,0.9140401146131805,0.0,0.0,Graduate
3039,0.3186274505571347,0.33333333333333326,0.3333333333333333,0.21397804501875775,-0.3333333333333332,-0.5,0.0,1.0,0.0,1.0,0.0,-0.7399999999999997,1.0,0.0,0.0,1.0,0.8376068376068382,0.0,1.0,0.0,0.035087719298245265,0.0,0.0,0.0,1.0,0.0,0.0,0.9140401146131805,0.0,0.0,Graduate
3040,-0.5602240897535485,-0.523809523809524,-0.3333333333333333,-0.13338891204668618,0.619047619047619,0.75,1.0,0.0,1.0,0.0,0.5,-0.5399999999999996,1.0,0.0,1.0,0.0,0.4786324786324798,0.0,1.0,0.0,-0.035087719298245265,0.0,0.0,0.0,1.0,0.0,0.0,-0.3553008595988538,-0.4782608695652173,0.0,Dropout
3041,0.34313725497404846,0.33333333333333326,0.3333333333333333,0.28345143809920775,-0.3333333333333332,-0.5,0.0,1.0,0.0,1.0,0.0,0.06000000000000038,0.0,1.0,0.0,1.0,0.6239316239316243,0.0,1.0,0.0,0.5906432748538005,0.0,0.0,0.0,1.0,0.0,2.0,0.42120343839541546,-0.39130434782608686,0.0,Dropout
3042,0.11918767509506739,0.04761904761904745,0.3333333333333333,0.4460191746561067,-0.09523809523809526,0.0,0.0,1.0,0.0,1.0,0.5,-0.20666666666666628,1.0,0.0,0.0,1.0,0.34188034188034344,0.0,0.0,1.0,0.1637426900584801,0.0,0.0,0.0,1.0,0.0,4.0,0.48710601719197705,-0.3478260869565217,0.0,Enrolled
3043,0.24509803877698141,0.33333333333333326,0.3333333333333333,0.005557869945810766,-0.3333333333333332,-0.5,1.0,0.0,1.0,0.0,0.0,-1.5399999999999996,1.0,0.0,0.0,1.0,0.5384615384615388,0.0,0.0,0.0,-0.871345029239766,0.0,0.0,0.0,1.0,0.0,3.0,0.9140401146131805,0.0,0.0,Graduate
3044,0.28011204466669026,0.33333333333333326,0.3333333333333333,0.10480557315548135,0.22222222222222213,0.0,0.0,1.0,0.0,1.0,0.0,-0.13999999999999962,0.0,1.0,0.0,1.0,0.8632478632478648,0.0,1.0,0.0,0.5789473684210527,0.0,0.0,0.0,1.0,0.0,0.0,0.1346704871060172,-0.7391304347826085,0.0,Graduate
3045,0.24509803877698141,0.33333333333333326,0.3333333333333333,0.005557869945810766,-0.3333333333333332,-0.5,0.0,1.0,0.0,1.0,0.0,-0.7399999999999997,0.0,1.0,0.0,1.0,0.2393162393162393,0.0,0.0,0.0,-0.37426900584795336,0.0,0.0,0.0,1.0,0.0,4.0,0.42120343839541546,-0.39130434782608686,0.0,Graduate
3047,-0.4803921572577854,-0.4666666666666668,-0.6666666666666666,0.005557869945810766,0.3333333333333332,-0.25,0.0,1.0,0.0,1.0,-0.5,0.8600000000000004,1.0,0.0,0.0,1.0,-1.264957264957266,0.0,1.0,0.0,0.0,0.0,0.0,0.0,1.0,0.0,0.0,0.0,0.5217391304347826,0.0,Enrolled
3048,0.36764705939096226,0.33333333333333326,0.3333333333333333,0.3529248311796578,-0.3333333333333332,-0.5,0.0,1.0,0.0,1.0,0.0,0.2600000000000004,1.0,0.0,0.0,1.0,0.2051282051282046,0.0,1.0,0.0,0.47953216374268914,0.0,1.0,0.0,1.0,0.0,3.0,0.4068767908309455,0.0,0.0,Dropout
3049,0.39215686233728797,0.33333333333333326,0.0,0.42239822009170475,0.3333333333333332,-0.25,0.0,1.0,0.0,1.0,-0.5,-0.20666666666666628,0.0,1.0,0.0,1.0,-0.15384615384615374,0.0,1.0,0.0,-0.17543859649122798,0.0,0.0,0.0,1.0,0.0,0.0,-0.5787965616045845,1.0,0.0,Graduate
3050,-0.03921568628274831,-0.06666666666666665,-0.3333333333333333,0.28345143809920775,1.0,0.25,0.0,1.0,0.0,1.0,-0.5,-0.4066666666666663,1.0,0.0,0.0,1.0,0.1794871794871804,0.0,1.0,0.0,-0.12280701754385925,0.0,0.0,0.0,1.0,0.0,1.0,0.4068767908309455,0.0,0.0,Graduate
3051,-0.42366946787612075,-0.23809523809523814,0.0,-0.5919132972071695,2.9999999999999996,3.25,0.0,1.0,0.0,1.0,0.5,1.7933333333333337,1.0,0.0,0.0,1.0,-2.974358974358977,1.0,0.0,0.0,-0.35087719298245595,0.0,0.0,0.0,1.0,0.0,0.0,-0.5787965616045845,1.0,0.0,Dropout
3052,-0.8921568629325258,-0.8666666666666667,-1.0,-0.34180908711963315,0.6666666666666667,0.0,0.0,1.0,0.0,1.0,-0.5,0.3933333333333337,1.0,0.0,0.0,1.0,-1.8376068376068393,0.0,0.0,0.0,-0.8011695906432746,0.0,0.0,0.0,1.0,0.0,0.0,0.4068767908309455,0.0,0.0,Enrolled
3053,0.7633053227093777,0.33333333333333326,0.3333333333333333,1.4744238682784485,-0.05555555555555535,-0.25,0.0,1.0,0.0,1.0,0.0,0.32666666666666705,0.0,1.0,0.0,1.0,-0.8376068376068382,0.0,0.0,0.0,-0.17543859649122798,0.0,0.0,0.0,1.0,0.0,0.0,0.1346704871060172,-0.7391304347826085,0.0,Graduate
3054,0.28431372554992584,0.33333333333333326,0.0,0.11671529804085004,-0.3333333333333332,-0.75,0.0,1.0,0.0,1.0,-0.5,0.2600000000000004,0.0,1.0,0.0,1.0,-0.8119658119658127,0.0,0.0,0.0,-0.21637426900584802,0.0,1.0,0.0,1.0,0.0,0.0,0.0,0.5217391304347826,0.0,Dropout
3055,0.4901960785343547,0.33333333333333326,0.3333333333333333,0.7002917882451017,0.22222222222222213,0.0,0.0,1.0,0.0,1.0,0.0,-0.4066666666666663,0.0,1.0,0.0,1.0,0.08547008547008556,0.0,0.0,0.0,-0.18713450292397668,0.0,0.0,0.0,1.0,0.0,0.0,-0.3553008595988538,-0.4782608695652173,0.0,Graduate
3056,-0.2745098036851212,-0.4666666666666668,-0.6666666666666666,0.9781853563984988,0.6666666666666667,0.0,1.0,0.0,1.0,0.0,-0.5,1.7933333333333337,1.0,0.0,0.0,1.0,0.44444444444444514,0.0,0.0,0.0,1.9883040935672505,0.0,0.0,0.0,0.0,0.0,0.0,0.4068767908309455,0.0,0.0,Dropout
3057,0.4411764711711155,0.33333333333333326,0.3333333333333333,0.5613450062526048,-0.3333333333333332,-0.5,0.0,1.0,0.0,1.0,0.0,-0.07333333333333296,0.0,1.0,0.0,1.0,-0.5726495726495735,0.0,0.0,0.0,-0.345029239766082,0.0,0.0,0.0,1.0,0.0,1.0,0.9140401146131805,0.0,0.0,Graduate
3058,-1.5686274513099354,-1.6666666666666667,-1.6666666666666667,-5.1354731137974134,-1.9999999999999996,-2.0,0.0,1.0,0.0,1.0,0.0,-0.47333333333333294,1.0,0.0,0.0,1.0,1.8461538461538487,0.0,1.0,0.0,0.95906432748538,0.0,1.0,1.0,1.0,1.0,0.0,0.0,0.5217391304347826,1.0,Dropout
3059,0.05637254921527435,0.08333333333333326,0.6666666666666666,0.12862502292621875,-0.3333333333333332,0.0,0.0,1.0,0.0,1.0,1.0,-0.006666666666666288,1.0,0.0,0.0,1.0,-0.04273504273504278,0.0,1.0,1.0,0.0760233918128653,0.0,0.0,0.0,1.0,0.0,3.0,-0.5787965616045845,1.0,0.0,Graduate
3061,0.6372549020946613,0.33333333333333326,0.3333333333333333,1.1171321383909958,-0.3333333333333332,-0.5,0.0,1.0,0.0,1.0,0.0,-0.20666666666666628,1.0,0.0,0.0,1.0,1.0769230769230786,0.0,1.0,0.0,0.6666666666666666,0.0,0.0,0.0,1.0,0.0,1.0,-1.2550143266475644,0.608695652173913,0.0,Enrolled
3062,-1.0784313727755808,-1.0,-1.0,-0.9670696123384741,2.1666666666666665,1.75,0.0,1.0,0.0,1.0,0.0,-0.27333333333333293,1.0,0.0,0.0,1.0,-0.15384615384615374,0.0,0.0,0.0,-0.23391812865497064,0.0,0.0,0.0,1.0,0.0,1.0,0.4068767908309455,0.0,0.0,Dropout
3063,-0.3676470589007661,-0.3333333333333335,-0.3333333333333333,-0.029178824510212698,1.0555555555555554,0.75,0.0,1.0,0.0,1.0,0.0,-1.5399999999999996,0.0,1.0,0.0,1.0,0.23076923076923123,0.0,0.0,0.0,-1.0818713450292392,0.0,0.0,0.0,1.0,0.0,2.0,-0.5787965616045845,1.0,0.0,Dropout
3064,0.4166666667542018,0.33333333333333326,0.3333333333333333,0.4918716131721548,-0.3333333333333332,-0.5,1.0,0.0,1.0,0.0,0.0,0.0,0.0,1.0,1.0,0.0,-2.042735042735044,1.0,0.0,0.0,-1.2865497076023384,0.0,0.0,0.0,0.0,0.0,0.0,0.48710601719197705,-0.3478260869565217,0.0,Graduate
3065,-0.07352941178015329,0.0,0.0,-0.05002084201750769,0.22222222222222213,0.0,0.0,1.0,0.0,1.0,0.0,-0.07333333333333296,0.0,1.0,0.0,1.0,0.5384615384615388,0.0,0.0,0.0,0.4152046783625726,0.0,0.0,0.0,1.0,0.0,1.0,-0.98567335243553,-0.9565217391304347,0.0,Graduate
3066,-1.5686274513099354,-1.6666666666666667,-1.6666666666666667,-5.1354731137974134,-1.9999999999999996,-2.0,0.0,1.0,1.0,0.0,0.0,-1.2066666666666663,1.0,0.0,1.0,0.0,0.2991452991452994,0.0,0.0,0.0,-0.742690058479532,0.0,0.0,0.0,1.0,0.0,1.0,0.48710601719197705,-0.3478260869565217,0.0,Dropout
3067,-0.056022408975354966,0.04761904761904745,0.3333333333333333,-0.13338891204668618,0.619047619047619,0.75,0.0,1.0,0.0,1.0,0.5,-0.20666666666666628,1.0,0.0,0.0,1.0,0.44444444444444514,0.0,0.0,0.0,0.23391812865497064,0.0,0.0,0.0,0.0,0.0,0.0,-0.3553008595988538,-0.4782608695652173,0.0,Graduate
3068,-0.2745098039792387,-0.23809523809523814,0.0,0.0,0.14285714285714307,0.25,0.0,1.0,0.0,1.0,0.5,0.46000000000000035,1.0,0.0,0.0,1.0,-0.8974358974358984,0.0,1.0,1.0,-0.09941520467836269,0.0,0.0,0.0,1.0,0.0,2.0,0.42120343839541546,-0.39130434782608686,0.0,Enrolled
3069,-0.011904761907262992,0.04761904761904745,0.3333333333333333,0.012505210504376552,0.619047619047619,0.75,0.0,1.0,0.0,1.0,0.5,0.46000000000000035,0.0,1.0,0.0,1.0,-2.547008547008549,1.0,0.0,0.0,-1.2280701754385959,0.0,0.0,0.0,1.0,0.0,0.0,0.9140401146131805,0.0,0.0,Graduate
3070,-1.5686274513099354,-1.6666666666666667,-1.6666666666666667,-5.1354731137974134,-1.9999999999999996,-2.0,0.0,1.0,0.0,1.0,0.0,0.0,1.0,0.0,0.0,1.0,1.376068376068378,1.0,0.0,0.0,1.052631578947368,0.0,0.0,0.0,0.0,0.0,0.0,0.42120343839541546,-0.39130434782608686,0.0,Dropout
3072,-1.5686274513099354,-1.6666666666666667,-1.6666666666666667,-5.1354731137974134,-0.3333333333333332,-0.5,1.0,0.0,1.0,0.0,0.0,0.0,1.0,0.0,1.0,0.0,-1.7435897435897445,1.0,0.0,0.0,-1.0818713450292392,0.0,0.0,0.0,0.0,0.0,0.0,0.9140401146131805,0.0,0.0,Dropout
3073,-0.14705882356030642,0.0,0.0,-0.3001250521050439,0.22222222222222213,0.0,1.0,0.0,1.0,0.0,0.0,-0.20666666666666628,1.0,0.0,1.0,0.0,0.22222222222222315,0.0,0.0,0.0,0.08187134502924005,0.0,0.0,0.0,0.0,0.0,0.0,0.1346704871060172,-0.7391304347826085,0.0,Dropout
3074,-0.15686274513099357,-0.06666666666666665,-0.3333333333333333,-0.13338891204668618,1.3333333333333333,0.5,0.0,1.0,0.0,1.0,-0.5,-0.20666666666666628,1.0,0.0,0.0,1.0,2.068376068376071,1.0,0.0,0.0,1.3450292397660812,1.0,0.0,0.0,1.0,0.0,0.0,0.0,0.5217391304347826,0.0,Enrolled
3075,-0.18627450984305471,-0.06666666666666665,2.3333333333333335,-0.23759899958315966,-0.11111111111111106,2.25,1.0,0.0,1.0,0.0,4.5,-0.873333333333333,1.0,0.0,0.0,1.0,0.44444444444444514,0.0,0.0,0.0,-0.35087719298245595,0.0,0.0,0.0,0.0,0.0,0.0,-0.98567335243553,-0.9565217391304347,0.0,Dropout
3076,0.0,0.0,0.0,0.20008336807002927,0.22222222222222213,0.0,0.0,1.0,0.0,1.0,0.0,-0.07333333333333296,1.0,0.0,0.0,1.0,1.435897435897437,0.0,1.0,0.0,1.0292397660818704,0.0,0.0,0.0,1.0,0.0,0.0,0.1346704871060172,-0.7391304347826085,0.0,Enrolled
3078,-1.5686274513099354,-1.6666666666666667,-1.6666666666666667,-5.1354731137974134,-0.3333333333333332,-0.75,1.0,0.0,1.0,0.0,-0.5,-0.20666666666666628,1.0,0.0,1.0,0.0,0.27350427350427403,0.0,0.0,0.0,0.11695906432748532,1.0,0.0,0.0,1.0,0.0,0.0,0.1346704871060172,-0.7391304347826085,0.0,Enrolled
3079,0.01960784314137432,0.33333333333333326,0.0,-0.6335973322217586,-0.3333333333333332,-0.75,0.0,1.0,0.0,1.0,-0.5,-0.27333333333333293,1.0,0.0,0.0,1.0,-0.4786324786324786,0.0,1.0,0.0,-0.45614035087719257,0.0,0.0,0.0,1.0,0.0,0.0,-0.98567335243553,-0.9565217391304347,0.0,Graduate
3080,-0.03676470589007648,0.0,0.0,0.0750312630262608,0.7777777777777779,0.5,0.0,1.0,0.0,1.0,0.0,1.7933333333333337,1.0,0.0,0.0,1.0,0.44444444444444514,0.0,0.0,0.0,1.9883040935672505,0.0,0.0,0.0,0.0,0.0,0.0,0.42120343839541546,-0.39130434782608686,0.0,Dropout
3082,0.38935574174846405,0.33333333333333326,0.6666666666666666,0.4144584035014587,-0.3333333333333332,-0.25,0.0,1.0,1.0,0.0,0.5,-0.7399999999999997,0.0,1.0,1.0,0.0,-0.017094017094017352,0.0,1.0,1.0,-0.5497076023391814,0.0,0.0,0.0,1.0,0.0,5.0,0.42120343839541546,-0.39130434782608686,0.0,Graduate
3084,-1.5686274513099354,-1.6666666666666667,-1.6666666666666667,-5.1354731137974134,-1.9999999999999996,-2.0,1.0,0.0,1.0,0.0,0.0,-1.5399999999999996,1.0,0.0,1.0,0.0,0.05982905982906013,0.0,1.0,0.0,-1.1988304093567246,0.0,0.0,0.0,1.0,0.0,0.0,0.48710601719197705,-0.3478260869565217,0.0,Dropout
3085,-0.07352941178015329,0.0,0.0,-0.05002084201750769,0.22222222222222213,0.0,0.0,1.0,0.0,1.0,0.0,-0.6066666666666662,1.0,0.0,0.0,1.0,-0.2136752136752139,0.0,1.0,0.0,-0.567251461988304,0.0,0.0,0.0,1.0,0.0,0.0,-0.3553008595988538,-0.4782608695652173,0.0,Graduate
3086,-0.15318627490963274,-0.16666666666666674,0.3333333333333333,0.21397804501875775,0.0833333333333334,0.5,0.0,1.0,0.0,1.0,1.0,-1.5399999999999996,1.0,0.0,0.0,1.0,0.44444444444444514,0.0,0.0,0.0,-0.9356725146198825,0.0,0.0,0.0,0.0,0.0,0.0,0.48710601719197705,-0.3478260869565217,0.0,Enrolled
3087,0.07843137256549662,0.33333333333333326,3.3333333333333335,-0.46686119216340166,-0.11111111111111106,2.25,0.0,1.0,0.0,1.0,4.5,-0.20666666666666628,1.0,0.0,0.0,1.0,-0.4529914529914532,0.0,0.0,0.0,-0.3801169590643273,0.0,0.0,0.0,1.0,0.0,0.0,0.0,0.5217391304347826,0.0,Graduate
3088,-0.4803921572577854,-0.4666666666666668,-0.6666666666666666,0.005557869945810766,0.6666666666666667,0.0,0.0,1.0,0.0,1.0,-0.5,0.3933333333333337,1.0,0.0,0.0,1.0,-0.7521367521367526,0.0,1.0,0.0,-0.05847953216374266,0.0,0.0,0.0,1.0,0.0,5.0,0.0,0.5217391304347826,0.0,Graduate
3089,0.48284313698869247,0.08333333333333326,0.6666666666666666,1.5101530387661515,-0.3333333333333332,0.0,0.0,1.0,0.0,1.0,1.0,0.46000000000000035,1.0,0.0,0.0,1.0,2.153846153846156,1.0,0.0,1.0,1.9883040935672505,0.0,0.0,0.0,0.0,0.0,0.0,-0.5787965616045845,1.0,0.0,Graduate
3091,-0.5637254903145081,-0.3333333333333335,-0.3333333333333333,-0.8628595248020007,0.7777777777777779,0.5,0.0,1.0,0.0,1.0,0.0,-0.673333333333333,1.0,0.0,0.0,1.0,-0.2393162393162393,0.0,1.0,0.0,-0.6432748538011692,0.0,0.0,0.0,1.0,0.0,0.0,0.48710601719197705,-0.3478260869565217,0.0,Graduate
3092,0.04901960785343531,0.0,0.0,0.36681950812838626,0.7777777777777779,0.5,0.0,1.0,0.0,1.0,0.0,-0.33999999999999964,0.0,1.0,0.0,1.0,0.4786324786324798,0.0,0.0,0.0,0.14035087719298273,0.0,0.0,0.0,1.0,0.0,0.0,-0.98567335243553,-0.9565217391304347,0.0,Enrolled
3093,0.5147058829512685,0.33333333333333326,0.3333333333333333,0.7697651813255517,-0.3333333333333332,-0.5,0.0,1.0,0.0,1.0,0.0,-2.206666666666666,0.0,1.0,0.0,1.0,1.5384615384615399,0.0,1.0,0.0,-0.7719298245614032,0.0,0.0,0.0,1.0,0.0,0.0,-0.5787965616045845,1.0,0.0,Graduate
3094,0.2951832907696005,0.0724637681159419,5.0,0.9399749895789905,-0.3333333333333332,3.75,0.0,1.0,0.0,1.0,8.5,0.9933333333333337,0.0,1.0,0.0,1.0,-1.0085470085470092,0.0,0.0,1.0,0.2923976608187133,0.0,0.0,0.0,1.0,0.0,0.0,0.0,0.5217391304347826,0.0,Graduate
3096,0.23809523877551025,0.33333333333333326,0.3333333333333333,-0.014291667361400867,-0.05555555555555535,-0.25,0.0,1.0,0.0,1.0,0.0,-1.0066666666666664,0.0,1.0,0.0,1.0,-0.2393162393162393,0.0,1.0,0.0,-0.9356725146198825,0.0,0.0,0.0,1.0,0.0,3.0,0.42120343839541546,-0.39130434782608686,0.0,Graduate
3102,0.25490196083786454,0.33333333333333326,0.0,0.033347228011671545,0.0,-0.5,0.0,1.0,0.0,1.0,-0.5,-0.006666666666666288,1.0,0.0,0.0,1.0,0.717948717948718,0.0,0.0,0.0,0.5964912280701745,0.0,0.0,0.0,1.0,0.0,3.0,0.0,0.5217391304347826,0.0,Graduate
3103,-0.704656862893135,-0.6666666666666667,-0.6666666666666666,-0.23759899958315966,0.5,0.25,1.0,0.0,1.0,0.0,0.0,0.0,1.0,0.0,0.0,1.0,-2.367521367521369,1.0,0.0,0.0,-1.5087719298245605,0.0,0.0,0.0,1.0,0.0,0.0,-0.3553008595988538,-0.4782608695652173,0.0,Dropout
3107,0.24313725495303998,0.33333333333333326,1.0,0.0,-0.3333333333333332,0.0,0.0,1.0,0.0,1.0,1.0,0.5266666666666671,0.0,1.0,0.0,1.0,-0.9230769230769237,0.0,1.0,1.0,-0.05847953216374266,0.0,0.0,0.0,1.0,0.0,5.0,-0.98567335243553,-0.9565217391304347,0.0,Graduate
3108,0.4605742299987203,0.33333333333333326,0.6666666666666666,0.6163282325969154,-0.3333333333333332,-0.25,0.0,1.0,0.0,1.0,0.5,-1.0066666666666664,1.0,0.0,0.0,1.0,0.02564102564102542,0.0,1.0,1.0,-0.7543859649122806,0.0,0.0,0.0,1.0,0.0,0.0,0.48710601719197705,-0.3478260869565217,0.0,Graduate
3109,0.36764705939096226,0.33333333333333326,0.3333333333333333,0.3529248311796578,-0.3333333333333332,-0.5,0.0,1.0,0.0,1.0,0.0,-0.4066666666666663,1.0,0.0,0.0,1.0,-0.05982905982906013,0.0,1.0,0.0,-0.2865497076023394,0.0,0.0,0.0,1.0,0.0,4.0,-1.2550143266475644,0.608695652173913,0.0,Enrolled
3110,0.8333333330182071,0.33333333333333326,0.0,1.6729192705293858,0.0,-0.5,0.0,1.0,0.0,1.0,-0.5,2.926666666666667,0.0,1.0,0.0,1.0,-0.8119658119658115,0.0,1.0,0.0,2.122807017543859,0.0,0.0,0.0,1.0,0.0,0.0,-1.2550143266475644,0.608695652173913,0.0,Graduate
3111,-1.5686274513099354,-1.6666666666666667,-1.6666666666666667,-5.1354731137974134,-1.9999999999999996,-2.0,0.0,1.0,0.0,1.0,-3.0,-0.07333333333333296,1.0,0.0,0.0,1.0,0.44444444444444514,0.0,0.0,0.0,0.35087719298245595,0.0,0.0,0.0,1.0,0.0,0.0,-0.5787965616045845,1.0,0.0,Dropout
3112,0.6015406167930408,0.33333333333333326,0.6666666666666666,1.0158994831179653,-0.3333333333333332,-0.25,0.0,1.0,0.0,1.0,0.5,-0.006666666666666288,1.0,0.0,0.0,1.0,0.24786324786324737,0.0,0.0,1.0,0.27485380116958985,0.0,0.0,0.0,1.0,0.0,3.0,0.42120343839541546,-0.39130434782608686,0.0,Graduate
3113,0.14705882405050236,0.33333333333333326,0.3333333333333333,-0.2723356940391831,-0.05555555555555535,-0.25,0.0,1.0,0.0,1.0,0.0,-0.6066666666666662,1.0,0.0,0.0,1.0,0.2991452991452994,0.0,0.0,0.0,-0.21637426900584802,0.0,0.0,0.0,1.0,0.0,3.0,0.1346704871060172,-0.7391304347826085,0.0,Dropout
3114,-0.024509803926717654,0.0,0.0,0.11671529804085004,-0.05555555555555535,-0.25,0.0,1.0,0.0,1.0,0.0,0.6600000000000004,1.0,0.0,0.0,1.0,0.5384615384615388,0.0,1.0,0.0,1.058479532163742,0.0,0.0,0.0,1.0,0.0,0.0,0.4068767908309455,0.0,0.0,Enrolled
3115,0.14705882405050236,0.33333333333333326,0.3333333333333333,-0.2723356940391831,-0.3333333333333332,-0.5,0.0,1.0,0.0,1.0,0.0,-0.33999999999999964,1.0,0.0,0.0,1.0,-0.39316239316239304,0.0,1.0,0.0,-0.45614035087719257,0.0,0.0,0.0,1.0,0.0,0.0,-0.5787965616045845,1.0,0.0,Graduate
3116,0.6372549020946613,0.33333333333333326,0.3333333333333333,1.1171321383909958,-0.3333333333333332,-0.5,0.0,1.0,0.0,1.0,0.0,0.32666666666666705,0.0,1.0,0.0,1.0,0.05982905982906013,0.0,1.0,0.0,0.43859649122806993,0.0,0.0,0.0,1.0,0.0,0.0,0.9140401146131805,0.0,0.0,Graduate
3117,-1.5686274513099354,-1.6666666666666667,-1.6666666666666667,-5.1354731137974134,-1.9999999999999996,-2.0,1.0,0.0,1.0,0.0,0.5,0.726666666666667,1.0,0.0,1.0,0.0,-1.0256410256410267,0.0,1.0,1.0,0.04678362573099396,0.0,0.0,0.0,1.0,0.0,4.0,-0.98567335243553,-0.9565217391304347,0.0,Dropout
3118,0.4271708682269965,0.33333333333333326,0.3333333333333333,0.5216459233013753,-0.05555555555555535,-0.25,0.0,1.0,0.0,1.0,0.0,-0.7399999999999997,1.0,0.0,0.0,1.0,0.3589743589743596,0.0,1.0,0.0,-0.2923976608187133,0.0,0.0,0.0,1.0,0.0,3.0,0.1346704871060172,-0.7391304347826085,0.0,Graduate
3119,-0.2450980392671772,0.0,0.0,-0.6335973322217586,0.22222222222222213,0.0,0.0,1.0,0.0,1.0,0.0,-1.473333333333333,1.0,0.0,0.0,1.0,1.0170940170940186,0.0,0.0,0.0,-0.4853801169590639,0.0,0.0,0.0,1.0,0.0,0.0,-0.98567335243553,-0.9565217391304347,0.0,Graduate
3120,-0.5686274513939693,-0.4666666666666668,-0.6666666666666666,-0.4112824802000832,0.6666666666666667,0.0,0.0,1.0,0.0,1.0,-0.5,0.0,1.0,0.0,0.0,1.0,-1.1025641025641029,0.0,1.0,0.0,-0.6432748538011692,0.0,0.0,0.0,1.0,0.0,0.0,-0.5787965616045845,1.0,0.0,Enrolled
3121,-0.7303921570161885,-0.6666666666666667,0.0,-0.38349312213422243,0.6666666666666667,2.0,0.0,1.0,0.0,1.0,2.0,-0.873333333333333,1.0,0.0,0.0,1.0,1.2307692307692313,0.0,1.0,0.0,0.18713450292397585,0.0,0.0,0.0,0.0,0.0,0.0,-0.98567335243553,-0.9565217391304347,0.0,Dropout
3122,-0.0035014009811278135,0.33333333333333326,0.6666666666666666,-0.699100817007086,1.3333333333333333,1.5,0.0,1.0,0.0,1.0,0.5,0.12666666666666704,0.0,1.0,0.0,1.0,-0.3418803418803422,0.0,1.0,0.0,-0.011695906432748699,0.0,0.0,0.0,1.0,0.0,0.0,-0.5787965616045845,1.0,0.0,Graduate
3123,-0.6421568628800048,-0.4666666666666668,-0.6666666666666666,-0.7586494372655271,0.6666666666666667,0.0,0.0,1.0,0.0,1.0,-0.5,-0.5399999999999996,0.0,1.0,0.0,1.0,-0.11965811965811904,0.0,0.0,0.0,-0.44444444444444386,0.0,0.0,0.0,1.0,0.0,4.0,0.0,0.5217391304347826,0.0,Enrolled
3125,0.44817927117258666,0.33333333333333326,0.6666666666666666,0.5811945435598164,-0.3333333333333332,-0.25,0.0,1.0,0.0,1.0,0.5,0.2600000000000004,0.0,1.0,0.0,1.0,-0.43589743589743585,0.0,0.0,1.0,0.040935672514620026,0.0,0.0,0.0,1.0,0.0,2.0,-0.3553008595988538,-0.4782608695652173,0.0,Graduate
3126,0.12254902009314746,0.20833333333333326,3.3333333333333335,-0.02223148395164691,-0.020833333333333256,2.75,0.0,1.0,0.0,1.0,5.0,-1.073333333333333,1.0,0.0,0.0,1.0,-0.2136752136752139,0.0,0.0,0.0,-0.9766081871345026,0.0,1.0,1.0,1.0,1.0,0.0,-0.98567335243553,-0.9565217391304347,1.0,Graduate
3127,-0.0428921568717559,0.33333333333333326,0.3333333333333333,-0.8107544810337639,1.0555555555555554,0.75,0.0,1.0,0.0,1.0,0.0,-0.47333333333333294,1.0,0.0,0.0,1.0,-0.3333333333333329,0.0,0.0,0.0,-0.5321637426900578,0.0,0.0,0.0,1.0,0.0,0.0,-0.5787965616045845,1.0,0.0,Enrolled
3128,0.049019607853435634,0.33333333333333326,0.0,-0.5502292621925802,0.6666666666666667,0.0,0.0,1.0,0.0,1.0,-0.5,-0.33999999999999964,1.0,0.0,0.0,1.0,-0.09401709401709363,0.0,0.0,0.0,-0.2514619883040933,0.0,0.0,0.0,1.0,0.0,0.0,0.42120343839541546,-0.39130434782608686,0.0,Graduate
3130,0.29411764761080894,0.33333333333333326,0.3333333333333333,0.14450465610671082,-0.3333333333333332,-0.5,0.0,1.0,0.0,1.0,0.0,-0.8066666666666663,0.0,1.0,0.0,1.0,-0.11965811965811904,0.0,1.0,0.0,-0.6783625730994145,0.0,0.0,0.0,1.0,0.0,0.0,0.48710601719197705,-0.3478260869565217,0.0,Graduate
3132,0.07659313782246346,0.08333333333333326,0.6666666666666666,0.1941285077115461,-0.3333333333333332,0.0,0.0,1.0,0.0,1.0,1.0,-0.47333333333333294,0.0,1.0,0.0,1.0,-0.1709401709401711,0.0,1.0,1.0,-0.42105263157894735,0.0,0.0,0.0,1.0,0.0,2.0,-0.5787965616045845,1.0,0.0,Graduate
3133,0.5555555550186739,0.33333333333333326,0.3333333333333333,0.8855541642350975,1.0555555555555554,0.75,0.0,1.0,0.0,1.0,0.0,1.1933333333333338,1.0,0.0,0.0,1.0,0.44444444444444514,0.0,1.0,0.0,1.4619883040935666,0.0,0.0,0.0,1.0,0.0,0.0,-0.3553008595988538,-0.4782608695652173,0.0,Graduate
3134,0.1015406162678306,0.04761904761904745,0.3333333333333333,0.3876615256356813,-0.09523809523809526,0.0,0.0,1.0,0.0,1.0,0.5,-0.7399999999999997,1.0,0.0,0.0,1.0,0.2393162393162393,0.0,1.0,1.0,-0.37426900584795336,0.0,0.0,0.0,1.0,0.0,5.0,0.1346704871060172,-0.7391304347826085,0.0,Enrolled
3136,-1.5686274513099354,-1.6666666666666667,-1.6666666666666667,-5.1354731137974134,-1.9999999999999996,-2.0,0.0,1.0,0.0,1.0,-3.0,0.32666666666666705,1.0,0.0,0.0,1.0,1.4615384615384637,0.0,1.0,0.0,1.3976608187134498,0.0,0.0,0.0,1.0,0.0,0.0,0.48710601719197705,-0.3478260869565217,0.0,Graduate
3138,0.9103641462696843,0.33333333333333326,0.3333333333333333,1.8912642184243424,-0.05555555555555535,-0.25,0.0,1.0,0.0,1.0,0.0,1.1266666666666671,1.0,0.0,0.0,1.0,2.4358974358974397,1.0,0.0,0.0,2.7660818713450284,0.0,0.0,0.0,0.0,0.0,0.0,0.1346704871060172,-0.7391304347826085,0.0,Graduate
3139,0.36764705939096226,0.33333333333333326,0.3333333333333333,0.3529248311796578,-0.3333333333333332,-0.5,0.0,1.0,0.0,1.0,0.0,0.19333333333333372,1.0,0.0,0.0,1.0,-0.39316239316239304,0.0,1.0,0.0,0.011695906432748699,0.0,0.0,0.0,1.0,0.0,0.0,-0.3553008595988538,-0.4782608695652173,0.0,Graduate
3140,-0.07352941178015329,0.0,0.0,-0.05002084201750769,0.5,0.25,0.0,1.0,0.0,1.0,0.0,-0.27333333333333293,0.0,1.0,0.0,1.0,0.26495726495726596,0.0,1.0,0.0,0.05263157894736873,0.0,0.0,0.0,1.0,0.0,0.0,0.0,0.5217391304347826,0.0,Enrolled
3141,0.8578431374351209,0.33333333333333326,0.3333333333333333,1.7423926636098366,-0.05555555555555535,-0.25,0.0,1.0,0.0,1.0,0.0,-0.33999999999999964,1.0,0.0,0.0,1.0,2.957264957264961,1.0,0.0,0.0,1.8362573099415198,0.0,0.0,0.0,1.0,0.0,0.0,0.9140401146131805,0.0,0.0,Graduate
3142,-0.18627450984305471,-0.06666666666666665,-0.3333333333333333,-0.23759899958315966,1.3333333333333333,0.5,0.0,1.0,0.0,1.0,-0.5,-0.13999999999999962,1.0,0.0,0.0,1.0,-0.4786324786324786,0.0,0.0,0.0,-0.33918128654970725,0.0,0.0,0.0,1.0,0.0,1.0,0.42120343839541546,-0.39130434782608686,0.0,Graduate
3143,-1.2450980394772613,-1.2666666666666666,-1.3333333333333333,-0.5502292621925802,2.666666666666666,1.5,0.0,1.0,0.0,1.0,-0.5,-0.20666666666666628,1.0,0.0,0.0,1.0,0.0,0.0,1.0,0.0,-0.07017543859649136,0.0,0.0,0.0,1.0,0.0,0.0,0.1346704871060172,-0.7391304347826085,0.0,Dropout
3144,0.37622548972364706,0.08333333333333326,0.6666666666666666,1.1647710337640682,-0.3333333333333332,0.0,0.0,1.0,0.0,1.0,1.0,1.1266666666666671,0.0,1.0,0.0,1.0,-1.2393162393162394,0.0,0.0,1.0,0.2514619883040941,0.0,0.0,0.0,1.0,0.0,0.0,-0.5787965616045845,1.0,0.0,Graduate
3146,-0.42156862783366295,-0.26666666666666683,0.6666666666666666,-0.490680641934139,0.0,1.0,0.0,1.0,0.0,1.0,2.0,0.0,0.0,1.0,0.0,1.0,-1.2307692307692313,0.0,0.0,0.0,-0.7309941520467833,0.0,0.0,0.0,1.0,0.0,0.0,0.4068767908309455,0.0,0.0,Graduate
3147,0.09803921521667483,0.33333333333333326,0.3333333333333333,-0.4112824802000832,-0.3333333333333332,-0.5,0.0,1.0,0.0,1.0,0.0,-0.47333333333333294,0.0,1.0,0.0,1.0,0.4188034188034197,0.0,1.0,0.0,-0.017543859649122633,0.0,0.0,0.0,1.0,0.0,0.0,-1.2550143266475644,0.608695652173913,0.0,Graduate
3148,-0.3039215686913,-0.23809523809523814,0.0,-0.11671529804085079,0.14285714285714307,0.25,0.0,1.0,0.0,1.0,0.5,-2.1399999999999997,1.0,0.0,0.0,1.0,0.5641025641025654,0.0,1.0,1.0,-1.3801169590643265,0.0,0.0,0.0,1.0,0.0,4.0,0.42120343839541546,-0.39130434782608686,0.0,Enrolled
3149,0.07352941227034941,0.33333333333333326,0.0,-0.48075586911213014,0.3333333333333332,-0.25,0.0,1.0,0.0,1.0,-0.5,-0.5399999999999996,1.0,0.0,0.0,1.0,0.5042735042735053,0.0,0.0,0.0,-0.017543859649122633,0.0,0.0,0.0,1.0,0.0,2.0,-1.2550143266475644,0.608695652173913,0.0,Enrolled
3150,-0.009803921570686996,0.33333333333333326,0.0,-0.7169654022509379,0.0,-0.5,0.0,1.0,1.0,0.0,-0.5,-2.206666666666666,0.0,1.0,1.0,0.0,2.153846153846156,1.0,0.0,0.0,-0.35087719298245595,0.0,0.0,0.0,1.0,0.0,0.0,-0.98567335243553,-0.9565217391304347,0.0,Graduate
3152,-1.5686274513099354,-1.6666666666666667,-1.6666666666666667,-5.1354731137974134,-1.9999999999999996,-2.0,1.0,0.0,1.0,0.0,-3.0,1.726666666666667,1.0,0.0,1.0,0.0,0.717948717948718,0.0,1.0,0.0,2.116959064327484,0.0,0.0,0.0,1.0,0.0,0.0,0.42120343839541546,-0.39130434782608686,0.0,Dropout
3153,0.7352941182917283,0.33333333333333326,0.3333333333333333,1.3950257065443927,-0.3333333333333332,-0.5,0.0,1.0,1.0,0.0,0.0,2.926666666666667,0.0,1.0,1.0,0.0,-1.376068376068378,0.0,0.0,0.0,1.7368421052631564,0.0,0.0,0.0,1.0,0.0,0.0,0.9140401146131805,0.0,0.0,Graduate
3154,0.6862745094579008,0.33333333333333326,2.3333333333333335,1.2560789203834926,-0.3333333333333332,1.0,0.0,1.0,0.0,1.0,3.0,1.526666666666667,1.0,0.0,0.0,1.0,-0.26495726495726596,0.0,1.0,0.0,1.2690058479532151,0.0,0.0,0.0,1.0,0.0,0.0,0.9140401146131805,0.0,0.0,Graduate
3155,-0.03291316569318913,0.04761904761904745,0.3333333333333333,-0.05696818257607348,0.14285714285714307,0.25,0.0,1.0,0.0,1.0,0.5,-0.5399999999999996,1.0,0.0,0.0,1.0,-0.3589743589743596,0.0,1.0,1.0,-0.608187134502924,0.0,0.0,0.0,1.0,0.0,4.0,-0.3553008595988538,-0.4782608695652173,0.0,Enrolled
3156,-0.9803921570687096,-0.8666666666666667,-1.0,-0.9670696123384741,0.6666666666666667,0.0,0.0,1.0,0.0,1.0,-0.5,-0.20666666666666628,1.0,0.0,0.0,1.0,-0.5982905982905988,0.0,1.0,0.0,-0.47953216374269,0.0,0.0,0.0,1.0,0.0,1.0,0.0,0.5217391304347826,0.0,Enrolled
3157,-0.4341736695589999,-0.38095238095238093,1.3333333333333333,-0.13338891204668618,0.7380952380952379,3.75,0.0,1.0,0.0,1.0,4.0,-0.5399999999999996,1.0,0.0,0.0,1.0,0.44444444444444514,0.0,0.0,0.0,-0.05847953216374266,0.0,0.0,0.0,1.0,0.0,0.0,-1.2550143266475644,0.608695652173913,0.0,Graduate
3158,-0.6568627455301531,-0.4666666666666668,-0.6666666666666666,-0.8281228303459771,0.6666666666666667,0.0,0.0,1.0,0.0,1.0,-0.5,-0.4066666666666663,1.0,0.0,0.0,1.0,0.6837606837606857,0.0,1.0,0.0,0.22222222222222276,0.0,0.0,0.0,1.0,0.0,0.0,0.0,0.5217391304347826,0.0,Dropout
3160,-0.7598039217282498,-0.6666666666666667,-0.6666666666666666,-0.5502292621925802,0.22222222222222213,0.0,0.0,1.0,0.0,1.0,0.0,0.12666666666666704,0.0,1.0,0.0,1.0,-0.5982905982905988,0.0,0.0,0.0,-0.18713450292397668,0.0,0.0,0.0,1.0,0.0,0.0,0.4068767908309455,0.0,0.0,Enrolled
3161,-1.5686274513099354,-1.6666666666666667,-1.6666666666666667,-5.1354731137974134,-1.9999999999999996,-2.0,0.0,1.0,0.0,1.0,-3.0,-0.5399999999999996,0.0,1.0,0.0,1.0,-0.2136752136752139,0.0,1.0,0.0,-0.5087719298245613,0.0,0.0,0.0,1.0,0.0,1.0,0.4068767908309455,0.0,0.0,Graduate
3162,0.3221288520284583,0.33333333333333326,0.3333333333333333,0.22390281784076668,-0.05555555555555535,-0.25,0.0,1.0,0.0,1.0,0.0,0.32666666666666705,0.0,1.0,0.0,1.0,-0.5384615384615388,0.0,1.0,0.0,0.02923976608187133,0.0,0.0,0.0,1.0,0.0,0.0,0.9140401146131805,0.0,0.0,Graduate
3163,0.2751225492612304,0.08333333333333326,0.6666666666666666,0.8372536181742389,-0.3333333333333332,0.0,0.0,1.0,0.0,1.0,1.0,0.19333333333333372,1.0,0.0,0.0,1.0,-0.6666666666666671,0.0,1.0,1.0,-0.17543859649122798,0.0,0.0,0.0,1.0,0.0,3.0,0.4068767908309455,0.0,0.0,Graduate
3164,0.6372549020946613,0.33333333333333326,0.3333333333333333,1.1171321383909958,-0.05555555555555535,-0.25,0.0,1.0,0.0,1.0,0.0,0.5933333333333337,0.0,1.0,0.0,1.0,-0.777777777777778,0.0,1.0,0.0,0.09941520467836269,0.0,0.0,0.0,1.0,0.0,0.0,0.1346704871060172,-0.7391304347826085,0.0,Graduate
3165,0.4313725491102321,0.33333333333333326,0.0,0.5335556481867441,1.0,0.25,0.0,1.0,0.0,1.0,-0.5,-0.27333333333333293,1.0,0.0,0.0,1.0,-0.5384615384615388,0.0,1.0,0.0,-0.4970760233918126,0.0,0.0,0.0,1.0,0.0,0.0,-0.5787965616045845,1.0,0.0,Graduate
3166,0.3221288520284583,0.33333333333333326,0.0,0.22390281784076668,1.9999999999999996,1.0,0.0,1.0,0.0,1.0,-0.5,0.06000000000000038,0.0,1.0,0.0,1.0,-0.03418803418803349,0.0,1.0,0.0,0.14035087719298273,0.0,0.0,0.0,1.0,0.0,0.0,-0.98567335243553,-0.9565217391304347,0.0,Graduate
3167,-0.857843137435121,-1.0,-1.0,0.9087119633180487,-0.05555555555555535,-0.25,0.0,1.0,0.0,1.0,0.0,-0.673333333333333,1.0,0.0,0.0,1.0,0.5384615384615388,0.0,0.0,0.0,-0.11111111111111138,0.0,0.0,0.0,1.0,0.0,1.0,-1.2550143266475644,0.608695652173913,0.0,Dropout
3168,-0.6274509802298565,-0.4666666666666668,-0.6666666666666666,-0.689176044185077,0.3333333333333332,-0.25,0.0,1.0,0.0,1.0,-0.5,1.1266666666666671,1.0,0.0,0.0,1.0,-0.3333333333333329,1.0,0.0,0.0,0.871345029239766,0.0,0.0,0.0,1.0,0.0,0.0,0.4068767908309455,0.0,0.0,Dropout
3169,0.40616246528140665,0.33333333333333326,0.3333333333333333,0.4620973030429342,-0.05555555555555535,-0.25,1.0,0.0,1.0,0.0,0.0,-0.27333333333333293,0.0,1.0,1.0,0.0,0.20512820512820581,0.0,1.0,0.0,0.011695906432748699,0.0,0.0,0.0,1.0,0.0,0.0,0.9140401146131805,0.0,0.0,Dropout
3170,0.15441176522851785,0.33333333333333326,0.6666666666666666,-0.25149367653188814,0.857142857142857,1.0,0.0,1.0,0.0,1.0,0.5,0.06000000000000038,0.0,1.0,0.0,1.0,-0.7094017094017099,0.0,1.0,1.0,-0.3216374269005846,0.0,0.0,0.0,1.0,0.0,2.0,-1.2550143266475644,0.608695652173913,0.0,Graduate
3171,-0.15686274513099357,-0.06666666666666665,-0.3333333333333333,-0.13338891204668618,1.6666666666666667,0.75,0.0,1.0,0.0,1.0,-0.5,-0.4066666666666663,0.0,1.0,0.0,1.0,-0.05982905982906013,0.0,0.0,0.0,-0.2865497076023394,0.0,0.0,0.0,1.0,0.0,0.0,0.48710601719197705,-0.3478260869565217,0.0,Graduate
3172,0.04901960785343531,0.0,0.0,0.36681950812838626,1.0555555555555554,0.75,1.0,0.0,1.0,0.0,0.0,-0.673333333333333,1.0,0.0,1.0,0.0,0.5042735042735053,0.0,0.0,0.0,-0.13450292397660796,0.0,0.0,0.0,1.0,0.0,1.0,0.4068767908309455,0.0,0.0,Dropout
3174,-0.2471988796037532,-0.23809523809523814,0.0,0.10837849103793235,0.619047619047619,0.75,0.0,1.0,0.0,1.0,0.5,0.0,0.0,1.0,0.0,1.0,-2.3846153846153864,1.0,0.0,0.0,-1.5204678362573092,0.0,0.0,0.0,1.0,0.0,0.0,0.9140401146131805,0.0,0.0,Graduate
3176,-1.5686274513099354,-1.6666666666666667,-1.6666666666666667,-5.1354731137974134,0.14285714285714307,0.25,0.0,1.0,1.0,0.0,0.5,-0.873333333333333,1.0,0.0,1.0,0.0,3.333333333333338,1.0,0.0,0.0,1.6257309941520466,0.0,0.0,0.0,1.0,0.0,0.0,0.48710601719197705,-0.3478260869565217,0.0,Dropout
3177,-0.0020008001404765493,0.04761904761904745,0.3333333333333333,0.045256952897040244,0.14285714285714307,0.25,0.0,1.0,0.0,1.0,0.5,-0.006666666666666288,0.0,1.0,0.0,1.0,-0.658119658119659,0.0,1.0,1.0,-0.345029239766082,0.0,0.0,0.0,1.0,0.0,3.0,0.1346704871060172,-0.7391304347826085,0.0,Graduate
3178,0.34313725497404846,0.33333333333333326,0.3333333333333333,0.28345143809920775,-0.3333333333333332,-0.5,0.0,1.0,0.0,1.0,0.0,-0.006666666666666288,0.0,1.0,0.0,1.0,0.02564102564102542,0.0,1.0,0.0,0.12280701754385925,0.0,0.0,0.0,1.0,0.0,0.0,0.1346704871060172,-0.7391304347826085,0.0,Dropout
3180,-0.3921568628274839,-0.23809523809523814,0.0,-0.46686119216340166,-0.09523809523809526,0.0,0.0,1.0,0.0,1.0,0.5,0.46000000000000035,0.0,1.0,0.0,1.0,-0.777777777777778,0.0,0.0,1.0,-0.017543859649122633,0.0,0.0,0.0,1.0,0.0,0.0,0.0,0.5217391304347826,0.0,Enrolled
3181,0.7843137256549678,0.33333333333333326,0.3333333333333333,1.5339724885368897,-0.3333333333333332,-0.5,0.0,1.0,0.0,1.0,0.0,1.5933333333333337,1.0,0.0,0.0,1.0,-0.4786324786324798,0.0,0.0,0.0,1.181286549707601,0.0,0.0,0.0,1.0,0.0,0.0,0.42120343839541546,-0.39130434782608686,0.0,Graduate
3183,-0.2181810224548,-0.09523809523809534,2.0,-0.26365152146727805,0.7380952380952379,3.75,0.0,1.0,0.0,1.0,4.0,0.7933333333333337,1.0,0.0,0.0,1.0,-0.4529914529914532,0.0,0.0,0.0,0.4970760233918126,0.0,1.0,1.0,1.0,1.0,0.0,-0.98567335243553,-0.9565217391304347,1.0,Graduate
3185,0.46568627411744096,0.33333333333333326,0.3333333333333333,0.6308183951646517,0.5,0.25,0.0,1.0,0.0,1.0,0.0,-1.473333333333333,0.0,1.0,0.0,1.0,0.14529914529914567,0.0,1.0,0.0,-1.0818713450292392,0.0,0.0,0.0,1.0,0.0,0.0,0.48710601719197705,-0.3478260869565217,0.0,Graduate
3186,-1.5686274513099354,-1.6666666666666667,-1.6666666666666667,-5.1354731137974134,-1.9999999999999996,-2.0,0.0,1.0,0.0,1.0,-0.5,-1.1399999999999997,1.0,0.0,0.0,1.0,0.11965811965812026,0.0,0.0,0.0,-0.8070175438596485,1.0,0.0,0.0,1.0,0.0,1.0,-0.3553008595988538,-0.4782608695652173,0.0,Dropout
3187,-1.5686274513099354,-1.6666666666666667,-1.6666666666666667,-5.1354731137974134,2.333333333333333,1.25,1.0,0.0,1.0,0.0,-0.5,0.0,0.0,1.0,0.0,1.0,0.02564102564102542,1.0,0.0,0.0,0.1286549707602332,0.0,0.0,0.0,0.0,0.0,0.0,-0.98567335243553,-0.9565217391304347,0.0,Dropout
3188,-1.5686274513099354,-1.6666666666666667,-1.6666666666666667,-5.1354731137974134,0.14285714285714307,0.25,0.0,1.0,0.0,1.0,0.5,0.12666666666666704,1.0,0.0,0.0,1.0,-0.25641025641025667,0.0,1.0,1.0,0.04678362573099396,0.0,0.0,0.0,1.0,0.0,0.0,-1.2550143266475644,0.608695652173913,0.0,Dropout
3189,-1.2745098041893226,-1.2666666666666666,-1.3333333333333333,-0.9670696123384741,1.3333333333333333,0.5,0.0,1.0,0.0,1.0,-0.5,0.7933333333333337,1.0,0.0,0.0,1.0,-0.658119658119659,0.0,0.0,0.0,0.3567251461988299,0.0,0.0,0.0,1.0,0.0,0.0,0.48710601719197705,-0.3478260869565217,0.0,Dropout
3190,-1.5686274513099354,-1.6666666666666667,-1.6666666666666667,-5.1354731137974134,-1.9999999999999996,-2.0,0.0,1.0,0.0,1.0,-3.0,-1.0066666666666664,1.0,0.0,0.0,1.0,-0.2393162393162393,0.0,1.0,0.0,-0.9356725146198825,0.0,0.0,0.0,1.0,0.0,0.0,0.1346704871060172,-0.7391304347826085,0.0,Dropout
3192,-0.3333333334033613,-0.3333333333333335,-0.3333333333333333,0.11671529804085004,-0.05555555555555535,-0.25,0.0,1.0,0.0,1.0,0.0,-1.2066666666666663,1.0,0.0,0.0,1.0,0.38461538461538497,0.0,1.0,0.0,-0.6842105263157893,0.0,0.0,0.0,1.0,0.0,0.0,0.42120343839541546,-0.39130434782608686,0.0,Dropout
3193,-0.575980392277867,-0.4666666666666668,-0.6666666666666666,-0.4460191746561067,1.3333333333333333,0.5,0.0,1.0,0.0,1.0,-0.5,-0.7399999999999997,1.0,0.0,0.0,1.0,-0.03418803418803349,0.0,1.0,0.0,-0.5614035087719292,0.0,0.0,0.0,1.0,0.0,1.0,-1.2550143266475644,0.608695652173913,0.0,Enrolled
3194,0.25122549024885693,0.33333333333333326,0.6666666666666666,0.02292621925802405,1.0952380952380953,1.25,0.0,1.0,0.0,1.0,0.5,-0.873333333333333,1.0,0.0,0.0,1.0,0.1794871794871804,0.0,0.0,0.0,-0.5321637426900578,0.0,0.0,0.0,1.0,0.0,0.0,0.1346704871060172,-0.7391304347826085,0.0,Dropout
3196,-1.5686274513099354,-1.6666666666666667,-1.6666666666666667,-5.1354731137974134,-0.3333333333333332,-0.5,1.0,0.0,1.0,0.0,0.0,-0.873333333333333,1.0,0.0,0.0,1.0,1.042735042735044,0.0,0.0,0.0,0.05847953216374266,0.0,0.0,0.0,1.0,0.0,1.0,0.9140401146131805,0.0,0.0,Dropout
3197,-0.09803921570687095,0.0,0.0,-0.13338891204668618,1.8888888888888888,1.5,0.0,1.0,0.0,1.0,0.0,0.46000000000000035,1.0,0.0,0.0,1.0,0.44444444444444514,0.0,0.0,0.0,0.8187134502923973,0.0,0.0,0.0,1.0,0.0,0.0,-1.2550143266475644,0.608695652173913,0.0,Enrolled
3198,0.28431372554992584,0.33333333333333326,0.0,0.11671529804085004,0.0,-0.5,0.0,1.0,0.0,1.0,-0.5,-0.4066666666666663,1.0,0.0,0.0,1.0,-0.15384615384615374,0.0,1.0,0.0,-0.35087719298245595,0.0,0.0,0.0,1.0,0.0,5.0,0.9140401146131805,0.0,0.0,Graduate
3199,-1.5686274513099354,-1.6666666666666667,-1.6666666666666667,-5.1354731137974134,-0.05555555555555535,-0.25,0.0,1.0,0.0,1.0,0.0,-1.5399999999999996,1.0,0.0,0.0,1.0,0.44444444444444514,0.0,0.0,0.0,-0.9356725146198825,0.0,0.0,0.0,0.0,0.0,0.0,-0.3553008595988538,-0.4782608695652173,0.0,Dropout
3200,0.0837622547357345,0.08333333333333326,0.6666666666666666,0.21735246769487254,-0.3333333333333332,0.0,0.0,1.0,0.0,1.0,1.0,0.9933333333333337,1.0,0.0,0.0,1.0,-1.3504273504273514,0.0,1.0,1.0,0.05847953216374266,0.0,0.0,0.0,1.0,0.0,0.0,0.4068767908309455,0.0,0.0,Graduate
3201,-1.5686274513099354,-1.6666666666666667,-1.6666666666666667,-5.1354731137974134,-0.3333333333333332,-0.5,0.0,1.0,0.0,1.0,0.0,2.4600000000000004,1.0,0.0,0.0,1.0,-0.4529914529914532,1.0,0.0,0.0,1.9590643274853792,0.0,0.0,0.0,0.0,0.0,0.0,0.9140401146131805,0.0,0.0,Dropout
3202,0.5147058829512685,0.33333333333333326,0.3333333333333333,0.7697651813255517,-0.05555555555555535,-0.25,0.0,1.0,0.0,1.0,0.0,0.8600000000000004,1.0,0.0,0.0,1.0,-0.4786324786324798,0.0,1.0,0.0,0.5380116959064318,0.0,0.0,0.0,1.0,0.0,0.0,-0.98567335243553,-0.9565217391304347,0.0,Graduate
3203,0.22058823583065565,0.33333333333333326,0.3333333333333333,-0.06391551896623615,-0.05555555555555535,-0.25,0.0,1.0,0.0,1.0,0.0,-0.4066666666666663,1.0,0.0,0.0,1.0,0.08547008547008556,0.0,1.0,0.0,-0.18713450292397668,0.0,0.0,0.0,1.0,0.0,0.0,0.42120343839541546,-0.39130434782608686,0.0,Enrolled
3204,-0.5098039216757291,-0.3333333333333335,-0.3333333333333333,-0.6335973322217586,1.3333333333333333,1.0,0.0,1.0,0.0,1.0,0.0,-0.5399999999999996,1.0,0.0,0.0,1.0,-0.15384615384615374,0.0,0.0,0.0,-0.4678362573099413,0.0,0.0,0.0,1.0,0.0,0.0,0.1346704871060172,-0.7391304347826085,0.0,Dropout
3205,0.34313725497404846,0.33333333333333326,0.3333333333333333,0.28345143809920775,-0.3333333333333332,-0.5,0.0,1.0,0.0,1.0,0.0,0.3933333333333337,1.0,0.0,0.0,1.0,-0.8717948717948729,0.0,0.0,0.0,-0.14035087719298273,0.0,0.0,0.0,1.0,0.0,4.0,0.0,0.5217391304347826,0.0,Dropout
3206,-1.5686274513099354,-1.6666666666666667,-1.6666666666666667,-5.1354731137974134,-1.9999999999999996,-2.0,1.0,0.0,1.0,0.0,-0.5,0.0,1.0,0.0,0.0,1.0,-1.444444444444445,1.0,0.0,0.0,-0.8771929824561399,0.0,0.0,0.0,1.0,0.0,0.0,0.9140401146131805,0.0,0.0,Dropout
3207,0.34313725497404846,0.33333333333333326,0.0,0.28345143809920775,-0.3333333333333332,-0.75,0.0,1.0,0.0,1.0,-0.5,0.8600000000000004,1.0,0.0,0.0,1.0,0.32478632478632485,0.0,1.0,0.0,1.0877192982456132,0.0,0.0,0.0,1.0,0.0,0.0,-0.3553008595988538,-0.4782608695652173,0.0,Graduate
3208,0.13305322110638368,0.33333333333333326,0.3333333333333333,-0.3120347769904126,0.22222222222222213,0.0,0.0,1.0,1.0,0.0,0.0,-1.6066666666666662,1.0,0.0,1.0,0.0,0.6837606837606844,0.0,1.0,0.0,-0.8304093567251459,0.0,0.0,0.0,1.0,0.0,0.0,-1.2550143266475644,0.608695652173913,0.0,Dropout
3209,-0.4411764706809194,-0.3333333333333335,-0.3333333333333333,-0.34180908711963315,-0.3333333333333332,-0.5,1.0,0.0,1.0,0.0,0.0,0.12666666666666704,1.0,0.0,1.0,0.0,-0.658119658119659,0.0,1.0,0.0,-0.2280701754385967,0.0,0.0,0.0,1.0,0.0,0.0,0.9140401146131805,0.0,0.0,Dropout
3211,0.9477124183363539,0.33333333333333326,0.3333333333333333,1.9971284326802823,0.7777777777777779,0.5,0.0,1.0,0.0,1.0,0.0,-0.20666666666666628,1.0,0.0,0.0,1.0,0.44444444444444514,0.0,0.0,0.0,0.23391812865497064,0.0,0.0,0.0,0.0,0.0,0.0,0.1346704871060172,-0.7391304347826085,0.0,Graduate
3214,-1.5686274513099354,-1.6666666666666667,-1.6666666666666667,-5.1354731137974134,-0.3333333333333332,-0.5,0.0,1.0,0.0,1.0,0.0,1.1266666666666671,1.0,0.0,0.0,1.0,0.44444444444444514,0.0,0.0,0.0,1.4035087719298238,0.0,0.0,0.0,0.0,0.0,0.0,-1.2550143266475644,0.608695652173913,0.0,Dropout
3215,0.563725490314508,0.33333333333333326,0.3333333333333333,0.9087119633180487,-0.05555555555555535,-0.25,0.0,1.0,0.0,1.0,0.0,2.4600000000000004,1.0,0.0,0.0,1.0,0.08547008547008676,0.0,1.0,0.0,2.3274853801169586,0.0,0.0,0.0,1.0,0.0,3.0,-0.98567335243553,-0.9565217391304347,0.0,Graduate
3216,0.4166666667542018,0.33333333333333326,0.3333333333333333,0.4918716131721548,-0.3333333333333332,-0.5,0.0,1.0,0.0,1.0,0.0,-2.073333333333333,0.0,1.0,0.0,1.0,0.4188034188034197,0.0,1.0,0.0,-1.4210526315789465,0.0,0.0,0.0,1.0,0.0,5.0,0.42120343839541546,-0.39130434782608686,0.0,Graduate
3217,-0.19607843141374204,0.0,0.0,-0.46686119216340166,0.5,0.25,1.0,0.0,1.0,0.0,0.0,0.46000000000000035,1.0,0.0,0.0,1.0,-0.8974358974358984,0.0,0.0,0.0,-0.09941520467836269,0.0,0.0,0.0,1.0,0.0,1.0,-0.98567335243553,-0.9565217391304347,0.0,Dropout
3218,-0.6274509802298565,-0.4666666666666668,-0.6666666666666666,-0.689176044185077,1.3333333333333333,0.5,0.0,1.0,0.0,1.0,-0.5,0.12666666666666704,1.0,0.0,0.0,1.0,-0.658119658119659,0.0,1.0,0.0,-0.2280701754385967,1.0,0.0,0.0,1.0,0.0,4.0,0.0,0.5217391304347826,0.0,Graduate
3219,-0.448717948812217,-0.28205128205128216,1.3333333333333333,-0.5502292621925802,-0.07692307692307701,1.75,0.0,1.0,0.0,1.0,3.5,0.9933333333333337,1.0,0.0,0.0,1.0,-0.6923076923076937,0.0,0.0,0.0,0.5087719298245604,0.0,0.0,0.0,1.0,0.0,0.0,-1.2550143266475644,0.608695652173913,0.0,Enrolled
3220,-1.5686274513099354,-1.6666666666666667,-1.6666666666666667,-5.1354731137974134,1.3333333333333333,-1.5,0.0,1.0,0.0,1.0,-2.5,0.46000000000000035,1.0,0.0,0.0,1.0,1.6837606837606856,1.0,0.0,0.0,1.6666666666666659,0.0,0.0,0.0,1.0,0.0,0.0,-0.3553008595988538,-0.4782608695652173,0.0,Dropout
3222,-0.270308123306087,-0.23809523809523814,0.0,0.016673614005835405,1.3333333333333333,1.5,1.0,0.0,1.0,0.0,0.5,0.46000000000000035,0.0,1.0,1.0,0.0,-2.461538461538464,1.0,0.0,0.0,-1.1695906432748533,0.0,0.0,0.0,1.0,0.0,0.0,0.9140401146131805,0.0,0.0,Dropout
3224,-1.5686274513099354,-1.6666666666666667,-1.6666666666666667,-5.1354731137974134,-0.3333333333333332,-0.75,1.0,0.0,1.0,0.0,-0.5,-0.873333333333333,1.0,0.0,1.0,0.0,0.1794871794871804,0.0,0.0,0.0,-0.5321637426900578,0.0,0.0,0.0,1.0,0.0,0.0,0.4068767908309455,0.0,0.0,Dropout
3225,-1.1862745100531387,-1.2666666666666666,-1.3333333333333333,0.28345143809920775,0.6666666666666667,0.0,0.0,1.0,0.0,1.0,-0.5,0.0,1.0,0.0,0.0,1.0,-0.8290598290598289,1.0,0.0,0.0,-0.45614035087719257,0.0,0.0,0.0,0.0,0.0,0.0,0.4068767908309455,0.0,0.0,Dropout
3226,0.4628063726462478,0.33333333333333326,1.0,0.6226552730304292,-0.3333333333333332,0.0,0.0,1.0,0.0,1.0,1.0,0.46000000000000035,1.0,0.0,0.0,1.0,-2.487179487179489,0.0,0.0,1.0,-1.187134502923976,0.0,0.0,0.0,1.0,0.0,0.0,-0.98567335243553,-0.9565217391304347,0.0,Graduate
3228,-0.4411764706809194,-0.3333333333333335,-0.3333333333333333,-0.34180908711963315,1.0555555555555554,0.75,0.0,1.0,0.0,1.0,0.0,1.1266666666666671,1.0,0.0,0.0,1.0,0.44444444444444514,0.0,0.0,0.0,1.4035087719298238,0.0,0.0,0.0,0.0,0.0,0.0,0.9140401146131805,0.0,0.0,Enrolled
3229,0.19056372553023052,0.33333333333333326,0.6666666666666666,-0.14902042517715705,-0.09523809523809526,0.0,0.0,1.0,0.0,1.0,0.5,-1.2066666666666663,0.0,1.0,0.0,1.0,-0.11965811965811904,0.0,1.0,1.0,-1.0292397660818704,0.0,0.0,0.0,1.0,0.0,1.0,0.1346704871060172,-0.7391304347826085,0.0,Graduate
3230,0.15616246459863342,0.04761904761904745,0.3333333333333333,0.5682923426427675,0.14285714285714307,0.25,0.0,1.0,0.0,1.0,0.5,-1.0066666666666664,1.0,0.0,0.0,1.0,0.11965811965812026,0.0,1.0,1.0,-0.6900584795321633,0.0,0.0,0.0,1.0,0.0,5.0,0.48710601719197705,-0.3478260869565217,0.0,Graduate
3232,-0.24509803926717735,-0.06666666666666665,-0.3333333333333333,-0.4460191746561067,0.6666666666666667,0.0,0.0,1.0,0.0,1.0,-0.5,-0.20666666666666628,1.0,0.0,0.0,1.0,1.5128205128205146,1.0,0.0,0.0,0.9649122807017539,0.0,0.0,0.0,1.0,0.0,0.0,0.48710601719197705,-0.3478260869565217,0.0,Enrolled
3233,-0.34313725497404846,-0.3333333333333335,-0.3333333333333333,0.0750312630262608,0.22222222222222213,0.0,0.0,1.0,0.0,1.0,0.0,-0.20666666666666628,1.0,0.0,0.0,1.0,0.14529914529914567,0.0,1.0,0.0,0.02923976608187133,0.0,0.0,0.0,1.0,0.0,1.0,-0.5787965616045845,1.0,0.0,Graduate
3234,-1.5686274513099354,-1.6666666666666667,-1.6666666666666667,-5.1354731137974134,-1.9999999999999996,-2.0,0.0,1.0,0.0,1.0,0.0,-0.873333333333333,1.0,0.0,0.0,1.0,-0.2991452991452994,0.0,0.0,0.0,-0.8596491228070173,0.0,0.0,0.0,1.0,0.0,2.0,0.48710601719197705,-0.3478260869565217,0.0,Dropout
3235,0.4578431373510873,0.33333333333333326,0.6666666666666666,0.6085869112130048,0.38095238095238104,0.5,0.0,1.0,0.0,1.0,0.5,-0.20666666666666628,1.0,0.0,0.0,1.0,0.02564102564102542,0.0,1.0,1.0,-0.05263157894736873,0.0,0.0,0.0,1.0,0.0,1.0,-1.2550143266475644,0.608695652173913,0.0,Graduate
3236,0.46151960794009517,0.33333333333333326,0.6666666666666666,0.6190079199666523,0.38095238095238104,0.5,0.0,1.0,0.0,1.0,0.5,0.5266666666666671,1.0,0.0,0.0,1.0,-0.8119658119658127,0.0,1.0,1.0,0.017543859649122633,0.0,0.0,0.0,1.0,0.0,1.0,-1.2550143266475644,0.608695652173913,0.0,Graduate
3240,0.36764705939096226,0.33333333333333326,0.3333333333333333,0.3529248311796578,-0.05555555555555535,-0.25,0.0,1.0,0.0,1.0,0.0,0.2600000000000004,0.0,1.0,0.0,1.0,-0.27350427350427403,0.0,1.0,0.0,0.1520467836257306,0.0,0.0,0.0,1.0,0.0,0.0,0.42120343839541546,-0.39130434782608686,0.0,Graduate
3243,-0.8149509805633649,-0.6666666666666667,-0.6666666666666666,-0.8628595248020007,0.7777777777777779,0.5,0.0,1.0,0.0,1.0,0.0,0.0,1.0,0.0,0.0,1.0,-2.3846153846153864,1.0,0.0,0.0,-1.5204678362573092,0.0,0.0,0.0,0.0,0.0,0.0,0.1346704871060172,-0.7391304347826085,0.0,Dropout
3244,0.5063725491259886,0.33333333333333326,1.0,0.7461442267611499,-0.3333333333333332,0.0,0.0,1.0,0.0,1.0,1.0,0.5933333333333337,0.0,1.0,0.0,1.0,-0.32478632478632485,0.0,1.0,1.0,0.40935672514619864,0.0,0.0,0.0,1.0,0.0,0.0,-0.98567335243553,-0.9565217391304347,0.0,Graduate
3245,-0.04901960785343531,0.0,0.0,0.033347228011671545,0.5,0.25,0.0,1.0,0.0,1.0,0.0,0.46000000000000035,1.0,0.0,0.0,1.0,-0.6923076923076925,0.0,0.0,0.0,0.040935672514620026,0.0,0.0,0.0,1.0,0.0,2.0,0.4068767908309455,0.0,0.0,Dropout
3246,0.1960784314137419,0.33333333333333326,0.3333333333333333,-0.13338891204668618,-0.05555555555555535,-0.25,1.0,0.0,1.0,0.0,0.0,-0.27333333333333293,1.0,0.0,0.0,1.0,0.44444444444444514,0.0,0.0,0.0,0.17543859649122798,0.0,0.0,0.0,1.0,0.0,0.0,0.4068767908309455,0.0,0.0,Dropout
3247,0.6127450976777475,0.33333333333333326,0.3333333333333333,1.0476587453105457,-0.3333333333333332,-0.5,0.0,1.0,0.0,1.0,0.0,0.5266666666666671,0.0,1.0,0.0,1.0,-0.1794871794871804,0.0,0.0,0.0,0.4502923976608178,0.0,0.0,0.0,1.0,0.0,0.0,0.48710601719197705,-0.3478260869565217,0.0,Graduate
3248,0.7002801124020195,0.33333333333333326,0.3333333333333333,1.2957780033347222,-0.05555555555555535,-0.25,0.0,1.0,0.0,1.0,0.0,-1.0066666666666664,0.0,1.0,0.0,1.0,0.8034188034188047,0.0,0.0,0.0,-0.22222222222222193,0.0,0.0,0.0,1.0,0.0,4.0,0.1346704871060172,-0.7391304347826085,0.0,Graduate
3249,0.13725490198961926,0.33333333333333326,0.0,-0.3001250521050439,0.3333333333333332,-0.25,0.0,1.0,0.0,1.0,-0.5,-0.13999999999999962,0.0,1.0,0.0,1.0,0.26495726495726596,0.0,0.0,0.0,0.16959064327485404,0.0,0.0,0.0,1.0,0.0,4.0,-0.3553008595988538,-0.4782608695652173,0.0,Graduate
3251,-1.3627450983255063,-1.380952380952381,-1.3333333333333333,-1.0504376823676527,0.14285714285714307,0.25,0.0,1.0,0.0,1.0,0.5,-0.20666666666666628,0.0,1.0,0.0,1.0,0.44444444444444514,0.0,0.0,0.0,0.23391812865497064,0.0,0.0,0.0,0.0,0.0,0.0,-0.5787965616045845,1.0,0.0,Dropout
3252,-0.30812324986865325,-0.06666666666666665,-0.3333333333333333,-0.6693265068778654,1.9999999999999996,1.0,0.0,1.0,0.0,1.0,-0.5,-0.8066666666666663,0.0,1.0,0.0,1.0,-0.2393162393162393,0.0,0.0,0.0,-0.7602339181286546,0.0,0.0,0.0,1.0,0.0,3.0,0.1346704871060172,-0.7391304347826085,0.0,Graduate
3253,-1.5686274513099354,-1.6666666666666667,-1.6666666666666667,-5.1354731137974134,0.3333333333333332,-0.25,0.0,1.0,0.0,1.0,-0.5,0.0,0.0,1.0,0.0,1.0,-0.39316239316239304,0.0,0.0,0.0,-0.15789473684210534,0.0,0.0,0.0,0.0,0.0,0.0,0.0,0.5217391304347826,0.0,Dropout
3254,-0.661764706266477,-0.6666666666666667,-0.6666666666666666,0.005557869945810766,1.6111111111111107,1.25,0.0,1.0,1.0,0.0,0.0,-0.20666666666666628,0.0,1.0,1.0,0.0,0.44444444444444514,0.0,0.0,0.0,0.23391812865497064,0.0,0.0,0.0,0.0,0.0,0.0,0.1346704871060172,-0.7391304347826085,0.0,Dropout
3255,0.34313725497404846,0.33333333333333326,0.3333333333333333,0.28345143809920775,1.6111111111111107,1.25,0.0,1.0,0.0,1.0,0.0,0.0,1.0,0.0,0.0,1.0,-2.273504273504275,0.0,0.0,0.0,-1.444444444444444,0.0,0.0,0.0,1.0,0.0,0.0,0.48710601719197705,-0.3478260869565217,0.0,Graduate
3256,-0.22745098043994041,-0.06666666666666665,-0.3333333333333333,-0.38349312213422243,0.3333333333333332,-0.25,0.0,1.0,0.0,1.0,-0.5,-0.873333333333333,1.0,0.0,0.0,1.0,-0.09401709401709363,0.0,0.0,0.0,-0.7192982456140345,0.0,0.0,0.0,1.0,0.0,5.0,-0.98567335243553,-0.9565217391304347,0.0,Graduate
3257,0.04061624692730013,0.04761904761904745,0.3333333333333333,0.18618869112130007,-0.3333333333333332,-0.25,0.0,1.0,0.0,1.0,0.5,0.46000000000000035,1.0,0.0,0.0,1.0,0.34188034188034344,0.0,1.0,1.0,0.7485380116959067,0.0,0.0,0.0,1.0,0.0,1.0,0.0,0.5217391304347826,0.0,Graduate
3258,-0.024509803926717654,0.0,0.0,0.11671529804085004,1.0555555555555554,0.75,0.0,1.0,1.0,0.0,0.0,0.0,1.0,0.0,1.0,0.0,1.0341880341880358,1.0,0.0,0.0,0.8187134502923973,0.0,0.0,0.0,0.0,0.0,0.0,0.48710601719197705,-0.3478260869565217,0.0,Graduate
3259,0.34313725497404846,0.33333333333333326,0.6666666666666666,0.28345143809920775,-0.09523809523809526,0.0,0.0,1.0,0.0,1.0,0.5,-0.20666666666666628,0.0,1.0,0.0,1.0,0.44444444444444514,0.0,0.0,0.0,0.23391812865497064,0.0,0.0,0.0,0.0,0.0,0.0,0.48710601719197705,-0.3478260869565217,0.0,Graduate
3261,-0.06862745099480963,-0.06666666666666665,-0.3333333333333333,0.1792413505627343,0.3333333333333332,-0.25,0.0,1.0,0.0,1.0,-0.5,-0.6066666666666662,1.0,0.0,0.0,1.0,-0.11965811965811904,0.0,1.0,0.0,-0.5029239766081866,0.0,0.0,0.0,1.0,0.0,0.0,0.4068767908309455,0.0,0.0,Graduate
3262,0.40196078439817107,0.33333333333333326,0.0,0.4501875781575655,-0.3333333333333332,-0.75,0.0,1.0,0.0,1.0,-0.5,-1.2066666666666663,0.0,1.0,0.0,1.0,0.0,0.0,1.0,0.0,-0.9473684210526313,0.0,0.0,0.0,1.0,0.0,2.0,0.9140401146131805,0.0,0.0,Graduate
3263,-1.5686274513099354,-1.6666666666666667,-1.6666666666666667,-5.1354731137974134,-0.3333333333333332,-0.5,1.0,0.0,1.0,0.0,0.0,-2.206666666666666,1.0,0.0,1.0,0.0,1.8547008547008568,1.0,0.0,0.0,-0.5555555555555552,0.0,0.0,0.0,1.0,0.0,0.0,0.9140401146131805,0.0,0.0,Dropout
3265,-0.04901960785343531,0.0,0.0,0.033347228011671545,0.5,0.25,0.0,1.0,0.0,1.0,0.0,-0.8066666666666663,1.0,0.0,0.0,1.0,-0.2393162393162393,0.0,1.0,0.0,-0.7602339181286546,0.0,0.0,0.0,1.0,0.0,0.0,-0.5787965616045845,1.0,0.0,Dropout
3266,0.1225490196335886,0.33333333333333326,0.3333333333333333,-0.34180908711963315,0.22222222222222213,0.0,0.0,1.0,0.0,1.0,0.0,-0.5399999999999996,0.0,1.0,0.0,1.0,0.2991452991452994,0.0,0.0,0.0,-0.15789473684210534,0.0,0.0,0.0,1.0,0.0,0.0,0.42120343839541546,-0.39130434782608686,0.0,Graduate
3267,0.40196078439817107,0.33333333333333326,0.0,0.4501875781575655,-0.3333333333333332,-0.75,0.0,1.0,0.0,1.0,-0.5,-0.673333333333333,1.0,0.0,0.0,1.0,-0.09401709401709363,0.0,0.0,0.0,-0.5438596491228066,0.0,0.0,0.0,1.0,0.0,1.0,-0.98567335243553,-0.9565217391304347,0.0,Graduate
3268,-0.5392156860936729,-0.4666666666666668,-0.6666666666666666,-0.2723356940391831,1.0,0.25,0.0,1.0,0.0,1.0,-0.5,0.46000000000000035,0.0,1.0,0.0,1.0,-2.1196581196581215,1.0,0.0,0.0,-0.9356725146198825,0.0,0.0,0.0,0.0,0.0,0.0,-0.5787965616045845,1.0,0.0,Enrolled
3269,-1.5686274513099354,-1.6666666666666667,-1.6666666666666667,-5.1354731137974134,-1.9999999999999996,-2.0,0.0,1.0,0.0,1.0,0.5,0.0,1.0,0.0,0.0,1.0,-0.7692307692307687,1.0,0.0,1.0,-0.4152046783625726,0.0,0.0,0.0,1.0,0.0,0.0,0.1346704871060172,-0.7391304347826085,0.0,Dropout
3270,0.14093137313009746,0.08333333333333326,0.6666666666666666,0.4025486827844931,0.2916666666666667,0.75,0.0,1.0,0.0,1.0,1.0,-0.873333333333333,1.0,0.0,0.0,1.0,-0.9572649572649584,0.0,0.0,0.0,-1.309941520467836,0.0,1.0,1.0,1.0,1.0,1.0,-0.98567335243553,-0.9565217391304347,1.0,Dropout
3271,-0.4411764706809194,-0.3333333333333335,-0.3333333333333333,-0.34180908711963315,0.7777777777777779,0.5,0.0,1.0,0.0,1.0,0.0,0.19333333333333372,0.0,1.0,0.0,1.0,-0.6923076923076925,0.0,1.0,0.0,-0.19298245614035062,0.0,0.0,0.0,1.0,0.0,0.0,0.0,0.5217391304347826,0.0,Dropout
3273,-0.15318627454198583,-0.09523809523809534,2.0,-0.029178824510212698,0.857142857142857,4.0,0.0,1.0,0.0,1.0,4.0,-1.5399999999999996,1.0,0.0,0.0,1.0,2.0000000000000013,0.0,0.0,0.0,0.1286549707602332,0.0,0.0,0.0,1.0,0.0,0.0,-0.98567335243553,-0.9565217391304347,0.0,Graduate
3274,-0.056022408975354966,0.04761904761904745,0.3333333333333333,-0.13338891204668618,-0.09523809523809526,0.0,0.0,1.0,0.0,1.0,0.5,-0.873333333333333,1.0,0.0,0.0,1.0,0.44444444444444514,0.0,0.0,1.0,-0.35087719298245595,0.0,0.0,0.0,1.0,0.0,0.0,0.0,0.5217391304347826,0.0,Enrolled
3275,-1.2745098041893226,-1.3333333333333335,-1.3333333333333333,-0.13338891204668618,0.7777777777777779,0.5,0.0,1.0,0.0,1.0,0.0,0.0,1.0,0.0,0.0,1.0,0.1794871794871804,1.0,0.0,0.0,0.23391812865497064,0.0,0.0,0.0,0.0,0.0,0.0,0.48710601719197705,-0.3478260869565217,0.0,Dropout
3278,0.44817927117258666,0.33333333333333326,0.0,0.5811945435598164,1.3333333333333333,0.5,0.0,1.0,0.0,1.0,-0.5,-2.073333333333333,0.0,1.0,0.0,1.0,0.2393162393162393,0.0,1.0,0.0,-1.5438596491228065,0.0,0.0,0.0,1.0,0.0,0.0,0.48710601719197705,-0.3478260869565217,0.0,Graduate
3279,-1.2745098041893226,-1.2666666666666666,-1.3333333333333333,-0.9670696123384741,0.6666666666666667,0.0,0.0,1.0,0.0,1.0,-0.5,-0.4066666666666663,1.0,0.0,0.0,1.0,-0.3333333333333329,0.0,0.0,0.0,-0.4736842105263152,0.0,0.0,0.0,1.0,0.0,2.0,0.0,0.5217391304347826,0.0,Dropout
3280,-1.062091503654501,-1.0,-1.0,-0.8281228303459771,2.9999999999999996,2.5,0.0,1.0,0.0,1.0,0.0,0.0,0.0,1.0,0.0,1.0,-1.273504273504274,1.0,0.0,0.0,-0.7602339181286546,0.0,0.0,0.0,1.0,0.0,0.0,-0.3553008595988538,-0.4782608695652173,0.0,Graduate
3283,-0.09803921597425036,-0.030303030303030276,1.3333333333333333,-0.04075772405168797,1.03030303030303,3.0,0.0,1.0,0.0,1.0,2.5,-0.20666666666666628,1.0,0.0,0.0,1.0,0.6495726495726509,0.0,0.0,0.0,0.37426900584795336,0.0,0.0,0.0,0.0,0.0,0.0,0.9140401146131805,0.0,0.0,Enrolled
3284,0.09803921521667483,0.33333333333333326,0.3333333333333333,-0.4112824802000832,-0.05555555555555535,-0.25,0.0,1.0,0.0,1.0,0.0,-0.13999999999999962,0.0,1.0,0.0,1.0,-0.15384615384615374,0.0,1.0,0.0,-0.11695906432748532,0.0,0.0,0.0,1.0,0.0,3.0,-0.98567335243553,-0.9565217391304347,0.0,Graduate
3287,-1.3165266109208387,-1.380952380952381,-1.3333333333333333,-0.13338891204668618,1.809523809523809,2.0,0.0,1.0,0.0,1.0,0.5,1.7933333333333337,1.0,0.0,0.0,1.0,0.44444444444444514,0.0,0.0,0.0,1.9883040935672505,0.0,0.0,0.0,0.0,0.0,0.0,0.48710601719197705,-0.3478260869565217,0.0,Dropout
3289,-0.33333333340336113,-0.06666666666666665,-0.3333333333333333,-0.7586494372655271,0.0,-0.5,0.0,1.0,0.0,1.0,-0.5,1.1266666666666671,1.0,0.0,0.0,1.0,-2.1196581196581215,1.0,0.0,0.0,-0.35087719298245595,0.0,0.0,0.0,1.0,0.0,0.0,-0.98567335243553,-0.9565217391304347,0.0,Graduate
3290,0.13071895492942265,0.33333333333333326,4.333333333333333,-0.31865128803668186,-0.14814814814814797,3.0,0.0,1.0,0.0,1.0,6.0,0.0,1.0,0.0,0.0,1.0,-2.3846153846153864,1.0,0.0,0.0,-1.5204678362573092,0.0,0.0,0.0,0.0,0.0,0.0,-1.2550143266475644,0.608695652173913,0.0,Graduate
3292,-1.2500000002626048,-1.3333333333333335,-1.3333333333333333,0.28345143809920775,2.7222222222222223,2.25,1.0,0.0,1.0,0.0,0.0,-0.20666666666666628,1.0,0.0,0.0,1.0,-1.0085470085470092,1.0,0.0,0.0,-0.7602339181286546,0.0,0.0,0.0,1.0,0.0,0.0,-1.2550143266475644,0.608695652173913,0.0,Dropout
3294,0.19185049005255958,0.08333333333333326,0.6666666666666666,0.5674983618174234,-0.3333333333333332,0.0,0.0,1.0,0.0,1.0,1.0,-0.07333333333333296,1.0,0.0,0.0,1.0,0.34188034188034344,0.0,0.0,1.0,0.28070175438596545,0.0,0.0,0.0,1.0,0.0,2.0,0.4068767908309455,0.0,0.0,Enrolled
3295,-0.043417366955899976,0.04761904761904745,0.3333333333333333,-0.09170487703209694,0.619047619047619,0.75,0.0,1.0,0.0,1.0,0.5,0.0,1.0,0.0,0.0,1.0,-1.1452991452991457,0.0,0.0,1.0,-0.6725146198830406,0.0,0.0,0.0,1.0,0.0,0.0,-0.3553008595988538,-0.4782608695652173,0.0,Enrolled
3296,-0.5392156863877904,-0.3333333333333335,-0.3333333333333333,-0.7586494372655271,0.22222222222222213,0.0,0.0,1.0,0.0,1.0,0.0,-0.873333333333333,1.0,0.0,0.0,1.0,0.0,0.0,0.0,0.0,-0.654970760233918,0.0,0.0,0.0,1.0,0.0,1.0,0.4068767908309455,0.0,0.0,Graduate
3297,-0.31442577037417896,-0.23809523809523814,0.0,-0.15839933305544004,0.38095238095238104,0.5,0.0,1.0,0.0,1.0,0.5,-0.47333333333333294,0.0,1.0,0.0,1.0,0.46153846153846245,0.0,0.0,1.0,0.011695906432748699,0.0,0.0,0.0,1.0,0.0,1.0,0.48710601719197705,-0.3478260869565217,0.0,Enrolled
3299,0.5269607844244315,0.33333333333333326,0.3333333333333333,0.8045018757815753,0.7777777777777779,0.5,0.0,1.0,0.0,1.0,0.0,0.0,1.0,0.0,0.0,1.0,-1.487179487179488,0.0,0.0,0.0,-0.9064327485380113,0.0,0.0,0.0,1.0,0.0,0.0,-0.3553008595988538,-0.4782608695652173,0.0,Graduate
3301,-1.5686274513099354,-1.6666666666666667,-1.6666666666666667,-5.1354731137974134,-1.9999999999999996,-2.0,0.0,1.0,0.0,1.0,-3.0,0.32666666666666705,1.0,0.0,0.0,1.0,-0.1794871794871804,0.0,1.0,0.0,0.27485380116958985,0.0,0.0,0.0,1.0,0.0,0.0,0.1346704871060172,-0.7391304347826085,0.0,Dropout
3303,0.4120710785179421,0.33333333333333326,0.6666666666666666,0.47884535223009556,-0.09523809523809526,0.0,0.0,1.0,0.0,1.0,0.5,-0.33999999999999964,0.0,1.0,0.0,1.0,0.12820512820512833,0.0,0.0,1.0,-0.09941520467836269,0.0,0.0,0.0,1.0,0.0,0.0,-1.2550143266475644,0.608695652173913,0.0,Graduate
3306,0.4411764711711155,0.33333333333333326,0.3333333333333333,0.5613450062526048,-0.3333333333333332,-0.5,0.0,1.0,0.0,1.0,0.0,0.12666666666666704,1.0,0.0,0.0,1.0,0.02564102564102542,0.0,1.0,0.0,0.23976608187134457,0.0,0.0,0.0,1.0,0.0,2.0,-1.2550143266475644,0.608695652173913,0.0,Graduate
3307,0.06127450981679446,0.0,1.6666666666666667,0.40850354314297627,1.0555555555555554,3.5,0.0,1.0,0.0,1.0,3.0,-0.873333333333333,1.0,0.0,0.0,1.0,0.44444444444444514,0.0,0.0,0.0,-0.35087719298245595,0.0,0.0,0.0,0.0,0.0,0.0,-0.98567335243553,-0.9565217391304347,0.0,Graduate
3308,0.4099821741057384,0.33333333333333326,2.0,0.4729243226344305,-0.030303030303030123,1.25,0.0,1.0,0.0,1.0,2.5,-0.873333333333333,1.0,0.0,0.0,1.0,0.5555555555555561,0.0,0.0,0.0,-0.2748538011695907,0.0,0.0,0.0,0.0,0.0,0.0,-0.5787965616045845,1.0,0.0,Graduate
3310,-1.5686274513099354,-1.6666666666666667,-1.6666666666666667,-5.1354731137974134,-1.9999999999999996,-2.0,0.0,1.0,0.0,1.0,0.5,0.46000000000000035,1.0,0.0,0.0,1.0,-2.076923076923079,1.0,0.0,1.0,-0.9064327485380113,0.0,0.0,0.0,1.0,0.0,0.0,-0.5787965616045845,1.0,0.0,Dropout
3311,0.09803921521667483,0.33333333333333326,0.3333333333333333,-0.4112824802000832,-0.3333333333333332,-0.5,0.0,1.0,0.0,1.0,0.0,0.46000000000000035,0.0,1.0,0.0,1.0,-2.7606837606837633,1.0,0.0,0.0,-1.3742690058479525,0.0,0.0,0.0,1.0,0.0,0.0,-1.2550143266475644,0.608695652173913,0.0,Graduate
3312,0.7843137256549678,0.33333333333333326,0.3333333333333333,1.5339724885368897,0.22222222222222213,0.0,0.0,1.0,0.0,1.0,0.0,1.526666666666667,1.0,0.0,0.0,1.0,0.008547008547009283,0.0,1.0,0.0,1.4561403508771926,0.0,0.0,0.0,1.0,0.0,1.0,0.48710601719197705,-0.3478260869565217,0.0,Dropout
3314,0.3221288520284583,0.33333333333333326,0.3333333333333333,0.22390281784076668,0.22222222222222213,0.0,0.0,1.0,0.0,1.0,0.0,-0.873333333333333,1.0,0.0,0.0,1.0,0.2991452991452994,0.0,1.0,0.0,-0.45029239766081863,0.0,0.0,0.0,1.0,0.0,0.0,0.9140401146131805,0.0,0.0,Enrolled
3316,0.6078431373826,0.33333333333333326,0.0,1.0337640683618172,-0.3333333333333332,-0.75,0.0,1.0,0.0,1.0,-0.5,-0.873333333333333,1.0,0.0,0.0,1.0,1.7264957264957284,0.0,1.0,0.0,0.526315789473684,0.0,0.0,0.0,1.0,0.0,0.0,0.0,0.5217391304347826,0.0,Graduate
3317,-1.1862745100531387,-1.2666666666666666,-1.3333333333333333,0.28345143809920775,0.3333333333333332,-0.25,1.0,0.0,1.0,0.0,-0.5,-0.873333333333333,1.0,0.0,0.0,1.0,0.44444444444444514,0.0,0.0,0.0,-0.35087719298245595,1.0,0.0,0.0,0.0,0.0,0.0,-0.5787965616045845,1.0,0.0,Dropout
3318,-1.5686274513099354,-1.6666666666666667,-1.6666666666666667,-5.1354731137974134,-1.9999999999999996,-2.0,0.0,1.0,0.0,1.0,-3.0,2.5933333333333337,0.0,1.0,0.0,1.0,0.02564102564102542,0.0,1.0,0.0,2.403508771929823,0.0,0.0,0.0,1.0,0.0,0.0,-0.3553008595988538,-0.4782608695652173,0.0,Graduate
3319,-0.9150326799307957,-0.7777777777777779,-0.3333333333333333,-0.9670696123384741,0.5925925925925927,1.5,1.0,0.0,1.0,0.0,1.5,-0.873333333333333,1.0,0.0,1.0,0.0,0.08547008547008556,0.0,0.0,0.0,-0.5964912280701753,0.0,0.0,0.0,1.0,0.0,0.0,-0.5787965616045845,1.0,0.0,Dropout
3320,-0.19607843141374204,0.0,0.0,-0.46686119216340166,1.0555555555555554,0.75,0.0,1.0,1.0,0.0,0.0,0.2600000000000004,1.0,0.0,1.0,0.0,0.8034188034188035,0.0,0.0,0.0,0.8888888888888877,0.0,0.0,0.0,1.0,0.0,1.0,-0.98567335243553,-0.9565217391304347,0.0,Graduate
3321,0.17156862699682812,0.33333333333333326,0.3333333333333333,-0.2028623051271362,0.22222222222222213,0.0,0.0,1.0,0.0,1.0,0.0,-1.073333333333333,0.0,1.0,0.0,1.0,0.5641025641025654,0.0,1.0,0.0,-0.44444444444444386,0.0,0.0,0.0,1.0,0.0,0.0,-1.2550143266475644,0.608695652173913,0.0,Graduate
3323,-0.9509803923566483,-0.8666666666666667,-1.0,-0.7586494372655271,0.6666666666666667,0.0,0.0,1.0,0.0,1.0,-0.5,0.12666666666666704,1.0,0.0,0.0,1.0,-0.09401709401709483,0.0,0.0,0.0,0.15789473684210453,0.0,1.0,0.0,1.0,0.0,3.0,0.0,0.5217391304347826,0.0,Dropout
3324,0.2696078431938952,0.33333333333333326,0.0,0.0750312630262608,0.6666666666666667,0.0,1.0,0.0,1.0,0.0,-0.5,-1.2066666666666663,1.0,0.0,0.0,1.0,0.5384615384615388,0.0,0.0,0.0,-0.5789473684210527,1.0,0.0,0.0,1.0,0.0,2.0,0.42120343839541546,-0.39130434782608686,0.0,Dropout
3325,-1.5686274513099354,-1.6666666666666667,-1.6666666666666667,-5.1354731137974134,-1.9999999999999996,-2.0,0.0,1.0,0.0,1.0,-3.0,-1.5399999999999996,1.0,0.0,0.0,1.0,-0.4102564102564104,1.0,0.0,0.0,-1.5204678362573092,0.0,0.0,0.0,1.0,0.0,0.0,-0.98567335243553,-0.9565217391304347,0.0,Dropout
3326,-0.7598039217282498,-0.6666666666666667,0.0,-0.5502292621925802,-0.3333333333333332,0.5,0.0,1.0,0.0,1.0,2.0,-0.673333333333333,1.0,0.0,0.0,1.0,0.08547008547008556,0.0,1.0,0.0,-0.42105263157894735,0.0,0.0,0.0,1.0,0.0,0.0,0.9140401146131805,0.0,0.0,Enrolled
3328,-1.5686274513099354,-1.6666666666666667,-1.6666666666666667,-5.1354731137974134,0.5,0.25,0.0,1.0,0.0,1.0,0.0,1.1266666666666671,1.0,0.0,0.0,1.0,0.44444444444444514,1.0,0.0,0.0,1.4035087719298238,0.0,0.0,0.0,0.0,0.0,0.0,-0.3553008595988538,-0.4782608695652173,0.0,Dropout
3329,-1.0686274512048934,-1.2666666666666666,-1.3333333333333333,1.9508128386827837,2.666666666666666,1.5,0.0,1.0,1.0,0.0,-0.5,-0.873333333333333,0.0,1.0,1.0,0.0,0.10256410256410291,1.0,0.0,0.0,-0.5847953216374266,1.0,0.0,0.0,1.0,0.0,0.0,-0.98567335243553,-0.9565217391304347,0.0,Enrolled
3330,0.049019607853435634,0.33333333333333326,0.0,-0.5502292621925802,-0.3333333333333332,-0.75,0.0,1.0,0.0,1.0,-0.5,-1.5399999999999996,1.0,0.0,0.0,1.0,-0.49572649572649596,0.0,0.0,0.0,-1.5789473684210518,0.0,0.0,0.0,1.0,0.0,0.0,0.4068767908309455,0.0,0.0,Enrolled
3331,-0.20308123288580124,0.0,0.0,-0.490680641934139,1.0555555555555554,0.75,0.0,1.0,0.0,1.0,0.0,-0.006666666666666288,0.0,1.0,0.0,1.0,0.3589743589743596,0.0,1.0,0.0,0.35087719298245595,0.0,0.0,0.0,1.0,0.0,0.0,-0.3553008595988538,-0.4782608695652173,0.0,Graduate
3332,-0.45036764684706593,-0.41666666666666674,0.0,-0.06391551896623615,1.958333333333333,2.75,1.0,0.0,1.0,0.0,1.0,-1.5399999999999996,1.0,0.0,0.0,1.0,1.7264957264957284,0.0,0.0,0.0,-0.05847953216374266,0.0,0.0,0.0,1.0,0.0,0.0,0.0,0.5217391304347826,0.0,Dropout
3333,-0.9215686276445869,-0.8666666666666667,-1.0,-0.5502292621925802,1.0,0.25,1.0,0.0,1.0,0.0,-0.5,-0.47333333333333294,1.0,0.0,1.0,0.0,-0.39316239316239304,0.0,0.0,0.0,-0.5730994152046779,1.0,0.0,0.0,1.0,0.0,0.0,0.0,0.5217391304347826,0.0,Dropout
3334,-1.2450980394772613,-1.2666666666666666,-1.3333333333333333,-0.5502292621925802,0.6666666666666667,0.0,1.0,0.0,1.0,0.0,-0.5,0.0,1.0,0.0,0.0,1.0,-2.3846153846153864,1.0,0.0,0.0,-1.5204678362573092,0.0,1.0,1.0,0.0,1.0,1.0,0.0,0.5217391304347826,1.0,Dropout
3335,-0.2696078431938952,-0.3333333333333335,-0.3333333333333333,0.3876615256356813,0.7777777777777779,0.5,0.0,1.0,0.0,1.0,0.0,0.19333333333333372,1.0,0.0,0.0,1.0,0.1794871794871804,0.0,1.0,0.0,0.4035087719298247,0.0,0.0,0.0,1.0,0.0,5.0,0.0,0.5217391304347826,0.0,Graduate
3336,-1.5686274513099354,-1.6666666666666667,-1.6666666666666667,-5.1354731137974134,-0.05555555555555535,-0.25,0.0,1.0,0.0,1.0,0.0,-0.27333333333333293,1.0,0.0,0.0,1.0,0.7435897435897445,0.0,0.0,0.0,0.3801169590643273,0.0,0.0,0.0,1.0,0.0,3.0,0.4068767908309455,0.0,0.0,Enrolled
3337,-0.955882353141992,-1.0,-1.0,0.0750312630262608,2.7222222222222223,2.25,1.0,0.0,1.0,0.0,0.0,0.46000000000000035,1.0,0.0,0.0,1.0,0.44444444444444514,0.0,0.0,0.0,0.8187134502923973,0.0,0.0,0.0,0.0,0.0,0.0,-0.3553008595988538,-0.4782608695652173,0.0,Dropout
3338,-0.3186274513414483,-0.26666666666666683,0.6666666666666666,-0.07384029178824508,-0.3333333333333332,0.5,1.0,0.0,1.0,0.0,2.0,1.7933333333333337,1.0,0.0,0.0,1.0,-4.67521367521368,0.0,0.0,0.0,-1.5146198830409352,0.0,0.0,1.0,1.0,1.0,0.0,0.0,0.5217391304347826,0.0,Dropout
3340,-0.46568627460763706,-0.3333333333333335,-0.3333333333333333,-0.4460191746561067,-0.3333333333333332,-0.5,0.0,1.0,0.0,1.0,0.0,0.46000000000000035,1.0,0.0,0.0,1.0,-0.11965811965811904,0.0,0.0,0.0,0.43274853801169605,0.0,0.0,0.0,1.0,0.0,0.0,0.4068767908309455,0.0,0.0,Enrolled
3341,-1.5686274513099354,-1.6666666666666667,-1.6666666666666667,-5.1354731137974134,1.3333333333333333,0.0,1.0,0.0,1.0,0.0,-1.0,0.5933333333333337,1.0,0.0,0.0,1.0,-0.05982905982906013,0.0,1.0,0.0,0.5906432748538005,0.0,0.0,1.0,1.0,0.0,2.0,-0.98567335243553,-0.9565217391304347,0.0,Dropout
3342,-0.04901960785343531,0.0,0.0,0.033347228011671545,-0.05555555555555535,-0.25,1.0,0.0,1.0,0.0,0.0,0.32666666666666705,1.0,0.0,1.0,0.0,-0.8376068376068382,0.0,0.0,0.0,-0.17543859649122798,0.0,0.0,0.0,1.0,0.0,0.0,0.1346704871060172,-0.7391304347826085,0.0,Enrolled
3343,0.3186274505571347,0.33333333333333326,0.3333333333333333,0.21397804501875775,-0.3333333333333332,-0.5,0.0,1.0,0.0,1.0,0.0,-0.13999999999999962,0.0,1.0,0.0,1.0,0.3846153846153862,0.0,1.0,0.0,0.2514619883040941,0.0,0.0,0.0,1.0,0.0,0.0,-0.3553008595988538,-0.4782608695652173,0.0,Graduate
3344,-1.1862745100531387,-1.2666666666666666,-1.3333333333333333,0.28345143809920775,0.3333333333333332,-0.25,0.0,1.0,0.0,1.0,-0.5,1.7933333333333337,1.0,0.0,0.0,1.0,-0.09401709401709483,0.0,1.0,0.0,1.619883040935671,1.0,0.0,0.0,1.0,0.0,0.0,-0.98567335243553,-0.9565217391304347,0.0,Enrolled
3345,-0.3081232493644517,-0.23809523809523814,0.0,-0.13338891204668618,-0.3333333333333332,-0.25,1.0,0.0,1.0,0.0,0.5,-1.5399999999999996,1.0,0.0,1.0,0.0,3.2222222222222254,1.0,0.0,0.0,0.9649122807017539,0.0,0.0,0.0,1.0,0.0,0.0,0.9140401146131805,0.0,0.0,Dropout
3346,-0.9803921570687097,-1.0,-1.0,-0.13338891204668618,1.6111111111111107,1.25,0.0,1.0,0.0,1.0,0.0,-0.6066666666666662,1.0,0.0,0.0,1.0,-0.3589743589743596,0.0,1.0,0.0,-0.6666666666666666,0.0,0.0,0.0,1.0,0.0,0.0,0.0,0.5217391304347826,0.0,Dropout
3347,-1.5686274513099354,-1.6666666666666667,-1.6666666666666667,-5.1354731137974134,2.2857142857142856,2.5,0.0,1.0,0.0,1.0,0.5,-0.873333333333333,1.0,0.0,0.0,1.0,-0.5384615384615388,1.0,0.0,1.0,-1.0233918128654966,0.0,0.0,0.0,1.0,0.0,0.0,0.1346704871060172,-0.7391304347826085,0.0,Dropout
3348,-1.5686274513099354,-1.6666666666666667,-1.6666666666666667,-5.1354731137974134,-1.9999999999999996,-2.0,0.0,1.0,0.0,1.0,-0.5,0.0,1.0,0.0,0.0,1.0,1.0341880341880358,1.0,0.0,0.0,0.8187134502923973,0.0,0.0,0.0,0.0,0.0,0.0,-0.98567335243553,-0.9565217391304347,0.0,Dropout
3349,0.10416666668855036,0.33333333333333326,0.3333333333333333,-0.3939141308878699,0.7777777777777779,0.5,0.0,1.0,0.0,1.0,0.0,0.0,1.0,0.0,0.0,1.0,-0.6752136752136751,1.0,0.0,0.0,-0.35087719298245595,0.0,0.0,0.0,1.0,0.0,0.0,0.1346704871060172,-0.7391304347826085,0.0,Graduate
3353,-0.6862745099480968,-0.6666666666666667,-0.6666666666666666,-0.13338891204668618,-0.05555555555555535,-0.25,0.0,1.0,0.0,1.0,0.0,0.37333333333333296,1.0,0.0,0.0,1.0,-1.8974358974358982,1.0,0.0,0.0,-0.8596491228070173,1.0,0.0,0.0,1.0,0.0,0.0,0.1346704871060172,-0.7391304347826085,0.0,Dropout
3354,0.3011204476122801,0.33333333333333326,0.3333333333333333,0.16435419341392246,-0.05555555555555535,-0.25,0.0,1.0,0.0,1.0,0.0,-0.13999999999999962,0.0,1.0,0.0,1.0,0.44444444444444514,0.0,1.0,0.0,0.2923976608187133,0.0,0.0,0.0,1.0,0.0,0.0,0.1346704871060172,-0.7391304347826085,0.0,Graduate
3355,0.6813725491627532,0.33333333333333326,1.0,1.2421842434347643,-0.3333333333333332,0.0,0.0,1.0,0.0,1.0,1.0,1.0600000000000003,0.0,1.0,0.0,1.0,-0.36752136752136766,0.0,1.0,1.0,0.7894736842105259,0.0,0.0,0.0,1.0,0.0,0.0,-0.98567335243553,-0.9565217391304347,0.0,Graduate
3356,-1.1458333335740545,-1.1666666666666667,-1.0,-0.34180908711963315,0.5,1.0,1.0,0.0,1.0,0.0,1.0,0.0,1.0,0.0,0.0,1.0,-1.5299145299145307,1.0,0.0,0.0,-0.9356725146198825,0.0,0.0,0.0,0.0,0.0,1.0,-1.2550143266475644,0.608695652173913,0.0,Dropout
3357,-1.1862745100531387,-1.2666666666666666,-1.3333333333333333,0.28345143809920775,1.9999999999999996,1.0,0.0,1.0,0.0,1.0,-0.5,-0.20666666666666628,1.0,0.0,0.0,1.0,0.44444444444444514,0.0,0.0,0.0,0.23391812865497064,1.0,0.0,0.0,0.0,0.0,0.0,0.42120343839541546,-0.39130434782608686,0.0,Enrolled
3358,-1.5686274513099354,-1.6666666666666667,-1.6666666666666667,-5.1354731137974134,1.3333333333333333,1.0,0.0,1.0,0.0,1.0,0.0,-0.873333333333333,1.0,0.0,0.0,1.0,0.017094017094017352,0.0,0.0,0.0,-0.6432748538011692,0.0,0.0,0.0,1.0,0.0,0.0,-0.3553008595988538,-0.4782608695652173,0.0,Dropout
3359,-1.5686274513099354,-1.6666666666666667,-1.6666666666666667,-5.1354731137974134,-1.9999999999999996,-2.0,0.0,1.0,0.0,1.0,0.5,0.0,1.0,0.0,0.0,1.0,2.2564102564102604,1.0,0.0,1.0,1.6549707602339179,0.0,0.0,0.0,1.0,0.0,0.0,0.42120343839541546,-0.39130434782608686,0.0,Dropout
3360,-0.2745098039792385,-0.06666666666666665,-0.3333333333333333,-0.5502292621925802,0.6666666666666667,0.0,0.0,1.0,0.0,1.0,-0.5,0.6600000000000004,1.0,0.0,0.0,1.0,-0.2393162393162393,0.0,1.0,0.0,0.526315789473684,0.0,0.0,0.0,1.0,0.0,0.0,0.0,0.5217391304347826,0.0,Enrolled
3361,-0.6372549018495632,-0.6666666666666667,-0.6666666666666666,0.14450465610671082,-0.05555555555555535,-0.25,1.0,0.0,1.0,0.0,0.0,-0.47333333333333294,1.0,0.0,0.0,1.0,-0.4786324786324786,0.0,0.0,0.0,-0.6315789473684206,0.0,0.0,0.0,1.0,0.0,3.0,0.4068767908309455,0.0,0.0,Dropout
3363,0.1960784314137419,0.33333333333333326,0.0,-0.13338891204668618,0.3333333333333332,-0.25,0.0,1.0,0.0,1.0,-0.5,-0.673333333333333,0.0,1.0,0.0,1.0,-0.03418803418803349,0.0,1.0,0.0,-0.5029239766081866,0.0,0.0,0.0,1.0,0.0,3.0,0.9140401146131805,0.0,0.0,Graduate
3365,-0.12254901963358843,0.0,0.0,-0.2167569820758647,0.22222222222222213,0.0,0.0,1.0,0.0,1.0,0.0,-0.07333333333333296,1.0,0.0,0.0,1.0,0.3846153846153862,0.0,0.0,0.0,0.3099415204678368,0.0,1.0,1.0,1.0,1.0,2.0,0.0,0.5217391304347826,1.0,Dropout
3366,-1.0049019609954275,-1.0,-1.0,-0.34180908711963315,1.3333333333333333,1.0,1.0,0.0,1.0,0.0,0.0,-0.006666666666666288,1.0,0.0,0.0,1.0,-0.6324786324786323,0.0,1.0,0.0,-0.32748538011695855,0.0,0.0,1.0,1.0,0.0,0.0,-0.98567335243553,-0.9565217391304347,0.0,Dropout
3367,-0.8921568629325258,-0.8666666666666667,-1.0,-0.34180908711963315,1.6666666666666667,0.75,0.0,1.0,0.0,1.0,-0.5,-0.7399999999999997,1.0,0.0,0.0,1.0,-0.27350427350427403,0.0,1.0,0.0,-0.7251461988304093,0.0,0.0,0.0,1.0,0.0,0.0,0.0,0.5217391304347826,0.0,Enrolled
3368,0.27380952428721467,0.04761904761904745,0.3333333333333333,0.9573433388912045,-0.3333333333333332,-0.25,0.0,1.0,0.0,1.0,0.5,0.2600000000000004,1.0,0.0,0.0,1.0,-0.5811965811965815,0.0,1.0,1.0,-0.05847953216374266,0.0,0.0,0.0,1.0,0.0,3.0,0.0,0.5217391304347826,0.0,Graduate
3369,0.24056372554073474,0.08333333333333326,0.6666666666666666,0.7253022092538556,-0.3333333333333332,0.0,0.0,1.0,0.0,1.0,1.0,0.7933333333333337,0.0,1.0,0.0,1.0,-0.6410256410256404,0.0,1.0,1.0,0.3684210526315794,0.0,0.0,0.0,1.0,0.0,5.0,0.4068767908309455,0.0,0.0,Enrolled
3370,-0.4901960785343547,-0.3333333333333335,-0.3333333333333333,-0.5502292621925802,0.5,0.25,0.0,1.0,1.0,0.0,0.0,1.1266666666666671,1.0,0.0,1.0,0.0,-0.1794871794871804,0.0,0.0,0.0,0.9766081871345018,0.0,0.0,0.0,1.0,0.0,0.0,0.0,0.5217391304347826,0.0,Dropout
3371,-1.5686274513099354,-1.6666666666666667,-1.6666666666666667,-5.1354731137974134,-1.9999999999999996,-2.0,0.0,1.0,0.0,1.0,-0.5,-0.20666666666666628,1.0,0.0,0.0,1.0,0.44444444444444514,0.0,0.0,0.0,0.23391812865497064,0.0,0.0,0.0,0.0,0.0,0.0,-0.5787965616045845,1.0,0.0,Dropout
3372,-0.6721342386215967,-0.6666666666666667,0.6666666666666666,-0.05322730721133823,0.619047619047619,3.5,0.0,1.0,0.0,1.0,4.0,0.19333333333333372,1.0,0.0,0.0,1.0,-0.8547008547008556,0.0,1.0,1.0,-0.304093567251462,0.0,0.0,0.0,1.0,0.0,5.0,0.0,0.5217391304347826,0.0,Graduate
3373,0.3186274505571347,0.33333333333333326,0.3333333333333333,0.21397804501875775,-0.3333333333333332,-0.5,0.0,1.0,0.0,1.0,0.0,-0.13999999999999962,0.0,1.0,0.0,1.0,0.3846153846153862,0.0,0.0,0.0,0.2514619883040941,0.0,0.0,0.0,1.0,0.0,1.0,0.1346704871060172,-0.7391304347826085,0.0,Graduate
3374,0.3247549020290102,0.33333333333333326,0.0,0.23134639433097104,0.6666666666666667,0.0,0.0,1.0,0.0,1.0,-0.5,-0.20666666666666628,0.0,1.0,0.0,1.0,-0.4188034188034185,0.0,0.0,0.0,-0.3567251461988299,0.0,0.0,0.0,1.0,0.0,0.0,0.1346704871060172,-0.7391304347826085,0.0,Graduate
3375,0.22058823583065565,0.33333333333333326,0.3333333333333333,-0.06391551896623615,-0.3333333333333332,-0.5,0.0,1.0,0.0,1.0,0.0,-1.673333333333333,0.0,1.0,0.0,1.0,0.658119658119659,0.0,1.0,0.0,-0.9064327485380113,0.0,0.0,0.0,1.0,0.0,0.0,0.42120343839541546,-0.39130434782608686,0.0,Graduate
3376,0.40616246528140665,0.33333333333333326,0.3333333333333333,0.4620973030429342,1.0555555555555554,0.75,0.0,1.0,0.0,1.0,0.0,1.7933333333333337,1.0,0.0,0.0,1.0,0.44444444444444514,0.0,0.0,0.0,1.9883040935672505,0.0,0.0,0.0,0.0,0.0,0.0,-1.2550143266475644,0.608695652173913,0.0,Graduate
3377,0.563725490314508,0.33333333333333326,0.3333333333333333,0.9087119633180487,-0.3333333333333332,-0.5,0.0,1.0,0.0,1.0,0.0,-1.3399999999999996,0.0,1.0,0.0,1.0,0.9230769230769237,0.0,0.0,0.0,-0.43274853801169605,0.0,0.0,0.0,1.0,0.0,0.0,0.9140401146131805,0.0,0.0,Graduate
3378,0.21708683435933204,0.33333333333333326,0.6666666666666666,-0.07384029178824508,-0.3333333333333332,-0.25,0.0,1.0,0.0,1.0,0.5,-1.3399999999999996,0.0,1.0,0.0,1.0,0.38461538461538497,0.0,1.0,0.0,-0.8011695906432746,0.0,0.0,0.0,1.0,0.0,0.0,0.48710601719197705,-0.3478260869565217,0.0,Graduate
3379,-0.24509803926717735,-0.06666666666666665,-0.3333333333333333,-0.4460191746561067,0.0,-0.5,0.0,1.0,0.0,1.0,-0.5,0.2600000000000004,1.0,0.0,0.0,1.0,-0.6324786324786323,0.0,1.0,0.0,-0.09356725146198792,0.0,0.0,0.0,1.0,0.0,0.0,0.4068767908309455,0.0,0.0,Enrolled
3382,-0.08823529354794861,0.06666666666666665,2.6666666666666665,-0.2937121217173821,-0.11111111111111106,2.25,0.0,1.0,0.0,1.0,4.5,0.0,1.0,0.0,0.0,1.0,-0.5470085470085468,0.0,0.0,0.0,-0.263157894736842,0.0,1.0,1.0,0.0,1.0,0.0,0.0,0.5217391304347826,1.0,Dropout
3383,0.661764706511575,0.33333333333333326,0.3333333333333333,1.1866055314714457,-0.3333333333333332,-0.5,0.0,1.0,0.0,1.0,0.0,0.32666666666666705,0.0,1.0,0.0,1.0,0.11965811965811904,0.0,0.0,0.0,0.47953216374268914,0.0,0.0,0.0,1.0,0.0,0.0,0.48710601719197705,-0.3478260869565217,0.0,Graduate
3384,-1.5686274513099354,-1.6666666666666667,-1.6666666666666667,-5.1354731137974134,-0.3333333333333332,-0.75,0.0,1.0,0.0,1.0,-0.5,-0.20666666666666628,1.0,0.0,0.0,1.0,0.44444444444444514,0.0,0.0,0.0,0.23391812865497064,0.0,0.0,0.0,0.0,0.0,0.0,0.48710601719197705,-0.3478260869565217,0.0,Dropout
3385,-0.7156862746601581,-0.8666666666666667,-1.0,0.9087119633180487,1.3333333333333333,0.5,0.0,1.0,0.0,1.0,-0.5,-0.4066666666666663,1.0,0.0,0.0,1.0,0.08547008547008556,0.0,1.0,0.0,-0.18713450292397668,0.0,0.0,0.0,1.0,0.0,0.0,-0.5787965616045845,1.0,0.0,Enrolled
3386,-0.2450980392671772,0.0,0.0,-0.6335973322217586,0.5,0.25,0.0,1.0,0.0,1.0,0.0,-1.2066666666666663,0.0,1.0,0.0,1.0,-0.09401709401709363,0.0,1.0,0.0,-1.0116959064327478,0.0,0.0,0.0,1.0,0.0,0.0,-1.2550143266475644,0.608695652173913,0.0,Graduate
3387,0.48956582706363433,0.33333333333333326,0.6666666666666666,0.6985053313880781,-0.3333333333333332,-0.25,0.0,1.0,0.0,1.0,0.5,0.9266666666666671,1.0,0.0,0.0,1.0,-0.43589743589743707,0.0,1.0,1.0,0.6257309941520458,0.0,0.0,0.0,1.0,0.0,1.0,0.48710601719197705,-0.3478260869565217,0.0,Graduate
3388,0.3851540623358165,0.33333333333333326,0.3333333333333333,0.4025486827844931,0.22222222222222213,0.0,0.0,1.0,0.0,1.0,0.0,-0.07333333333333296,1.0,0.0,0.0,1.0,-0.658119658119659,0.0,0.0,0.0,-0.4035087719298247,0.0,0.0,0.0,1.0,0.0,0.0,0.42120343839541546,-0.39130434782608686,0.0,Graduate
3389,0.30637254908397166,0.33333333333333326,2.3333333333333335,0.1792413505627343,-0.3333333333333332,1.0,0.0,1.0,0.0,1.0,3.0,0.8600000000000004,0.0,1.0,0.0,1.0,0.8974358974358996,0.0,1.0,0.0,1.47953216374269,0.0,0.0,0.0,1.0,0.0,3.0,0.9140401146131805,0.0,0.0,Graduate
3390,-1.0539215688488628,-1.0,-1.0,-0.7586494372655271,2.1666666666666665,1.75,0.0,1.0,0.0,1.0,0.0,-1.6066666666666662,0.0,1.0,0.0,1.0,0.38461538461538497,0.0,0.0,0.0,-1.0350877192982453,0.0,0.0,0.0,1.0,0.0,0.0,0.4068767908309455,0.0,0.0,Enrolled
3391,0.3011204476122801,0.33333333333333326,0.6666666666666666,0.16435419341392246,-0.3333333333333332,-0.25,0.0,1.0,1.0,0.0,0.5,-0.006666666666666288,0.0,1.0,1.0,0.0,-0.03418803418803349,0.0,0.0,0.0,0.08187134502924005,0.0,0.0,0.0,1.0,0.0,0.0,-0.3553008595988538,-0.4782608695652173,0.0,Graduate
3392,0.32640931379406374,0.33333333333333326,1.0,0.2360358482701125,-0.3333333333333332,0.0,0.0,1.0,0.0,1.0,1.0,-0.6066666666666662,1.0,0.0,0.0,1.0,0.44444444444444514,0.0,0.0,1.0,-0.11695906432748532,0.0,0.0,0.0,1.0,0.0,0.0,-0.98567335243553,-0.9565217391304347,0.0,Graduate
3396,0.45868347411596977,0.33333333333333326,2.0,0.61096885785744,0.2727272727272726,1.75,0.0,1.0,0.0,1.0,2.5,1.7933333333333337,1.0,0.0,0.0,1.0,0.44444444444444514,0.0,0.0,0.0,1.9883040935672505,0.0,0.0,0.0,0.0,0.0,0.0,0.9140401146131805,0.0,0.0,Graduate
3397,-1.5686274513099354,-1.6666666666666667,-1.6666666666666667,-5.1354731137974134,-0.3333333333333332,-0.75,0.0,1.0,0.0,1.0,-0.5,-0.13999999999999962,1.0,0.0,0.0,1.0,0.02564102564102542,0.0,0.0,0.0,0.005847953216373934,0.0,0.0,0.0,1.0,0.0,0.0,-0.3553008595988538,-0.4782608695652173,0.0,Enrolled
3398,0.5639093138439586,0.33333333333333326,1.0,0.9092330137557314,-0.3333333333333332,0.0,0.0,1.0,0.0,1.0,1.0,1.1266666666666671,0.0,1.0,0.0,1.0,-0.7094017094017099,0.0,1.0,1.0,0.6140350877192979,0.0,0.0,0.0,1.0,0.0,0.0,-0.98567335243553,-0.9565217391304347,0.0,Graduate
3399,0.24019607848183386,0.04761904761904745,0.3333333333333333,0.8461859107961645,-0.3333333333333332,-0.25,0.0,1.0,0.0,1.0,0.5,-0.20666666666666628,1.0,0.0,0.0,1.0,-0.2136752136752139,0.0,1.0,1.0,-0.21637426900584802,0.0,0.0,0.0,1.0,0.0,4.0,0.0,0.5217391304347826,0.0,Graduate
3400,0.1225490196335886,0.33333333333333326,0.3333333333333333,-0.34180908711963315,-0.3333333333333332,-0.5,0.0,1.0,0.0,1.0,0.0,0.0,0.0,1.0,0.0,1.0,0.008547008547009283,0.0,0.0,0.0,0.11695906432748532,0.0,0.0,0.0,1.0,0.0,0.0,-0.98567335243553,-0.9565217391304347,0.0,Graduate
3401,0.15406162405197385,0.33333333333333326,0.3333333333333333,-0.2524861567319715,0.22222222222222213,0.0,0.0,1.0,0.0,1.0,0.0,1.3933333333333338,0.0,1.0,0.0,1.0,0.658119658119659,0.0,1.0,0.0,1.7836257309941512,0.0,0.0,0.0,1.0,0.0,0.0,-0.5787965616045845,1.0,0.0,Graduate
3402,0.4271708682269965,0.33333333333333326,0.3333333333333333,0.5216459233013753,0.5,0.25,0.0,1.0,0.0,1.0,0.0,-0.47333333333333294,1.0,0.0,0.0,1.0,0.4188034188034197,0.0,1.0,0.0,-0.017543859649122633,0.0,0.0,0.0,1.0,0.0,0.0,-1.2550143266475644,0.608695652173913,0.0,Enrolled
3404,0.42677696087397277,0.33333333333333326,0.6666666666666666,0.5205293872446848,-0.09523809523809526,0.0,0.0,1.0,0.0,1.0,0.5,0.5266666666666671,0.0,1.0,0.0,1.0,-0.3333333333333329,0.0,0.0,1.0,0.345029239766082,0.0,0.0,0.0,1.0,0.0,4.0,-1.2550143266475644,0.608695652173913,0.0,Graduate
3405,-0.06862745099480963,0.33333333333333326,0.0,-0.8837015423092957,-0.3333333333333332,-0.75,0.0,1.0,0.0,1.0,-0.5,0.06000000000000038,1.0,0.0,0.0,1.0,-1.2905982905982913,0.0,0.0,0.0,-0.7192982456140345,0.0,0.0,0.0,1.0,0.0,0.0,-0.98567335243553,-0.9565217391304347,0.0,Enrolled
3406,-1.5686274513099354,-1.6666666666666667,-1.6666666666666667,-5.1354731137974134,-1.9999999999999996,-2.0,0.0,1.0,0.0,1.0,-3.0,0.8600000000000004,1.0,0.0,0.0,1.0,1.2222222222222232,0.0,0.0,0.0,1.7017543859649111,0.0,0.0,0.0,1.0,0.0,1.0,0.1346704871060172,-0.7391304347826085,0.0,Graduate
3407,-0.07352941178015329,0.0,0.0,-0.05002084201750769,0.22222222222222213,0.0,0.0,1.0,0.0,1.0,0.0,0.06000000000000038,1.0,0.0,0.0,1.0,-0.658119658119659,0.0,0.0,0.0,-0.2865497076023394,0.0,0.0,0.0,1.0,0.0,2.0,0.4068767908309455,0.0,0.0,Enrolled
3408,0.512806372656752,0.33333333333333326,1.0,0.7643809920800332,-0.3333333333333332,0.0,0.0,1.0,0.0,1.0,1.0,0.3933333333333337,0.0,1.0,0.0,1.0,-0.29914529914529825,0.0,1.0,1.0,0.2514619883040941,0.0,0.0,0.0,1.0,0.0,2.0,-0.98567335243553,-0.9565217391304347,0.0,Graduate
3410,0.46568627411744096,0.33333333333333326,0.3333333333333333,0.6308183951646517,-0.05555555555555535,-0.25,0.0,1.0,0.0,1.0,0.0,-1.5399999999999996,1.0,0.0,0.0,1.0,1.0769230769230786,0.0,1.0,0.0,-0.5029239766081866,0.0,0.0,0.0,1.0,0.0,4.0,0.48710601719197705,-0.3478260869565217,0.0,Graduate
3411,0.40616246528140665,0.33333333333333326,0.3333333333333333,0.4620973030429342,-0.05555555555555535,-0.25,0.0,1.0,0.0,1.0,0.0,0.12666666666666704,1.0,0.0,0.0,1.0,0.8974358974358996,0.0,0.0,0.0,0.8362573099415207,0.0,0.0,0.0,1.0,0.0,0.0,0.42120343839541546,-0.39130434782608686,0.0,Enrolled
3412,0.03394607788703378,0.08333333333333326,0.6666666666666666,0.055975702375990116,-0.3333333333333332,0.0,0.0,1.0,0.0,1.0,1.0,-0.27333333333333293,1.0,0.0,0.0,1.0,-0.32478632478632485,0.0,0.0,1.0,-0.35087719298245595,0.0,0.0,0.0,1.0,0.0,3.0,0.4068767908309455,0.0,0.0,Graduate
3413,-1.2450980394772613,-1.2666666666666666,-1.3333333333333333,-0.5502292621925802,1.0,0.25,0.0,1.0,0.0,1.0,-0.5,0.3933333333333337,1.0,0.0,0.0,1.0,-0.03418803418803349,0.0,0.0,0.0,0.43274853801169605,0.0,0.0,0.0,1.0,0.0,0.0,-0.98567335243553,-0.9565217391304347,0.0,Enrolled
3415,0.10427170912554719,0.04761904761904745,0.3333333333333333,0.39669306794497683,-0.09523809523809526,0.0,0.0,1.0,0.0,1.0,0.5,0.32666666666666705,0.0,1.0,0.0,1.0,-0.29914529914529825,0.0,0.0,1.0,0.19298245614035145,0.0,0.0,0.0,1.0,0.0,2.0,0.42120343839541546,-0.39130434782608686,0.0,Graduate
3417,0.22058823583065565,0.33333333333333326,0.3333333333333333,-0.06391551896623615,-0.3333333333333332,-0.5,0.0,1.0,0.0,1.0,0.0,0.6600000000000004,1.0,0.0,0.0,1.0,0.5982905982906,0.0,1.0,0.0,1.0994152046783627,0.0,0.0,0.0,1.0,0.0,0.0,-0.3553008595988538,-0.4782608695652173,0.0,Enrolled
3418,-1.029411764922145,-1.0,-1.0,-0.5502292621925802,2.4444444444444438,2.0,0.0,1.0,0.0,1.0,0.0,0.0,1.0,0.0,0.0,1.0,-2.5042735042735065,0.0,1.0,0.0,-1.6023391812865493,0.0,0.0,0.0,1.0,0.0,0.0,-0.5787965616045845,1.0,0.0,Dropout
3419,0.3851540623358165,0.33333333333333326,0.6666666666666666,0.4025486827844931,-0.3333333333333332,-0.25,0.0,1.0,0.0,1.0,0.5,0.19333333333333372,0.0,1.0,0.0,1.0,-0.3333333333333329,0.0,1.0,0.0,0.05263157894736873,0.0,0.0,0.0,1.0,0.0,0.0,0.48710601719197705,-0.3478260869565217,0.0,Graduate
3420,0.39215686233728797,0.33333333333333326,0.3333333333333333,0.42239822009170475,-0.3333333333333332,-0.5,0.0,1.0,0.0,1.0,0.0,0.3933333333333337,0.0,1.0,0.0,1.0,1.1025641025641029,0.0,0.0,0.0,1.2105263157894723,0.0,0.0,0.0,1.0,0.0,0.0,-1.2550143266475644,0.608695652173913,0.0,Graduate
3421,0.38100490204082726,0.33333333333333326,1.0,0.3907878282617756,-0.3333333333333332,0.0,0.0,1.0,0.0,1.0,1.0,-0.5399999999999996,0.0,1.0,0.0,1.0,-0.2393162393162393,0.0,1.0,1.0,-0.526315789473684,0.0,0.0,0.0,1.0,0.0,0.0,-0.98567335243553,-0.9565217391304347,0.0,Graduate
3422,-1.5686274513099354,-1.6666666666666667,-1.6666666666666667,-5.1354731137974134,-0.05555555555555535,-0.25,0.0,1.0,0.0,1.0,0.0,-0.20666666666666628,1.0,0.0,0.0,1.0,0.44444444444444514,0.0,0.0,0.0,0.23391812865497064,0.0,0.0,0.0,0.0,0.0,0.0,0.48710601719197705,-0.3478260869565217,0.0,Dropout
3423,0.29411764761080894,0.33333333333333326,0.3333333333333333,0.14450465610671082,0.7777777777777779,0.5,1.0,0.0,1.0,0.0,0.0,0.2600000000000004,0.0,1.0,0.0,1.0,-0.5128205128205133,0.0,0.0,0.0,-0.011695906432748699,0.0,0.0,0.0,1.0,0.0,0.0,-0.5787965616045845,1.0,0.0,Dropout
3425,-1.5686274513099354,-1.6666666666666667,-1.6666666666666667,-5.1354731137974134,2.333333333333333,1.25,0.0,1.0,0.0,1.0,-0.5,-0.20666666666666628,1.0,0.0,0.0,1.0,0.8034188034188035,0.0,1.0,0.0,0.47953216374268914,0.0,0.0,0.0,1.0,0.0,0.0,-0.98567335243553,-0.9565217391304347,0.0,Dropout
3426,-0.4803921572577854,-0.4666666666666668,-0.6666666666666666,0.005557869945810766,0.3333333333333332,-0.25,1.0,0.0,1.0,0.0,-0.5,1.7933333333333337,1.0,0.0,0.0,1.0,-5.02564102564103,0.0,0.0,0.0,-1.7543859649122797,0.0,0.0,0.0,1.0,0.0,1.0,0.4068767908309455,0.0,0.0,Dropout
3427,0.01960784314137432,0.33333333333333326,0.0,-0.6335973322217586,-0.3333333333333332,-0.75,0.0,1.0,0.0,1.0,-0.5,-2.206666666666666,1.0,0.0,0.0,1.0,0.5982905982905988,0.0,0.0,0.0,-1.4152046783625725,0.0,0.0,0.0,1.0,0.0,0.0,0.4068767908309455,0.0,0.0,Enrolled
3428,0.14705882405050236,0.33333333333333326,0.3333333333333333,-0.2723356940391831,-0.05555555555555535,-0.25,0.0,1.0,0.0,1.0,0.0,0.19333333333333372,1.0,0.0,0.0,1.0,-0.4786324786324786,0.0,1.0,0.0,-0.04678362573099396,0.0,0.0,0.0,1.0,0.0,0.0,0.0,0.5217391304347826,0.0,Graduate
3429,-0.34313725497404846,-0.3333333333333335,-0.3333333333333333,0.0750312630262608,-0.3333333333333332,-0.5,0.0,1.0,0.0,1.0,0.0,-1.073333333333333,1.0,0.0,0.0,1.0,-1.0085470085470092,0.0,0.0,0.0,-1.5204678362573092,0.0,0.0,0.0,1.0,0.0,0.0,0.1346704871060172,-0.7391304347826085,0.0,Dropout
3430,-1.5686274513099354,-1.6666666666666667,-1.6666666666666667,-5.1354731137974134,-1.9999999999999996,-2.0,0.0,1.0,0.0,1.0,-0.5,0.46000000000000035,1.0,0.0,0.0,1.0,0.44444444444444514,0.0,0.0,0.0,0.8187134502923973,0.0,0.0,0.0,0.0,0.0,0.0,0.0,0.5217391304347826,0.0,Dropout
3431,0.6862745094579008,0.33333333333333326,0.3333333333333333,1.2560789203834926,-0.3333333333333332,-0.5,0.0,1.0,0.0,1.0,0.0,-0.07333333333333296,0.0,1.0,0.0,1.0,-0.5811965811965815,0.0,0.0,0.0,-0.35087719298245595,0.0,0.0,0.0,1.0,0.0,0.0,0.48710601719197705,-0.3478260869565217,0.0,Graduate
3432,0.2585784314268721,0.08333333333333326,0.6666666666666666,0.7836598582742802,-0.3333333333333332,0.0,0.0,1.0,0.0,1.0,1.0,0.9266666666666671,1.0,0.0,0.0,1.0,-0.6410256410256404,0.0,1.0,1.0,0.48538011695906474,0.0,0.0,0.0,1.0,0.0,2.0,-0.5787965616045845,1.0,0.0,Graduate
3433,0.6127450976777475,0.33333333333333326,0.3333333333333333,1.0476587453105457,-0.3333333333333332,-0.5,0.0,1.0,0.0,1.0,0.0,1.6600000000000004,0.0,1.0,0.0,1.0,-0.6923076923076937,0.0,1.0,0.0,1.0935672514619872,0.0,0.0,0.0,1.0,0.0,0.0,-0.5787965616045845,1.0,0.0,Graduate
3434,0.4376750696997916,0.33333333333333326,0.6666666666666666,0.5514202334305959,-0.3333333333333332,-0.25,0.0,1.0,0.0,1.0,0.5,0.5933333333333337,1.0,0.0,0.0,1.0,-0.4188034188034185,0.0,0.0,1.0,0.345029239766082,0.0,0.0,0.0,1.0,0.0,5.0,0.1346704871060172,-0.7391304347826085,0.0,Dropout
3435,0.46568627411744096,0.33333333333333326,0.3333333333333333,0.6308183951646517,-0.3333333333333332,-0.5,0.0,1.0,0.0,1.0,0.0,0.6600000000000004,0.0,1.0,0.0,1.0,-0.09401709401709483,0.0,1.0,0.0,0.6257309941520458,0.0,0.0,0.0,1.0,0.0,0.0,0.48710601719197705,-0.3478260869565217,0.0,Dropout
3436,0.17156862699682812,0.33333333333333326,0.3333333333333333,-0.2028623051271362,-0.3333333333333332,-0.5,0.0,1.0,0.0,1.0,0.0,0.12666666666666704,1.0,0.0,0.0,1.0,1.2146029671112836e-15,0.0,1.0,0.0,0.22222222222222276,0.0,0.0,0.0,1.0,0.0,1.0,-0.98567335243553,-0.9565217391304347,0.0,Graduate
3437,0.40616246528140665,0.33333333333333326,0.3333333333333333,0.4620973030429342,-0.05555555555555535,-0.25,0.0,1.0,0.0,1.0,0.0,1.7933333333333337,0.0,1.0,0.0,1.0,-0.7094017094017099,0.0,1.0,0.0,1.1988304093567246,0.0,0.0,0.0,1.0,0.0,0.0,0.1346704871060172,-0.7391304347826085,0.0,Graduate
3438,-0.6184012067664167,-0.4358974358974359,1.0,-0.7586494372655271,0.05128205128205146,2.0,0.0,1.0,0.0,1.0,3.5,-0.873333333333333,1.0,0.0,0.0,1.0,0.658119658119659,0.0,0.0,0.0,-0.20467836257309932,0.0,0.0,0.0,1.0,0.0,0.0,-0.98567335243553,-0.9565217391304347,0.0,Enrolled
3439,-0.1295518203353401,0.04761904761904745,0.3333333333333333,-0.37654578157565666,0.38095238095238104,0.5,0.0,1.0,0.0,1.0,0.5,0.0,1.0,0.0,0.0,1.0,-0.8632478632478636,1.0,0.0,0.0,-0.47953216374269,0.0,0.0,0.0,0.0,0.0,1.0,0.1346704871060172,-0.7391304347826085,0.0,Graduate
3441,-0.16316526614072108,0.04761904761904745,0.3333333333333333,-0.4877032096706959,0.38095238095238104,0.5,0.0,1.0,0.0,1.0,0.5,-0.006666666666666288,1.0,0.0,0.0,1.0,-0.7521367521367526,0.0,0.0,0.0,-0.40935672514619864,0.0,0.0,0.0,1.0,0.0,0.0,-0.5787965616045845,1.0,0.0,Enrolled
3442,-0.7107843136297165,-0.6666666666666667,-0.6666666666666666,-0.2723356940391831,0.22222222222222213,0.0,0.0,1.0,0.0,1.0,0.0,-0.873333333333333,1.0,0.0,0.0,1.0,0.02564102564102542,0.0,1.0,0.0,-0.6374269005847953,0.0,0.0,0.0,1.0,0.0,0.0,0.4068767908309455,0.0,0.0,Enrolled
3444,0.46568627411744096,0.33333333333333326,0.3333333333333333,0.6308183951646517,-0.3333333333333332,-0.5,0.0,1.0,0.0,1.0,0.0,0.9933333333333337,1.0,0.0,0.0,1.0,-0.09401709401709483,0.0,1.0,0.0,0.9181286549707591,0.0,0.0,0.0,1.0,0.0,1.0,0.4068767908309455,0.0,0.0,Graduate
3446,0.14880952405087033,0.33333333333333326,0.6666666666666666,-0.2673733097123802,-0.09523809523809526,0.0,0.0,1.0,0.0,1.0,0.5,-0.20666666666666628,0.0,1.0,0.0,1.0,-0.23076923076923123,0.0,1.0,1.0,-0.2280701754385967,0.0,0.0,0.0,1.0,0.0,4.0,0.42120343839541546,-0.39130434782608686,0.0,Graduate
3447,0.7422969182931995,0.33333333333333326,0.3333333333333333,1.4148752438516043,-0.05555555555555535,-0.25,0.0,1.0,0.0,1.0,0.0,1.1266666666666671,1.0,0.0,0.0,1.0,0.7435897435897445,0.0,0.0,0.0,1.6081871345029233,0.0,0.0,0.0,1.0,0.0,0.0,0.1346704871060172,-0.7391304347826085,0.0,Dropout
3449,0.34313725497404846,0.33333333333333326,0.3333333333333333,0.28345143809920775,-0.3333333333333332,-0.5,0.0,1.0,0.0,1.0,0.0,0.46000000000000035,0.0,1.0,0.0,1.0,0.08547008547008676,0.0,1.0,0.0,0.5730994152046788,0.0,0.0,0.0,1.0,0.0,0.0,0.4068767908309455,0.0,0.0,Graduate
3450,0.5616246506081843,0.33333333333333326,0.6666666666666666,0.9027571029595663,-0.3333333333333332,-0.25,0.0,1.0,0.0,1.0,0.5,0.32666666666666705,0.0,1.0,0.0,1.0,-0.4529914529914532,0.0,1.0,1.0,0.08771929824561399,0.0,0.0,0.0,1.0,0.0,1.0,-0.3553008595988538,-0.4782608695652173,0.0,Graduate
3451,0.23809523877551025,0.33333333333333326,0.0,-0.014291667361400867,1.0,0.25,0.0,1.0,0.0,1.0,-0.5,-0.20666666666666628,1.0,0.0,0.0,1.0,2.2905982905982927,1.0,0.0,0.0,1.497076023391812,0.0,0.0,0.0,1.0,0.0,0.0,-0.3553008595988538,-0.4782608695652173,0.0,Enrolled
3452,-0.4446778712418791,-0.523809523809524,-0.3333333333333333,0.439766569403918,0.857142857142857,1.0,0.0,1.0,1.0,0.0,0.5,0.0,1.0,0.0,1.0,0.0,-0.5555555555555549,1.0,0.0,1.0,-0.2690058479532159,0.0,0.0,0.0,1.0,0.0,0.0,0.1346704871060172,-0.7391304347826085,0.0,Enrolled
3454,0.0600490199881058,0.08333333333333326,0.6666666666666666,0.14053474781158817,-0.3333333333333332,0.0,0.0,1.0,0.0,1.0,1.0,1.1266666666666671,0.0,1.0,0.0,1.0,-1.1367521367521376,0.0,1.0,1.0,0.3216374269005846,0.0,0.0,0.0,1.0,0.0,5.0,-0.5787965616045845,1.0,0.0,Graduate
3455,-0.9803921570687096,-0.8666666666666667,-1.0,-0.9670696123384741,1.0,0.25,1.0,0.0,1.0,0.0,-0.5,-1.073333333333333,1.0,0.0,0.0,1.0,-0.2136752136752139,0.0,0.0,0.0,-0.9766081871345026,0.0,0.0,0.0,1.0,0.0,0.0,-0.98567335243553,-0.9565217391304347,0.0,Dropout
3456,0.44817927117258666,0.33333333333333326,0.3333333333333333,0.5811945435598164,-0.05555555555555535,-0.25,0.0,1.0,0.0,1.0,0.0,0.7933333333333337,1.0,0.0,0.0,1.0,-1.0170940170940173,0.0,1.0,0.0,0.11111111111111138,0.0,0.0,0.0,1.0,0.0,0.0,-0.5787965616045845,1.0,0.0,Graduate
3457,0.21633653446421652,0.19047619047619047,2.6666666666666665,0.31322574822842836,0.5,3.25,0.0,1.0,0.0,1.0,4.0,0.46000000000000035,1.0,0.0,0.0,1.0,0.44444444444444514,0.0,0.0,0.0,0.8187134502923973,0.0,0.0,0.0,0.0,0.0,0.0,-0.3553008595988538,-0.4782608695652173,0.0,Graduate
3460,-1.5686274513099354,-1.6666666666666667,-1.6666666666666667,-5.1354731137974134,1.3333333333333333,0.5,1.0,0.0,1.0,0.0,-0.5,0.0,1.0,0.0,0.0,1.0,2.145299145299148,0.0,0.0,0.0,1.5789473684210518,0.0,0.0,0.0,0.0,0.0,3.0,0.0,0.5217391304347826,0.0,Dropout
3461,0.05742296919973863,0.04761904761904745,0.3333333333333333,0.24176740308461853,-0.3333333333333332,-0.25,0.0,1.0,0.0,1.0,0.5,0.3933333333333337,0.0,1.0,0.0,1.0,-0.7521367521367526,0.0,1.0,1.0,-0.05847953216374266,0.0,0.0,0.0,1.0,0.0,1.0,0.0,0.5217391304347826,0.0,Graduate
3462,-0.36219362752707146,-0.41666666666666674,0.0,0.3359733222175902,0.5,1.0,0.0,1.0,0.0,1.0,1.0,-0.20666666666666628,1.0,0.0,0.0,1.0,-1.8034188034188048,0.0,0.0,1.0,-1.304093567251461,0.0,0.0,0.0,1.0,0.0,0.0,0.4068767908309455,0.0,0.0,Enrolled
3464,-0.8088235298267834,-0.6666666666666667,-0.6666666666666666,-0.8281228303459771,1.0555555555555554,0.75,0.0,1.0,0.0,1.0,0.0,1.7933333333333337,1.0,0.0,0.0,1.0,-0.7521367521367526,0.0,1.0,0.0,1.1695906432748533,0.0,0.0,0.0,1.0,0.0,0.0,-0.98567335243553,-0.9565217391304347,0.0,Enrolled
3465,0.4166666667542018,0.33333333333333326,0.3333333333333333,0.4918716131721548,-0.3333333333333332,-0.5,0.0,1.0,0.0,1.0,0.0,-0.873333333333333,1.0,0.0,0.0,1.0,0.1794871794871804,0.0,0.0,0.0,-0.5321637426900578,0.0,0.0,0.0,1.0,0.0,2.0,0.9140401146131805,0.0,0.0,Graduate
3466,-1.5686274513099354,-1.6666666666666667,-1.6666666666666667,-5.1354731137974134,-0.3333333333333332,-1.75,0.0,1.0,0.0,1.0,-2.5,-0.20666666666666628,1.0,0.0,0.0,1.0,-0.5897435897435895,1.0,0.0,0.0,-0.4736842105263152,0.0,0.0,0.0,1.0,0.0,0.0,0.4068767908309455,0.0,0.0,Dropout
3467,-0.15686274513099357,-0.06666666666666665,-0.3333333333333333,-0.13338891204668618,-0.3333333333333332,-0.75,0.0,1.0,0.0,1.0,-0.5,-0.6066666666666662,1.0,0.0,0.0,1.0,0.8376068376068382,0.0,1.0,0.0,0.1520467836257306,0.0,0.0,0.0,1.0,0.0,0.0,0.0,0.5217391304347826,0.0,Enrolled
3468,-0.13480392196459468,0.08333333333333326,0.6666666666666666,-0.490680641934139,0.0833333333333334,0.5,0.0,1.0,0.0,1.0,1.0,1.1266666666666671,1.0,0.0,0.0,1.0,-0.8376068376068382,0.0,0.0,0.0,0.526315789473684,0.0,0.0,0.0,1.0,0.0,0.0,-0.5787965616045845,1.0,0.0,Graduate
3469,0.10784313727755826,0.33333333333333326,0.0,-0.38349312213422243,1.6666666666666667,0.75,0.0,1.0,0.0,1.0,-0.5,0.46000000000000035,1.0,0.0,0.0,1.0,-0.8717948717948729,0.0,1.0,0.0,-0.08187134502924005,0.0,0.0,0.0,1.0,0.0,0.0,-1.2550143266475644,0.608695652173913,0.0,Enrolled
3470,0.0747549017926655,0.08333333333333326,0.6666666666666666,0.18817364318465984,-0.3333333333333332,0.0,0.0,1.0,0.0,1.0,1.0,0.12666666666666704,0.0,1.0,0.0,1.0,-0.49572649572649596,0.0,1.0,1.0,-0.11695906432748532,0.0,0.0,0.0,1.0,0.0,4.0,-0.98567335243553,-0.9565217391304347,0.0,Enrolled
3471,0.20692401983513822,0.08333333333333326,0.6666666666666666,0.6163282325969154,-0.3333333333333332,0.0,0.0,1.0,0.0,1.0,1.0,0.6600000000000004,0.0,1.0,0.0,1.0,-0.7094017094017099,0.0,1.0,1.0,0.20467836257309932,0.0,0.0,0.0,1.0,0.0,5.0,0.4068767908309455,0.0,0.0,Graduate
3473,-1.5686274513099354,-1.6666666666666667,-1.6666666666666667,-5.1354731137974134,1.0555555555555554,0.75,1.0,0.0,1.0,0.0,0.0,0.0,1.0,0.0,1.0,0.0,-2.811965811965814,1.0,0.0,0.0,-1.8128654970760225,0.0,0.0,0.0,0.0,0.0,0.0,0.9140401146131805,0.0,0.0,Dropout
3474,-0.0098039211785301,0.19999999999999996,3.0,-0.4013577073780743,-0.11111111111111106,2.25,0.0,1.0,0.0,1.0,4.5,0.0,1.0,0.0,0.0,1.0,0.33333333333333537,0.0,1.0,0.0,0.3391812865497081,0.0,1.0,1.0,1.0,1.0,0.0,0.0,0.5217391304347826,1.0,Dropout
3475,-1.5686274513099354,-1.6666666666666667,-1.6666666666666667,-5.1354731137974134,1.6666666666666667,0.75,0.0,1.0,0.0,1.0,-0.5,-0.07333333333333296,1.0,0.0,0.0,1.0,-0.658119658119659,0.0,1.0,0.0,-0.4035087719298247,1.0,0.0,0.0,1.0,0.0,4.0,-0.98567335243553,-0.9565217391304347,0.0,Dropout
3478,-0.553921568743821,-0.4666666666666668,0.3333333333333333,-0.34180908711963315,1.3333333333333333,3.0,0.0,1.0,0.0,1.0,2.0,0.5266666666666671,1.0,0.0,0.0,1.0,-0.3333333333333329,0.0,0.0,0.0,0.345029239766082,0.0,0.0,0.0,1.0,0.0,0.0,-0.98567335243553,-0.9565217391304347,0.0,Dropout
3479,-0.15318627454198566,0.08333333333333326,0.6666666666666666,-0.5502292621925802,1.125,1.75,0.0,1.0,1.0,0.0,1.0,1.7933333333333337,1.0,0.0,1.0,0.0,-2.6324786324786347,1.0,0.0,0.0,-0.11695906432748532,0.0,0.0,0.0,1.0,0.0,0.0,0.4068767908309455,0.0,0.0,Enrolled
3480,0.34313725497404846,0.33333333333333326,0.3333333333333333,0.28345143809920775,-0.3333333333333332,-0.5,0.0,1.0,0.0,1.0,0.0,0.12666666666666704,0.0,1.0,0.0,1.0,0.8034188034188035,0.0,1.0,0.0,0.7719298245614025,0.0,0.0,0.0,1.0,0.0,0.0,0.42120343839541546,-0.39130434782608686,0.0,Graduate
3482,-1.5686274513099354,-1.6666666666666667,-1.6666666666666667,-5.1354731137974134,-1.9999999999999996,-2.0,0.0,1.0,0.0,1.0,-3.0,0.5933333333333337,1.0,0.0,0.0,1.0,-0.3333333333333329,0.0,0.0,0.0,0.4035087719298247,0.0,0.0,0.0,1.0,0.0,0.0,-0.5787965616045845,1.0,0.0,Graduate
3484,-0.2030812325356612,-0.23809523809523814,0.0,0.28345143809920775,0.38095238095238104,0.5,1.0,0.0,1.0,0.0,0.5,0.0,1.0,0.0,0.0,1.0,0.18803418803418845,1.0,0.0,1.0,0.23976608187134457,0.0,0.0,0.0,1.0,0.0,0.0,0.48710601719197705,-0.3478260869565217,0.0,Dropout
3485,-0.28921568633526934,-0.23809523809523814,0.0,-0.058357649020425395,0.619047619047619,0.75,1.0,0.0,1.0,0.0,0.5,0.0,1.0,0.0,0.0,1.0,-0.2905982905982902,1.0,0.0,1.0,-0.08771929824561399,0.0,0.0,0.0,1.0,0.0,0.0,0.48710601719197705,-0.3478260869565217,0.0,Dropout
3486,-0.7352941180466303,-0.6666666666666667,-0.6666666666666666,-0.4112824802000832,1.6111111111111107,1.25,0.0,1.0,0.0,1.0,0.0,-0.20666666666666628,1.0,0.0,0.0,1.0,3.2051282051282093,1.0,0.0,0.0,2.122807017543859,0.0,0.0,0.0,1.0,0.0,0.0,0.1346704871060172,-0.7391304347826085,0.0,Dropout
3487,0.10416666668855036,0.08333333333333326,0.6666666666666666,0.28345143809920775,-0.3333333333333332,0.0,0.0,1.0,0.0,1.0,1.0,1.0600000000000003,1.0,0.0,0.0,1.0,-0.5128205128205121,0.0,1.0,1.0,0.690058479532164,0.0,0.0,0.0,1.0,0.0,1.0,-0.5787965616045845,1.0,0.0,Graduate
3489,-0.8333333335084032,-0.8666666666666667,-1.0,0.0750312630262608,2.333333333333333,1.25,0.0,1.0,1.0,0.0,-0.5,1.1266666666666671,1.0,0.0,1.0,0.0,-2.974358974358977,1.0,0.0,0.0,-0.9356725146198825,0.0,0.0,0.0,1.0,0.0,0.0,-0.98567335243553,-0.9565217391304347,0.0,Dropout
3490,-0.22058823534045954,0.0,0.0,-0.5502292621925802,0.5,0.25,0.0,1.0,0.0,1.0,0.0,-1.8066666666666662,1.0,0.0,0.0,1.0,0.3589743589743596,0.0,1.0,0.0,-1.2280701754385959,0.0,0.0,0.0,1.0,0.0,0.0,0.48710601719197705,-0.3478260869565217,0.0,Graduate
3491,-1.5686274513099354,-1.6666666666666667,-1.6666666666666667,-5.1354731137974134,-1.9999999999999996,-2.0,0.0,1.0,0.0,1.0,-3.0,1.926666666666667,1.0,0.0,0.0,1.0,-1.1965811965811965,0.0,1.0,0.0,0.9824561403508774,0.0,0.0,0.0,1.0,0.0,0.0,-0.5787965616045845,1.0,0.0,Dropout
3492,-1.5686274513099354,-1.6666666666666667,-1.6666666666666667,-5.1354731137974134,-0.3333333333333332,-0.75,0.0,1.0,0.0,1.0,-0.5,-0.873333333333333,1.0,0.0,0.0,1.0,1.1452991452991457,0.0,0.0,0.0,0.1286549707602332,0.0,0.0,0.0,1.0,0.0,2.0,0.0,0.5217391304347826,0.0,Dropout
3493,-1.5686274513099354,-1.6666666666666667,-1.6666666666666667,-5.1354731137974134,1.0,0.25,0.0,1.0,0.0,1.0,-0.5,0.0,1.0,0.0,0.0,1.0,-0.6752136752136751,1.0,0.0,0.0,-0.35087719298245595,0.0,0.0,0.0,0.0,0.0,0.0,-0.5787965616045845,1.0,0.0,Dropout
3494,-1.5686274513099354,-1.6666666666666667,-1.6666666666666667,-5.1354731137974134,0.0,-0.5,1.0,0.0,1.0,0.0,-0.5,-0.20666666666666628,1.0,0.0,0.0,1.0,0.44444444444444514,0.0,0.0,0.0,0.23391812865497064,1.0,0.0,0.0,0.0,0.0,0.0,-0.5787965616045845,1.0,0.0,Dropout
3495,0.25490196083786454,0.33333333333333326,0.0,0.033347228011671545,-0.3333333333333332,-0.75,0.0,1.0,0.0,1.0,-0.5,-0.33999999999999964,0.0,1.0,0.0,1.0,-0.09401709401709363,0.0,0.0,0.0,-0.2514619883040933,0.0,0.0,0.0,1.0,0.0,1.0,-0.98567335243553,-0.9565217391304347,0.0,Graduate
3496,0.7107843138748146,0.33333333333333326,0.3333333333333333,1.3255523134639426,0.22222222222222213,0.0,0.0,1.0,0.0,1.0,0.0,-0.6066666666666662,1.0,0.0,0.0,1.0,-0.2393162393162393,0.0,1.0,0.0,-0.5847953216374266,0.0,0.0,0.0,1.0,0.0,0.0,-0.3553008595988538,-0.4782608695652173,0.0,Graduate
3497,-0.8921568629325258,-0.8666666666666667,-1.0,-0.34180908711963315,2.333333333333333,1.25,1.0,0.0,1.0,0.0,-0.5,0.0,1.0,0.0,0.0,1.0,0.4529914529914532,1.0,0.0,0.0,0.4210526315789465,0.0,0.0,0.0,1.0,0.0,0.0,0.1346704871060172,-0.7391304347826085,0.0,Dropout
3498,-3.9215656873850437e-10,-0.06666666666666665,-0.3333333333333333,0.42239822009170475,0.3333333333333332,-0.25,0.0,1.0,0.0,1.0,-0.5,-1.273333333333333,1.0,0.0,0.0,1.0,0.6752136752136764,0.0,0.0,0.0,-0.5438596491228066,0.0,0.0,0.0,1.0,0.0,0.0,-0.3553008595988538,-0.4782608695652173,0.0,Dropout
3499,0.29411764761080894,0.33333333333333326,0.3333333333333333,0.14450465610671082,0.22222222222222213,0.0,0.0,1.0,0.0,1.0,0.0,0.46000000000000035,0.0,1.0,0.0,1.0,-0.717948717948718,0.0,1.0,0.0,0.023391812865497397,0.0,0.0,0.0,1.0,0.0,1.0,-0.5787965616045845,1.0,0.0,Graduate
3500,-1.5686274513099354,-1.6666666666666667,-1.6666666666666667,-5.1354731137974134,-0.3333333333333332,-0.5,0.0,1.0,0.0,1.0,0.0,1.7933333333333337,1.0,0.0,0.0,1.0,-1.264957264957266,1.0,0.0,0.0,0.8187134502923973,0.0,0.0,0.0,1.0,0.0,0.0,0.48710601719197705,-0.3478260869565217,0.0,Enrolled
3501,0.28431372554992584,0.33333333333333326,0.0,0.11671529804085004,0.6666666666666667,0.0,0.0,1.0,0.0,1.0,-0.5,-0.7399999999999997,0.0,1.0,0.0,1.0,0.2991452991452994,0.0,1.0,0.0,-0.3333333333333333,0.0,0.0,0.0,1.0,0.0,0.0,0.9140401146131805,0.0,0.0,Dropout
3503,0.34313725497404846,0.33333333333333326,0.3333333333333333,0.28345143809920775,-0.3333333333333332,-0.5,1.0,0.0,1.0,0.0,0.0,1.7933333333333337,1.0,0.0,0.0,1.0,-0.4529914529914532,0.0,0.0,0.0,1.3742690058479525,0.0,0.0,0.0,1.0,0.0,0.0,0.1346704871060172,-0.7391304347826085,0.0,Graduate
3504,0.15406162405197385,0.33333333333333326,0.3333333333333333,-0.2524861567319715,2.1666666666666665,1.75,0.0,1.0,0.0,1.0,0.0,-0.20666666666666628,0.0,1.0,0.0,1.0,0.44444444444444514,0.0,0.0,0.0,0.23391812865497064,0.0,0.0,0.0,0.0,0.0,0.0,0.1346704871060172,-0.7391304347826085,0.0,Graduate
3505,0.22058823583065565,0.33333333333333326,0.3333333333333333,-0.06391551896623615,0.22222222222222213,0.0,0.0,1.0,0.0,1.0,0.0,0.5266666666666671,0.0,1.0,0.0,1.0,-0.8119658119658127,0.0,1.0,0.0,0.017543859649122633,0.0,0.0,0.0,1.0,0.0,0.0,0.1346704871060172,-0.7391304347826085,0.0,Graduate
3506,-1.5686274513099354,-1.6666666666666667,-1.6666666666666667,-5.1354731137974134,1.3333333333333333,0.5,0.0,1.0,0.0,1.0,-0.5,-0.4066666666666663,1.0,0.0,0.0,1.0,-0.4786324786324786,0.0,0.0,0.0,-0.5730994152046779,0.0,0.0,0.0,1.0,0.0,2.0,-0.98567335243553,-0.9565217391304347,0.0,Dropout
3507,-1.5686274513099354,-1.6666666666666667,-1.6666666666666667,-5.1354731137974134,1.3333333333333333,1.0,1.0,0.0,1.0,0.0,0.0,-0.47333333333333294,1.0,0.0,0.0,1.0,0.44444444444444514,0.0,0.0,0.0,0.0,0.0,0.0,0.0,1.0,0.0,0.0,-0.98567335243553,-0.9565217391304347,0.0,Dropout
3509,-0.24509803926717735,-0.06666666666666665,-0.3333333333333333,-0.4460191746561067,0.3333333333333332,-0.25,0.0,1.0,0.0,1.0,-0.5,-0.20666666666666628,0.0,1.0,0.0,1.0,-0.4529914529914532,0.0,1.0,0.0,-0.3801169590643273,0.0,0.0,0.0,1.0,0.0,0.0,0.42120343839541546,-0.39130434782608686,0.0,Enrolled
3510,0.23809523877551025,0.33333333333333326,0.6666666666666666,-0.014291667361400867,-0.3333333333333332,-0.25,0.0,1.0,0.0,1.0,0.5,-0.20666666666666628,0.0,1.0,0.0,1.0,0.5982905982906,0.0,0.0,0.0,0.3391812865497081,0.0,0.0,0.0,0.0,0.0,0.0,0.42120343839541546,-0.39130434782608686,0.0,Graduate
3511,0.30175070055358916,0.33333333333333326,0.6666666666666666,0.1661406544393499,-0.3333333333333332,-0.25,0.0,1.0,0.0,1.0,0.5,0.46000000000000035,0.0,1.0,0.0,1.0,-0.3504273504273515,0.0,0.0,1.0,0.27485380116958985,0.0,0.0,0.0,1.0,0.0,5.0,0.48710601719197705,-0.3478260869565217,0.0,Dropout
3512,-0.04901960785343531,0.0,0.0,0.033347228011671545,1.3333333333333333,1.0,0.0,1.0,0.0,1.0,0.0,0.46000000000000035,1.0,0.0,0.0,1.0,0.44444444444444514,0.0,0.0,0.0,0.8187134502923973,0.0,0.0,0.0,0.0,0.0,0.0,0.1346704871060172,-0.7391304347826085,0.0,Enrolled
3513,-1.5686274513099354,-1.6666666666666667,-1.6666666666666667,-5.1354731137974134,-1.9999999999999996,-2.0,0.0,1.0,0.0,1.0,-3.0,0.46000000000000035,1.0,0.0,0.0,1.0,-0.4529914529914532,0.0,1.0,0.0,0.20467836257309932,0.0,0.0,0.0,1.0,0.0,0.0,0.4068767908309455,0.0,0.0,Dropout
3514,-1.225490196335887,-1.3333333333333335,-1.3333333333333333,0.7002917882451017,2.4444444444444438,2.0,0.0,1.0,1.0,0.0,0.0,0.0,0.0,1.0,1.0,0.0,0.1794871794871804,1.0,0.0,0.0,0.23391812865497064,0.0,0.0,0.0,0.0,0.0,0.0,0.48710601719197705,-0.3478260869565217,0.0,Dropout
3515,-0.5392156860936729,-0.4666666666666668,-0.6666666666666666,-0.2723356940391831,1.3333333333333333,0.5,0.0,1.0,0.0,1.0,-0.5,-0.873333333333333,1.0,0.0,0.0,1.0,-0.0683760683760682,1.0,0.0,0.0,-0.7017543859649119,0.0,0.0,0.0,1.0,0.0,0.0,0.0,0.5217391304347826,0.0,Dropout
3516,-1.2500000002626048,-1.3333333333333335,-1.3333333333333333,0.28345143809920775,2.1666666666666665,1.75,0.0,1.0,0.0,1.0,0.0,-0.8066666666666663,1.0,0.0,0.0,1.0,0.44444444444444514,0.0,0.0,0.0,-0.2923976608187133,0.0,0.0,0.0,1.0,0.0,0.0,-0.98567335243553,-0.9565217391304347,0.0,Enrolled
3517,-1.5686274513099354,-1.6666666666666667,-1.6666666666666667,-5.1354731137974134,-1.9999999999999996,-2.0,0.0,1.0,1.0,0.0,-3.0,-0.673333333333333,1.0,0.0,1.0,0.0,-0.11965811965811904,0.0,0.0,0.0,-0.5614035087719292,0.0,0.0,0.0,1.0,0.0,0.0,0.4068767908309455,0.0,0.0,Dropout
3518,-1.5686274513099354,-1.6666666666666667,-1.6666666666666667,-5.1354731137974134,1.3333333333333333,0.5,0.0,1.0,0.0,1.0,-0.5,0.19333333333333372,1.0,0.0,0.0,1.0,-0.777777777777778,0.0,1.0,0.0,-0.2514619883040933,1.0,0.0,0.0,1.0,0.0,0.0,0.0,0.5217391304347826,0.0,Dropout
3520,-0.362745098556599,-0.26666666666666683,0.6666666666666666,-0.2524861567319715,-0.3333333333333332,0.5,0.0,1.0,1.0,0.0,2.0,-0.873333333333333,1.0,0.0,1.0,0.0,0.44444444444444514,0.0,0.0,0.0,-0.35087719298245595,0.0,0.0,0.0,1.0,0.0,0.0,0.4068767908309455,0.0,0.0,Dropout
3521,0.28431372554992584,0.33333333333333326,0.0,0.11671529804085004,0.3333333333333332,-0.25,0.0,1.0,0.0,1.0,-0.5,1.7933333333333337,1.0,0.0,0.0,1.0,-2.547008547008549,0.0,0.0,0.0,-0.05847953216374266,0.0,0.0,0.0,0.0,0.0,0.0,0.1346704871060172,-0.7391304347826085,0.0,Graduate
3522,-0.25930960657120106,-0.1372549019607845,2.6666666666666665,-0.28226046686119205,-0.1372549019607842,2.75,0.0,1.0,0.0,1.0,5.5,-0.5399999999999996,1.0,0.0,0.0,1.0,1.2222222222222232,0.0,0.0,0.0,0.4736842105263152,0.0,0.0,0.0,1.0,0.0,0.0,0.48710601719197705,-0.3478260869565217,0.0,Dropout
3523,0.6188725491496231,0.33333333333333326,0.3333333333333333,1.065027094622759,0.22222222222222213,0.0,0.0,1.0,0.0,1.0,0.0,0.8600000000000004,0.0,1.0,0.0,1.0,0.7435897435897445,0.0,1.0,0.0,1.3742690058479525,0.0,0.0,0.0,1.0,0.0,0.0,0.48710601719197705,-0.3478260869565217,0.0,Graduate
3525,0.5196078432464161,0.33333333333333326,0.0,0.7836598582742802,-0.3333333333333332,-0.75,0.0,1.0,0.0,1.0,-0.5,1.1266666666666671,1.0,0.0,0.0,1.0,0.10256410256410291,1.0,0.0,0.0,1.1695906432748533,0.0,0.0,0.0,1.0,0.0,0.0,-0.5787965616045845,1.0,0.0,Enrolled
3526,0.3011204476122801,0.33333333333333326,0.3333333333333333,0.16435419341392246,0.22222222222222213,0.0,0.0,1.0,0.0,1.0,0.0,0.46000000000000035,1.0,0.0,0.0,1.0,0.44444444444444514,0.0,0.0,0.0,0.8187134502923973,0.0,0.0,0.0,0.0,0.0,0.0,0.42120343839541546,-0.39130434782608686,0.0,Graduate
3527,-0.8578431374351209,-0.8333333333333334,0.0,-0.3001250521050439,0.22222222222222213,2.0,1.0,0.0,1.0,0.0,3.0,-1.473333333333333,1.0,0.0,1.0,0.0,4.837606837606843,1.0,0.0,0.0,2.128654970760233,0.0,0.0,0.0,1.0,0.0,0.0,0.9140401146131805,0.0,0.0,Dropout
3528,-0.31442577037417896,-0.23809523809523814,0.0,-0.15839933305544004,1.3333333333333333,1.5,0.0,1.0,0.0,1.0,0.5,-0.873333333333333,1.0,0.0,0.0,1.0,1.8632478632478648,0.0,0.0,1.0,0.6198830409356719,0.0,0.0,0.0,1.0,0.0,0.0,0.1346704871060172,-0.7391304347826085,0.0,Dropout
3530,-0.23459383758429836,-0.23809523809523814,0.0,0.1583993330554393,0.14285714285714307,0.25,0.0,1.0,0.0,1.0,0.5,-1.0066666666666664,1.0,0.0,0.0,1.0,0.2478632478632486,0.0,1.0,1.0,-0.6023391812865493,0.0,0.0,0.0,1.0,0.0,0.0,0.1346704871060172,-0.7391304347826085,0.0,Enrolled
3531,0.39215686233728797,0.33333333333333326,0.3333333333333333,0.42239822009170475,-0.3333333333333332,-0.5,0.0,1.0,0.0,1.0,0.0,-1.8066666666666662,1.0,0.0,0.0,1.0,0.4188034188034197,0.0,1.0,0.0,-1.187134502923976,0.0,0.0,0.0,1.0,0.0,2.0,0.9140401146131805,0.0,0.0,Graduate
3532,0.17429193859870765,0.11111111111111094,1.0,0.42239822009170475,0.4074074074074074,1.25,0.0,1.0,0.0,1.0,1.5,-0.873333333333333,1.0,0.0,0.0,1.0,1.1452991452991457,0.0,0.0,0.0,0.1286549707602332,0.0,0.0,0.0,0.0,0.0,0.0,-0.3553008595988538,-0.4782608695652173,0.0,Enrolled
3533,0.40196078439817107,0.33333333333333326,0.0,0.4501875781575655,-0.3333333333333332,-0.75,0.0,1.0,0.0,1.0,-0.5,1.1933333333333338,1.0,0.0,0.0,1.0,-0.7521367521367526,0.0,1.0,0.0,0.6432748538011692,0.0,0.0,0.0,1.0,0.0,0.0,0.9140401146131805,0.0,0.0,Graduate
3534,-1.5686274513099354,-1.6666666666666667,-1.6666666666666667,-5.1354731137974134,1.3333333333333333,1.0,1.0,0.0,1.0,0.0,0.0,0.0,1.0,0.0,1.0,0.0,-0.6752136752136751,1.0,0.0,0.0,-0.35087719298245595,0.0,1.0,1.0,0.0,1.0,0.0,-0.98567335243553,-0.9565217391304347,1.0,Dropout
3535,-0.9215686276445869,-0.8666666666666667,-1.0,-0.5502292621925802,-0.3333333333333332,-0.75,0.0,1.0,0.0,1.0,-0.5,-0.873333333333333,1.0,0.0,0.0,1.0,0.4871794871794879,1.0,0.0,0.0,-0.3216374269005846,0.0,1.0,1.0,1.0,1.0,0.0,0.0,0.5217391304347826,1.0,Dropout
3536,-0.03921568628274831,0.06666666666666665,2.6666666666666665,-0.13338891204668618,-0.11111111111111106,2.25,0.0,1.0,0.0,1.0,4.5,-0.873333333333333,1.0,0.0,0.0,1.0,0.2820512820512821,0.0,0.0,0.0,-0.46198830409356734,0.0,0.0,0.0,0.0,0.0,0.0,0.9140401146131805,0.0,0.0,Dropout
3537,-1.5686274513099354,-1.6666666666666667,-1.6666666666666667,-5.1354731137974134,-1.9999999999999996,-2.0,0.0,1.0,0.0,1.0,-0.5,-1.5399999999999996,1.0,0.0,0.0,1.0,2.923076923076926,1.0,0.0,0.0,0.7602339181286546,0.0,0.0,0.0,1.0,0.0,0.0,-0.5787965616045845,1.0,0.0,Dropout
3538,-1.5686274513099354,-1.6666666666666667,-1.6666666666666667,-5.1354731137974134,-0.3333333333333332,-0.75,1.0,0.0,1.0,0.0,-0.5,0.0,1.0,0.0,0.0,1.0,-0.9914529914529919,1.0,0.0,0.0,-0.567251461988304,0.0,0.0,0.0,0.0,0.0,1.0,0.4068767908309455,0.0,0.0,Dropout
3539,-0.34313725497404846,-0.3333333333333335,-0.3333333333333333,0.0750312630262608,1.3333333333333333,1.0,0.0,1.0,0.0,1.0,0.0,-1.0066666666666664,1.0,0.0,0.0,1.0,0.658119658119659,0.0,0.0,0.0,-0.3216374269005846,0.0,0.0,0.0,1.0,0.0,4.0,0.0,0.5217391304347826,0.0,Dropout
3540,0.4411764711711155,0.33333333333333326,0.3333333333333333,0.5613450062526048,-0.05555555555555535,-0.25,0.0,1.0,0.0,1.0,0.0,0.3933333333333337,1.0,0.0,0.0,1.0,0.09401709401709483,0.0,1.0,0.0,0.52046783625731,0.0,0.0,0.0,1.0,0.0,0.0,-0.3553008595988538,-0.4782608695652173,0.0,Graduate
3541,-1.2745098041893226,-1.2666666666666666,-1.3333333333333333,-0.9670696123384741,1.3333333333333333,0.5,0.0,1.0,0.0,1.0,-0.5,-0.20666666666666628,1.0,0.0,0.0,1.0,-0.15384615384615374,0.0,0.0,0.0,-0.17543859649122798,1.0,0.0,0.0,1.0,0.0,0.0,-0.98567335243553,-0.9565217391304347,0.0,Dropout
3542,0.1225490196335886,0.33333333333333326,0.3333333333333333,-0.34180908711963315,-0.3333333333333332,-0.5,1.0,0.0,1.0,0.0,0.0,-0.07333333333333296,1.0,0.0,0.0,1.0,-0.3333333333333329,0.0,0.0,0.0,-0.1812865497076019,0.0,0.0,0.0,1.0,0.0,0.0,0.4068767908309455,0.0,0.0,Dropout
3543,-0.1274509804189321,-0.06666666666666665,-0.3333333333333333,-0.029178824510212698,0.3333333333333332,-0.25,0.0,1.0,0.0,1.0,-0.5,-2.206666666666666,1.0,0.0,0.0,1.0,3.8632478632478673,1.0,0.0,0.0,0.8187134502923973,0.0,0.0,0.0,1.0,0.0,0.0,-1.2550143266475644,0.608695652173913,0.0,Enrolled
3544,0.09803921570687095,0.0,0.0,0.5335556481867441,1.0555555555555554,0.75,1.0,0.0,1.0,0.0,0.0,-0.873333333333333,1.0,0.0,0.0,1.0,0.658119658119659,0.0,0.0,0.0,-0.20467836257309932,0.0,0.0,0.0,1.0,0.0,0.0,0.48710601719197705,-0.3478260869565217,0.0,Enrolled
3545,-0.9509803923566483,-0.8666666666666667,-1.0,-0.7586494372655271,1.6666666666666667,0.75,0.0,1.0,0.0,1.0,-0.5,0.0,1.0,0.0,0.0,1.0,-0.5470085470085468,1.0,0.0,0.0,-0.263157894736842,0.0,0.0,0.0,0.0,0.0,0.0,0.0,0.5217391304347826,0.0,Enrolled
3546,0.10364145702457442,0.04761904761904745,0.3333333333333333,0.39460886619424707,-0.3333333333333332,-0.25,0.0,1.0,0.0,1.0,0.5,1.526666666666667,0.0,1.0,0.0,1.0,-1.5811965811965816,0.0,0.0,1.0,0.3684210526315794,0.0,0.0,0.0,1.0,0.0,2.0,0.0,0.5217391304347826,0.0,Graduate
3547,0.27144607848839897,0.33333333333333326,0.6666666666666666,0.08024176740308417,-0.09523809523809526,0.0,0.0,1.0,0.0,1.0,0.5,0.6600000000000004,0.0,1.0,0.0,1.0,-0.5384615384615388,0.0,0.0,1.0,0.3216374269005846,0.0,0.0,0.0,1.0,0.0,3.0,0.1346704871060172,-0.7391304347826085,0.0,Graduate
3548,-1.5686274513099354,-1.6666666666666667,-1.6666666666666667,-5.1354731137974134,1.0,0.25,0.0,1.0,0.0,1.0,-0.5,0.0,1.0,0.0,0.0,1.0,0.02564102564102542,0.0,0.0,0.0,0.1286549707602332,0.0,1.0,1.0,0.0,1.0,0.0,0.0,0.5217391304347826,1.0,Dropout
3549,-1.5686274513099354,-1.6666666666666667,-1.6666666666666667,-5.1354731137974134,1.8888888888888888,1.5,1.0,0.0,1.0,0.0,0.0,0.46000000000000035,1.0,0.0,0.0,1.0,1.1282051282051295,1.0,0.0,0.0,1.2865497076023384,0.0,0.0,0.0,1.0,0.0,0.0,-0.5787965616045845,1.0,0.0,Dropout
3550,0.13095238055972377,0.04761904761904745,0.3333333333333333,0.48492427261358895,-0.3333333333333332,-0.25,0.0,1.0,0.0,1.0,0.5,-0.4066666666666663,1.0,0.0,0.0,1.0,-0.02564102564102542,0.0,1.0,1.0,-0.263157894736842,0.0,0.0,0.0,1.0,0.0,0.0,0.0,0.5217391304347826,0.0,Graduate
3551,0.015196078434564959,0.04761904761904745,0.3333333333333333,0.10212588578574369,0.14285714285714307,0.25,0.0,1.0,0.0,1.0,0.5,0.12666666666666704,1.0,0.0,0.0,1.0,0.4786324786324798,0.0,1.0,1.0,0.5497076023391814,0.0,0.0,0.0,1.0,0.0,0.0,0.48710601719197705,-0.3478260869565217,0.0,Enrolled
3552,-1.5686274513099354,-1.6666666666666667,-1.6666666666666667,-5.1354731137974134,0.22222222222222213,0.0,1.0,0.0,1.0,0.0,0.0,0.0,1.0,0.0,1.0,0.0,0.9487179487179503,1.0,0.0,0.0,0.7602339181286546,0.0,0.0,0.0,0.0,0.0,0.0,-0.3553008595988538,-0.4782608695652173,0.0,Dropout
3553,-0.4215686275395451,-0.4666666666666668,-0.6666666666666666,0.28345143809920775,1.0,0.25,0.0,1.0,0.0,1.0,-0.5,-0.873333333333333,1.0,0.0,0.0,1.0,-0.11965811965811904,0.0,0.0,0.0,-0.7368421052631572,0.0,0.0,0.0,1.0,0.0,0.0,-0.5787965616045845,1.0,0.0,Dropout
3555,0.36764705939096226,0.33333333333333326,0.3333333333333333,0.3529248311796578,-0.05555555555555535,-0.25,0.0,1.0,1.0,0.0,0.0,-0.673333333333333,1.0,0.0,1.0,0.0,0.3589743589743596,0.0,0.0,0.0,-0.23391812865497064,0.0,0.0,0.0,1.0,0.0,0.0,0.9140401146131805,0.0,0.0,Enrolled
3556,0.46078431382229373,0.33333333333333326,0.3333333333333333,0.6169237182159233,1.0555555555555554,0.75,0.0,1.0,0.0,1.0,0.0,1.1266666666666671,1.0,0.0,0.0,1.0,0.44444444444444514,0.0,0.0,0.0,1.4035087719298238,0.0,0.0,0.0,0.0,0.0,0.0,-0.3553008595988538,-0.4782608695652173,0.0,Graduate
3557,0.07352941227034941,0.33333333333333326,0.3333333333333333,-0.48075586911213014,-0.05555555555555535,-0.25,0.0,1.0,0.0,1.0,0.0,0.0,1.0,0.0,0.0,1.0,-0.7350427350427353,1.0,0.0,0.0,-0.391812865497076,0.0,0.0,0.0,0.0,0.0,0.0,-0.98567335243553,-0.9565217391304347,0.0,Enrolled
3559,0.29411764761080894,0.33333333333333326,0.3333333333333333,0.14450465610671082,-0.05555555555555535,-0.25,0.0,1.0,0.0,1.0,0.0,0.46000000000000035,1.0,0.0,0.0,1.0,-0.8376068376068382,0.0,1.0,0.0,-0.05847953216374266,0.0,0.0,0.0,1.0,0.0,3.0,-0.98567335243553,-0.9565217391304347,0.0,Enrolled
3560,0.28431372554992584,0.33333333333333326,0.0,0.11671529804085004,-0.3333333333333332,-0.75,0.0,1.0,0.0,1.0,-0.5,0.5266666666666671,1.0,0.0,0.0,1.0,0.4188034188034185,0.0,1.0,0.0,0.8596491228070164,0.0,0.0,0.0,1.0,0.0,0.0,0.0,0.5217391304347826,0.0,Graduate
3561,-0.1967787115259337,-0.23809523809523814,0.0,0.30846185910796164,-0.3333333333333332,-0.25,0.0,1.0,0.0,1.0,0.5,0.0,1.0,0.0,0.0,1.0,-2.3846153846153864,1.0,0.0,1.0,-1.5204678362573092,0.0,0.0,0.0,0.0,0.0,0.0,-0.3553008595988538,-0.4782608695652173,0.0,Enrolled
3563,-1.5686274513099354,-1.6666666666666667,-1.6666666666666667,-5.1354731137974134,-0.3333333333333332,-0.75,0.0,1.0,0.0,1.0,-0.5,0.0,1.0,0.0,0.0,1.0,-2.7264957264957284,1.0,0.0,0.0,-1.7543859649122797,0.0,0.0,1.0,0.0,1.0,0.0,0.0,0.5217391304347826,0.0,Dropout
3564,-0.7843137256549677,-1.0,-1.0,1.5339724885368897,-0.3333333333333332,-0.5,1.0,0.0,1.0,0.0,0.0,1.7933333333333337,1.0,0.0,1.0,0.0,0.44444444444444514,0.0,0.0,0.0,1.9883040935672505,1.0,0.0,0.0,0.0,0.0,0.0,0.9140401146131805,0.0,0.0,Dropout
3566,-0.6274509802298565,-0.4666666666666668,-0.6666666666666666,-0.689176044185077,1.9999999999999996,1.0,1.0,0.0,1.0,0.0,-0.5,1.7933333333333337,0.0,1.0,0.0,1.0,-2.1196581196581215,1.0,0.0,0.0,0.23391812865497064,0.0,0.0,0.0,1.0,0.0,0.0,-0.98567335243553,-0.9565217391304347,0.0,Dropout
3567,0.563725490314508,0.33333333333333326,4.333333333333333,0.9087119633180487,-0.3333333333333332,2.5,0.0,1.0,0.0,1.0,6.0,0.46000000000000035,1.0,0.0,0.0,1.0,0.44444444444444514,0.0,0.0,0.0,0.8187134502923973,0.0,0.0,0.0,0.0,0.0,0.0,-0.3553008595988538,-0.4782608695652173,0.0,Graduate
3568,0.4901960785343547,0.33333333333333326,0.0,0.7002917882451017,0.0,-0.5,0.0,1.0,0.0,1.0,-0.5,-0.47333333333333294,0.0,1.0,0.0,1.0,-0.3589743589743596,0.0,1.0,0.0,-0.5497076023391814,1.0,0.0,0.0,1.0,0.0,5.0,0.9140401146131805,0.0,0.0,Graduate
3569,-0.3921568631216014,-0.4666666666666668,-0.6666666666666666,0.42239822009170475,1.3333333333333333,0.5,0.0,1.0,0.0,1.0,-0.5,-1.0066666666666664,1.0,0.0,0.0,1.0,0.658119658119659,0.0,0.0,0.0,-0.3216374269005846,1.0,0.0,0.0,1.0,0.0,4.0,0.42120343839541546,-0.39130434782608686,0.0,Graduate
3570,-1.5686274513099354,-1.6666666666666667,-1.6666666666666667,-5.1354731137974134,-1.9999999999999996,-2.0,0.0,1.0,0.0,1.0,0.0,0.0,1.0,0.0,0.0,1.0,-2.1282051282051295,1.0,0.0,0.0,-1.3450292397660812,0.0,0.0,0.0,0.0,0.0,0.0,0.4068767908309455,0.0,0.0,Dropout
3572,0.8137254903670289,0.33333333333333326,0.0,1.617340558566068,0.0,-0.5,0.0,1.0,0.0,1.0,-0.5,0.9933333333333337,1.0,0.0,0.0,1.0,0.504273504273504,0.0,0.0,0.0,1.3274853801169577,1.0,0.0,0.0,1.0,0.0,0.0,0.9140401146131805,0.0,0.0,Graduate
3574,-1.5686274513099354,-1.6666666666666667,-1.6666666666666667,-5.1354731137974134,-0.3333333333333332,-0.75,0.0,1.0,0.0,1.0,-0.5,0.46000000000000035,1.0,0.0,0.0,1.0,-0.777777777777778,0.0,1.0,0.0,-0.017543859649122633,1.0,0.0,0.0,1.0,0.0,1.0,-0.98567335243553,-0.9565217391304347,0.0,Enrolled
3575,0.4271708682269965,0.33333333333333326,0.3333333333333333,0.5216459233013753,-0.05555555555555535,-0.25,0.0,1.0,0.0,1.0,0.0,-0.07333333333333296,0.0,1.0,0.0,1.0,-0.5726495726495735,0.0,1.0,0.0,-0.345029239766082,0.0,0.0,0.0,1.0,0.0,0.0,0.9140401146131805,0.0,0.0,Graduate
3576,0.532212885896123,0.33333333333333326,0.3333333333333333,0.8193890329303871,-0.05555555555555535,-0.25,0.0,1.0,0.0,1.0,0.0,0.46000000000000035,1.0,0.0,0.0,1.0,-0.5982905982905988,0.0,1.0,0.0,0.10526315789473663,0.0,0.0,0.0,1.0,0.0,0.0,0.48710601719197705,-0.3478260869565217,0.0,Graduate
3577,-0.06862745099480963,0.33333333333333326,0.0,-0.8837015423092957,0.3333333333333332,-0.25,0.0,1.0,0.0,1.0,-0.5,-1.4066666666666663,1.0,0.0,0.0,1.0,-0.03418803418803349,0.0,0.0,0.0,-1.1461988304093558,0.0,0.0,0.0,1.0,0.0,2.0,0.42120343839541546,-0.39130434782608686,0.0,Graduate
3579,-1.5686274513099354,-1.6666666666666667,-1.6666666666666667,-5.1354731137974134,-1.9999999999999996,-2.0,0.0,1.0,0.0,1.0,0.0,-0.47333333333333294,1.0,0.0,0.0,1.0,0.26495726495726596,0.0,0.0,0.0,-0.12280701754385925,0.0,0.0,0.0,1.0,0.0,3.0,0.4068767908309455,0.0,0.0,Dropout
3580,0.6127450976777475,0.33333333333333326,0.3333333333333333,1.0476587453105457,-0.05555555555555535,-0.25,0.0,1.0,0.0,1.0,0.0,1.1266666666666671,0.0,1.0,0.0,1.0,-0.4529914529914532,0.0,1.0,0.0,0.7894736842105259,0.0,0.0,0.0,1.0,0.0,0.0,-0.5787965616045845,1.0,0.0,Graduate
3583,-1.5686274513099354,-1.6666666666666667,-1.6666666666666667,-5.1354731137974134,-1.9999999999999996,-2.0,0.0,1.0,0.0,1.0,-0.5,0.0,1.0,0.0,0.0,1.0,2.2649572649572685,1.0,0.0,0.0,1.6608187134502919,0.0,0.0,0.0,1.0,0.0,0.0,0.4068767908309455,0.0,0.0,Dropout
3584,-0.09803921570687095,-0.06666666666666665,-0.3333333333333333,0.0750312630262608,0.6666666666666667,0.0,1.0,0.0,1.0,0.0,-0.5,-0.873333333333333,1.0,0.0,1.0,0.0,0.05982905982906013,0.0,0.0,0.0,-0.6140350877192979,0.0,0.0,0.0,1.0,0.0,5.0,0.9140401146131805,0.0,0.0,Enrolled
3585,0.37581699321620826,0.33333333333333326,1.3333333333333333,0.376082626094206,-0.14814814814814797,0.5,0.0,1.0,0.0,1.0,1.5,0.0,1.0,0.0,0.0,1.0,-0.7606837606837606,1.0,0.0,0.0,-0.40935672514619864,0.0,0.0,0.0,1.0,0.0,0.0,0.9140401146131805,0.0,0.0,Graduate
3586,-0.9383753503371934,-1.0952380952380953,-1.0,1.1171321383909958,1.0952380952380953,1.25,0.0,1.0,0.0,1.0,0.5,0.0,1.0,0.0,0.0,1.0,-2.7179487179487203,1.0,0.0,0.0,-1.748538011695906,0.0,0.0,0.0,1.0,0.0,0.0,0.42120343839541546,-0.39130434782608686,0.0,Dropout
3587,-1.5686274513099354,-1.6666666666666667,-1.6666666666666667,-5.1354731137974134,-1.9999999999999996,-2.0,1.0,0.0,1.0,0.0,-3.0,-0.20666666666666628,1.0,0.0,0.0,1.0,0.44444444444444514,0.0,0.0,0.0,0.23391812865497064,0.0,0.0,0.0,0.0,0.0,0.0,-0.98567335243553,-0.9565217391304347,0.0,Dropout
3592,0.12401960731772119,0.08333333333333326,0.6666666666666666,0.3477639474781156,-0.3333333333333332,0.0,0.0,1.0,0.0,1.0,1.0,-0.07333333333333296,1.0,0.0,0.0,1.0,-0.11111111111111098,0.0,0.0,1.0,-0.02923976608187133,0.0,0.0,0.0,1.0,0.0,2.0,0.4068767908309455,0.0,0.0,Enrolled
3594,0.34313725497404846,0.33333333333333326,0.3333333333333333,0.28345143809920775,-0.3333333333333332,-0.5,0.0,1.0,1.0,0.0,0.0,-0.4066666666666663,1.0,0.0,1.0,0.0,1.0170940170940173,0.0,1.0,0.0,0.4502923976608178,0.0,0.0,0.0,1.0,0.0,2.0,-0.5787965616045845,1.0,0.0,Dropout
3595,-0.8921568629325258,-0.8666666666666667,-1.0,-0.34180908711963315,2.666666666666666,1.5,0.0,1.0,0.0,1.0,-0.5,-0.20666666666666628,1.0,0.0,0.0,1.0,-0.6153846153846162,0.0,1.0,0.0,-0.4912280701754387,0.0,0.0,0.0,1.0,0.0,0.0,-0.98567335243553,-0.9565217391304347,0.0,Enrolled
3596,-0.5943627452229052,-0.6666666666666667,-0.6666666666666666,0.3876615256356813,2.1666666666666665,1.75,0.0,1.0,0.0,1.0,0.0,0.46000000000000035,1.0,0.0,0.0,1.0,0.44444444444444514,0.0,0.0,0.0,0.8187134502923973,0.0,0.0,0.0,0.0,0.0,0.0,0.1346704871060172,-0.7391304347826085,0.0,Dropout
3597,-0.5882352944863237,-0.6666666666666667,-0.6666666666666666,0.42239822009170475,1.3333333333333333,1.0,0.0,1.0,0.0,1.0,0.0,1.1266666666666671,1.0,0.0,0.0,1.0,0.44444444444444514,0.0,0.0,0.0,1.4035087719298238,0.0,0.0,0.0,0.0,0.0,0.0,-1.2550143266475644,0.608695652173913,0.0,Enrolled
3598,0.4166666667542018,0.33333333333333326,0.3333333333333333,0.4918716131721548,-0.3333333333333332,-0.5,0.0,1.0,0.0,1.0,0.0,-0.006666666666666288,1.0,0.0,0.0,1.0,0.504273504273504,0.0,0.0,0.0,0.4502923976608178,0.0,0.0,0.0,1.0,0.0,1.0,0.4068767908309455,0.0,0.0,Graduate
3600,0.6506238859209993,0.33333333333333326,2.0,1.1550267152980405,0.7272727272727274,2.5,0.0,1.0,0.0,1.0,2.5,0.0,1.0,0.0,0.0,1.0,0.02564102564102542,0.0,0.0,0.0,0.1286549707602332,0.0,0.0,0.0,1.0,0.0,0.0,-0.98567335243553,-0.9565217391304347,0.0,Dropout
3601,-1.5686274513099354,-1.6666666666666667,-1.6666666666666667,-5.1354731137974134,-1.9999999999999996,-2.0,1.0,0.0,1.0,0.0,-3.0,-0.006666666666666288,1.0,0.0,1.0,0.0,0.11965811965811904,0.0,0.0,0.0,0.18713450292397585,0.0,0.0,0.0,1.0,0.0,3.0,-0.98567335243553,-0.9565217391304347,0.0,Dropout
3602,0.36764705939096226,0.33333333333333326,0.3333333333333333,0.3529248311796578,-0.05555555555555535,-0.25,0.0,1.0,0.0,1.0,0.0,0.06000000000000038,1.0,0.0,0.0,1.0,0.05982905982906013,0.0,0.0,0.0,0.20467836257309932,0.0,0.0,0.0,1.0,0.0,2.0,-0.3553008595988538,-0.4782608695652173,0.0,Graduate
3603,0.3186274505571347,0.33333333333333326,0.3333333333333333,0.21397804501875775,-0.3333333333333332,-0.5,0.0,1.0,0.0,1.0,0.0,-0.5399999999999996,1.0,0.0,0.0,1.0,0.8376068376068382,0.0,1.0,0.0,0.21052631578947326,0.0,0.0,0.0,1.0,0.0,3.0,0.42120343839541546,-0.39130434782608686,0.0,Graduate
3604,0.1666666667016809,0.33333333333333326,0.0,-0.2167569820758647,0.3333333333333332,-0.25,0.0,1.0,0.0,1.0,-0.5,0.12666666666666704,1.0,0.0,0.0,1.0,-0.6923076923076925,0.0,0.0,0.0,-0.2514619883040933,1.0,0.0,0.0,1.0,0.0,2.0,0.9140401146131805,0.0,0.0,Enrolled
3605,0.17156862699682812,0.33333333333333326,0.3333333333333333,-0.2028623051271362,-0.3333333333333332,-0.5,0.0,1.0,0.0,1.0,0.0,-0.07333333333333296,1.0,0.0,0.0,1.0,1.2820512820512846,0.0,0.0,0.0,0.9239766081871347,0.0,0.0,0.0,1.0,0.0,1.0,-0.5787965616045845,1.0,0.0,Graduate
3607,-0.3291316527302095,-0.23809523809523814,0.0,-0.2167569820758647,-0.3333333333333332,-0.25,0.0,1.0,0.0,1.0,0.5,-2.206666666666666,1.0,0.0,0.0,1.0,0.9572649572649584,0.0,0.0,0.0,-1.1695906432748533,0.0,0.0,0.0,0.0,0.0,0.0,0.42120343839541546,-0.39130434782608686,0.0,Dropout
3608,-1.5686274513099354,-1.6666666666666667,-1.6666666666666667,-5.1354731137974134,-1.9999999999999996,-2.0,0.0,1.0,0.0,1.0,-3.0,0.726666666666667,1.0,0.0,0.0,1.0,-1.4700854700854717,0.0,0.0,0.0,-0.25730994152046804,0.0,0.0,0.0,1.0,0.0,0.0,0.1346704871060172,-0.7391304347826085,0.0,Enrolled
3609,0.7549019609429065,0.33333333333333326,0.0,1.4506044185077112,0.3333333333333332,-0.25,0.0,1.0,0.0,1.0,-0.5,-0.5399999999999996,1.0,0.0,0.0,1.0,0.14529914529914567,0.0,0.0,0.0,-0.263157894736842,1.0,0.0,0.0,1.0,0.0,0.0,0.48710601719197705,-0.3478260869565217,0.0,Dropout
3610,-1.5686274513099354,-1.6666666666666667,-1.6666666666666667,-5.1354731137974134,-1.9999999999999996,-2.0,0.0,1.0,1.0,0.0,-3.0,0.0,1.0,0.0,1.0,0.0,-0.9316239316239318,0.0,1.0,0.0,-0.526315789473684,0.0,0.0,0.0,1.0,0.0,0.0,-1.2550143266475644,0.608695652173913,0.0,Enrolled
3611,-0.8333333335084032,-0.8666666666666667,-1.0,0.0750312630262608,1.0,0.25,0.0,1.0,0.0,1.0,-0.5,-0.20666666666666628,1.0,0.0,0.0,1.0,0.44444444444444514,0.0,0.0,0.0,0.23391812865497064,1.0,0.0,0.0,0.0,0.0,0.0,0.42120343839541546,-0.39130434782608686,0.0,Enrolled
3612,0.5882352947314218,0.33333333333333326,0.3333333333333333,0.9781853563984988,0.5,0.25,0.0,1.0,0.0,1.0,0.0,-1.073333333333333,1.0,0.0,0.0,1.0,0.5042735042735053,0.0,0.0,0.0,-0.4853801169590639,0.0,0.0,0.0,1.0,0.0,0.0,0.9140401146131805,0.0,0.0,Graduate
3614,-0.5098039216757291,-0.4666666666666668,-0.6666666666666666,-0.13338891204668618,0.3333333333333332,-0.25,0.0,1.0,0.0,1.0,-0.5,-0.07333333333333296,1.0,0.0,0.0,1.0,0.5384615384615388,0.0,1.0,0.0,0.4152046783625726,1.0,0.0,0.0,1.0,0.0,0.0,0.48710601719197705,-0.3478260869565217,0.0,Dropout
3615,0.12254901926594151,0.08333333333333326,0.6666666666666666,0.3430000583576489,-0.3333333333333332,0.0,0.0,1.0,1.0,0.0,1.0,0.0,1.0,0.0,1.0,0.0,-2.3846153846153864,0.0,0.0,0.0,-1.5204678362573092,1.0,0.0,0.0,1.0,0.0,0.0,0.9140401146131805,0.0,0.0,Enrolled
3616,-0.6372549018495632,-0.6666666666666667,-0.6666666666666666,0.14450465610671082,-0.3333333333333332,-0.5,0.0,1.0,1.0,0.0,0.0,-0.07333333333333296,1.0,0.0,1.0,0.0,-0.658119658119659,0.0,0.0,0.0,-0.4035087719298247,0.0,0.0,0.0,1.0,0.0,0.0,0.4068767908309455,0.0,0.0,Dropout
3617,0.6372549020946613,0.33333333333333326,0.0,1.1171321383909958,0.0,-0.5,1.0,0.0,1.0,0.0,-0.5,0.9933333333333337,0.0,1.0,0.0,1.0,-1.111111111111111,0.0,1.0,0.0,0.22222222222222276,1.0,0.0,0.0,1.0,0.0,0.0,0.9140401146131805,0.0,0.0,Enrolled
3618,0.09803921570687095,0.0,0.0,0.5335556481867441,-0.05555555555555535,-0.25,0.0,1.0,1.0,0.0,0.0,-0.006666666666666288,1.0,0.0,1.0,0.0,0.29914529914530064,0.0,1.0,0.0,0.3099415204678368,0.0,0.0,0.0,1.0,0.0,0.0,0.9140401146131805,0.0,0.0,Dropout
3619,0.2696078431938952,0.33333333333333326,0.3333333333333333,0.0750312630262608,-0.3333333333333332,-0.5,0.0,1.0,0.0,1.0,0.0,0.6600000000000004,1.0,0.0,0.0,1.0,-0.09401709401709483,0.0,0.0,0.0,0.6257309941520458,0.0,0.0,0.0,1.0,0.0,4.0,0.9140401146131805,0.0,0.0,Graduate
3620,0.39215686233728797,0.33333333333333326,0.3333333333333333,0.42239822009170475,-0.05555555555555535,-0.25,0.0,1.0,0.0,1.0,0.0,0.6600000000000004,0.0,1.0,0.0,1.0,-0.9914529914529919,0.0,0.0,0.0,0.011695906432748699,0.0,0.0,0.0,1.0,0.0,0.0,0.42120343839541546,-0.39130434782608686,0.0,Graduate
3623,0.36764705939096226,0.33333333333333326,0.3333333333333333,0.3529248311796578,-0.3333333333333332,-0.5,0.0,1.0,0.0,1.0,0.0,0.46000000000000035,0.0,1.0,0.0,1.0,0.504273504273504,0.0,1.0,0.0,0.8596491228070164,0.0,0.0,0.0,1.0,0.0,1.0,0.4068767908309455,0.0,0.0,Graduate
3624,-0.4901960785343547,-0.3333333333333335,-0.3333333333333333,-0.5502292621925802,0.22222222222222213,0.0,0.0,1.0,0.0,1.0,0.0,0.06000000000000038,1.0,0.0,0.0,1.0,-0.6923076923076925,0.0,0.0,0.0,-0.30994152046783596,0.0,0.0,0.0,1.0,0.0,5.0,0.1346704871060172,-0.7391304347826085,0.0,Dropout
3625,-0.5392156860936729,-0.4666666666666668,-0.6666666666666666,-0.2723356940391831,1.0,0.25,0.0,1.0,0.0,1.0,-0.5,-1.0066666666666664,1.0,0.0,0.0,1.0,0.08547008547008556,0.0,1.0,0.0,-0.7134502923976607,0.0,0.0,0.0,1.0,0.0,1.0,0.9140401146131805,0.0,0.0,Graduate
3627,0.13305322110638368,0.33333333333333326,0.6666666666666666,-0.3120347769904126,1.5714285714285712,1.75,0.0,1.0,0.0,1.0,0.5,-0.9399999999999996,1.0,0.0,0.0,1.0,-0.11965811965811904,0.0,0.0,0.0,-0.7953216374268999,0.0,1.0,1.0,1.0,1.0,0.0,0.0,0.5217391304347826,1.0,Dropout
3629,-1.5686274513099354,-1.6666666666666667,-1.6666666666666667,-5.1354731137974134,-1.9999999999999996,-2.0,0.0,1.0,0.0,1.0,-3.0,0.6600000000000004,1.0,0.0,0.0,1.0,0.4188034188034185,0.0,1.0,0.0,0.9766081871345018,0.0,0.0,0.0,1.0,0.0,0.0,-0.3553008595988538,-0.4782608695652173,0.0,Dropout
3630,0.46568627411744096,0.33333333333333326,0.3333333333333333,0.6308183951646517,-0.3333333333333332,-0.5,1.0,0.0,1.0,0.0,0.0,-0.673333333333333,0.0,1.0,0.0,1.0,0.658119658119659,0.0,1.0,0.0,-0.02923976608187133,0.0,0.0,0.0,1.0,0.0,0.0,0.9140401146131805,0.0,0.0,Graduate
3631,-0.011004401402872429,0.04761904761904745,0.3333333333333333,0.015482642767819688,0.38095238095238104,0.5,0.0,1.0,0.0,1.0,0.5,-1.673333333333333,0.0,1.0,0.0,1.0,0.4273504273504278,0.0,1.0,1.0,-1.0643274853801166,0.0,0.0,0.0,1.0,0.0,2.0,0.1346704871060172,-0.7391304347826085,0.0,Graduate
3632,0.22058823583065565,0.33333333333333326,0.3333333333333333,-0.06391551896623615,-0.05555555555555535,-0.25,1.0,0.0,1.0,0.0,0.0,-1.073333333333333,1.0,0.0,1.0,0.0,-0.11965811965811904,0.0,1.0,0.0,-0.9122807017543851,0.0,0.0,0.0,1.0,0.0,2.0,-0.3553008595988538,-0.4782608695652173,0.0,Dropout
3633,-0.6862745099480968,-0.6666666666666667,-0.6666666666666666,-0.13338891204668618,0.22222222222222213,0.0,0.0,1.0,1.0,0.0,0.0,0.46000000000000035,1.0,0.0,1.0,0.0,0.11111111111111098,0.0,0.0,0.0,0.5906432748538005,0.0,0.0,0.0,0.0,0.0,0.0,0.42120343839541546,-0.39130434782608686,0.0,Enrolled
3635,-0.06862745099480963,-0.06666666666666665,-0.3333333333333333,0.1792413505627343,0.3333333333333332,-0.25,0.0,1.0,0.0,1.0,-0.5,1.5933333333333337,1.0,0.0,0.0,1.0,-0.8119658119658115,0.0,1.0,0.0,0.9532163742690061,0.0,0.0,0.0,1.0,0.0,1.0,0.0,0.5217391304347826,0.0,Graduate
3636,0.31372548984181897,0.04761904761904745,4.333333333333333,1.089342780325135,0.619047619047619,6.25,0.0,1.0,0.0,1.0,7.5,0.5266666666666671,1.0,0.0,0.0,1.0,0.7863247863247873,0.0,0.0,1.0,1.1111111111111105,0.0,0.0,0.0,0.0,0.0,0.0,0.0,0.5217391304347826,0.0,Graduate
3637,0.34313725497404846,0.33333333333333326,0.3333333333333333,0.28345143809920775,-0.3333333333333332,-0.5,0.0,1.0,0.0,1.0,0.0,-0.5399999999999996,1.0,0.0,0.0,1.0,0.5042735042735053,0.0,1.0,0.0,-0.017543859649122633,0.0,0.0,0.0,1.0,0.0,0.0,0.9140401146131805,0.0,0.0,Graduate
3639,0.5571078432542943,0.33333333333333326,0.6666666666666666,0.8899541475614835,0.38095238095238104,0.5,0.0,1.0,0.0,1.0,0.5,0.6600000000000004,1.0,0.0,0.0,1.0,-0.7777777777777792,0.0,1.0,1.0,0.15789473684210453,0.0,0.0,0.0,1.0,0.0,3.0,-1.2550143266475644,0.608695652173913,0.0,Graduate
3640,0.4901960785343547,0.33333333333333326,0.3333333333333333,0.7002917882451017,0.22222222222222213,0.0,0.0,1.0,0.0,1.0,0.0,0.5933333333333337,0.0,1.0,0.0,1.0,-0.7521367521367526,0.0,1.0,0.0,0.11695906432748532,0.0,0.0,0.0,1.0,0.0,0.0,0.48710601719197705,-0.3478260869565217,0.0,Graduate
3644,-0.15686274513099357,-0.06666666666666665,-0.3333333333333333,-0.13338891204668618,0.0,-0.5,0.0,1.0,0.0,1.0,-0.5,-0.5399999999999996,0.0,1.0,0.0,1.0,-0.2393162393162393,0.0,0.0,0.0,-0.526315789473684,0.0,0.0,0.0,1.0,0.0,0.0,0.4068767908309455,0.0,0.0,Graduate
3649,0.017769608030693745,0.08333333333333326,0.6666666666666666,0.003572917882450993,-0.3333333333333332,0.0,0.0,1.0,0.0,1.0,1.0,-0.07333333333333296,1.0,0.0,0.0,1.0,-0.7521367521367526,0.0,1.0,1.0,-0.4678362573099413,0.0,0.0,0.0,1.0,0.0,3.0,-0.5787965616045845,1.0,0.0,Graduate
3651,0.3799019608641249,0.33333333333333326,2.3333333333333335,0.3876615256356813,-0.3333333333333332,1.0,0.0,1.0,0.0,1.0,3.0,0.12666666666666704,0.0,1.0,0.0,1.0,-0.2905982905982902,0.0,0.0,0.0,0.023391812865497397,0.0,0.0,0.0,1.0,0.0,0.0,-1.2550143266475644,0.608695652173913,0.0,Graduate
3652,-0.11846405272096576,0.0,0.0,-0.2028623051271362,0.22222222222222213,0.0,0.0,1.0,0.0,1.0,0.0,-1.5399999999999996,1.0,0.0,0.0,1.0,0.44444444444444514,0.0,0.0,0.0,-0.9356725146198825,0.0,0.0,0.0,0.0,0.0,0.0,-0.3553008595988538,-0.4782608695652173,0.0,Enrolled
3653,0.3872549020421404,0.33333333333333326,0.6666666666666666,0.40850354314297627,-0.3333333333333332,-0.25,0.0,1.0,0.0,1.0,0.5,-0.006666666666666288,0.0,1.0,0.0,1.0,-0.2905982905982902,0.0,0.0,0.0,-0.09356725146198792,0.0,0.0,0.0,1.0,0.0,0.0,-1.2550143266475644,0.608695652173913,0.0,Graduate
3655,0.3186274505571347,0.33333333333333326,0.3333333333333333,0.21397804501875775,-0.3333333333333332,-0.5,0.0,1.0,0.0,1.0,0.0,0.12666666666666704,1.0,0.0,0.0,1.0,-0.03418803418803349,0.0,1.0,0.0,0.19883040935672538,0.0,0.0,0.0,1.0,0.0,0.0,0.48710601719197705,-0.3478260869565217,0.0,Graduate
3656,0.3186274505571347,0.33333333333333326,0.3333333333333333,0.21397804501875775,-0.3333333333333332,-0.5,0.0,1.0,0.0,1.0,0.0,0.46000000000000035,0.0,1.0,0.0,1.0,0.5897435897435895,0.0,0.0,0.0,0.9181286549707591,0.0,0.0,0.0,0.0,0.0,0.0,0.1346704871060172,-0.7391304347826085,0.0,Graduate
3657,-0.4509803919574889,-0.4666666666666668,-0.6666666666666666,0.14450465610671082,1.3333333333333333,0.5,0.0,1.0,0.0,1.0,-0.5,0.726666666666667,0.0,1.0,0.0,1.0,-0.5726495726495735,0.0,1.0,0.0,0.3567251461988299,0.0,0.0,0.0,1.0,0.0,1.0,-0.5787965616045845,1.0,0.0,Graduate
3658,0.10424169652049883,0.04761904761904745,0.3333333333333333,0.3965938182576068,-0.09523809523809526,0.0,0.0,1.0,0.0,1.0,0.5,-0.7399999999999997,1.0,0.0,0.0,1.0,0.0,0.0,1.0,1.0,-0.5380116959064326,0.0,0.0,0.0,1.0,0.0,4.0,0.1346704871060172,-0.7391304347826085,0.0,Graduate
3659,0.25490196083786454,0.33333333333333326,0.0,0.033347228011671545,-0.3333333333333332,-0.75,0.0,1.0,0.0,1.0,-0.5,0.6600000000000004,0.0,1.0,0.0,1.0,-0.2393162393162393,0.0,1.0,0.0,0.526315789473684,0.0,0.0,0.0,1.0,0.0,0.0,0.4068767908309455,0.0,0.0,Graduate
3660,-0.7156862746601581,-0.8666666666666667,-1.0,0.9087119633180487,1.3333333333333333,0.5,0.0,1.0,0.0,1.0,-0.5,1.1266666666666671,1.0,0.0,0.0,1.0,0.44444444444444514,0.0,0.0,0.0,1.4035087719298238,0.0,0.0,0.0,0.0,0.0,0.0,-0.5787965616045845,1.0,0.0,Enrolled
3661,-1.5686274513099354,-1.6666666666666667,-1.6666666666666667,-5.1354731137974134,-0.05555555555555535,-0.25,0.0,1.0,1.0,0.0,0.0,-0.6066666666666662,1.0,0.0,1.0,0.0,-0.2393162393162393,0.0,1.0,0.0,-0.5847953216374266,0.0,0.0,0.0,1.0,0.0,2.0,0.1346704871060172,-0.7391304347826085,0.0,Dropout
3662,0.532212885896123,0.33333333333333326,0.3333333333333333,0.8193890329303871,-0.05555555555555535,-0.25,0.0,1.0,0.0,1.0,0.0,1.526666666666667,1.0,0.0,0.0,1.0,0.3589743589743596,0.0,1.0,0.0,1.6959064327485371,0.0,0.0,0.0,1.0,0.0,0.0,0.9140401146131805,0.0,0.0,Graduate
3663,-0.4803921572577854,-0.4666666666666668,-0.6666666666666666,0.005557869945810766,0.3333333333333332,-0.25,0.0,1.0,0.0,1.0,-0.5,0.5933333333333337,1.0,0.0,0.0,1.0,-0.8376068376068382,0.0,1.0,0.0,0.05847953216374266,0.0,0.0,0.0,1.0,0.0,0.0,0.4068767908309455,0.0,0.0,Graduate
3664,0.017507002384630176,0.04761904761904745,0.3333333333333333,0.10976795748228425,0.38095238095238104,0.5,0.0,1.0,0.0,1.0,0.5,0.5933333333333337,0.0,1.0,0.0,1.0,-0.5128205128205121,0.0,0.0,1.0,0.28070175438596545,0.0,0.0,0.0,1.0,0.0,0.0,0.1346704871060172,-0.7391304347826085,0.0,Graduate
3665,0.16225490241503937,0.04761904761904745,0.3333333333333333,0.5884396290120877,-0.09523809523809526,0.0,0.0,1.0,0.0,1.0,0.5,-0.47333333333333294,1.0,0.0,0.0,1.0,0.08547008547008556,0.0,1.0,1.0,-0.24561403508771934,0.0,0.0,0.0,1.0,0.0,5.0,0.42120343839541546,-0.39130434782608686,0.0,Dropout
3666,0.3247549020290102,0.33333333333333326,0.3333333333333333,0.23134639433097104,0.22222222222222213,0.0,0.0,1.0,0.0,1.0,0.0,0.0,1.0,0.0,0.0,1.0,1.0341880341880358,1.0,0.0,0.0,0.8187134502923973,0.0,0.0,0.0,0.0,0.0,0.0,-0.3553008595988538,-0.4782608695652173,0.0,Enrolled
3667,0.1519607843456499,-0.06666666666666665,1.0,0.9608170070862855,0.3333333333333332,1.5,0.0,1.0,0.0,1.0,2.0,2.4600000000000004,1.0,0.0,0.0,1.0,-1.3931623931623942,0.0,0.0,0.0,1.31578947368421,0.0,1.0,0.0,1.0,0.0,0.0,-0.98567335243553,-0.9565217391304347,0.0,Dropout
3669,0.29411764761080894,0.33333333333333326,0.3333333333333333,0.14450465610671082,0.22222222222222213,0.0,0.0,1.0,1.0,0.0,0.0,-0.006666666666666288,0.0,1.0,1.0,0.0,-0.6923076923076925,0.0,1.0,0.0,-0.3684210526315786,0.0,0.0,0.0,1.0,0.0,0.0,0.9140401146131805,0.0,0.0,Graduate
3670,-0.1908700977116671,-0.16666666666666674,0.3333333333333333,0.07155759483117982,0.2916666666666667,0.75,0.0,1.0,0.0,1.0,1.0,-0.7399999999999997,1.0,0.0,0.0,1.0,0.44444444444444514,0.0,0.0,1.0,-0.23391812865497064,0.0,0.0,0.0,1.0,0.0,0.0,-0.5787965616045845,1.0,0.0,Graduate
3671,0.4411764711711155,0.33333333333333326,2.3333333333333335,0.5613450062526048,-0.3333333333333332,1.0,0.0,1.0,0.0,1.0,3.0,0.32666666666666705,0.0,1.0,0.0,1.0,1.256410256410258,0.0,1.0,0.0,1.2573099415204672,0.0,0.0,0.0,1.0,0.0,0.0,0.9140401146131805,0.0,0.0,Graduate
3672,0.7843137256549678,0.33333333333333326,0.3333333333333333,1.5339724885368897,1.6111111111111107,1.25,0.0,1.0,0.0,1.0,0.0,1.9933333333333336,1.0,0.0,0.0,1.0,-0.5982905982905976,0.0,0.0,0.0,1.4502923976608186,0.0,0.0,0.0,1.0,0.0,0.0,-1.2550143266475644,0.608695652173913,0.0,Graduate
3673,0.5112044814799449,0.33333333333333326,0.3333333333333333,0.7598404085035428,0.22222222222222213,0.0,0.0,1.0,0.0,1.0,0.0,1.1266666666666671,1.0,0.0,0.0,1.0,0.44444444444444514,0.0,0.0,0.0,1.4035087719298238,0.0,0.0,0.0,0.0,0.0,0.0,0.1346704871060172,-0.7391304347826085,0.0,Graduate
3674,0.17156862699682812,0.33333333333333326,0.3333333333333333,-0.2028623051271362,0.5,0.25,0.0,1.0,1.0,0.0,0.0,0.0,0.0,1.0,1.0,0.0,0.3076923076923087,1.0,0.0,0.0,0.3216374269005846,0.0,0.0,0.0,0.0,0.0,0.0,0.48710601719197705,-0.3478260869565217,0.0,Graduate
3675,0.29411764761080894,0.33333333333333326,0.3333333333333333,0.14450465610671082,-0.3333333333333332,-0.5,0.0,1.0,0.0,1.0,0.0,0.726666666666667,0.0,1.0,0.0,1.0,-0.9914529914529919,0.0,1.0,0.0,0.07017543859649136,0.0,0.0,0.0,1.0,0.0,0.0,0.4068767908309455,0.0,0.0,Graduate
3678,-1.2500000002626048,-1.3333333333333335,-1.3333333333333333,0.28345143809920775,1.0555555555555554,0.75,0.0,1.0,0.0,1.0,0.0,-0.006666666666666288,1.0,0.0,0.0,1.0,0.504273504273504,0.0,1.0,0.0,0.4502923976608178,0.0,0.0,0.0,1.0,0.0,1.0,0.0,0.5217391304347826,1.0,Dropout
3680,0.29411764761080894,0.33333333333333326,0.3333333333333333,0.14450465610671082,0.22222222222222213,0.0,0.0,1.0,0.0,1.0,0.0,-0.6066666666666662,0.0,1.0,0.0,1.0,-0.4188034188034185,0.0,0.0,0.0,-0.7076023391812859,0.0,0.0,0.0,1.0,0.0,1.0,-0.5787965616045845,1.0,0.0,Graduate
3681,-1.5686274513099354,-1.6666666666666667,-1.6666666666666667,-5.1354731137974134,-1.9999999999999996,-2.0,0.0,1.0,1.0,0.0,-3.0,-0.4066666666666663,1.0,0.0,1.0,0.0,-0.09401709401709363,0.0,1.0,0.0,-0.30994152046783596,0.0,0.0,0.0,1.0,0.0,0.0,0.0,0.5217391304347826,0.0,Dropout
3682,0.1960784314137419,0.33333333333333326,0.0,-0.13338891204668618,1.0,0.25,0.0,1.0,0.0,1.0,-0.5,0.0,1.0,0.0,0.0,1.0,-0.6923076923076925,1.0,0.0,0.0,-0.36257309941520466,0.0,0.0,0.0,1.0,0.0,0.0,0.48710601719197705,-0.3478260869565217,0.0,Enrolled
3683,-1.5686274513099354,-1.6666666666666667,-1.6666666666666667,-5.1354731137974134,-0.3333333333333332,-0.75,1.0,0.0,1.0,0.0,-0.5,-1.5399999999999996,1.0,0.0,0.0,1.0,1.4529914529914545,1.0,0.0,0.0,-0.24561403508771934,0.0,0.0,0.0,1.0,0.0,0.0,-0.5787965616045845,1.0,0.0,Dropout
3684,-1.5686274513099354,-1.6666666666666667,-1.6666666666666667,-5.1354731137974134,-1.9999999999999996,-2.0,0.0,1.0,1.0,0.0,-3.0,-1.5399999999999996,0.0,1.0,1.0,0.0,1.1025641025641042,0.0,0.0,0.0,-0.4853801169590639,0.0,0.0,0.0,1.0,0.0,0.0,0.42120343839541546,-0.39130434782608686,0.0,Graduate
3687,-0.40196078420209264,-0.20000000000000018,2.0,-0.6260184160066695,-0.3333333333333332,1.75,0.0,1.0,0.0,1.0,4.5,0.0,1.0,0.0,0.0,1.0,-0.22222222222222196,0.0,1.0,0.0,-0.040935672514620026,0.0,1.0,1.0,1.0,1.0,0.0,0.0,0.5217391304347826,1.0,Dropout
3688,-1.2156862747652,-1.2666666666666666,-1.3333333333333333,-0.13338891204668618,3.333333333333333,2.0,1.0,0.0,1.0,0.0,-0.5,-0.07333333333333296,1.0,0.0,0.0,1.0,-0.658119658119659,0.0,1.0,0.0,-0.4035087719298247,0.0,0.0,0.0,1.0,0.0,0.0,0.1346704871060172,-0.7391304347826085,0.0,Dropout
3689,-0.024509803926717654,0.0,0.0,0.11671529804085004,0.22222222222222213,0.0,0.0,1.0,0.0,1.0,0.0,-0.20666666666666628,1.0,0.0,0.0,1.0,1.811965811965814,1.0,0.0,0.0,1.1695906432748533,0.0,0.0,0.0,1.0,0.0,0.0,0.42120343839541546,-0.39130434782608686,0.0,Graduate
3690,-1.1862745100531387,-1.2666666666666666,-1.3333333333333333,0.28345143809920775,1.9999999999999996,1.0,0.0,1.0,0.0,1.0,-0.5,-0.20666666666666628,1.0,0.0,0.0,1.0,0.44444444444444514,0.0,0.0,0.0,0.23391812865497064,0.0,0.0,0.0,1.0,0.0,0.0,-0.98567335243553,-0.9565217391304347,0.0,Enrolled
3691,0.13725490198961926,0.33333333333333326,0.0,-0.3001250521050439,0.6666666666666667,0.0,0.0,1.0,0.0,1.0,-0.5,-0.27333333333333293,1.0,0.0,0.0,1.0,-0.15384615384615374,0.0,0.0,0.0,-0.23391812865497064,0.0,0.0,0.0,1.0,0.0,5.0,-0.98567335243553,-0.9565217391304347,0.0,Graduate
3692,-1.2745098041893226,-1.2666666666666666,-1.3333333333333333,-0.9670696123384741,1.6666666666666667,0.75,1.0,0.0,1.0,0.0,-0.5,-0.20666666666666628,1.0,0.0,1.0,0.0,-0.5726495726495735,0.0,0.0,0.0,-0.46198830409356734,1.0,0.0,0.0,1.0,0.0,4.0,0.9140401146131805,0.0,0.0,Dropout
3693,-1.225490196335887,-1.3333333333333335,-1.3333333333333333,0.7002917882451017,-0.05555555555555535,-0.25,0.0,1.0,0.0,1.0,0.0,0.46000000000000035,1.0,0.0,0.0,1.0,-2.529914529914532,1.0,0.0,0.0,-1.2163742690058472,0.0,0.0,0.0,1.0,0.0,0.0,-0.3553008595988538,-0.4782608695652173,0.0,Dropout
3694,0.28431372554992584,0.33333333333333326,0.0,0.11671529804085004,1.0,0.25,0.0,1.0,0.0,1.0,-0.5,-0.13999999999999962,0.0,1.0,0.0,1.0,-0.2136752136752139,0.0,0.0,0.0,-0.15789473684210534,1.0,0.0,0.0,1.0,0.0,4.0,0.9140401146131805,0.0,0.0,Dropout
3695,-1.5686274513099354,-1.6666666666666667,-1.6666666666666667,-5.1354731137974134,-1.9999999999999996,-2.0,0.0,1.0,0.0,1.0,-3.0,-0.27333333333333293,1.0,0.0,0.0,1.0,0.08547008547008556,0.0,0.0,0.0,-0.07017543859649136,0.0,0.0,0.0,1.0,0.0,0.0,-0.5787965616045845,1.0,0.0,Dropout
3696,-0.9019607846992913,-0.8666666666666667,-1.0,-0.4112824802000832,1.6666666666666667,0.75,1.0,0.0,1.0,0.0,-0.5,0.0,1.0,0.0,0.0,1.0,1.8376068376068406,1.0,0.0,0.0,1.3684210526315785,0.0,0.0,0.0,0.0,0.0,0.0,0.48710601719197705,-0.3478260869565217,0.0,Dropout
3697,0.29411764761080894,0.33333333333333326,0.3333333333333333,0.14450465610671082,-0.3333333333333332,-0.5,0.0,1.0,0.0,1.0,0.0,-1.4066666666666663,1.0,0.0,0.0,1.0,0.14529914529914567,0.0,0.0,0.0,-1.0233918128654966,0.0,0.0,0.0,1.0,0.0,0.0,-0.98567335243553,-0.9565217391304347,0.0,Graduate
3699,-0.2158363344290974,-0.23809523809523814,0.0,0.23283511046269223,1.3333333333333333,1.5,0.0,1.0,0.0,1.0,0.5,0.0,1.0,0.0,0.0,1.0,-2.2991452991453007,0.0,1.0,1.0,-1.4619883040935666,0.0,0.0,0.0,1.0,0.0,0.0,-1.2550143266475644,0.608695652173913,0.0,Graduate
3701,0.3186274505571347,0.33333333333333326,0.3333333333333333,0.21397804501875775,-0.3333333333333332,-0.5,0.0,1.0,0.0,1.0,0.0,-0.13999999999999962,1.0,0.0,0.0,1.0,-0.4786324786324786,0.0,0.0,0.0,-0.33918128654970725,0.0,0.0,0.0,1.0,0.0,2.0,-1.2550143266475644,0.608695652173913,0.0,Enrolled
3702,0.28431372554992584,0.33333333333333326,0.0,0.11671529804085004,-0.3333333333333332,-0.75,0.0,1.0,1.0,0.0,-0.5,-0.873333333333333,0.0,1.0,1.0,0.0,-0.27350427350427403,0.0,1.0,0.0,-0.8421052631578947,0.0,0.0,1.0,1.0,1.0,0.0,0.4068767908309455,0.0,0.0,Enrolled
3703,-1.5686274513099354,-1.6666666666666667,-1.6666666666666667,-5.1354731137974134,-1.9999999999999996,-2.0,0.0,1.0,0.0,1.0,-0.5,-0.5399999999999996,1.0,0.0,0.0,1.0,1.2222222222222232,0.0,1.0,0.0,0.4736842105263152,0.0,0.0,0.0,1.0,0.0,0.0,0.9140401146131805,0.0,0.0,Dropout
3704,-1.5686274513099354,-1.6666666666666667,-1.6666666666666667,-5.1354731137974134,1.6666666666666667,0.75,0.0,1.0,0.0,1.0,-0.5,0.0,0.0,1.0,0.0,1.0,-2.2478632478632496,1.0,0.0,0.0,-1.4269005847953213,1.0,0.0,0.0,1.0,0.0,0.0,-0.5787965616045845,1.0,0.0,Dropout
3705,0.5147058829512685,0.33333333333333326,0.3333333333333333,0.7697651813255517,-0.3333333333333332,-0.5,0.0,1.0,0.0,1.0,0.0,-0.8066666666666663,1.0,0.0,0.0,1.0,-0.3333333333333329,0.0,0.0,0.0,-0.8245614035087712,0.0,0.0,0.0,1.0,0.0,1.0,0.1346704871060172,-0.7391304347826085,0.0,Graduate
3706,0.40196078439817107,0.33333333333333326,0.0,0.4501875781575655,0.3333333333333332,-0.25,0.0,1.0,0.0,1.0,-0.5,0.9933333333333337,1.0,0.0,0.0,1.0,-2.085470085470087,0.0,0.0,0.0,-0.44444444444444386,0.0,0.0,0.0,1.0,0.0,0.0,0.9140401146131805,0.0,0.0,Dropout
3707,0.07843137256549662,0.33333333333333326,0.0,-0.46686119216340166,0.6666666666666667,0.0,0.0,1.0,0.0,1.0,-0.5,0.3933333333333337,0.0,1.0,0.0,1.0,-0.5726495726495735,0.0,1.0,0.0,0.0643274853801166,0.0,0.0,0.0,1.0,0.0,0.0,-0.5787965616045845,1.0,0.0,Graduate
3708,-1.5686274513099354,-1.6666666666666667,-1.6666666666666667,-5.1354731137974134,-1.9999999999999996,-2.0,0.0,1.0,0.0,1.0,-3.0,-0.5399999999999996,1.0,0.0,0.0,1.0,0.05982905982906013,0.0,0.0,0.0,-0.3216374269005846,0.0,0.0,0.0,1.0,0.0,2.0,0.42120343839541546,-0.39130434782608686,0.0,Graduate
3709,0.29411764761080894,0.33333333333333326,0.3333333333333333,0.14450465610671082,-0.3333333333333332,-0.5,1.0,0.0,1.0,0.0,0.0,-0.33999999999999964,1.0,0.0,1.0,0.0,1.1367521367521376,0.0,0.0,0.0,0.5906432748538005,0.0,0.0,0.0,1.0,0.0,3.0,0.48710601719197705,-0.3478260869565217,0.0,Dropout
3710,-0.4803921572577854,-0.4666666666666668,-0.6666666666666666,0.005557869945810766,0.3333333333333332,-0.25,0.0,1.0,0.0,1.0,-0.5,-0.07333333333333296,1.0,0.0,0.0,1.0,-0.2393162393162393,0.0,0.0,0.0,-0.11695906432748532,0.0,0.0,0.0,1.0,0.0,1.0,0.0,0.5217391304347826,0.0,Dropout
3711,-0.1274509804189321,-0.06666666666666665,-0.3333333333333333,-0.029178824510212698,0.3333333333333332,-0.25,0.0,1.0,0.0,1.0,-0.5,0.2600000000000004,1.0,0.0,0.0,1.0,0.8376068376068382,0.0,0.0,0.0,0.9122807017543851,0.0,0.0,0.0,1.0,0.0,3.0,0.0,0.5217391304347826,0.0,Graduate
3712,-1.5686274513099354,-1.6666666666666667,-1.6666666666666667,-5.1354731137974134,-1.9999999999999996,-2.0,0.0,1.0,1.0,0.0,-3.0,1.7933333333333337,0.0,1.0,1.0,0.0,0.44444444444444514,0.0,0.0,0.0,1.9883040935672505,0.0,0.0,0.0,0.0,0.0,0.0,-1.2550143266475644,0.608695652173913,0.0,Dropout
3713,-0.620098039345959,-0.4666666666666668,-0.6666666666666666,-0.6544393497290536,2.333333333333333,1.25,0.0,1.0,0.0,1.0,-0.5,-0.873333333333333,1.0,0.0,0.0,1.0,-0.4102564102564104,1.0,0.0,0.0,-0.9356725146198825,0.0,0.0,0.0,1.0,0.0,0.0,-1.2550143266475644,0.608695652173913,0.0,Dropout
3714,-1.5686274513099354,-1.6666666666666667,-1.6666666666666667,-5.1354731137974134,-0.3333333333333332,-0.25,0.0,1.0,0.0,1.0,0.5,0.06000000000000038,1.0,0.0,0.0,1.0,-2.461538461538464,0.0,0.0,0.0,-1.5204678362573092,0.0,0.0,0.0,1.0,0.0,0.0,0.1346704871060172,-0.7391304347826085,0.0,Dropout
3716,-0.7254901964269235,-0.8666666666666667,-1.0,0.8392385702375987,1.0,0.25,0.0,1.0,0.0,1.0,-0.5,-1.1399999999999997,1.0,0.0,0.0,1.0,1.1965811965811977,0.0,1.0,0.0,-0.07017543859649136,0.0,0.0,0.0,1.0,0.0,1.0,0.0,0.5217391304347826,0.0,Enrolled
3717,-0.8921568629325258,-0.8666666666666667,-1.0,-0.34180908711963315,0.6666666666666667,0.0,0.0,1.0,0.0,1.0,-0.5,0.46000000000000035,1.0,0.0,0.0,1.0,0.44444444444444514,0.0,0.0,0.0,0.8187134502923973,0.0,0.0,0.0,0.0,0.0,0.0,-0.5787965616045845,1.0,0.0,Dropout
3718,-1.5686274513099354,-1.6666666666666667,-1.6666666666666667,-5.1354731137974134,-1.9999999999999996,-2.0,0.0,1.0,0.0,1.0,-3.0,0.46000000000000035,1.0,0.0,0.0,1.0,-0.8974358974358984,0.0,1.0,0.0,-0.09941520467836269,0.0,0.0,0.0,1.0,0.0,2.0,0.0,0.5217391304347826,0.0,Graduate
3719,-0.9509803923566483,-0.8666666666666667,-1.0,-0.7586494372655271,1.6666666666666667,0.75,0.0,1.0,0.0,1.0,-0.5,-0.7399999999999997,1.0,0.0,0.0,1.0,0.1794871794871804,0.0,0.0,0.0,-0.4152046783625726,0.0,0.0,0.0,1.0,0.0,0.0,-0.5787965616045845,1.0,0.0,Dropout
3721,-1.2990196081160403,-1.3333333333333335,-1.3333333333333333,-0.5502292621925802,2.7222222222222223,2.25,0.0,1.0,0.0,1.0,0.0,-0.873333333333333,1.0,0.0,0.0,1.0,0.44444444444444514,0.0,0.0,0.0,-0.35087719298245595,0.0,0.0,0.0,1.0,0.0,0.0,-0.3553008595988538,-0.4782608695652173,0.0,Enrolled
3723,-1.5686274513099354,-1.6666666666666667,-1.6666666666666667,-5.1354731137974134,2.7222222222222223,2.25,0.0,1.0,0.0,1.0,0.0,0.0,1.0,0.0,0.0,1.0,0.1794871794871804,1.0,0.0,0.0,0.23391812865497064,0.0,0.0,0.0,0.0,0.0,0.0,-1.2550143266475644,0.608695652173913,0.0,Dropout
3725,-0.1274509804189321,-0.06666666666666665,-0.3333333333333333,-0.029178824510212698,0.0,-0.5,0.0,1.0,0.0,1.0,-0.5,-0.7399999999999997,0.0,1.0,0.0,1.0,-0.05982905982906013,0.0,1.0,0.0,-0.5789473684210527,0.0,0.0,0.0,1.0,0.0,1.0,-0.98567335243553,-0.9565217391304347,0.0,Dropout
3726,-0.7303921570161885,-0.6666666666666667,0.0,-0.38349312213422243,1.5,3.25,0.0,1.0,0.0,1.0,2.0,-0.20666666666666628,1.0,0.0,0.0,1.0,0.44444444444444514,0.0,0.0,0.0,0.23391812865497064,0.0,0.0,0.0,0.0,0.0,0.0,-1.2550143266475644,0.608695652173913,0.0,Dropout
3727,-1.5686274513099354,-1.6666666666666667,-1.6666666666666667,-5.1354731137974134,-0.3333333333333332,-0.75,1.0,0.0,1.0,0.0,-0.5,0.46000000000000035,1.0,0.0,0.0,1.0,-0.8974358974358984,0.0,0.0,0.0,-0.09941520467836269,0.0,0.0,0.0,1.0,0.0,1.0,-0.5787965616045845,1.0,0.0,Dropout
3728,-0.17156862748702423,-0.3333333333333335,-0.3333333333333333,0.8045018757815753,0.22222222222222213,0.0,0.0,1.0,0.0,1.0,0.0,-0.5399999999999996,1.0,0.0,0.0,1.0,0.44444444444444514,0.0,0.0,0.0,-0.05847953216374266,0.0,0.0,0.0,1.0,0.0,5.0,0.4068767908309455,0.0,0.0,Graduate
3729,0.3799019602513798,0.16666666666666652,2.0,0.8897646727803245,-0.3333333333333332,1.0,0.0,1.0,0.0,1.0,3.0,-1.5399999999999996,1.0,0.0,0.0,1.0,0.44444444444444514,0.0,0.0,0.0,-0.9356725146198825,0.0,0.0,0.0,0.0,0.0,0.0,0.48710601719197705,-0.3478260869565217,0.0,Graduate
3730,0.5693815991392258,0.33333333333333326,2.3333333333333335,0.9247442851187991,-0.19444444444444448,1.25,0.0,1.0,1.0,0.0,3.0,0.0,1.0,0.0,1.0,0.0,-1.1025641025641029,0.0,1.0,0.0,-0.6432748538011692,0.0,0.0,0.0,1.0,0.0,0.0,-1.2550143266475644,0.608695652173913,0.0,Graduate
3732,-0.7598039217282501,-0.8333333333333334,0.0,0.36681950812838626,-0.19444444444444448,1.25,0.0,1.0,0.0,1.0,3.0,-0.7399999999999997,1.0,0.0,0.0,1.0,1.0256410256410278,0.0,0.0,0.0,0.1637426900584801,0.0,0.0,0.0,1.0,0.0,0.0,0.9140401146131805,0.0,0.0,Dropout
3733,-1.5686274513099354,-1.6666666666666667,-1.6666666666666667,-5.1354731137974134,-1.9999999999999996,-2.0,0.0,1.0,0.0,1.0,-3.0,1.4600000000000004,1.0,0.0,0.0,1.0,-0.4786324786324798,0.0,1.0,0.0,1.0643274853801157,0.0,0.0,0.0,1.0,0.0,2.0,-0.5787965616045845,1.0,0.0,Graduate
3734,0.24509803877698141,0.33333333333333326,0.3333333333333333,0.005557869945810766,-0.05555555555555535,-0.25,0.0,1.0,0.0,1.0,0.0,-0.873333333333333,0.0,1.0,0.0,1.0,1.641025641025643,1.0,0.0,0.0,0.4678362573099413,0.0,0.0,0.0,1.0,0.0,0.0,0.9140401146131805,0.0,0.0,Dropout
3736,0.09523809525810295,0.04761904761904745,0.3333333333333333,0.36681950812838626,-0.3333333333333332,-0.25,0.0,1.0,0.0,1.0,0.5,0.726666666666667,1.0,0.0,0.0,1.0,-0.8547008547008543,0.0,1.0,1.0,0.1637426900584801,0.0,0.0,0.0,1.0,0.0,1.0,0.0,0.5217391304347826,0.0,Graduate
3738,-0.17973856253776022,0.0,0.0,-0.4112824802000832,0.7777777777777779,0.5,0.0,1.0,0.0,1.0,0.0,0.0,1.0,0.0,0.0,1.0,-0.24786324786324737,0.0,1.0,0.0,-0.05847953216374266,0.0,0.0,0.0,1.0,0.0,0.0,-0.5787965616045845,1.0,0.0,Enrolled
3742,-0.30392156898541767,-0.4666666666666668,-0.6666666666666666,0.8392385702375987,3.333333333333333,2.0,0.0,1.0,0.0,1.0,-0.5,0.0,0.0,1.0,0.0,1.0,-0.4188034188034185,1.0,0.0,0.0,-0.17543859649122798,1.0,0.0,0.0,1.0,0.0,0.0,-0.98567335243553,-0.9565217391304347,0.0,Enrolled
3743,0.08578431374351245,0.0,0.0,0.4918716131721548,0.5,0.25,0.0,1.0,0.0,1.0,0.0,-1.0066666666666664,0.0,1.0,0.0,1.0,0.05982905982906013,0.0,0.0,0.0,-0.7309941520467833,0.0,0.0,0.0,1.0,0.0,0.0,0.42120343839541546,-0.39130434782608686,0.0,Graduate
3744,0.553221288841713,0.33333333333333326,0.3333333333333333,0.8789376531888282,0.22222222222222213,0.0,0.0,1.0,0.0,1.0,0.0,-0.873333333333333,1.0,0.0,0.0,1.0,0.8717948717948729,0.0,0.0,0.0,-0.05847953216374266,0.0,0.0,0.0,0.0,0.0,0.0,0.48710601719197705,-0.3478260869565217,0.0,Enrolled
3745,-1.5686274513099354,-1.6666666666666667,-1.6666666666666667,-5.1354731137974134,1.3333333333333333,1.0,0.0,1.0,0.0,1.0,0.0,0.0,1.0,0.0,0.0,1.0,0.589743589743592,0.0,0.0,0.0,0.5146198830409361,0.0,0.0,0.0,1.0,0.0,2.0,0.0,0.5217391304347826,1.0,Dropout
3746,-1.5686274513099354,-1.6666666666666667,-1.6666666666666667,-5.1354731137974134,-1.9999999999999996,-2.0,1.0,0.0,1.0,0.0,-3.0,0.7933333333333337,1.0,0.0,0.0,1.0,0.8632478632478648,0.0,1.0,0.0,1.3976608187134498,0.0,0.0,0.0,1.0,0.0,0.0,-0.3553008595988538,-0.4782608695652173,0.0,Graduate
3747,0.3179534314393459,0.33333333333333326,1.0,0.2120675281367232,-0.3333333333333332,0.0,0.0,1.0,0.0,1.0,1.0,-0.5399999999999996,0.0,1.0,0.0,1.0,0.0,0.0,1.0,1.0,-0.36257309941520466,0.0,0.0,0.0,1.0,0.0,0.0,-0.98567335243553,-0.9565217391304347,0.0,Graduate
3748,-1.5686274513099354,-1.6666666666666667,-1.6666666666666667,-5.1354731137974134,0.0,-0.5,0.0,1.0,0.0,1.0,-0.5,-0.5399999999999996,1.0,0.0,0.0,1.0,0.44444444444444514,0.0,0.0,0.0,-0.05847953216374266,0.0,0.0,0.0,1.0,0.0,0.0,0.4068767908309455,0.0,0.0,Graduate
3749,-1.5686274513099354,-1.6666666666666667,-1.6666666666666667,-5.1354731137974134,-1.9999999999999996,-2.0,0.0,1.0,1.0,0.0,0.5,0.9933333333333337,1.0,0.0,1.0,0.0,-0.658119658119659,0.0,1.0,1.0,0.5321637426900578,0.0,0.0,0.0,1.0,0.0,2.0,0.1346704871060172,-0.7391304347826085,0.0,Dropout
3750,0.5882352947314218,0.33333333333333326,0.3333333333333333,0.9781853563984988,-0.3333333333333332,-0.5,0.0,1.0,0.0,1.0,0.0,0.3933333333333337,1.0,0.0,0.0,1.0,0.3846153846153862,0.0,1.0,0.0,0.7192982456140354,0.0,0.0,0.0,1.0,0.0,3.0,-0.98567335243553,-0.9565217391304347,0.0,Graduate
3751,0.22475490237564885,0.08333333333333326,0.6666666666666666,0.6740903959983322,-0.3333333333333332,0.0,0.0,1.0,0.0,1.0,1.0,-0.20666666666666628,1.0,0.0,0.0,1.0,-0.19658119658119652,0.0,0.0,1.0,-0.20467836257309932,0.0,0.0,0.0,1.0,0.0,1.0,0.4068767908309455,0.0,0.0,Graduate
3752,0.2328431373038187,0.0,1.6666666666666667,0.9920800333472273,-0.3333333333333332,1.0,0.0,1.0,0.0,1.0,3.0,0.9933333333333337,1.0,0.0,0.0,1.0,0.44444444444444514,0.0,1.0,0.0,1.2865497076023384,0.0,0.0,0.0,1.0,0.0,0.0,-1.2550143266475644,0.608695652173913,0.0,Graduate
3753,0.14705882405050236,0.33333333333333326,0.3333333333333333,-0.2723356940391831,-0.3333333333333332,-0.5,0.0,1.0,0.0,1.0,0.0,-0.20666666666666628,1.0,0.0,0.0,1.0,0.11965811965812026,0.0,1.0,0.0,0.011695906432748699,0.0,0.0,0.0,1.0,0.0,1.0,-0.5787965616045845,1.0,0.0,Graduate
3755,-1.2156862747652,-1.2666666666666666,-1.3333333333333333,-0.13338891204668618,1.6666666666666667,0.75,0.0,1.0,0.0,1.0,-0.5,0.0,1.0,0.0,0.0,1.0,-2.042735042735044,1.0,0.0,0.0,-1.2865497076023384,0.0,0.0,0.0,0.0,0.0,0.0,0.4068767908309455,0.0,0.0,Dropout
3756,0.44424019617175897,0.33333333333333326,0.6666666666666666,0.5700291788245099,-0.09523809523809526,0.0,0.0,1.0,0.0,1.0,0.5,0.2600000000000004,1.0,0.0,0.0,1.0,-0.43589743589743585,0.0,0.0,1.0,0.040935672514620026,0.0,0.0,0.0,1.0,0.0,3.0,0.1346704871060172,-0.7391304347826085,0.0,Dropout
3757,-0.04901960785343531,0.0,0.0,0.033347228011671545,1.8888888888888888,1.5,0.0,1.0,0.0,1.0,0.0,-0.20666666666666628,1.0,0.0,0.0,1.0,-0.4102564102564104,1.0,0.0,0.0,-0.35087719298245595,0.0,0.0,0.0,1.0,0.0,0.0,-0.98567335243553,-0.9565217391304347,0.0,Graduate
3758,0.40166666675105017,0.33333333333333326,0.6666666666666666,0.44935389745727344,0.38095238095238104,0.5,0.0,1.0,0.0,1.0,0.5,0.2600000000000004,1.0,0.0,0.0,1.0,-0.6153846153846162,0.0,1.0,1.0,-0.08187134502924005,0.0,0.0,0.0,1.0,0.0,1.0,-1.2550143266475644,0.608695652173913,0.0,Graduate
3759,-0.12254901963358843,0.0,0.0,-0.2167569820758647,1.6111111111111107,1.25,0.0,1.0,0.0,1.0,0.0,-0.20666666666666628,1.0,0.0,0.0,1.0,0.44444444444444514,0.0,0.0,0.0,0.23391812865497064,0.0,0.0,0.0,1.0,0.0,0.0,0.42120343839541546,-0.39130434782608686,0.0,Enrolled
3760,-1.5686274513099354,-1.6666666666666667,-1.6666666666666667,-5.1354731137974134,-1.9999999999999996,-2.0,0.0,1.0,0.0,1.0,-0.5,0.46000000000000035,1.0,0.0,0.0,1.0,-0.6410256410256416,0.0,0.0,0.0,0.0760233918128653,0.0,0.0,0.0,1.0,0.0,0.0,0.48710601719197705,-0.3478260869565217,0.0,Dropout
3761,-0.0686274508967704,0.06666666666666665,2.6666666666666665,-0.2295828386827845,0.11111111111111106,2.75,0.0,1.0,0.0,1.0,4.5,1.1266666666666671,1.0,0.0,0.0,1.0,-1.9487179487179505,0.0,0.0,0.0,-0.23391812865497064,0.0,0.0,0.0,1.0,0.0,0.0,-0.98567335243553,-0.9565217391304347,0.0,Graduate
3762,-1.5686274513099354,-1.6666666666666667,-1.6666666666666667,-5.1354731137974134,0.22222222222222213,0.0,1.0,0.0,1.0,0.0,0.0,-0.20666666666666628,1.0,0.0,1.0,0.0,0.02564102564102542,0.0,0.0,0.0,-0.05263157894736873,0.0,0.0,0.0,0.0,0.0,0.0,-0.3553008595988538,-0.4782608695652173,0.0,Dropout
3764,0.14705882405050236,0.33333333333333326,0.3333333333333333,-0.2723356940391831,-0.3333333333333332,-0.5,0.0,1.0,0.0,1.0,0.0,0.06000000000000038,0.0,1.0,0.0,1.0,0.08547008547008676,0.0,1.0,0.0,0.22222222222222276,0.0,0.0,0.0,1.0,0.0,0.0,-1.2550143266475644,0.608695652173913,0.0,Graduate
3766,0.08032212928858307,0.04761904761904745,0.3333333333333333,0.3174934014172572,0.14285714285714307,0.25,0.0,1.0,0.0,1.0,0.5,0.5266666666666671,0.0,1.0,0.0,1.0,-0.8717948717948729,0.0,1.0,1.0,-0.023391812865497397,0.0,0.0,0.0,1.0,0.0,0.0,0.48710601719197705,-0.3478260869565217,0.0,Graduate
3767,0.29411764761080894,0.33333333333333326,0.3333333333333333,0.14450465610671082,-0.3333333333333332,-0.5,0.0,1.0,0.0,1.0,0.0,0.32666666666666705,0.0,1.0,0.0,1.0,-0.658119658119659,0.0,0.0,0.0,-0.05263157894736873,0.0,0.0,0.0,1.0,0.0,2.0,-1.2550143266475644,0.608695652173913,0.0,Graduate
3768,-0.7352941180466303,-0.6666666666666667,-0.6666666666666666,-0.4112824802000832,-0.3333333333333332,-0.5,1.0,0.0,1.0,0.0,0.0,-1.1399999999999997,1.0,0.0,1.0,0.0,0.4188034188034197,0.0,0.0,0.0,-0.6023391812865493,0.0,0.0,0.0,1.0,0.0,0.0,0.42120343839541546,-0.39130434782608686,0.0,Dropout
3769,0.09803921570687095,0.0,0.0,0.5335556481867441,0.22222222222222213,0.0,0.0,1.0,0.0,1.0,0.0,-0.7399999999999997,1.0,0.0,0.0,1.0,-0.3589743589743596,0.0,1.0,0.0,-0.783625730994152,0.0,0.0,0.0,1.0,0.0,2.0,0.0,0.5217391304347826,0.0,Enrolled
3770,0.36764705939096226,0.33333333333333326,0.3333333333333333,0.3529248311796578,-0.3333333333333332,-0.5,0.0,1.0,0.0,1.0,0.0,-0.13999999999999962,0.0,1.0,0.0,1.0,0.11965811965812026,0.0,1.0,0.0,0.07017543859649136,0.0,0.0,0.0,1.0,0.0,2.0,0.42120343839541546,-0.39130434782608686,0.0,Dropout
3771,-1.5686274513099354,-1.6666666666666667,-1.6666666666666667,-5.1354731137974134,-1.9999999999999996,-2.0,0.0,1.0,0.0,1.0,0.0,0.46000000000000035,1.0,0.0,0.0,1.0,0.44444444444444514,0.0,0.0,0.0,0.8187134502923973,0.0,0.0,0.0,0.0,0.0,0.0,-0.5787965616045845,1.0,0.0,Dropout
3772,-0.1388888885095706,0.0,0.0,-0.2723356940391831,0.7777777777777779,0.5,0.0,1.0,0.0,1.0,0.0,0.46000000000000035,1.0,0.0,0.0,1.0,0.44444444444444514,0.0,0.0,0.0,0.8187134502923973,0.0,0.0,0.0,0.0,0.0,0.0,0.42120343839541546,-0.39130434782608686,0.0,Graduate
3773,0.4166666667542018,0.33333333333333326,0.3333333333333333,0.4918716131721548,-0.3333333333333332,-0.5,0.0,1.0,0.0,1.0,0.0,-0.4066666666666663,0.0,1.0,0.0,1.0,-0.11965811965811904,0.0,1.0,0.0,-0.32748538011695855,0.0,0.0,0.0,1.0,0.0,3.0,0.48710601719197705,-0.3478260869565217,0.0,Graduate
3774,-1.5686274513099354,-1.6666666666666667,-1.6666666666666667,-5.1354731137974134,-0.05555555555555535,-0.25,1.0,0.0,1.0,0.0,0.0,0.0,0.0,1.0,1.0,0.0,-2.3846153846153864,1.0,0.0,0.0,-1.5204678362573092,0.0,0.0,0.0,0.0,0.0,0.0,0.1346704871060172,-0.7391304347826085,0.0,Dropout
3775,0.36764705939096226,0.33333333333333326,0.3333333333333333,0.3529248311796578,-0.3333333333333332,-0.5,0.0,1.0,0.0,1.0,0.0,-1.073333333333333,0.0,1.0,0.0,1.0,0.14529914529914567,0.0,1.0,0.0,-0.7309941520467833,0.0,0.0,0.0,1.0,0.0,0.0,0.48710601719197705,-0.3478260869565217,0.0,Graduate
3776,-0.09803921570687095,-0.06666666666666665,-0.3333333333333333,0.0750312630262608,1.6666666666666667,0.75,0.0,1.0,1.0,0.0,-0.5,1.1266666666666671,1.0,0.0,1.0,0.0,-1.0854700854700867,0.0,1.0,0.0,0.3567251461988299,0.0,0.0,0.0,1.0,0.0,0.0,-0.5787965616045845,1.0,0.0,Dropout
3777,0.3982843138091632,0.33333333333333326,0.3333333333333333,0.439766569403918,0.7777777777777779,0.5,1.0,0.0,1.0,0.0,0.0,1.7933333333333337,1.0,0.0,0.0,1.0,0.44444444444444514,0.0,0.0,0.0,1.9883040935672505,0.0,0.0,0.0,0.0,0.0,0.0,-0.3553008595988538,-0.4782608695652173,0.0,Graduate
3778,0.36764705939096226,0.33333333333333326,0.3333333333333333,0.3529248311796578,-0.3333333333333332,-0.5,0.0,1.0,0.0,1.0,0.0,-0.33999999999999964,1.0,0.0,0.0,1.0,0.2991452991452994,0.0,1.0,0.0,0.017543859649122633,0.0,0.0,0.0,1.0,0.0,0.0,-1.2550143266475644,0.608695652173913,0.0,Graduate
3780,-0.7492997200453709,-0.8095238095238096,-0.6666666666666666,0.28345143809920775,0.38095238095238104,0.5,0.0,1.0,0.0,1.0,0.5,-0.47333333333333294,1.0,0.0,0.0,1.0,-1.7777777777777792,0.0,0.0,0.0,-1.5204678362573092,0.0,0.0,0.0,1.0,0.0,0.0,0.4068767908309455,0.0,0.0,Enrolled
3781,0.12401960731772119,0.08333333333333326,0.6666666666666666,0.3477639474781156,-0.3333333333333332,0.0,0.0,1.0,0.0,1.0,1.0,0.12666666666666704,1.0,0.0,0.0,1.0,-0.3418803418803422,0.0,0.0,1.0,-0.011695906432748699,0.0,0.0,0.0,1.0,0.0,0.0,0.4068767908309455,0.0,0.0,Graduate
3782,0.3186274505571347,0.33333333333333326,0.3333333333333333,0.21397804501875775,-0.3333333333333332,-0.5,0.0,1.0,0.0,1.0,0.0,0.3933333333333337,0.0,1.0,0.0,1.0,0.717948717948718,0.0,1.0,0.0,0.9473684210526304,0.0,0.0,0.0,1.0,0.0,2.0,-0.98567335243553,-0.9565217391304347,0.0,Graduate
3783,0.21708683435933204,0.33333333333333326,0.6666666666666666,-0.07384029178824508,0.38095238095238104,0.5,0.0,1.0,0.0,1.0,0.5,-0.5399999999999996,1.0,0.0,0.0,1.0,-0.03418803418803349,0.0,0.0,0.0,-0.38596491228070123,0.0,0.0,0.0,1.0,0.0,1.0,0.42120343839541546,-0.39130434782608686,0.0,Graduate
3786,-0.6862745099480968,-0.6666666666666667,-0.6666666666666666,-0.13338891204668618,2.9999999999999996,2.5,0.0,1.0,0.0,1.0,0.0,1.1266666666666671,0.0,1.0,0.0,1.0,0.44444444444444514,0.0,0.0,0.0,1.4035087719298238,0.0,0.0,0.0,0.0,0.0,0.0,-1.2550143266475644,0.608695652173913,0.0,Enrolled
3788,-0.22058823534045954,0.0,0.0,-0.5502292621925802,0.5,0.25,0.0,1.0,0.0,1.0,0.0,-1.1399999999999997,1.0,0.0,0.0,1.0,-0.17948717948717918,0.0,1.0,0.0,-1.0116959064327478,0.0,0.0,0.0,1.0,0.0,0.0,0.48710601719197705,-0.3478260869565217,0.0,Dropout
3789,-0.1593137255236654,0.0,0.0,-0.34180908711963315,0.22222222222222213,0.0,0.0,1.0,0.0,1.0,0.0,-0.20666666666666628,1.0,0.0,0.0,1.0,0.44444444444444514,0.0,0.0,0.0,0.23391812865497064,0.0,0.0,0.0,0.0,0.0,0.0,0.42120343839541546,-0.39130434782608686,0.0,Enrolled
3790,-0.9150326800941944,-1.0,-0.6666666666666666,0.42239822009170475,-0.3333333333333332,0.25,1.0,0.0,1.0,0.0,1.5,0.46000000000000035,1.0,0.0,1.0,0.0,-0.8717948717948729,0.0,0.0,0.0,-0.08187134502924005,0.0,0.0,0.0,1.0,0.0,0.0,0.9140401146131805,0.0,0.0,Dropout
3791,0.5776143785527201,0.33333333333333326,0.6666666666666666,0.9480802167569816,0.14285714285714307,0.25,0.0,1.0,0.0,1.0,0.5,0.06000000000000038,1.0,0.0,0.0,1.0,0.18803418803418845,0.0,1.0,1.0,0.2923976608187133,0.0,0.0,0.0,1.0,0.0,1.0,-1.2550143266475644,0.608695652173913,0.0,Graduate
3792,-0.4901960785343547,-0.3333333333333335,-0.3333333333333333,-0.5502292621925802,0.5,0.25,0.0,1.0,1.0,0.0,0.0,-0.20666666666666628,1.0,0.0,1.0,0.0,0.44444444444444514,0.0,0.0,0.0,0.23391812865497064,0.0,0.0,0.0,0.0,0.0,0.0,0.42120343839541546,-0.39130434782608686,0.0,Dropout
3793,-1.5686274513099354,-1.6666666666666667,-1.6666666666666667,-5.1354731137974134,0.6666666666666667,0.0,1.0,0.0,1.0,0.0,-0.5,-0.7399999999999997,1.0,0.0,1.0,0.0,-0.05982905982906013,0.0,0.0,0.0,-0.5789473684210527,1.0,0.0,0.0,1.0,0.0,0.0,-0.98567335243553,-0.9565217391304347,0.0,Dropout
3794,-1.5686274513099354,-1.6666666666666667,-1.6666666666666667,-5.1354731137974134,-0.3333333333333332,-0.5,0.0,1.0,0.0,1.0,0.0,-0.33999999999999964,1.0,0.0,0.0,1.0,0.2393162393162393,0.0,0.0,0.0,-0.023391812865497397,0.0,0.0,0.0,1.0,0.0,0.0,0.9140401146131805,0.0,0.0,Dropout
3795,-1.2156862747652,-1.2666666666666666,-1.3333333333333333,-0.13338891204668618,1.0,0.25,0.0,1.0,0.0,1.0,-0.5,-0.20666666666666628,1.0,0.0,0.0,1.0,-0.2991452991452994,0.0,0.0,0.0,-0.2748538011695907,1.0,0.0,0.0,1.0,0.0,0.0,0.0,0.5217391304347826,0.0,Dropout
3796,0.4901960785343547,0.33333333333333326,0.0,0.7002917882451017,0.6666666666666667,0.0,0.0,1.0,0.0,1.0,-0.5,-1.3399999999999996,1.0,0.0,0.0,1.0,-0.03418803418803349,0.0,1.0,0.0,-1.0877192982456132,1.0,0.0,0.0,1.0,0.0,2.0,0.9140401146131805,0.0,0.0,Graduate
3799,0.5269607844244315,0.33333333333333326,0.3333333333333333,0.8045018757815753,0.22222222222222213,0.0,0.0,1.0,0.0,1.0,0.0,0.5266666666666671,1.0,0.0,0.0,1.0,-0.4529914529914532,0.0,1.0,0.0,0.263157894736842,0.0,0.0,0.0,1.0,0.0,0.0,0.48710601719197705,-0.3478260869565217,0.0,Graduate
3801,-1.5686274513099354,-1.6666666666666667,-1.6666666666666667,-5.1354731137974134,1.3333333333333333,1.0,0.0,1.0,0.0,1.0,0.0,0.0,0.0,1.0,0.0,1.0,-0.9230769230769237,0.0,0.0,0.0,-0.52046783625731,0.0,1.0,1.0,1.0,0.0,0.0,0.0,0.5217391304347826,0.0,Dropout
3802,0.17401960751204898,0.08333333333333326,0.6666666666666666,0.5097361984160066,-0.3333333333333332,0.0,0.0,1.0,0.0,1.0,1.0,0.726666666666667,0.0,1.0,0.0,1.0,-0.9658119658119665,0.0,0.0,1.0,0.08771929824561399,0.0,0.0,0.0,1.0,0.0,0.0,-0.5787965616045845,1.0,0.0,Graduate
3803,0.3594771240951282,0.33333333333333326,1.3333333333333333,0.3297670320967065,-0.3333333333333332,0.25,0.0,1.0,0.0,1.0,1.5,0.46000000000000035,0.0,1.0,0.0,1.0,-0.7521367521367526,0.0,0.0,0.0,0.0,0.0,0.0,0.0,1.0,0.0,0.0,-0.5787965616045845,1.0,0.0,Graduate
3804,0.29411764761080894,0.33333333333333326,1.3333333333333333,0.14450465610671082,0.03703703703703727,0.75,0.0,1.0,0.0,1.0,1.5,-2.206666666666666,1.0,0.0,0.0,1.0,1.5555555555555574,0.0,0.0,0.0,-0.7602339181286546,0.0,1.0,1.0,0.0,1.0,0.0,0.0,0.5217391304347826,1.0,Graduate
3805,-0.3039215686913,-0.06666666666666665,-0.3333333333333333,-0.6544393497290536,1.3333333333333333,0.5,0.0,1.0,0.0,1.0,-0.5,0.12666666666666704,1.0,0.0,0.0,1.0,0.02564102564102542,0.0,1.0,0.0,0.23976608187134457,0.0,0.0,0.0,1.0,0.0,0.0,-0.98567335243553,-0.9565217391304347,0.0,Dropout
3806,-0.9362745100006178,-0.8666666666666667,-0.3333333333333333,-0.6544393497290536,0.3333333333333332,1.5,0.0,1.0,0.0,1.0,2.0,-0.20666666666666628,1.0,0.0,0.0,1.0,-1.264957264957266,0.0,0.0,0.0,-0.9356725146198825,0.0,0.0,0.0,1.0,0.0,0.0,0.0,0.5217391304347826,0.0,Dropout
3807,0.4411764711711155,0.33333333333333326,0.3333333333333333,0.5613450062526048,-0.3333333333333332,-0.5,0.0,1.0,0.0,1.0,0.0,0.9266666666666671,1.0,0.0,0.0,1.0,-0.5128205128205121,0.0,1.0,0.0,0.5730994152046788,0.0,0.0,1.0,1.0,0.0,2.0,-0.98567335243553,-0.9565217391304347,0.0,Graduate
3808,0.46568627411744096,0.33333333333333326,0.3333333333333333,0.6308183951646517,-0.3333333333333332,-0.5,0.0,1.0,0.0,1.0,0.0,1.0600000000000003,1.0,0.0,0.0,1.0,-1.495726495726497,1.0,0.0,0.0,0.017543859649122633,0.0,1.0,1.0,0.0,1.0,0.0,0.0,0.5217391304347826,1.0,Graduate
3809,0.261437908796754,0.2222222222222221,4.0,0.35701150062525994,-0.3333333333333332,2.5,0.0,1.0,0.0,1.0,6.0,-0.20666666666666628,1.0,0.0,0.0,1.0,0.44444444444444514,0.0,0.0,0.0,0.23391812865497064,0.0,1.0,1.0,0.0,1.0,0.0,0.0,0.5217391304347826,1.0,Dropout
3810,-0.3186274510473308,-0.3333333333333335,-0.3333333333333333,0.1792413505627343,0.22222222222222213,0.0,0.0,1.0,0.0,1.0,0.0,-0.873333333333333,1.0,0.0,0.0,1.0,-0.9230769230769237,1.0,0.0,0.0,-1.2865497076023384,0.0,1.0,1.0,1.0,1.0,0.0,0.0,0.5217391304347826,1.0,Dropout
3811,-0.21778711489169186,-0.23809523809523814,0.0,0.22509378907878239,-0.09523809523809526,0.0,0.0,1.0,0.0,1.0,0.5,-0.5399999999999996,0.0,1.0,0.0,1.0,0.32478632478632485,0.0,0.0,1.0,-0.14035087719298273,0.0,0.0,0.0,1.0,0.0,0.0,0.0,0.5217391304347826,0.0,Enrolled
3813,-0.1648841351059408,-0.030303030303030276,1.3333333333333333,-0.2723356940391831,-0.3333333333333332,0.75,0.0,1.0,0.0,1.0,2.5,1.0600000000000003,1.0,0.0,0.0,1.0,-1.1367521367521376,0.0,0.0,0.0,0.263157894736842,0.0,0.0,0.0,1.0,0.0,0.0,0.4068767908309455,0.0,0.0,Graduate
3814,0.8578431374351209,0.33333333333333326,3.0,1.7423926636098366,-0.3333333333333332,1.5,0.0,1.0,0.0,1.0,4.0,3.126666666666667,1.0,0.0,0.0,1.0,0.44444444444444514,0.0,0.0,0.0,3.1578947368421035,0.0,0.0,0.0,0.0,0.0,0.0,0.9140401146131805,0.0,0.0,Graduate
3816,0.2830269608437732,0.33333333333333326,0.6666666666666666,0.11306794497707383,-0.09523809523809526,0.0,0.0,1.0,0.0,1.0,0.5,-0.13999999999999962,1.0,0.0,0.0,1.0,0.02564102564102542,0.0,1.0,1.0,0.005847953216373934,0.0,0.0,0.0,1.0,0.0,2.0,-1.2550143266475644,0.608695652173913,0.0,Enrolled
3817,-0.4411764706809194,-0.3333333333333335,-0.3333333333333333,-0.34180908711963315,0.5,0.25,0.0,1.0,0.0,1.0,0.0,-1.073333333333333,1.0,0.0,0.0,1.0,0.0,0.0,1.0,0.0,-0.8304093567251459,0.0,0.0,0.0,1.0,0.0,0.0,0.9140401146131805,0.0,0.0,Dropout
3818,0.1805985549399016,0.33333333333333326,4.333333333333333,-0.17726684451854938,-0.2407407407407406,2.75,0.0,1.0,0.0,1.0,6.0,-0.873333333333333,0.0,1.0,0.0,1.0,1.4188034188034209,0.0,0.0,0.0,0.3157894736842107,0.0,0.0,0.0,1.0,0.0,0.0,-1.2550143266475644,0.608695652173913,0.0,Graduate
3819,-1.5686274513099354,-1.6666666666666667,-1.6666666666666667,-5.1354731137974134,-1.9999999999999996,-2.0,0.0,1.0,0.0,1.0,0.0,1.7933333333333337,1.0,0.0,0.0,1.0,-0.8974358974358971,0.0,0.0,0.0,1.0701754385964914,0.0,0.0,0.0,1.0,0.0,0.0,0.1346704871060172,-0.7391304347826085,0.0,Dropout
3820,-1.5686274513099354,-1.6666666666666667,-1.6666666666666667,-5.1354731137974134,-1.9999999999999996,-2.0,1.0,0.0,1.0,0.0,0.0,-2.206666666666666,1.0,0.0,0.0,1.0,1.7264957264957284,1.0,0.0,0.0,-0.6432748538011692,0.0,0.0,0.0,1.0,0.0,0.0,0.48710601719197705,-0.3478260869565217,0.0,Dropout
3821,0.02450980392671798,0.0,0.0,0.28345143809920775,1.6111111111111107,1.25,0.0,1.0,0.0,1.0,0.0,0.46000000000000035,1.0,0.0,0.0,1.0,-1.264957264957266,0.0,0.0,0.0,-0.35087719298245595,0.0,0.0,0.0,0.0,0.0,0.0,0.42120343839541546,-0.39130434782608686,0.0,Enrolled
3822,-1.5686274513099354,-1.6666666666666667,-1.6666666666666667,-5.1354731137974134,0.5,0.25,0.0,1.0,0.0,1.0,0.0,1.7933333333333337,1.0,0.0,0.0,1.0,1.1794871794871804,1.0,0.0,0.0,2.491228070175437,0.0,0.0,0.0,1.0,0.0,0.0,0.1346704871060172,-0.7391304347826085,0.0,Dropout
3823,0.661764706511575,0.33333333333333326,0.3333333333333333,1.1866055314714457,-0.3333333333333332,-0.5,0.0,1.0,0.0,1.0,0.0,0.5266666666666671,1.0,0.0,0.0,1.0,-0.6923076923076925,0.0,0.0,0.0,0.09941520467836269,0.0,0.0,0.0,1.0,0.0,5.0,-0.98567335243553,-0.9565217391304347,0.0,Graduate
3824,-0.4166666667542016,-0.3333333333333335,-0.3333333333333333,-0.23759899958315966,0.22222222222222213,0.0,0.0,1.0,0.0,1.0,0.0,-0.20666666666666628,1.0,0.0,0.0,1.0,2.153846153846156,0.0,0.0,0.0,1.4035087719298238,0.0,0.0,0.0,0.0,0.0,0.0,0.48710601719197705,-0.3478260869565217,0.0,Dropout
3826,-1.5686274513099354,-1.6666666666666667,-1.6666666666666667,-5.1354731137974134,-1.9999999999999996,-2.0,0.0,1.0,0.0,1.0,-3.0,-0.20666666666666628,1.0,0.0,0.0,1.0,0.9230769230769237,0.0,1.0,0.0,0.5614035087719292,0.0,0.0,0.0,1.0,0.0,0.0,0.48710601719197705,-0.3478260869565217,0.0,Dropout
3827,-0.7352941180466303,-0.6666666666666667,-0.6666666666666666,-0.4112824802000832,1.0555555555555554,0.75,0.0,1.0,0.0,1.0,0.0,0.0,1.0,0.0,0.0,1.0,-2.3846153846153864,1.0,0.0,0.0,-1.5204678362573092,0.0,0.0,0.0,0.0,0.0,0.0,-0.3553008595988538,-0.4782608695652173,0.0,Dropout
3828,-0.024509803926717654,0.0,0.0,0.11671529804085004,0.7777777777777779,0.5,0.0,1.0,0.0,1.0,0.0,0.46000000000000035,0.0,1.0,0.0,1.0,0.44444444444444514,0.0,0.0,0.0,0.8187134502923973,0.0,0.0,0.0,0.0,0.0,0.0,0.42120343839541546,-0.39130434782608686,0.0,Graduate
3830,0.7107843138748146,0.33333333333333326,0.3333333333333333,1.3255523134639426,0.22222222222222213,0.0,0.0,1.0,0.0,1.0,0.0,0.9933333333333337,0.0,1.0,0.0,1.0,-0.9572649572649584,0.0,1.0,0.0,0.32748538011695855,0.0,0.0,0.0,1.0,0.0,0.0,0.48710601719197705,-0.3478260869565217,0.0,Dropout
3831,0.022549020164051085,0.08333333333333326,0.6666666666666666,0.01905556065027068,-0.3333333333333332,0.0,0.0,1.0,0.0,1.0,1.0,0.6600000000000004,1.0,0.0,0.0,1.0,-0.7521367521367526,0.0,1.0,1.0,0.17543859649122798,0.0,0.0,0.0,1.0,0.0,2.0,0.4068767908309455,0.0,0.0,Graduate
3833,-0.5882352941186766,-0.5,0.6666666666666666,-0.3715833972488537,-0.3333333333333332,1.0,0.0,1.0,0.0,1.0,3.0,-2.206666666666666,1.0,0.0,0.0,1.0,1.1282051282051295,0.0,0.0,0.0,-1.052631578947368,0.0,0.0,0.0,1.0,0.0,0.0,0.0,0.5217391304347826,0.0,Enrolled
3834,-1.5686274513099354,-1.6666666666666667,-1.6666666666666667,-5.1354731137974134,-1.9999999999999996,-2.0,0.0,1.0,0.0,1.0,0.0,-1.1399999999999997,1.0,0.0,0.0,1.0,0.0,0.0,1.0,0.0,-0.8888888888888886,0.0,0.0,0.0,1.0,0.0,0.0,-0.3553008595988538,-0.4782608695652173,0.0,Dropout
3836,-1.127450980629016,-1.1666666666666667,-0.6666666666666666,-0.13338891204668618,-0.3333333333333332,1.0,0.0,1.0,0.0,1.0,3.0,-0.873333333333333,1.0,0.0,0.0,1.0,-1.264957264957266,1.0,0.0,0.0,-1.5204678362573092,0.0,0.0,0.0,1.0,0.0,0.0,-1.2550143266475644,0.608695652173913,0.0,Dropout
3837,-1.5686274513099354,-1.6666666666666667,-1.6666666666666667,-5.1354731137974134,-0.3333333333333332,-1.0,1.0,0.0,1.0,0.0,-1.0,-0.8066666666666663,1.0,0.0,0.0,1.0,0.6837606837606844,0.0,0.0,0.0,-0.12865497076023402,0.0,0.0,0.0,1.0,0.0,0.0,0.4068767908309455,0.0,0.0,Dropout
3838,-0.3921568628274838,-0.06666666666666665,-0.3333333333333333,-0.9670696123384741,2.333333333333333,1.25,1.0,0.0,1.0,0.0,-0.5,0.2600000000000004,1.0,0.0,0.0,1.0,-0.03418803418803349,0.0,0.0,0.0,0.3157894736842107,0.0,0.0,0.0,1.0,0.0,0.0,-1.2550143266475644,0.608695652173913,0.0,Dropout
3839,-1.2745098041893226,-1.2666666666666666,-1.3333333333333333,-0.9670696123384741,1.0,0.25,0.0,1.0,0.0,1.0,-0.5,-1.2066666666666663,1.0,0.0,0.0,1.0,0.7435897435897445,0.0,1.0,0.0,-0.43859649122806993,0.0,0.0,0.0,1.0,0.0,0.0,0.0,0.5217391304347826,0.0,Dropout
3840,-1.5686274513099354,-1.6666666666666667,-1.6666666666666667,-5.1354731137974134,-1.9999999999999996,-2.0,1.0,0.0,1.0,0.0,-3.0,-0.27333333333333293,1.0,0.0,0.0,1.0,-0.15384615384615374,0.0,1.0,0.0,-0.23391812865497064,0.0,0.0,0.0,1.0,0.0,1.0,0.0,0.5217391304347826,0.0,Dropout
3841,0.07352941227034941,0.33333333333333326,0.3333333333333333,-0.48075586911213014,-0.05555555555555535,-0.25,0.0,1.0,0.0,1.0,0.0,-0.5399999999999996,0.0,1.0,0.0,1.0,0.26495726495726596,0.0,1.0,0.0,-0.1812865497076019,0.0,0.0,0.0,1.0,0.0,0.0,0.4068767908309455,0.0,0.0,Enrolled
3842,-0.4166666667542016,-0.3333333333333335,-0.3333333333333333,-0.23759899958315966,1.3333333333333333,1.0,0.0,1.0,0.0,1.0,0.0,-0.5399999999999996,1.0,0.0,0.0,1.0,-0.09401709401709363,0.0,1.0,0.0,-0.4269005847953213,0.0,0.0,0.0,1.0,0.0,0.0,-1.2550143266475644,0.608695652173913,0.0,Enrolled
3843,-0.704656862893135,-0.6666666666666667,-0.6666666666666666,-0.23759899958315966,1.6111111111111107,1.25,0.0,1.0,0.0,1.0,0.0,0.0,1.0,0.0,0.0,1.0,-2.3846153846153864,1.0,0.0,0.0,-1.5204678362573092,0.0,0.0,0.0,0.0,0.0,0.0,0.1346704871060172,-0.7391304347826085,0.0,Dropout
3845,-0.3333333334033613,-0.4666666666666668,-0.6666666666666666,0.7002917882451017,0.6666666666666667,0.0,0.0,1.0,0.0,1.0,-0.5,0.0,1.0,0.0,0.0,1.0,0.8974358974358996,0.0,1.0,0.0,0.7251461988304093,0.0,0.0,0.0,1.0,0.0,0.0,0.0,0.5217391304347826,0.0,Graduate
3846,-1.5686274513099354,-1.6666666666666667,-1.6666666666666667,-5.1354731137974134,-0.3333333333333332,-0.75,1.0,0.0,1.0,0.0,-0.5,0.0,1.0,0.0,1.0,0.0,0.02564102564102542,1.0,0.0,0.0,0.1286549707602332,0.0,0.0,1.0,0.0,1.0,0.0,0.0,0.5217391304347826,0.0,Dropout
3847,-0.6862745099480968,-0.6666666666666667,-0.6666666666666666,-0.13338891204668618,1.3333333333333333,1.0,1.0,0.0,1.0,0.0,0.0,-1.273333333333333,1.0,0.0,0.0,1.0,-0.11965811965811904,0.0,0.0,0.0,-1.0877192982456132,0.0,0.0,0.0,1.0,0.0,0.0,-0.98567335243553,-0.9565217391304347,0.0,Dropout
3850,0.46568627411744096,0.33333333333333326,0.3333333333333333,0.6308183951646517,-0.3333333333333332,-0.5,0.0,1.0,0.0,1.0,0.0,-0.8066666666666663,1.0,0.0,0.0,1.0,-0.2393162393162393,0.0,1.0,0.0,-0.7602339181286546,0.0,0.0,0.0,1.0,0.0,2.0,0.48710601719197705,-0.3478260869565217,0.0,Graduate
3851,-1.5686274513099354,-1.6666666666666667,-1.6666666666666667,-5.1354731137974134,-0.3333333333333332,-0.75,1.0,0.0,1.0,0.0,-0.5,-0.873333333333333,1.0,0.0,0.0,1.0,-0.6666666666666671,0.0,0.0,0.0,-1.1111111111111105,0.0,0.0,0.0,1.0,0.0,0.0,-0.5787965616045845,1.0,0.0,Dropout
3852,-0.1715686274870239,0.0,0.0,-0.38349312213422243,0.22222222222222213,0.0,1.0,0.0,1.0,0.0,0.0,-0.873333333333333,1.0,0.0,0.0,1.0,1.2991452991453007,1.0,0.0,0.0,0.23391812865497064,0.0,0.0,0.0,0.0,0.0,0.0,0.4068767908309455,0.0,0.0,Dropout
3853,-1.5686274513099354,-1.6666666666666667,-1.6666666666666667,-5.1354731137974134,0.22222222222222213,0.0,0.0,1.0,0.0,1.0,0.0,-0.873333333333333,1.0,0.0,0.0,1.0,0.44444444444444514,0.0,0.0,0.0,-0.35087719298245595,0.0,0.0,0.0,1.0,0.0,0.0,-0.3553008595988538,-0.4782608695652173,0.0,Dropout
3854,-0.2797001157450351,-0.019607843137255054,3.0,-0.699100817007086,-0.3333333333333332,2.25,0.0,1.0,1.0,0.0,5.5,-0.873333333333333,1.0,0.0,1.0,0.0,0.4871794871794879,0.0,1.0,0.0,-0.3216374269005846,0.0,0.0,0.0,1.0,0.0,0.0,-1.2550143266475644,0.608695652173913,0.0,Dropout
3855,-1.029411764922145,-1.0,-1.0,-0.5502292621925802,0.7777777777777779,0.5,1.0,0.0,1.0,0.0,0.0,0.0,1.0,0.0,0.0,1.0,-0.6324786324786323,1.0,0.0,0.0,-0.3216374269005846,0.0,1.0,0.0,1.0,0.0,0.0,0.0,0.5217391304347826,0.0,Dropout
3856,0.90686274479836,0.33333333333333326,0.3333333333333333,1.881339445602333,-0.3333333333333332,-0.5,0.0,1.0,0.0,1.0,0.0,-0.6066666666666662,1.0,0.0,0.0,1.0,1.5555555555555574,0.0,1.0,0.0,0.6432748538011692,0.0,0.0,0.0,1.0,0.0,3.0,0.9140401146131805,0.0,0.0,Graduate
3857,0.4271708682269965,0.33333333333333326,0.3333333333333333,0.5216459233013753,0.22222222222222213,0.0,0.0,1.0,0.0,1.0,0.0,1.1266666666666671,1.0,0.0,0.0,1.0,-2.547008547008549,1.0,0.0,0.0,-0.6432748538011692,0.0,0.0,0.0,1.0,0.0,0.0,-0.5787965616045845,1.0,0.0,Graduate
3858,0.5952380947328932,0.33333333333333326,0.0,0.9980348937057104,1.6666666666666667,0.75,0.0,1.0,1.0,0.0,-0.5,0.0,0.0,1.0,1.0,0.0,1.264957264957266,1.0,0.0,0.0,0.9766081871345018,0.0,0.0,0.0,0.0,0.0,0.0,-0.3553008595988538,-0.4782608695652173,0.0,Graduate
3860,-1.2745098041893226,-1.2666666666666666,-1.3333333333333333,-0.9670696123384741,2.666666666666666,1.5,0.0,1.0,0.0,1.0,-0.5,0.0,0.0,1.0,0.0,1.0,0.7008547008547018,0.0,0.0,0.0,0.5906432748538005,0.0,0.0,0.0,1.0,0.0,0.0,0.1346704871060172,-0.7391304347826085,0.0,Dropout
3862,-1.2990196081160403,-1.3333333333333335,-1.3333333333333333,-0.5502292621925802,-0.3333333333333332,-0.5,0.0,1.0,0.0,1.0,0.0,2.2600000000000002,0.0,1.0,0.0,1.0,-0.7521367521367526,0.0,0.0,0.0,1.5789473684210518,0.0,0.0,0.0,1.0,0.0,0.0,0.9140401146131805,0.0,0.0,Dropout
3863,-0.09803921570687095,0.0,0.0,-0.13338891204668618,-0.3333333333333332,-0.5,0.0,1.0,0.0,1.0,0.0,0.46000000000000035,0.0,1.0,0.0,1.0,-0.2393162393162393,0.0,1.0,0.0,0.35087719298245595,0.0,0.0,0.0,1.0,0.0,0.0,-0.5787965616045845,1.0,0.0,Graduate
3864,0.06740196079847388,0.33333333333333326,0.3333333333333333,-0.4981242184243434,0.7777777777777779,0.5,0.0,1.0,0.0,1.0,0.0,-0.6066666666666662,1.0,0.0,0.0,1.0,0.9230769230769237,0.0,1.0,0.0,0.21052631578947326,0.0,0.0,0.0,1.0,0.0,1.0,0.0,0.5217391304347826,0.0,Graduate
3865,-0.7352941180466303,-0.6666666666666667,-0.6666666666666666,-0.4112824802000832,1.6111111111111107,1.25,1.0,0.0,1.0,0.0,0.0,-1.5399999999999996,1.0,0.0,1.0,0.0,0.017094017094017352,0.0,0.0,0.0,-1.2280701754385959,0.0,0.0,0.0,1.0,0.0,0.0,0.1346704871060172,-0.7391304347826085,0.0,Dropout
3866,-0.9803921570687097,-1.0,-1.0,-0.13338891204668618,2.1666666666666665,1.75,0.0,1.0,0.0,1.0,0.0,1.1266666666666671,1.0,0.0,0.0,1.0,-1.1965811965811965,0.0,0.0,0.0,0.28070175438596545,0.0,0.0,0.0,1.0,0.0,1.0,0.4068767908309455,0.0,0.0,Dropout
3868,0.3023284314360632,0.08333333333333326,0.6666666666666666,0.9253855773238842,-0.3333333333333332,0.0,0.0,1.0,0.0,1.0,1.0,1.2600000000000005,1.0,0.0,0.0,1.0,-1.2222222222222232,0.0,0.0,1.0,0.3801169590643273,0.0,0.0,0.0,1.0,0.0,0.0,0.4068767908309455,0.0,0.0,Graduate
3869,0.22058823583065565,0.33333333333333326,0.3333333333333333,-0.06391551896623615,0.5,0.25,0.0,1.0,0.0,1.0,0.0,-0.20666666666666628,1.0,0.0,0.0,1.0,0.44444444444444514,0.0,0.0,0.0,0.23391812865497064,0.0,0.0,0.0,0.0,0.0,0.0,0.42120343839541546,-0.39130434782608686,0.0,Graduate
3870,0.01960784314137432,-0.06666666666666665,-0.3333333333333333,0.4918716131721548,2.333333333333333,1.25,1.0,0.0,1.0,0.0,-0.5,0.0,1.0,0.0,1.0,0.0,-0.6752136752136751,1.0,0.0,0.0,-0.35087719298245595,0.0,0.0,0.0,1.0,0.0,0.0,-0.98567335243553,-0.9565217391304347,0.0,Dropout
3871,0.6004901962045848,0.33333333333333326,0.3333333333333333,1.0129220508545222,0.22222222222222213,0.0,0.0,1.0,0.0,1.0,0.0,0.0,1.0,0.0,0.0,1.0,1.8888888888888915,0.0,0.0,0.0,1.4035087719298238,0.0,0.0,0.0,1.0,0.0,0.0,0.48710601719197705,-0.3478260869565217,0.0,Graduate
3872,0.25122549024885693,0.33333333333333326,0.0,0.02292621925802405,0.6666666666666667,0.0,0.0,1.0,0.0,1.0,-0.5,-0.6066666666666662,0.0,1.0,0.0,1.0,-0.27350427350427403,0.0,1.0,0.0,-0.608187134502924,0.0,0.0,0.0,1.0,0.0,0.0,0.1346704871060172,-0.7391304347826085,0.0,Graduate
3873,0.036414565413812494,0.04761904761904745,0.3333333333333333,0.1722940100041685,-0.3333333333333332,-0.25,0.0,1.0,0.0,1.0,0.5,-0.9333333333333333,1.0,0.0,0.0,1.0,0.44444444444444514,0.0,0.0,1.0,-0.4035087719298247,0.0,0.0,0.0,0.0,0.0,1.0,0.0,0.5217391304347826,0.0,Graduate
3874,-0.34313725497404846,-0.3333333333333335,-0.3333333333333333,0.0750312630262608,0.5,0.25,1.0,0.0,1.0,0.0,0.0,-0.33999999999999964,1.0,0.0,0.0,1.0,0.05982905982906013,0.0,1.0,0.0,-0.14619883040935666,0.0,0.0,0.0,1.0,0.0,1.0,-0.98567335243553,-0.9565217391304347,0.0,Dropout
3875,-1.5686274513099354,-1.6666666666666667,-1.6666666666666667,-5.1354731137974134,-0.3333333333333332,-0.75,1.0,0.0,1.0,0.0,-0.5,0.0,1.0,0.0,1.0,0.0,-0.6752136752136751,1.0,0.0,0.0,-0.35087719298245595,0.0,0.0,0.0,1.0,0.0,0.0,-0.5787965616045845,1.0,0.0,Dropout
3877,0.4082633049877303,0.33333333333333326,0.6666666666666666,0.46805216340141664,-0.3333333333333332,-0.25,0.0,1.0,0.0,1.0,0.5,0.7933333333333337,1.0,0.0,0.0,1.0,-0.717948717948718,0.0,0.0,1.0,0.3157894736842107,0.0,0.0,0.0,1.0,0.0,0.0,0.1346704871060172,-0.7391304347826085,0.0,Dropout
3878,0.5196078432464161,0.33333333333333326,1.0,0.7836598582742802,-0.3333333333333332,0.0,0.0,1.0,0.0,1.0,1.0,0.5266666666666671,0.0,1.0,0.0,1.0,-0.7692307692307699,0.0,0.0,1.0,0.04678362573099396,0.0,0.0,0.0,1.0,0.0,1.0,-0.98567335243553,-0.9565217391304347,0.0,Graduate
3879,0.13935574232619494,0.04761904761904745,0.3333333333333333,0.5127136306794498,-0.3333333333333332,-0.25,0.0,1.0,0.0,1.0,0.5,-0.9466666666666659,0.0,1.0,0.0,1.0,0.44444444444444514,0.0,0.0,1.0,-0.4152046783625726,0.0,0.0,0.0,0.0,0.0,3.0,0.0,0.5217391304347826,0.0,Graduate
3880,0.13725490198961926,0.33333333333333326,0.0,-0.3001250521050439,-0.3333333333333332,-0.75,0.0,1.0,0.0,1.0,-0.5,1.7933333333333337,1.0,0.0,0.0,1.0,0.44444444444444514,1.0,0.0,0.0,1.9883040935672505,0.0,0.0,0.0,1.0,0.0,0.0,-1.2550143266475644,0.608695652173913,0.0,Graduate
3881,0.4271708682269965,0.33333333333333326,0.3333333333333333,0.5216459233013753,-0.05555555555555535,-0.25,0.0,1.0,0.0,1.0,0.0,-1.473333333333333,1.0,0.0,0.0,1.0,0.8632478632478648,0.0,0.0,0.0,-0.5906432748538005,0.0,0.0,0.0,1.0,0.0,4.0,0.1346704871060172,-0.7391304347826085,0.0,Graduate
3882,0.46568627411744096,0.33333333333333326,0.3333333333333333,0.6308183951646517,-0.3333333333333332,-0.5,0.0,1.0,0.0,1.0,0.0,-1.473333333333333,0.0,1.0,0.0,1.0,0.2991452991452994,0.0,1.0,0.0,-0.9766081871345026,0.0,0.0,0.0,1.0,0.0,1.0,0.48710601719197705,-0.3478260869565217,0.0,Graduate
3884,-0.3186274510473305,0.0,0.0,-0.8837015423092957,-0.05555555555555535,-0.25,0.0,1.0,0.0,1.0,0.0,-0.006666666666666288,0.0,1.0,0.0,1.0,-0.5128205128205133,0.0,1.0,0.0,-0.24561403508771934,0.0,0.0,0.0,1.0,0.0,0.0,0.42120343839541546,-0.39130434782608686,0.0,Graduate
3885,0.4484681379005883,0.08333333333333326,0.6666666666666666,1.3987971196331799,-0.3333333333333332,0.0,0.0,1.0,0.0,1.0,1.0,0.46000000000000035,1.0,0.0,0.0,1.0,0.44444444444444514,0.0,0.0,1.0,0.8187134502923973,0.0,0.0,0.0,0.0,0.0,0.0,0.4068767908309455,0.0,0.0,Graduate
3887,0.563725490314508,0.33333333333333326,0.3333333333333333,0.9087119633180487,-0.3333333333333332,-0.5,0.0,1.0,0.0,1.0,0.0,-0.33999999999999964,0.0,1.0,0.0,1.0,-0.2393162393162393,0.0,1.0,0.0,-0.35087719298245595,0.0,0.0,0.0,1.0,0.0,0.0,0.42120343839541546,-0.39130434782608686,0.0,Enrolled
3888,-0.5490196079584774,-0.3333333333333335,-0.3333333333333333,-0.8003334722801164,1.3333333333333333,1.0,0.0,1.0,0.0,1.0,0.0,-1.673333333333333,0.0,1.0,0.0,1.0,0.38461538461538497,0.0,1.0,0.0,-1.0935672514619879,0.0,0.0,0.0,1.0,0.0,0.0,0.42120343839541546,-0.39130434782608686,0.0,Enrolled
3889,0.34313725497404846,0.33333333333333326,0.0,0.28345143809920775,0.3333333333333332,-0.25,0.0,1.0,0.0,1.0,-0.5,0.3933333333333337,1.0,0.0,0.0,1.0,0.2051282051282046,0.0,0.0,0.0,0.5964912280701745,0.0,0.0,0.0,1.0,0.0,0.0,0.0,0.5217391304347826,0.0,Graduate
3890,0.23179271671536272,0.33333333333333326,0.6666666666666666,-0.03215625677365583,-0.3333333333333332,-0.25,0.0,1.0,0.0,1.0,0.5,-0.20666666666666628,0.0,1.0,0.0,1.0,-0.4529914529914532,0.0,1.0,0.0,-0.3801169590643273,0.0,0.0,0.0,1.0,0.0,1.0,-1.2550143266475644,0.608695652173913,0.0,Graduate
3891,0.34313725497404846,0.33333333333333326,0.6666666666666666,0.28345143809920775,-0.3333333333333332,-0.25,0.0,1.0,1.0,0.0,0.5,0.0,1.0,0.0,1.0,0.0,-1.871794871794873,0.0,0.0,0.0,-1.1695906432748533,0.0,0.0,0.0,1.0,0.0,0.0,0.9140401146131805,0.0,0.0,Enrolled
3893,0.10784313727755826,-0.06666666666666665,-0.3333333333333333,0.8045018757815753,1.6666666666666667,0.75,0.0,1.0,0.0,1.0,-0.5,0.6600000000000004,0.0,1.0,0.0,1.0,-0.39316239316239426,0.0,1.0,0.0,0.4210526315789465,0.0,0.0,0.0,1.0,0.0,2.0,-0.5787965616045845,1.0,0.0,Graduate
3894,-1.2156862747652,-1.2666666666666666,-1.3333333333333333,-0.13338891204668618,2.666666666666666,1.5,1.0,0.0,1.0,0.0,-0.5,-1.5399999999999996,1.0,0.0,0.0,1.0,0.44444444444444514,1.0,0.0,0.0,-0.9356725146198825,0.0,0.0,0.0,1.0,0.0,0.0,-0.98567335243553,-0.9565217391304347,0.0,Dropout
3895,-0.45518207292475804,-0.523809523809524,-0.3333333333333333,0.3876615256356813,0.619047619047619,0.75,0.0,1.0,0.0,1.0,0.5,-0.873333333333333,1.0,0.0,0.0,1.0,0.0,0.0,1.0,1.0,-0.654970760233918,0.0,0.0,0.0,1.0,0.0,5.0,0.48710601719197705,-0.3478260869565217,0.0,Enrolled
3899,-0.04901960785343531,0.0,0.0,0.033347228011671545,-0.05555555555555535,-0.25,0.0,1.0,0.0,1.0,0.0,-0.20666666666666628,1.0,0.0,0.0,1.0,-0.4102564102564104,1.0,0.0,0.0,-0.35087719298245595,0.0,0.0,0.0,1.0,0.0,0.0,-0.98567335243553,-0.9565217391304347,0.0,Graduate
3900,-0.41053921577252217,-0.41666666666666674,0.0,0.11671529804085004,-0.1249999999999999,0.25,0.0,1.0,0.0,1.0,1.0,-0.873333333333333,1.0,0.0,0.0,1.0,0.44444444444444514,0.0,0.0,0.0,-0.35087719298245595,0.0,0.0,0.0,0.0,0.0,0.0,0.4068767908309455,0.0,0.0,Enrolled
3901,0.18347338939428723,0.04761904761904745,0.3333333333333333,0.6586077532305125,-0.3333333333333332,-0.25,0.0,1.0,0.0,1.0,0.5,0.5933333333333337,0.0,1.0,0.0,1.0,0.04273504273504399,0.0,1.0,1.0,0.6608187134502927,0.0,0.0,0.0,1.0,0.0,2.0,0.0,0.5217391304347826,0.0,Graduate
3902,-0.4411764706809194,-0.3333333333333335,-0.3333333333333333,-0.34180908711963315,1.0555555555555554,0.75,0.0,1.0,0.0,1.0,0.0,-0.4066666666666663,0.0,1.0,0.0,1.0,0.14529914529914567,0.0,0.0,0.0,-0.14619883040935666,0.0,0.0,0.0,1.0,0.0,2.0,0.0,0.5217391304347826,0.0,Enrolled
3904,-0.6274509802298565,-0.4666666666666668,-0.6666666666666666,-0.689176044185077,1.9999999999999996,1.0,1.0,0.0,1.0,0.0,-0.5,0.46000000000000035,1.0,0.0,0.0,1.0,-0.4102564102564104,1.0,0.0,0.0,0.23391812865497064,0.0,0.0,0.0,1.0,0.0,0.0,-0.98567335243553,-0.9565217391304347,0.0,Dropout
3905,-1.5686274513099354,-1.6666666666666667,-1.6666666666666667,-5.1354731137974134,1.3333333333333333,1.5,1.0,0.0,1.0,0.0,0.5,0.5933333333333337,1.0,0.0,0.0,1.0,-0.7521367521367526,0.0,0.0,1.0,0.11695906432748532,0.0,0.0,0.0,1.0,0.0,5.0,0.48710601719197705,-0.3478260869565217,0.0,Dropout
3906,0.049019607853435634,0.33333333333333326,0.3333333333333333,-0.5502292621925802,0.7777777777777779,0.5,0.0,1.0,0.0,1.0,0.0,-0.873333333333333,0.0,1.0,0.0,1.0,-1.6923076923076936,1.0,0.0,0.0,-1.8128654970760225,0.0,0.0,0.0,1.0,0.0,0.0,0.4068767908309455,0.0,0.0,Graduate
3908,-0.34313725497404846,-0.3333333333333335,-0.3333333333333333,0.0750312630262608,1.0555555555555554,0.75,0.0,1.0,0.0,1.0,0.0,1.5933333333333337,1.0,0.0,0.0,1.0,-1.2905982905982927,0.0,1.0,0.0,0.6257309941520458,0.0,0.0,0.0,1.0,0.0,0.0,-0.98567335243553,-0.9565217391304347,0.0,Enrolled
3911,0.14705882405050236,0.33333333333333326,0.3333333333333333,-0.2723356940391831,0.5,0.25,0.0,1.0,0.0,1.0,0.0,0.726666666666667,1.0,0.0,0.0,1.0,-0.6923076923076937,0.0,0.0,0.0,0.27485380116958985,0.0,0.0,0.0,1.0,0.0,0.0,0.0,0.5217391304347826,0.0,Enrolled
3912,0.7422969182931995,0.33333333333333326,0.3333333333333333,1.4148752438516043,-0.05555555555555535,-0.25,0.0,1.0,0.0,1.0,0.0,1.7933333333333337,1.0,0.0,0.0,1.0,0.09401709401709483,0.0,0.0,0.0,1.748538011695906,0.0,0.0,0.0,0.0,0.0,0.0,0.1346704871060172,-0.7391304347826085,0.0,Graduate
3913,-0.22058823534045954,0.0,0.0,-0.5502292621925802,0.22222222222222213,0.0,0.0,1.0,0.0,1.0,0.0,-1.8733333333333329,1.0,0.0,0.0,1.0,0.5384615384615388,0.0,1.0,0.0,-1.1637426900584793,0.0,0.0,0.0,1.0,0.0,3.0,0.1346704871060172,-0.7391304347826085,0.0,Graduate
3914,-0.1274509804189321,-0.06666666666666665,-0.3333333333333333,-0.029178824510212698,0.6666666666666667,0.0,0.0,1.0,1.0,0.0,-0.5,-0.20666666666666628,1.0,0.0,1.0,0.0,0.32478632478632485,0.0,1.0,0.0,0.1520467836257306,0.0,1.0,0.0,1.0,0.0,1.0,0.0,0.5217391304347826,0.0,Graduate
3915,-0.6715686275920661,-0.6666666666666667,0.0,-0.05002084201750769,2.1666666666666665,4.25,0.0,1.0,1.0,0.0,2.0,0.46000000000000035,1.0,0.0,1.0,0.0,0.44444444444444514,0.0,0.0,0.0,0.8187134502923973,0.0,0.0,0.0,0.0,0.0,0.0,-0.3553008595988538,-0.4782608695652173,0.0,Dropout
3916,0.34313725497404846,0.33333333333333326,0.0,0.28345143809920775,0.0,-0.5,0.0,1.0,0.0,1.0,-0.5,0.32666666666666705,1.0,0.0,0.0,1.0,1.042735042735044,0.0,1.0,0.0,1.1111111111111105,0.0,0.0,0.0,1.0,0.0,0.0,0.0,0.5217391304347826,0.0,Graduate
3917,-0.3921568628274839,-0.3333333333333335,-0.3333333333333333,-0.13338891204668618,1.0555555555555554,0.75,0.0,1.0,0.0,1.0,0.0,-0.873333333333333,0.0,1.0,0.0,1.0,-0.15384615384615374,0.0,0.0,0.0,-0.7602339181286546,0.0,0.0,0.0,1.0,0.0,0.0,0.4068767908309455,0.0,0.0,Graduate
3921,0.049019607853435634,0.33333333333333326,0.3333333333333333,-0.5502292621925802,0.22222222222222213,0.0,0.0,1.0,0.0,1.0,0.0,-0.47333333333333294,0.0,1.0,0.0,1.0,0.4188034188034197,0.0,1.0,0.0,-0.017543859649122633,0.0,0.0,0.0,1.0,0.0,4.0,-0.98567335243553,-0.9565217391304347,0.0,Graduate
3923,-0.35294117654473545,-0.3333333333333335,-0.3333333333333333,0.033347228011671545,0.7777777777777779,0.5,0.0,1.0,0.0,1.0,0.0,-0.33999999999999964,0.0,1.0,0.0,1.0,0.14529914529914567,0.0,1.0,0.0,-0.08771929824561399,0.0,0.0,0.0,1.0,0.0,0.0,0.42120343839541546,-0.39130434782608686,0.0,Graduate
3924,0.11619462616820153,0.11111111111111094,1.0,0.23713584410170904,0.4074074074074074,1.25,0.0,1.0,0.0,1.0,1.5,1.7933333333333337,0.0,1.0,0.0,1.0,-2.461538461538464,1.0,0.0,0.0,0.0,0.0,0.0,0.0,1.0,0.0,0.0,0.1346704871060172,-0.7391304347826085,0.0,Graduate
3925,-0.012254901350613677,0.16666666666666652,2.0,-0.3228617965819089,-0.3333333333333332,1.0,0.0,1.0,1.0,0.0,3.0,-0.5399999999999996,1.0,0.0,1.0,0.0,1.4017094017094023,0.0,1.0,0.0,0.5964912280701745,0.0,0.0,0.0,1.0,0.0,0.0,0.9140401146131805,0.0,0.0,Enrolled
3926,-1.2745098041893226,-1.2666666666666666,-1.3333333333333333,-0.9670696123384741,0.0,-0.5,0.0,1.0,0.0,1.0,-0.5,-0.4066666666666663,1.0,0.0,0.0,1.0,0.20512820512820581,0.0,0.0,0.0,-0.10526315789473663,0.0,0.0,0.0,1.0,0.0,0.0,-1.2550143266475644,0.608695652173913,0.0,Enrolled
3929,-1.5686274513099354,-1.6666666666666667,-1.6666666666666667,-5.1354731137974134,-1.9999999999999996,-2.0,0.0,1.0,0.0,1.0,-3.0,0.06000000000000038,0.0,1.0,0.0,1.0,-0.2393162393162393,0.0,1.0,0.0,0.0,0.0,0.0,0.0,1.0,0.0,5.0,-0.98567335243553,-0.9565217391304347,0.0,Graduate
3932,0.563725490314508,0.33333333333333326,0.3333333333333333,0.9087119633180487,0.22222222222222213,0.0,0.0,1.0,0.0,1.0,0.0,-0.07333333333333296,1.0,0.0,0.0,1.0,-0.4188034188034185,0.0,1.0,0.0,-0.23976608187134457,0.0,0.0,0.0,1.0,0.0,0.0,0.1346704871060172,-0.7391304347826085,0.0,Graduate
3933,-0.07843137217333973,-0.06666666666666665,1.0,0.14450465610671082,0.1666666666666668,1.25,0.0,1.0,0.0,1.0,2.0,-0.20666666666666628,1.0,0.0,0.0,1.0,0.44444444444444514,0.0,0.0,0.0,0.23391812865497064,0.0,0.0,0.0,0.0,0.0,0.0,0.48710601719197705,-0.3478260869565217,0.0,Graduate
3934,-1.2745098041893226,-1.2666666666666666,-1.3333333333333333,-0.9670696123384741,2.333333333333333,1.25,0.0,1.0,1.0,0.0,-0.5,-0.47333333333333294,1.0,0.0,1.0,0.0,-0.4786324786324786,0.0,1.0,0.0,-0.6315789473684206,0.0,0.0,0.0,1.0,0.0,0.0,0.42120343839541546,-0.39130434782608686,0.0,Enrolled
3937,-0.8627450982204645,-0.8666666666666667,-1.0,-0.13338891204668618,1.3333333333333333,0.5,0.0,1.0,1.0,0.0,-0.5,-1.8066666666666662,1.0,0.0,1.0,0.0,0.6153846153846162,0.0,1.0,0.0,-1.052631578947368,0.0,0.0,0.0,1.0,0.0,0.0,-0.98567335243553,-0.9565217391304347,0.0,Dropout
3939,0.5208683476584455,0.33333333333333326,0.6666666666666666,0.7872327761567313,-0.3333333333333332,-0.25,0.0,1.0,0.0,1.0,0.5,0.32666666666666705,1.0,0.0,0.0,1.0,-0.4102564102564104,0.0,1.0,1.0,0.11695906432748532,0.0,0.0,0.0,1.0,0.0,1.0,0.48710601719197705,-0.3478260869565217,0.0,Graduate
3940,0.535364146190903,0.33333333333333326,0.6666666666666666,0.8283213255523134,-0.3333333333333332,-0.25,0.0,1.0,0.0,1.0,0.5,-1.0066666666666664,1.0,0.0,0.0,1.0,0.05982905982906013,0.0,1.0,1.0,-0.7309941520467833,0.0,0.0,0.0,1.0,0.0,4.0,0.42120343839541546,-0.39130434782608686,0.0,Graduate
3941,-0.5980392158119128,-0.4666666666666668,-0.6666666666666666,-0.5502292621925802,0.6666666666666667,0.0,0.0,1.0,0.0,1.0,-0.5,-0.873333333333333,1.0,0.0,0.0,1.0,0.8376068376068382,1.0,0.0,0.0,-0.08187134502924005,0.0,0.0,0.0,1.0,0.0,0.0,0.4068767908309455,0.0,0.0,Enrolled
3942,-1.5686274513099354,-1.6666666666666667,-1.6666666666666667,-5.1354731137974134,1.3333333333333333,1.5,0.0,1.0,0.0,1.0,0.5,0.0,1.0,0.0,0.0,1.0,-1.0170940170940173,1.0,0.0,0.0,-0.5847953216374266,0.0,0.0,0.0,0.0,0.0,0.0,0.48710601719197705,-0.3478260869565217,0.0,Dropout
3944,-1.5686274513099354,-1.6666666666666667,-1.6666666666666667,-5.1354731137974134,-1.9999999999999996,-2.0,1.0,0.0,1.0,0.0,-0.5,3.126666666666667,1.0,0.0,1.0,0.0,-2.931623931623934,1.0,0.0,0.0,0.8479532163742686,0.0,0.0,0.0,1.0,0.0,0.0,0.1346704871060172,-0.7391304347826085,0.0,Dropout
3945,-1.5686274513099354,-1.6666666666666667,-1.6666666666666667,-5.1354731137974134,-0.3333333333333332,-0.5,1.0,0.0,1.0,0.0,0.0,3.126666666666667,1.0,0.0,1.0,0.0,0.4102564102564104,1.0,0.0,0.0,3.1345029239766062,0.0,0.0,0.0,1.0,0.0,0.0,0.9140401146131805,0.0,0.0,Dropout
3947,-1.5686274513099354,-1.6666666666666667,-1.6666666666666667,-5.1354731137974134,-1.9999999999999996,-2.0,0.0,1.0,0.0,1.0,-3.0,0.5933333333333337,0.0,1.0,0.0,1.0,0.22222222222222315,0.0,0.0,0.0,0.783625730994152,0.0,0.0,0.0,1.0,0.0,1.0,-1.2550143266475644,0.608695652173913,0.0,Graduate
3949,-0.22058823534045954,0.0,0.0,-0.5502292621925802,0.22222222222222213,0.0,0.0,1.0,0.0,1.0,0.0,1.1266666666666671,0.0,1.0,0.0,1.0,-0.7863247863247873,1.0,0.0,0.0,0.5614035087719292,0.0,0.0,0.0,1.0,0.0,0.0,0.42120343839541546,-0.39130434782608686,0.0,Graduate
3950,0.37254901968610943,0.33333333333333326,0.0,0.36681950812838626,1.0,0.25,0.0,1.0,0.0,1.0,-0.5,1.326666666666667,0.0,1.0,0.0,1.0,1.2146029671112836e-15,0.0,0.0,0.0,1.2748538011695907,0.0,0.0,0.0,1.0,0.0,0.0,-0.3553008595988538,-0.4782608695652173,0.0,Graduate
3951,0.4166666667542018,0.33333333333333326,0.3333333333333333,0.4918716131721548,-0.05555555555555535,-0.25,0.0,1.0,0.0,1.0,0.0,1.326666666666667,0.0,1.0,0.0,1.0,-0.8376068376068382,0.0,0.0,0.0,0.7017543859649119,0.0,0.0,0.0,1.0,0.0,0.0,0.9140401146131805,0.0,0.0,Dropout
3952,-1.5686274513099354,-1.6666666666666667,-1.6666666666666667,-5.1354731137974134,-0.3333333333333332,-0.75,0.0,1.0,0.0,1.0,-0.5,1.1266666666666671,1.0,0.0,0.0,1.0,0.44444444444444514,0.0,0.0,0.0,1.4035087719298238,0.0,0.0,0.0,0.0,0.0,0.0,-0.98567335243553,-0.9565217391304347,0.0,Dropout
3953,0.2604166661699056,0.08333333333333326,0.6666666666666666,0.7896147186327634,-0.3333333333333332,0.0,0.0,1.0,0.0,1.0,1.0,0.726666666666667,0.0,1.0,0.0,1.0,-0.6837606837606832,0.0,1.0,1.0,0.28070175438596545,0.0,0.0,0.0,1.0,0.0,5.0,-0.5787965616045845,1.0,0.0,Graduate
3954,0.34313725497404846,0.33333333333333326,0.0,0.28345143809920775,-0.3333333333333332,-0.75,0.0,1.0,0.0,1.0,-0.5,-0.20666666666666628,1.0,0.0,0.0,1.0,-0.18803418803418845,0.0,1.0,0.0,-0.19883040935672538,0.0,0.0,0.0,1.0,0.0,0.0,0.0,0.5217391304347826,0.0,Graduate
3956,-1.5686274513099354,-1.6666666666666667,-1.6666666666666667,-5.1354731137974134,-1.9999999999999996,-2.0,0.0,1.0,0.0,1.0,0.5,0.0,1.0,0.0,0.0,1.0,-1.376068376068377,1.0,0.0,1.0,-0.8304093567251459,0.0,0.0,0.0,0.0,0.0,0.0,0.48710601719197705,-0.3478260869565217,0.0,Dropout
3957,0.31372549026198715,0.33333333333333326,0.0,0.20008336807002927,0.0,-0.5,0.0,1.0,0.0,1.0,-0.5,-0.006666666666666288,1.0,0.0,0.0,1.0,-0.2393162393162393,0.0,1.0,0.0,-0.05847953216374266,0.0,0.0,0.0,1.0,0.0,2.0,-0.98567335243553,-0.9565217391304347,0.0,Graduate
3958,0.03137254902619852,-0.06666666666666665,-0.3333333333333333,0.5335556481867441,1.6666666666666667,0.75,0.0,1.0,0.0,1.0,-0.5,0.46000000000000035,1.0,0.0,0.0,1.0,-0.4188034188034185,0.0,0.0,0.0,0.2280701754385967,0.0,0.0,0.0,1.0,0.0,0.0,-0.98567335243553,-0.9565217391304347,0.0,Graduate
3959,0.4859943976511191,0.33333333333333326,0.6666666666666666,0.6883820633597331,-0.3333333333333332,-0.25,0.0,1.0,0.0,1.0,0.5,-0.006666666666666288,1.0,0.0,0.0,1.0,0.2820512820512821,0.0,0.0,1.0,0.29824561403508726,0.0,0.0,0.0,1.0,0.0,3.0,0.1346704871060172,-0.7391304347826085,0.0,Graduate
3960,0.6372549020946613,0.33333333333333326,0.3333333333333333,1.1171321383909958,0.22222222222222213,0.0,0.0,1.0,0.0,1.0,0.0,1.3933333333333338,0.0,1.0,0.0,1.0,-0.6324786324786323,0.0,1.0,0.0,0.9005847953216373,0.0,0.0,0.0,1.0,0.0,0.0,0.48710601719197705,-0.3478260869565217,0.0,Graduate
3961,-1.5686274513099354,-1.6666666666666667,-1.6666666666666667,-5.1354731137974134,-1.9999999999999996,-2.0,1.0,0.0,1.0,0.0,0.0,0.0,1.0,0.0,0.0,1.0,-0.6752136752136751,1.0,0.0,0.0,-0.35087719298245595,0.0,0.0,0.0,1.0,0.0,0.0,0.48710601719197705,-0.3478260869565217,0.0,Dropout
3962,0.6486928109205935,0.33333333333333326,7.0,1.149553055439766,-0.269230769230769,4.75,0.0,1.0,0.0,1.0,10.0,2.326666666666667,1.0,0.0,0.0,1.0,-2.5128205128205146,0.0,0.0,1.0,0.43274853801169605,0.0,0.0,0.0,1.0,0.0,0.0,-1.2550143266475644,0.608695652173913,0.0,Graduate
3963,0.11834733854026912,0.04761904761904745,0.3333333333333333,0.443240237598999,-0.3333333333333332,-0.25,0.0,1.0,0.0,1.0,0.5,-0.07333333333333296,1.0,0.0,0.0,1.0,0.04273504273504278,0.0,0.0,1.0,0.0760233918128653,0.0,0.0,0.0,1.0,0.0,2.0,0.0,0.5217391304347826,0.0,Graduate
3964,0.3799019608641249,0.33333333333333326,2.3333333333333335,0.3876615256356813,-0.3333333333333332,1.0,0.0,1.0,1.0,0.0,3.0,0.0,1.0,0.0,1.0,0.0,0.33333333333333537,0.0,1.0,0.0,0.3391812865497081,0.0,0.0,0.0,1.0,0.0,0.0,0.9140401146131805,0.0,0.0,Graduate
3965,-0.1330532218416777,0.0,0.0,-0.2524861567319715,0.7777777777777779,0.5,1.0,0.0,1.0,0.0,0.0,-0.873333333333333,1.0,0.0,1.0,0.0,0.0,0.0,0.0,0.0,-0.654970760233918,0.0,0.0,0.0,1.0,0.0,0.0,-0.3553008595988538,-0.4782608695652173,0.0,Dropout
3966,0.344791666739102,0.33333333333333326,1.0,0.28814089203834925,-0.3333333333333332,0.0,0.0,1.0,0.0,1.0,1.0,1.1266666666666671,0.0,1.0,0.0,1.0,-1.0256410256410253,0.0,1.0,1.0,0.39766081871345077,0.0,0.0,0.0,1.0,0.0,2.0,-0.98567335243553,-0.9565217391304347,0.0,Graduate
3967,-0.7843137254098697,-0.6666666666666667,-0.6666666666666666,-0.689176044185077,1.3333333333333333,1.0,0.0,1.0,0.0,1.0,0.0,0.46000000000000035,1.0,0.0,0.0,1.0,0.44444444444444514,0.0,0.0,0.0,0.8187134502923973,0.0,0.0,0.0,0.0,0.0,0.0,-1.2550143266475644,0.608695652173913,0.0,Dropout
3968,-1.5686274513099354,-1.6666666666666667,-1.6666666666666667,-5.1354731137974134,1.3333333333333333,1.5,0.0,1.0,0.0,1.0,0.5,-2.0066666666666664,0.0,1.0,0.0,1.0,0.8974358974358984,0.0,1.0,1.0,-1.0350877192982453,0.0,0.0,0.0,1.0,0.0,0.0,0.48710601719197705,-0.3478260869565217,0.0,Enrolled
3969,0.34313725497404846,0.33333333333333326,0.3333333333333333,0.28345143809920775,0.5,0.25,0.0,1.0,0.0,1.0,0.0,1.1266666666666671,1.0,0.0,0.0,1.0,0.44444444444444514,0.0,0.0,0.0,1.4035087719298238,0.0,0.0,0.0,0.0,0.0,0.0,0.42120343839541546,-0.39130434782608686,0.0,Graduate
3970,0.1960784314137419,0.33333333333333326,0.0,-0.13338891204668618,-0.3333333333333332,-0.75,0.0,1.0,0.0,1.0,-0.5,1.7933333333333337,1.0,0.0,0.0,1.0,0.44444444444444514,0.0,0.0,0.0,1.9883040935672505,0.0,0.0,0.0,0.0,0.0,0.0,-0.5787965616045845,1.0,0.0,Graduate
3974,0.24428104612975088,0.33333333333333326,0.6666666666666666,0.003242092538557574,0.14285714285714307,0.25,0.0,1.0,1.0,0.0,0.5,0.46000000000000035,0.0,1.0,1.0,0.0,-0.6239316239316243,0.0,0.0,1.0,0.08771929824561399,0.0,0.0,0.0,1.0,0.0,2.0,-1.2550143266475644,0.608695652173913,0.0,Graduate
3975,-0.15686274513099357,-0.06666666666666665,-0.3333333333333333,-0.13338891204668618,1.0,0.25,0.0,1.0,0.0,1.0,-0.5,-0.20666666666666628,1.0,0.0,0.0,1.0,-0.39316239316239304,0.0,0.0,0.0,-0.33918128654970725,0.0,0.0,0.0,1.0,0.0,0.0,0.4068767908309455,0.0,0.0,Graduate
3976,0.553221288841713,0.33333333333333326,0.6666666666666666,0.8789376531888282,-0.3333333333333332,-0.25,0.0,1.0,0.0,1.0,0.5,-0.8066666666666663,1.0,0.0,0.0,1.0,0.26495726495726596,0.0,0.0,1.0,-0.4152046783625726,0.0,0.0,0.0,1.0,0.0,3.0,-0.3553008595988538,-0.4782608695652173,0.0,Graduate
3977,0.4578431373510873,0.33333333333333326,0.6666666666666666,0.6085869112130048,-0.3333333333333332,-0.25,0.0,1.0,0.0,1.0,0.5,-0.20666666666666628,1.0,0.0,0.0,1.0,-0.4188034188034185,0.0,1.0,1.0,-0.3567251461988299,0.0,0.0,0.0,1.0,0.0,3.0,0.42120343839541546,-0.39130434782608686,0.0,Graduate
3978,0.17086834737483222,0.04761904761904745,0.3333333333333333,0.6169237182159233,-0.3333333333333332,-0.25,0.0,1.0,0.0,1.0,0.5,0.5266666666666671,0.0,1.0,0.0,1.0,-0.7264957264957272,0.0,0.0,1.0,0.0760233918128653,0.0,0.0,0.0,1.0,0.0,1.0,0.0,0.5217391304347826,0.0,Graduate
3980,0.02450980392671798,0.0,0.0,0.28345143809920775,0.22222222222222213,0.0,0.0,1.0,0.0,1.0,0.0,0.0,1.0,0.0,0.0,1.0,0.43589743589743707,1.0,0.0,0.0,0.40935672514619864,0.0,0.0,0.0,0.0,0.0,0.0,-0.3553008595988538,-0.4782608695652173,0.0,Enrolled
3981,0.21708683435933204,0.33333333333333326,0.3333333333333333,-0.07384029178824508,-0.05555555555555535,-0.25,0.0,1.0,0.0,1.0,0.0,-1.073333333333333,0.0,1.0,0.0,1.0,0.2393162393162393,0.0,0.0,0.0,-0.6666666666666666,0.0,0.0,0.0,1.0,0.0,5.0,0.1346704871060172,-0.7391304347826085,0.0,Graduate
3982,0.7352941182917283,0.33333333333333326,0.3333333333333333,1.3950257065443927,-0.05555555555555535,-0.25,0.0,1.0,0.0,1.0,0.0,1.1933333333333338,1.0,0.0,0.0,1.0,-0.11111111111111098,0.0,1.0,0.0,1.0818713450292392,0.0,0.0,0.0,1.0,0.0,1.0,0.9140401146131805,0.0,0.0,Graduate
3983,-0.25560224095005635,-0.23809523809523814,0.0,0.0750312630262608,1.0952380952380953,1.25,0.0,1.0,0.0,1.0,0.5,-0.13999999999999962,1.0,0.0,0.0,1.0,-0.03418803418803349,0.0,0.0,1.0,-0.035087719298245265,0.0,0.0,0.0,1.0,0.0,0.0,-1.2550143266475644,0.608695652173913,0.0,Graduate
3985,-1.5686274513099354,-1.6666666666666667,-1.6666666666666667,-5.1354731137974134,-0.3333333333333332,-0.5,1.0,0.0,1.0,0.0,0.0,0.12666666666666704,1.0,0.0,1.0,0.0,0.7094017094017099,1.0,0.0,0.0,0.7076023391812859,0.0,0.0,0.0,1.0,0.0,0.0,0.9140401146131805,0.0,0.0,Dropout
3986,0.2696078431938952,0.33333333333333326,0.3333333333333333,0.0750312630262608,-0.3333333333333332,-0.5,0.0,1.0,0.0,1.0,0.0,-0.9399999999999996,1.0,0.0,0.0,1.0,0.9230769230769237,0.0,0.0,0.0,-0.08187134502924005,0.0,0.0,0.0,1.0,0.0,0.0,0.0,0.5217391304347826,0.0,Graduate
3987,-0.46568627460763706,-0.3333333333333335,-0.3333333333333333,-0.4460191746561067,1.8888888888888888,1.5,0.0,1.0,0.0,1.0,0.0,-0.7399999999999997,1.0,0.0,0.0,1.0,1.196581196581199,0.0,1.0,0.0,0.28070175438596545,0.0,0.0,0.0,1.0,0.0,1.0,-0.98567335243553,-0.9565217391304347,0.0,Graduate
3988,0.35364145665692714,0.04761904761904745,0.3333333333333333,1.221342225927469,-0.3333333333333332,-0.25,0.0,1.0,0.0,1.0,0.5,1.4600000000000004,1.0,0.0,0.0,1.0,-0.7948717948717954,0.0,1.0,1.0,0.8479532163742686,0.0,0.0,0.0,1.0,0.0,1.0,0.0,0.5217391304347826,0.0,Graduate
3989,0.4901960785343547,0.33333333333333326,0.0,0.7002917882451017,2.333333333333333,1.25,0.0,1.0,0.0,1.0,-0.5,-0.673333333333333,0.0,1.0,0.0,1.0,0.5384615384615388,0.0,1.0,0.0,-0.11111111111111138,0.0,0.0,0.0,1.0,0.0,0.0,-0.98567335243553,-0.9565217391304347,0.0,Graduate
3990,-0.12561274475678139,-0.04166666666666674,2.6666666666666665,-0.10132426844518547,-0.3333333333333332,2.0,0.0,1.0,1.0,0.0,5.0,-0.20666666666666628,1.0,0.0,1.0,0.0,-0.5470085470085468,0.0,0.0,0.0,-0.44444444444444386,0.0,0.0,0.0,1.0,0.0,0.0,-0.3553008595988538,-0.4782608695652173,0.0,Graduate
3991,0.5821078432595462,0.33333333333333326,3.6666666666666665,0.9608170070862855,-0.22916666666666655,2.25,0.0,1.0,0.0,1.0,5.0,0.0,1.0,0.0,0.0,1.0,0.02564102564102542,0.0,0.0,0.0,0.1286549707602332,0.0,0.0,0.0,1.0,0.0,0.0,0.9140401146131805,0.0,0.0,Graduate
3992,-0.6862745099480968,-0.523809523809524,-0.3333333333333333,-0.7586494372655271,0.38095238095238104,0.5,0.0,1.0,0.0,1.0,0.5,-1.273333333333333,1.0,0.0,0.0,1.0,0.05982905982906013,0.0,1.0,0.0,-0.9649122807017539,0.0,0.0,0.0,1.0,0.0,0.0,-0.3553008595988538,-0.4782608695652173,0.0,Dropout
3993,0.3186274505571347,0.33333333333333326,0.3333333333333333,0.21397804501875775,0.22222222222222213,0.0,0.0,1.0,0.0,1.0,0.0,0.2600000000000004,0.0,1.0,0.0,1.0,-0.05982905982906013,0.0,0.0,0.0,0.29824561403508726,0.0,0.0,0.0,1.0,0.0,0.0,0.9140401146131805,0.0,0.0,Graduate
3995,0.0829562593311532,0.33333333333333326,2.3333333333333335,-0.45403533555648184,-0.19444444444444448,1.25,0.0,1.0,0.0,1.0,3.0,0.0,1.0,0.0,0.0,1.0,0.02564102564102542,0.0,1.0,0.0,0.1286549707602332,0.0,0.0,0.0,1.0,0.0,0.0,0.48710601719197705,-0.3478260869565217,0.0,Graduate
3997,-0.6862745099480968,-0.6666666666666667,-0.6666666666666666,-0.13338891204668618,1.0555555555555554,0.75,0.0,1.0,0.0,1.0,0.0,-0.33999999999999964,1.0,0.0,0.0,1.0,-0.2393162393162393,0.0,1.0,0.0,-0.35087719298245595,0.0,0.0,0.0,1.0,0.0,0.0,-0.5787965616045845,1.0,0.0,Dropout
3999,-0.24299719893060154,-0.23809523809523814,0.0,0.12505210504376774,0.38095238095238104,0.5,1.0,0.0,1.0,0.0,0.5,-0.20666666666666628,1.0,0.0,0.0,1.0,0.44444444444444514,0.0,0.0,1.0,0.23391812865497064,0.0,0.0,0.0,0.0,0.0,0.0,0.42120343839541546,-0.39130434782608686,0.0,Dropout
4001,-1.5686274513099354,-1.6666666666666667,-1.6666666666666667,-5.1354731137974134,-0.3333333333333332,-0.75,1.0,0.0,1.0,0.0,-0.5,0.46000000000000035,1.0,0.0,0.0,1.0,0.44444444444444514,1.0,0.0,0.0,0.8187134502923973,1.0,0.0,1.0,1.0,1.0,0.0,-1.2550143266475644,0.608695652173913,0.0,Dropout
4002,-1.5686274513099354,-1.6666666666666667,-1.6666666666666667,-5.1354731137974134,-1.9999999999999996,-2.0,0.0,1.0,0.0,1.0,-0.5,0.46000000000000035,1.0,0.0,0.0,1.0,-0.10256410256410291,0.0,0.0,0.0,0.44444444444444386,1.0,0.0,0.0,1.0,0.0,0.0,0.4068767908309455,0.0,0.0,Dropout
4003,0.4166666667542018,0.33333333333333326,0.3333333333333333,0.4918716131721548,-0.3333333333333332,-0.5,0.0,1.0,0.0,1.0,0.0,0.0,1.0,0.0,0.0,1.0,-0.37606837606837573,1.0,0.0,0.0,-0.14619883040935666,0.0,0.0,0.0,0.0,0.0,1.0,0.42120343839541546,-0.39130434782608686,0.0,Graduate
4005,0.36764705939096226,0.33333333333333326,0.3333333333333333,0.3529248311796578,-0.3333333333333332,-0.5,0.0,1.0,0.0,1.0,0.0,-0.33999999999999964,0.0,1.0,0.0,1.0,0.05982905982906013,0.0,1.0,0.0,-0.14619883040935666,0.0,0.0,0.0,1.0,0.0,1.0,0.9140401146131805,0.0,0.0,Graduate
4006,-1.5686274513099354,-1.6666666666666667,-1.6666666666666667,-5.1354731137974134,-1.9999999999999996,-2.0,0.0,1.0,0.0,1.0,0.0,1.1266666666666671,1.0,0.0,0.0,1.0,-2.803418803418806,1.0,0.0,0.0,-0.8187134502923973,0.0,0.0,0.0,1.0,0.0,0.0,0.4068767908309455,0.0,0.0,Dropout
4008,-0.5098039216757291,-0.6666666666666667,-0.6666666666666666,0.8670279283034594,2.1666666666666665,1.75,0.0,1.0,0.0,1.0,0.0,0.0,1.0,0.0,0.0,1.0,-1.5299145299145307,1.0,0.0,0.0,-0.9356725146198825,0.0,0.0,0.0,1.0,0.0,0.0,-0.3553008595988538,-0.4782608695652173,0.0,Dropout
4009,-0.3921568628274839,-0.3333333333333335,-0.3333333333333333,-0.13338891204668618,0.7777777777777779,0.5,1.0,0.0,1.0,0.0,0.0,-0.33999999999999964,1.0,0.0,0.0,1.0,-0.5128205128205133,0.0,0.0,0.0,-0.5380116959064326,0.0,0.0,0.0,1.0,0.0,2.0,0.4068767908309455,0.0,0.0,Dropout
4010,-1.5686274513099354,-1.6666666666666667,-1.6666666666666667,-5.1354731137974134,-0.3333333333333332,-0.75,0.0,1.0,0.0,1.0,-0.5,-1.273333333333333,1.0,0.0,0.0,1.0,0.05982905982906013,0.0,0.0,0.0,-0.9649122807017539,0.0,0.0,0.0,1.0,0.0,4.0,0.4068767908309455,0.0,0.0,Dropout
4012,-0.6156862746391496,-0.4666666666666668,-0.6666666666666666,-0.6335973322217586,2.9999999999999996,1.75,0.0,1.0,0.0,1.0,-0.5,-0.47333333333333294,1.0,0.0,0.0,1.0,-0.2991452991452994,0.0,0.0,0.0,-0.5087719298245613,0.0,0.0,0.0,1.0,0.0,0.0,0.1346704871060172,-0.7391304347826085,0.0,Enrolled
4015,0.6135154065014388,0.33333333333333326,0.6666666666666666,1.0498421967486447,-0.3333333333333332,-0.25,0.0,1.0,0.0,1.0,0.5,0.46000000000000035,0.0,1.0,0.0,1.0,0.14529914529914567,0.0,0.0,1.0,0.6140350877192979,0.0,0.0,0.0,1.0,0.0,0.0,0.42120343839541546,-0.39130434782608686,0.0,Graduate
4017,-0.6862745099480968,-0.6666666666666667,-0.6666666666666666,-0.13338891204668618,1.0555555555555554,0.75,0.0,1.0,0.0,1.0,0.0,0.06000000000000038,1.0,0.0,0.0,1.0,-0.3333333333333329,0.0,0.0,0.0,-0.0643274853801166,0.0,0.0,0.0,1.0,0.0,0.0,0.0,0.5217391304347826,0.0,Dropout
4018,-1.5686274513099354,-1.6666666666666667,-1.6666666666666667,-5.1354731137974134,-0.3333333333333332,-0.5,0.0,1.0,0.0,1.0,0.0,0.0,0.0,1.0,0.0,1.0,1.0341880341880358,1.0,0.0,0.0,0.8187134502923973,0.0,0.0,0.0,1.0,0.0,0.0,0.9140401146131805,0.0,0.0,Dropout
4020,0.48247549029743864,0.33333333333333326,1.0,0.6784076698624423,-0.3333333333333332,0.0,0.0,1.0,0.0,1.0,1.0,-0.13999999999999962,0.0,1.0,0.0,1.0,0.3162393162393168,0.0,1.0,1.0,0.20467836257309932,0.0,0.0,0.0,1.0,0.0,1.0,-0.98567335243553,-0.9565217391304347,0.0,Graduate
4022,0.0719975490347332,0.08333333333333326,0.6666666666666666,0.1792413505627343,0.2916666666666667,0.75,0.0,1.0,0.0,1.0,1.0,0.0,1.0,0.0,0.0,1.0,-2.3846153846153864,0.0,1.0,0.0,-1.5204678362573092,0.0,0.0,0.0,1.0,0.0,0.0,-0.3553008595988538,-0.4782608695652173,0.0,Graduate
4024,-0.21752450984961982,-0.16666666666666674,0.3333333333333333,-0.029178824510212698,-0.3333333333333332,0.0,0.0,1.0,0.0,1.0,1.0,-0.873333333333333,1.0,0.0,0.0,1.0,0.44444444444444514,0.0,0.0,1.0,-0.35087719298245595,0.0,0.0,0.0,0.0,0.0,0.0,-0.5787965616045845,1.0,0.0,Dropout
4025,-1.5686274513099354,-1.6666666666666667,-1.6666666666666667,-5.1354731137974134,1.3333333333333333,1.5,0.0,1.0,0.0,1.0,0.5,-1.273333333333333,1.0,0.0,0.0,1.0,0.44444444444444514,0.0,0.0,0.0,-0.7017543859649119,0.0,0.0,0.0,1.0,0.0,0.0,0.9140401146131805,0.0,0.0,Enrolled
4026,0.049019607853435634,0.33333333333333326,0.0,-0.5502292621925802,0.6666666666666667,0.0,0.0,1.0,0.0,1.0,-0.5,0.46000000000000035,0.0,1.0,0.0,1.0,0.3589743589743596,0.0,1.0,0.0,0.7602339181286546,0.0,0.0,0.0,1.0,0.0,0.0,-0.98567335243553,-0.9565217391304347,0.0,Enrolled
4028,-0.12745098005128516,-0.16666666666666674,0.3333333333333333,0.31124079616506856,0.0833333333333334,0.5,0.0,1.0,0.0,1.0,1.0,0.3933333333333337,1.0,0.0,0.0,1.0,-0.4529914529914532,0.0,1.0,1.0,0.14619883040935666,0.0,0.0,0.0,1.0,0.0,5.0,-0.5787965616045845,1.0,0.0,Dropout
4029,0.46568627411744096,0.33333333333333326,0.3333333333333333,0.6308183951646517,-0.3333333333333332,-0.5,0.0,1.0,1.0,0.0,0.0,0.19333333333333372,1.0,0.0,1.0,0.0,0.11965811965811904,0.0,1.0,0.0,0.3625730994152038,0.0,0.0,0.0,1.0,0.0,0.0,0.4068767908309455,0.0,0.0,Graduate
4030,-0.6967787118410599,-0.8095238095238096,-0.6666666666666666,0.6308183951646517,-0.3333333333333332,-0.25,0.0,1.0,0.0,1.0,0.5,-0.20666666666666628,1.0,0.0,0.0,1.0,0.44444444444444514,0.0,0.0,1.0,0.23391812865497064,0.0,0.0,0.0,0.0,0.0,0.0,-0.3553008595988538,-0.4782608695652173,0.0,Dropout
4031,0.1666666667016809,0.33333333333333326,0.0,-0.2167569820758647,-0.3333333333333332,-0.75,0.0,1.0,0.0,1.0,-0.5,0.7933333333333337,1.0,0.0,0.0,1.0,-0.8974358974358971,0.0,0.0,0.0,0.19298245614035145,0.0,0.0,0.0,1.0,0.0,0.0,0.4068767908309455,0.0,0.0,Graduate
4032,0.39215686233728797,0.33333333333333326,2.3333333333333335,0.42239822009170475,-0.3333333333333332,1.0,0.0,1.0,0.0,1.0,3.0,0.0,0.0,1.0,0.0,1.0,0.02564102564102542,0.0,1.0,0.0,0.1286549707602332,0.0,0.0,0.0,1.0,0.0,0.0,0.9140401146131805,0.0,0.0,Enrolled
4033,0.45287990205592704,0.33333333333333326,1.0,0.5945185493955811,-0.3333333333333332,0.0,0.0,1.0,0.0,1.0,1.0,0.8600000000000004,1.0,0.0,0.0,1.0,-0.8974358974358971,0.0,1.0,1.0,0.2514619883040941,0.0,0.0,0.0,1.0,0.0,5.0,-0.98567335243553,-0.9565217391304347,0.0,Graduate
4036,-1.5686274513099354,-1.6666666666666667,-1.6666666666666667,-5.1354731137974134,0.5,0.25,0.0,1.0,0.0,1.0,0.0,-1.5399999999999996,1.0,0.0,0.0,1.0,0.44444444444444514,0.0,0.0,0.0,-0.9356725146198825,0.0,0.0,0.0,0.0,0.0,0.0,-0.3553008595988538,-0.4782608695652173,0.0,Dropout
4037,0.39215686233728797,0.33333333333333326,0.3333333333333333,0.42239822009170475,-0.3333333333333332,-0.5,0.0,1.0,0.0,1.0,0.0,-0.873333333333333,0.0,1.0,0.0,1.0,2.350427350427354,1.0,0.0,0.0,0.9532163742690061,0.0,0.0,0.0,1.0,0.0,0.0,0.4068767908309455,0.0,0.0,Graduate
4039,0.7352941182917283,0.33333333333333326,0.3333333333333333,1.3950257065443927,-0.05555555555555535,-0.25,0.0,1.0,0.0,1.0,0.0,1.6600000000000004,0.0,1.0,0.0,1.0,0.0683760683760682,0.0,1.0,0.0,1.614035087719297,0.0,0.0,0.0,1.0,0.0,2.0,0.9140401146131805,0.0,0.0,Graduate
4040,0.17507002846815203,0.33333333333333326,0.6666666666666666,-0.1929375323051273,0.14285714285714307,0.25,0.0,1.0,0.0,1.0,0.5,-0.7399999999999997,1.0,0.0,0.0,1.0,-0.3333333333333329,0.0,1.0,0.0,-0.7660818713450285,0.0,0.0,0.0,1.0,0.0,0.0,-0.3553008595988538,-0.4782608695652173,0.0,Graduate
4041,0.563725490314508,0.33333333333333326,0.0,0.9087119633180487,1.9999999999999996,1.0,0.0,1.0,0.0,1.0,-0.5,0.46000000000000035,1.0,0.0,0.0,1.0,-0.9145299145299156,0.0,1.0,0.0,-0.11111111111111138,0.0,0.0,0.0,1.0,0.0,0.0,-0.98567335243553,-0.9565217391304347,0.0,Graduate
4043,-0.024509803926717654,0.0,0.0,0.11671529804085004,-0.3333333333333332,-0.5,0.0,1.0,0.0,1.0,0.0,-1.473333333333333,1.0,0.0,0.0,1.0,0.3589743589743596,0.0,1.0,0.0,-0.9356725146198825,0.0,0.0,0.0,1.0,0.0,0.0,0.48710601719197705,-0.3478260869565217,0.0,Graduate
4044,0.012254902514829462,0.08333333333333326,0.6666666666666666,-0.014291667361400867,0.5,1.0,0.0,1.0,0.0,1.0,1.0,0.7933333333333337,1.0,0.0,0.0,1.0,-0.29914529914529825,0.0,0.0,1.0,0.6023391812865501,0.0,0.0,0.0,1.0,0.0,1.0,-0.5787965616045845,1.0,0.0,Enrolled
4046,-1.5686274513099354,-1.6666666666666667,-1.6666666666666667,-5.1354731137974134,-1.9999999999999996,-2.0,0.0,1.0,0.0,1.0,0.5,0.46000000000000035,1.0,0.0,0.0,1.0,-0.4188034188034185,0.0,1.0,1.0,0.2280701754385967,0.0,0.0,0.0,1.0,0.0,0.0,-0.3553008595988538,-0.4782608695652173,0.0,Dropout
4047,0.3221288520284583,0.33333333333333326,0.3333333333333333,0.22390281784076668,-0.05555555555555535,-0.25,0.0,1.0,0.0,1.0,0.0,0.46000000000000035,0.0,1.0,0.0,1.0,0.5213675213675226,0.0,1.0,0.0,0.871345029239766,0.0,0.0,0.0,1.0,0.0,0.0,-0.5787965616045845,1.0,0.0,Graduate
4048,0.21997549024229182,0.08333333333333326,0.6666666666666666,0.6586077532305125,-0.3333333333333332,0.0,0.0,1.0,0.0,1.0,1.0,1.526666666666667,1.0,0.0,0.0,1.0,-1.3076923076923088,0.0,1.0,1.0,0.5555555555555552,0.0,0.0,0.0,1.0,0.0,0.0,-0.5787965616045845,1.0,0.0,Graduate
4049,0.20931372590181674,0.08333333333333326,0.6666666666666666,0.6240695539808252,-0.3333333333333332,0.0,0.0,1.0,0.0,1.0,1.0,-0.07333333333333296,0.0,1.0,0.0,1.0,-0.4102564102564104,0.0,1.0,1.0,-0.23391812865497064,0.0,0.0,0.0,1.0,0.0,0.0,0.4068767908309455,0.0,0.0,Graduate
4050,0.1096438570258356,0.04761904761904745,0.3333333333333333,0.4144584035014587,0.38095238095238104,0.5,0.0,1.0,0.0,1.0,0.5,0.46000000000000035,0.0,1.0,0.0,1.0,0.44444444444444514,0.0,0.0,0.0,0.8187134502923973,0.0,0.0,0.0,0.0,0.0,0.0,0.9140401146131805,0.0,0.0,Graduate
4052,0.22058823583065565,0.33333333333333326,0.3333333333333333,-0.06391551896623615,-0.3333333333333332,-0.5,0.0,1.0,0.0,1.0,0.0,-1.3399999999999996,0.0,1.0,0.0,1.0,-0.03418803418803349,0.0,0.0,0.0,-1.0877192982456132,0.0,0.0,0.0,1.0,0.0,3.0,0.42120343839541546,-0.39130434782608686,0.0,Graduate
4053,-0.46568627460763706,-0.3333333333333335,-0.3333333333333333,-0.4460191746561067,1.3333333333333333,1.0,1.0,0.0,1.0,0.0,0.0,-0.7399999999999997,0.0,1.0,0.0,1.0,-0.2136752136752139,0.0,1.0,0.0,-0.6842105263157893,0.0,0.0,0.0,1.0,0.0,0.0,0.0,0.5217391304347826,0.0,Dropout
4054,-0.04901960785343531,0.0,0.0,0.033347228011671545,-0.3333333333333332,-0.5,0.0,1.0,0.0,1.0,0.0,1.1266666666666671,1.0,0.0,0.0,1.0,-0.341880341880341,0.0,0.0,0.0,0.8654970760233921,0.0,0.0,0.0,1.0,0.0,0.0,0.4068767908309455,0.0,0.0,Enrolled
4055,0.5882352947314218,0.33333333333333326,0.3333333333333333,0.9781853563984988,-0.3333333333333332,-0.5,0.0,1.0,0.0,1.0,0.0,0.12666666666666704,0.0,1.0,0.0,1.0,-0.2991452991452994,0.0,1.0,0.0,0.017543859649122633,0.0,0.0,0.0,1.0,0.0,1.0,0.9140401146131805,0.0,0.0,Graduate
4057,0.4901960785343547,0.33333333333333326,0.3333333333333333,0.7002917882451017,0.22222222222222213,0.0,0.0,1.0,0.0,1.0,0.0,-0.7399999999999997,1.0,0.0,0.0,1.0,0.8034188034188047,0.0,1.0,0.0,0.011695906432748699,0.0,0.0,0.0,1.0,0.0,1.0,0.42120343839541546,-0.39130434782608686,0.0,Graduate
4058,0.28011204466669026,0.33333333333333326,0.3333333333333333,0.10480557315548135,0.7777777777777779,0.5,0.0,1.0,0.0,1.0,0.0,0.46000000000000035,1.0,0.0,0.0,1.0,0.44444444444444514,0.0,0.0,0.0,0.8187134502923973,0.0,0.0,0.0,0.0,0.0,0.0,-1.2550143266475644,0.608695652173913,0.0,Enrolled
4059,0.7164404226995321,0.33333333333333326,0.3333333333333333,1.341584635264693,1.8888888888888888,1.5,0.0,1.0,0.0,1.0,0.0,0.32666666666666705,1.0,0.0,0.0,1.0,-0.8376068376068382,0.0,1.0,0.0,-0.17543859649122798,0.0,0.0,0.0,1.0,0.0,0.0,-1.2550143266475644,0.608695652173913,0.0,Graduate
4060,-1.5686274513099354,-1.6666666666666667,-1.6666666666666667,-5.1354731137974134,-1.9999999999999996,-2.0,1.0,0.0,1.0,0.0,0.0,-0.20666666666666628,1.0,0.0,0.0,1.0,2.7521367521367552,0.0,1.0,0.0,1.8128654970760225,0.0,0.0,0.0,1.0,0.0,2.0,0.1346704871060172,-0.7391304347826085,0.0,Dropout
4061,0.6372549020946613,0.33333333333333326,0.3333333333333333,1.1171321383909958,-0.3333333333333332,-0.5,0.0,1.0,0.0,1.0,0.0,1.5933333333333337,1.0,0.0,0.0,1.0,-0.1794871794871804,0.0,0.0,0.0,1.3859649122807003,0.0,0.0,0.0,1.0,0.0,0.0,0.9140401146131805,0.0,0.0,Graduate
4064,0.23809523877551025,0.33333333333333326,0.0,-0.014291667361400867,0.3333333333333332,-0.25,0.0,1.0,0.0,1.0,-0.5,1.1266666666666671,0.0,1.0,0.0,1.0,-1.2478632478632499,1.0,0.0,0.0,0.2456140350877185,0.0,0.0,0.0,1.0,0.0,0.0,-0.3553008595988538,-0.4782608695652173,0.0,Graduate
4065,-0.34025374897574934,-0.2549019607843137,2.3333333333333335,-0.2028623051271362,-0.1372549019607842,2.75,0.0,1.0,1.0,0.0,5.5,0.8600000000000004,1.0,0.0,1.0,0.0,-0.4529914529914532,0.0,0.0,0.0,0.5555555555555552,0.0,0.0,0.0,1.0,0.0,0.0,0.48710601719197705,-0.3478260869565217,0.0,Enrolled
4066,0.22058823583065565,0.33333333333333326,0.3333333333333333,-0.06391551896623615,-0.3333333333333332,-0.5,0.0,1.0,0.0,1.0,0.0,-0.873333333333333,1.0,0.0,0.0,1.0,0.2991452991452994,0.0,0.0,0.0,-0.45029239766081863,0.0,0.0,0.0,1.0,0.0,0.0,-0.5787965616045845,1.0,0.0,Enrolled
4067,0.17973856229266216,0.33333333333333326,0.6666666666666666,-0.17970450604418492,0.38095238095238104,0.5,0.0,1.0,0.0,1.0,0.5,-1.0066666666666664,0.0,1.0,0.0,1.0,0.2991452991452994,0.0,1.0,0.0,-0.567251461988304,0.0,0.0,0.0,1.0,0.0,0.0,-0.5787965616045845,1.0,0.0,Graduate
4068,-1.5686274513099354,-1.6666666666666667,-1.6666666666666667,-5.1354731137974134,-1.9999999999999996,-2.0,1.0,0.0,1.0,0.0,0.0,-0.873333333333333,1.0,0.0,0.0,1.0,0.44444444444444514,0.0,0.0,0.0,-0.35087719298245595,0.0,0.0,0.0,0.0,0.0,0.0,0.4068767908309455,0.0,0.0,Dropout
4069,0.1666666667016809,0.33333333333333326,0.0,-0.2167569820758647,0.0,-0.5,0.0,1.0,0.0,1.0,-0.5,1.3933333333333338,0.0,1.0,0.0,1.0,0.504273504273504,0.0,1.0,0.0,1.6783625730994136,0.0,0.0,0.0,1.0,0.0,0.0,-0.98567335243553,-0.9565217391304347,0.0,Graduate
4070,0.07352941227034941,0.33333333333333326,0.3333333333333333,-0.48075586911213014,-0.05555555555555535,-0.25,0.0,1.0,0.0,1.0,0.0,0.3933333333333337,1.0,0.0,0.0,1.0,-0.09401709401709483,0.0,0.0,0.0,0.39181286549707517,0.0,0.0,0.0,1.0,0.0,1.0,-0.98567335243553,-0.9565217391304347,0.0,Graduate
4071,0.4985994403008262,0.33333333333333326,0.6666666666666666,0.7241112380158399,-0.3333333333333332,-0.25,0.0,1.0,0.0,1.0,0.5,0.19333333333333372,1.0,0.0,0.0,1.0,1.2146029671112836e-15,0.0,0.0,1.0,0.28070175438596545,0.0,0.0,0.0,1.0,0.0,0.0,-0.3553008595988538,-0.4782608695652173,0.0,Graduate
4072,-0.4166666667542016,-0.3333333333333335,-0.3333333333333333,-0.23759899958315966,0.7777777777777779,0.5,0.0,1.0,0.0,1.0,0.0,-0.20666666666666628,1.0,0.0,0.0,1.0,-0.17948717948717918,0.0,1.0,0.0,-0.19298245614035062,0.0,0.0,0.0,1.0,0.0,1.0,0.0,0.5217391304347826,0.0,Dropout
4073,0.36764705939096226,0.33333333333333326,0.3333333333333333,0.3529248311796578,-0.3333333333333332,-0.5,0.0,1.0,0.0,1.0,0.0,0.0,1.0,0.0,0.0,1.0,0.1794871794871804,1.0,0.0,0.0,0.23391812865497064,0.0,0.0,0.0,0.0,0.0,0.0,-0.98567335243553,-0.9565217391304347,0.0,Enrolled
4074,0.4166666667542018,0.33333333333333326,0.3333333333333333,0.4918716131721548,-0.05555555555555535,-0.25,0.0,1.0,0.0,1.0,0.0,-0.006666666666666288,0.0,1.0,0.0,1.0,-0.3589743589743596,0.0,0.0,0.0,-0.14035087719298273,0.0,0.0,0.0,1.0,0.0,0.0,-1.2550143266475644,0.608695652173913,0.0,Graduate
4075,0.2879901961389334,0.33333333333333326,0.6666666666666666,0.12713630679449753,0.38095238095238104,0.5,0.0,1.0,0.0,1.0,0.5,0.6600000000000004,0.0,1.0,0.0,1.0,-1.820512820512822,0.0,0.0,1.0,-0.5555555555555552,0.0,0.0,0.0,1.0,0.0,0.0,-1.2550143266475644,0.608695652173913,0.0,Graduate
4076,-1.5686274513099354,-1.6666666666666667,-1.6666666666666667,-5.1354731137974134,-1.9999999999999996,-2.0,0.0,1.0,0.0,1.0,0.0,-1.073333333333333,1.0,0.0,0.0,1.0,-0.05982905982906013,0.0,0.0,0.0,-0.871345029239766,0.0,0.0,0.0,1.0,0.0,2.0,-1.2550143266475644,0.608695652173913,0.0,Dropout
4077,0.22916666653098725,0.08333333333333326,0.6666666666666666,0.6883820633597331,-0.3333333333333332,0.0,0.0,1.0,0.0,1.0,1.0,0.7933333333333337,0.0,1.0,0.0,1.0,-0.29914529914529825,0.0,1.0,1.0,0.6023391812865501,0.0,0.0,0.0,1.0,0.0,2.0,-0.5787965616045845,1.0,0.0,Graduate
4079,0.31372549026198715,0.33333333333333326,0.0,0.20008336807002927,-0.3333333333333332,-0.75,0.0,1.0,0.0,1.0,-0.5,2.4600000000000004,1.0,0.0,0.0,1.0,-2.572649572649576,1.0,0.0,0.0,0.5087719298245604,0.0,0.0,0.0,1.0,0.0,0.0,0.4068767908309455,0.0,0.0,Graduate
4080,0.4271708682269965,0.33333333333333326,0.3333333333333333,0.5216459233013753,0.22222222222222213,0.0,0.0,1.0,0.0,1.0,0.0,0.6600000000000004,0.0,1.0,0.0,1.0,-0.5128205128205121,0.0,1.0,0.0,0.3391812865497081,0.0,0.0,0.0,1.0,0.0,1.0,0.42120343839541546,-0.39130434782608686,0.0,Enrolled
4081,-1.5686274513099354,-1.6666666666666667,-1.6666666666666667,-5.1354731137974134,-1.9999999999999996,-2.0,1.0,0.0,1.0,0.0,-3.0,0.46000000000000035,0.0,1.0,0.0,1.0,-0.6837606837606844,0.0,1.0,0.0,0.04678362573099396,0.0,0.0,0.0,1.0,0.0,0.0,-0.5787965616045845,1.0,0.0,Dropout
4084,0.44817927117258666,0.33333333333333326,0.0,0.5811945435598164,0.3333333333333332,-0.25,0.0,1.0,0.0,1.0,-0.5,-0.20666666666666628,1.0,0.0,0.0,1.0,0.7777777777777792,0.0,0.0,0.0,0.46198830409356734,0.0,0.0,0.0,0.0,0.0,0.0,-0.3553008595988538,-0.4782608695652173,0.0,Graduate
4085,-1.5686274513099354,-1.6666666666666667,-1.6666666666666667,-5.1354731137974134,-0.3333333333333332,-1.0,1.0,0.0,1.0,0.0,-1.0,-0.20666666666666628,1.0,0.0,0.0,1.0,-1.273504273504274,1.0,0.0,0.0,-0.9415204678362565,0.0,0.0,0.0,1.0,0.0,0.0,-0.5787965616045845,1.0,0.0,Dropout
4087,0.29411764761080894,0.33333333333333326,0.3333333333333333,0.14450465610671082,-0.05555555555555535,-0.25,0.0,1.0,0.0,1.0,0.0,0.0,0.0,1.0,0.0,1.0,-1.8290598290598301,1.0,0.0,0.0,-1.1403508771929818,0.0,0.0,0.0,0.0,0.0,0.0,-0.5787965616045845,1.0,0.0,Graduate
4088,0.141482843166978,0.08333333333333326,0.6666666666666666,0.4043351396415167,0.2916666666666667,0.75,0.0,1.0,0.0,1.0,1.0,-0.20666666666666628,0.0,1.0,0.0,1.0,-0.4102564102564104,1.0,0.0,1.0,-0.35087719298245595,0.0,0.0,0.0,1.0,0.0,0.0,-0.98567335243553,-0.9565217391304347,0.0,Enrolled
4089,-0.3480392157593918,-0.06666666666666665,1.0,-0.8107544810337639,0.5,1.75,0.0,1.0,0.0,1.0,2.0,0.46000000000000035,1.0,0.0,0.0,1.0,-2.30769230769231,0.0,0.0,0.0,-1.0643274853801166,0.0,0.0,0.0,1.0,0.0,0.0,0.0,0.5217391304347826,0.0,Enrolled
4090,-0.8123249301426452,-0.8095238095238096,-0.6666666666666666,-0.13338891204668618,1.0952380952380953,1.25,1.0,0.0,1.0,0.0,0.5,0.0,1.0,0.0,0.0,1.0,-2.3846153846153864,0.0,0.0,0.0,-1.5204678362573092,0.0,1.0,1.0,0.0,1.0,0.0,-0.98567335243553,-0.9565217391304347,1.0,Dropout
4091,-0.1715686274870239,0.0,0.0,-0.38349312213422243,0.7777777777777779,0.5,0.0,1.0,0.0,1.0,0.0,1.1266666666666671,1.0,0.0,0.0,1.0,-2.7606837606837633,1.0,0.0,0.0,-0.7894736842105259,0.0,1.0,1.0,1.0,1.0,0.0,0.0,0.5217391304347826,1.0,Graduate
4092,-0.7892156864403113,-0.8666666666666667,-1.0,0.3876615256356813,2.9999999999999996,1.75,1.0,0.0,1.0,0.0,-0.5,0.46000000000000035,1.0,0.0,1.0,0.0,0.05982905982906013,0.0,0.0,0.0,0.5555555555555552,0.0,0.0,0.0,1.0,0.0,0.0,-0.3553008595988538,-0.4782608695652173,0.0,Dropout
4093,0.1786414570403306,0.04761904761904745,0.3333333333333333,0.6426288745310542,-0.3333333333333332,-0.25,0.0,1.0,0.0,1.0,0.5,0.7933333333333337,1.0,0.0,0.0,1.0,0.44444444444444514,0.0,1.0,1.0,1.1111111111111105,0.0,0.0,0.0,1.0,0.0,0.0,0.42120343839541546,-0.39130434782608686,0.0,Dropout
4095,-0.2205882353404597,-0.3333333333333335,-0.3333333333333333,0.5960817007086282,2.7222222222222223,2.25,0.0,1.0,0.0,1.0,0.0,-0.20666666666666628,1.0,0.0,0.0,1.0,0.44444444444444514,0.0,0.0,0.0,0.23391812865497064,0.0,0.0,0.0,0.0,0.0,0.0,-0.3553008595988538,-0.4782608695652173,0.0,Graduate
4096,0.37675069993909327,0.04761904761904745,0.3333333333333333,1.2977629553980818,-0.3333333333333332,-0.25,0.0,1.0,0.0,1.0,0.5,0.12666666666666704,0.0,1.0,0.0,1.0,-0.2991452991452994,0.0,1.0,1.0,0.017543859649122633,0.0,0.0,0.0,1.0,0.0,3.0,0.0,0.5217391304347826,0.0,Graduate
4097,0.46568627411744096,0.33333333333333326,0.3333333333333333,0.6308183951646517,-0.3333333333333332,-0.5,0.0,1.0,0.0,1.0,0.0,0.0,0.0,1.0,0.0,1.0,-1.2307692307692313,1.0,0.0,0.0,-0.7309941520467833,0.0,0.0,0.0,0.0,0.0,0.0,0.48710601719197705,-0.3478260869565217,0.0,Graduate
4098,-0.0770308127612811,0.04761904761904745,2.3333333333333335,-0.2028623051271362,0.5,3.25,0.0,1.0,0.0,1.0,4.0,-0.873333333333333,1.0,0.0,0.0,1.0,0.44444444444444514,0.0,0.0,0.0,-0.35087719298245595,0.0,0.0,0.0,0.0,0.0,0.0,-0.5787965616045845,1.0,0.0,Graduate
4099,-1.5686274513099354,-1.6666666666666667,-1.6666666666666667,-5.1354731137974134,-0.3333333333333332,-0.25,0.0,1.0,0.0,1.0,0.5,-0.873333333333333,1.0,0.0,0.0,1.0,-0.2991452991452994,0.0,0.0,0.0,-0.8596491228070173,0.0,0.0,0.0,1.0,0.0,1.0,-0.3553008595988538,-0.4782608695652173,0.0,Dropout
4100,-1.5686274513099354,-1.6666666666666667,-1.6666666666666667,-5.1354731137974134,-0.3333333333333332,-1.75,0.0,1.0,0.0,1.0,-2.5,0.9266666666666671,1.0,0.0,0.0,1.0,-0.9914529914529931,0.0,0.0,0.0,0.2456140350877185,0.0,0.0,0.0,1.0,1.0,0.0,0.4068767908309455,0.0,1.0,Dropout
4101,0.24509803877698141,0.33333333333333326,0.6666666666666666,0.005557869945810766,0.14285714285714307,0.25,0.0,1.0,0.0,1.0,0.5,1.0600000000000003,1.0,0.0,0.0,1.0,-0.3076923076923087,0.0,0.0,0.0,0.8304093567251452,0.0,0.0,0.0,1.0,0.0,0.0,-0.5787965616045845,1.0,0.0,Enrolled
4102,0.07352941227034941,0.33333333333333326,0.3333333333333333,-0.48075586911213014,-0.3333333333333332,-0.5,0.0,1.0,0.0,1.0,0.0,-0.6066666666666662,1.0,0.0,0.0,1.0,-0.4188034188034185,0.0,1.0,0.0,-0.7076023391812859,0.0,0.0,0.0,1.0,0.0,4.0,0.0,0.5217391304347826,0.0,Graduate
4103,0.5882352947314218,0.33333333333333326,0.3333333333333333,0.9781853563984988,-0.3333333333333332,-0.5,0.0,1.0,0.0,1.0,0.0,0.0,0.0,1.0,0.0,1.0,-2.470085470085472,0.0,0.0,0.0,-1.5789473684210518,0.0,0.0,0.0,1.0,0.0,0.0,0.9140401146131805,0.0,0.0,Graduate
4104,0.07843137256549662,0.33333333333333326,0.0,-0.46686119216340166,-0.3333333333333332,-0.75,0.0,1.0,0.0,1.0,-0.5,-0.5399999999999996,1.0,0.0,0.0,1.0,0.3589743589743596,0.0,1.0,0.0,-0.11695906432748532,0.0,0.0,0.0,1.0,0.0,1.0,0.4068767908309455,0.0,0.0,Enrolled
4105,0.44817927117258666,0.33333333333333326,0.3333333333333333,0.5811945435598164,0.5,0.25,0.0,1.0,0.0,1.0,0.0,0.5266666666666671,1.0,0.0,0.0,1.0,0.26495726495726596,0.0,1.0,0.0,0.7543859649122806,0.0,0.0,0.0,1.0,0.0,0.0,0.1346704871060172,-0.7391304347826085,0.0,Graduate
4106,0.31372549026198715,0.33333333333333326,0.0,0.20008336807002927,-0.3333333333333332,-0.75,0.0,1.0,0.0,1.0,-0.5,-0.13999999999999962,1.0,0.0,0.0,1.0,0.3589743589743596,0.0,1.0,0.0,0.23391812865497064,0.0,0.0,0.0,1.0,0.0,0.0,0.4068767908309455,0.0,0.0,Graduate
4107,-0.2696078431938952,-0.3333333333333335,-0.3333333333333333,0.3876615256356813,0.5,0.25,0.0,1.0,0.0,1.0,0.0,-1.0066666666666664,1.0,0.0,0.0,1.0,0.6837606837606844,0.0,0.0,0.0,-0.304093567251462,0.0,0.0,0.0,1.0,0.0,3.0,0.42120343839541546,-0.39130434782608686,0.0,Graduate
4108,-0.04877450981416848,-0.16666666666666674,0.3333333333333333,0.6085869112130048,0.0833333333333334,0.5,0.0,1.0,0.0,1.0,1.0,-0.27333333333333293,1.0,0.0,0.0,1.0,0.3418803418803422,0.0,1.0,1.0,0.10526315789473663,0.0,0.0,0.0,1.0,0.0,5.0,-0.98567335243553,-0.9565217391304347,0.0,Dropout
4109,0.37567401968676617,0.08333333333333326,0.6666666666666666,1.1629845769070437,-0.3333333333333332,0.0,0.0,1.0,0.0,1.0,1.0,0.19333333333333372,1.0,0.0,0.0,1.0,-0.4102564102564104,0.0,0.0,1.0,0.0,0.0,0.0,0.0,1.0,0.0,2.0,0.4068767908309455,0.0,0.0,Graduate
4110,-0.4901960785343547,-0.3333333333333335,-0.3333333333333333,-0.5502292621925802,0.7777777777777779,0.5,0.0,1.0,0.0,1.0,0.0,0.06000000000000038,1.0,0.0,0.0,1.0,-0.2393162393162393,0.0,1.0,0.0,0.0,0.0,0.0,0.0,1.0,0.0,1.0,0.4068767908309455,0.0,0.0,Graduate
4111,0.46427696106567456,0.08333333333333326,0.6666666666666666,1.4500089328887034,-0.3333333333333332,0.0,0.0,1.0,0.0,1.0,1.0,1.326666666666667,0.0,1.0,0.0,1.0,-0.7948717948717954,0.0,1.0,1.0,0.7309941520467833,0.0,0.0,0.0,1.0,0.0,0.0,0.4068767908309455,0.0,0.0,Graduate
4112,0.4572128858803669,0.33333333333333326,0.6666666666666666,0.6068004543559812,-0.3333333333333332,-0.25,0.0,1.0,0.0,1.0,0.5,-0.9399999999999996,1.0,0.0,0.0,1.0,0.4786324786324798,0.0,1.0,1.0,-0.38596491228070123,0.0,0.0,0.0,1.0,0.0,2.0,0.42120343839541546,-0.39130434782608686,0.0,Graduate
4114,-1.5686274513099354,-1.6666666666666667,-1.6666666666666667,-5.1354731137974134,-1.9999999999999996,-2.0,0.0,1.0,0.0,1.0,0.5,0.0,1.0,0.0,0.0,1.0,-2.2564102564102577,1.0,0.0,0.0,-1.432748538011695,0.0,0.0,0.0,1.0,0.0,1.0,0.4068767908309455,0.0,0.0,Dropout
4115,0.5392156858975943,0.33333333333333326,0.3333333333333333,0.8392385702375987,-0.3333333333333332,-0.5,0.0,1.0,0.0,1.0,0.0,-0.20666666666666628,1.0,0.0,0.0,1.0,0.11965811965812026,0.0,0.0,0.0,0.011695906432748699,0.0,0.0,0.0,1.0,0.0,1.0,0.42120343839541546,-0.39130434782608686,0.0,Graduate
4116,0.17156862699682812,0.33333333333333326,0.3333333333333333,-0.2028623051271362,-0.3333333333333332,-0.5,0.0,1.0,0.0,1.0,0.0,-0.33999999999999964,1.0,0.0,0.0,1.0,0.5982905982906,0.0,1.0,0.0,0.22222222222222276,0.0,0.0,0.0,1.0,0.0,2.0,-0.98567335243553,-0.9565217391304347,0.0,Enrolled
4117,0.6127450976777475,0.33333333333333326,0.3333333333333333,1.0476587453105457,-0.05555555555555535,-0.25,1.0,0.0,1.0,0.0,0.0,0.7933333333333337,1.0,0.0,0.0,1.0,-0.11965811965811904,0.0,1.0,0.0,0.7251461988304093,0.0,0.0,0.0,1.0,0.0,0.0,0.9140401146131805,0.0,0.0,Enrolled
4118,0.2585784314268721,0.08333333333333326,0.6666666666666666,0.7836598582742802,-0.3333333333333332,0.0,0.0,1.0,0.0,1.0,1.0,0.8600000000000004,1.0,0.0,0.0,1.0,-0.9829059829059826,0.0,1.0,1.0,0.19298245614035145,0.0,0.0,0.0,1.0,0.0,0.0,-0.5787965616045845,1.0,0.0,Graduate
4119,0.2254901961258032,0.33333333333333326,0.0,-0.05002084201750769,0.0,-0.5,0.0,1.0,0.0,1.0,-0.5,-0.9399999999999996,1.0,0.0,0.0,1.0,-0.05982905982906013,0.0,1.0,0.0,-0.7543859649122806,0.0,0.0,0.0,1.0,0.0,0.0,0.4068767908309455,0.0,0.0,Graduate
4121,0.037990196637883195,0.08333333333333326,0.6666666666666666,0.06907640266777837,-0.3333333333333332,0.0,0.0,1.0,0.0,1.0,1.0,0.726666666666667,0.0,1.0,0.0,1.0,0.18803418803418845,0.0,0.0,1.0,0.8771929824561399,0.0,0.0,0.0,1.0,0.0,4.0,-0.5787965616045845,1.0,0.0,Graduate
4122,0.9313725492152741,0.33333333333333326,0.3333333333333333,1.9508128386827837,-0.05555555555555535,-0.25,0.0,1.0,0.0,1.0,0.0,-0.20666666666666628,1.0,0.0,0.0,1.0,0.44444444444444514,0.0,0.0,0.0,0.23391812865497064,0.0,0.0,0.0,0.0,0.0,0.0,0.48710601719197705,-0.3478260869565217,0.0,Graduate
4123,-0.2450980392671772,0.0,0.0,-0.6335973322217586,-0.05555555555555535,-0.25,0.0,1.0,0.0,1.0,0.0,-0.7399999999999997,1.0,0.0,0.0,1.0,0.05982905982906013,0.0,0.0,0.0,-0.4970760233918126,0.0,0.0,0.0,1.0,0.0,2.0,0.9140401146131805,0.0,0.0,Graduate
4124,0.28641456630666967,0.04761904761904745,0.3333333333333333,0.9990273739057938,-0.3333333333333332,-0.25,0.0,1.0,0.0,1.0,0.5,1.326666666666667,1.0,0.0,0.0,1.0,-1.3675213675213675,0.0,1.0,1.0,0.3391812865497081,0.0,0.0,0.0,1.0,0.0,2.0,0.0,0.5217391304347826,0.0,Graduate
4125,-0.7745098040842805,-0.8666666666666667,-1.0,0.4918716131721548,1.3333333333333333,0.5,0.0,1.0,0.0,1.0,-0.5,0.9266666666666671,0.0,1.0,0.0,1.0,-0.6923076923076937,0.0,1.0,0.0,0.4502923976608178,0.0,0.0,0.0,1.0,0.0,0.0,0.4068767908309455,0.0,0.0,Enrolled
4126,-0.02818627469954878,0.08333333333333326,0.6666666666666666,-0.1452986369320549,-0.3333333333333332,0.0,0.0,1.0,0.0,1.0,1.0,-0.8066666666666663,0.0,1.0,0.0,1.0,-0.03418803418803349,0.0,0.0,1.0,-0.6198830409356719,0.0,0.0,0.0,1.0,0.0,0.0,-0.5787965616045845,1.0,0.0,Enrolled
4128,0.24509803877698141,0.33333333333333326,0.3333333333333333,0.005557869945810766,-0.05555555555555535,-0.25,0.0,1.0,0.0,1.0,0.0,-0.006666666666666288,1.0,0.0,0.0,1.0,0.658119658119659,0.0,1.0,0.0,0.5555555555555552,0.0,0.0,0.0,1.0,0.0,0.0,0.4068767908309455,0.0,0.0,Graduate
4131,0.5443137256045477,0.33333333333333326,0.6666666666666666,0.8536890370987908,0.38095238095238104,0.5,0.0,1.0,0.0,1.0,0.5,0.6600000000000004,0.0,1.0,0.0,1.0,-0.5299145299145307,0.0,1.0,1.0,0.32748538011695855,0.0,0.0,0.0,1.0,0.0,4.0,-1.2550143266475644,0.608695652173913,0.0,Graduate
4133,-0.3676470589007661,-0.3333333333333335,1.0,-0.029178824510212698,0.5,2.5,0.0,1.0,0.0,1.0,3.0,0.46000000000000035,1.0,0.0,0.0,1.0,0.44444444444444514,0.0,0.0,0.0,0.8187134502923973,0.0,0.0,0.0,0.0,0.0,0.0,0.42120343839541546,-0.39130434782608686,0.0,Enrolled
4134,-0.07352941178015329,0.0,0.0,-0.05002084201750769,0.7777777777777779,0.5,0.0,1.0,0.0,1.0,0.0,-1.0066666666666664,1.0,0.0,0.0,1.0,0.11965811965812026,0.0,1.0,0.0,-0.6900584795321633,0.0,0.0,0.0,1.0,0.0,0.0,-0.3553008595988538,-0.4782608695652173,0.0,Enrolled
4135,-0.4901960785343547,-0.3333333333333335,-0.3333333333333333,-0.5502292621925802,1.3333333333333333,1.0,0.0,1.0,0.0,1.0,0.0,0.5933333333333337,0.0,1.0,0.0,1.0,-0.8119658119658127,0.0,1.0,0.0,0.0760233918128653,0.0,0.0,1.0,1.0,0.0,0.0,-0.98567335243553,-0.9565217391304347,0.0,Graduate
4137,-0.042892156504108804,0.08333333333333326,0.6666666666666666,-0.1929375323051273,-0.3333333333333332,0.0,0.0,1.0,0.0,1.0,1.0,-0.13999999999999962,0.0,1.0,0.0,1.0,-0.5982905982905988,0.0,0.0,1.0,-0.42105263157894735,0.0,0.0,0.0,1.0,0.0,0.0,-0.5787965616045845,1.0,0.0,Graduate
4138,0.23809523877551025,0.33333333333333326,0.3333333333333333,-0.014291667361400867,0.22222222222222213,0.0,0.0,1.0,0.0,1.0,0.0,-0.20666666666666628,1.0,0.0,0.0,1.0,0.017094017094017352,1.0,0.0,0.0,-0.05847953216374266,0.0,0.0,0.0,1.0,0.0,0.0,0.9140401146131805,0.0,0.0,Graduate
4139,-0.661764706266477,-0.6666666666666667,-0.6666666666666666,0.005557869945810766,1.0555555555555554,0.75,0.0,1.0,0.0,1.0,0.0,0.0,1.0,0.0,0.0,1.0,-1.4017094017094023,0.0,0.0,0.0,-0.8479532163742686,0.0,0.0,0.0,1.0,0.0,1.0,0.0,0.5217391304347826,1.0,Dropout
4140,-0.46568627460763706,-0.3333333333333335,-0.3333333333333333,-0.4460191746561067,1.0555555555555554,0.75,0.0,1.0,0.0,1.0,0.0,0.06000000000000038,0.0,1.0,0.0,1.0,-0.39316239316239304,0.0,0.0,0.0,-0.10526315789473663,0.0,0.0,0.0,1.0,0.0,0.0,-1.2550143266475644,0.608695652173913,0.0,Graduate
4141,-1.5686274513099354,-1.6666666666666667,-1.6666666666666667,-5.1354731137974134,-1.9999999999999996,-2.0,0.0,1.0,1.0,0.0,0.0,-0.20666666666666628,1.0,0.0,1.0,0.0,0.44444444444444514,0.0,0.0,0.0,0.23391812865497064,0.0,0.0,1.0,0.0,1.0,0.0,0.48710601719197705,-0.3478260869565217,0.0,Dropout
4142,0.0,-0.3333333333333335,-1.0,1.5339724885368897,-0.3333333333333332,-1.25,0.0,1.0,0.0,1.0,-1.5,0.0,1.0,0.0,0.0,1.0,-0.6752136752136751,0.0,0.0,0.0,-0.35087719298245595,0.0,0.0,0.0,0.0,0.0,0.0,0.0,0.5217391304347826,0.0,Dropout
4143,0.14705882405050236,0.33333333333333326,0.3333333333333333,-0.2723356940391831,0.7777777777777779,0.5,0.0,1.0,0.0,1.0,0.0,-1.273333333333333,1.0,0.0,0.0,1.0,0.10256410256410291,0.0,0.0,0.0,-0.9356725146198825,0.0,1.0,1.0,0.0,1.0,0.0,0.0,0.5217391304347826,0.0,Graduate
4144,-0.26610644263293554,-0.23809523809523814,0.0,0.033347228011671545,1.5714285714285712,1.75,0.0,1.0,0.0,1.0,0.5,-0.20666666666666628,1.0,0.0,0.0,1.0,-0.9829059829059839,1.0,0.0,0.0,-0.742690058479532,0.0,0.0,0.0,1.0,0.0,0.0,0.42120343839541546,-0.39130434782608686,0.0,Enrolled
4145,-0.2142857148909563,0.04761904761904745,0.3333333333333333,-0.65675513130471,1.3333333333333333,1.5,0.0,1.0,0.0,1.0,0.5,-0.33999999999999964,1.0,0.0,0.0,1.0,0.05982905982906013,0.0,0.0,0.0,-0.14619883040935666,0.0,0.0,0.0,1.0,0.0,0.0,-0.5787965616045845,1.0,0.0,Enrolled
4146,-1.5686274513099354,-1.6666666666666667,-1.6666666666666667,-5.1354731137974134,-1.9999999999999996,-2.0,0.0,1.0,0.0,1.0,0.0,0.0,1.0,0.0,0.0,1.0,-2.2991452991453007,0.0,1.0,0.0,-1.4619883040935666,0.0,0.0,0.0,1.0,0.0,0.0,-1.2550143266475644,0.608695652173913,0.0,Dropout
4147,-0.5602240897535485,-0.523809523809524,-0.3333333333333333,-0.13338891204668618,0.857142857142857,1.0,0.0,1.0,0.0,1.0,0.5,0.0,1.0,0.0,0.0,1.0,-0.5982905982905976,1.0,0.0,1.0,-0.29824561403508726,0.0,0.0,0.0,0.0,0.0,0.0,0.48710601719197705,-0.3478260869565217,0.0,Dropout
4148,-0.3186274510473308,-0.3333333333333335,-0.3333333333333333,0.1792413505627343,1.3333333333333333,1.0,1.0,0.0,1.0,0.0,0.0,0.46000000000000035,0.0,1.0,0.0,1.0,1.6923076923076936,1.0,0.0,0.0,1.6725146198830398,0.0,0.0,0.0,1.0,0.0,0.0,0.9140401146131805,0.0,0.0,Enrolled
4149,-0.9803921570687096,-0.8666666666666667,-1.0,-0.9670696123384741,1.0,0.25,0.0,1.0,0.0,1.0,-0.5,-1.073333333333333,1.0,0.0,0.0,1.0,0.7179487179487192,0.0,1.0,0.0,-0.33918128654970725,0.0,0.0,0.0,1.0,0.0,0.0,0.0,0.5217391304347826,0.0,Enrolled
4152,0.12663398654621177,0.0,0.0,0.6308183951646517,0.7777777777777779,0.5,0.0,1.0,1.0,0.0,0.0,0.46000000000000035,1.0,0.0,1.0,0.0,1.2991452991453007,1.0,0.0,0.0,1.4035087719298238,0.0,0.0,0.0,1.0,0.0,0.0,-0.3553008595988538,-0.4782608695652173,0.0,Graduate
4153,0.39215686233728797,0.33333333333333326,0.0,0.42239822009170475,0.0,-0.5,0.0,1.0,0.0,1.0,-0.5,0.46000000000000035,1.0,0.0,0.0,1.0,0.08547008547008676,0.0,1.0,0.0,0.5730994152046788,0.0,0.0,0.0,1.0,0.0,2.0,0.0,0.5217391304347826,0.0,Graduate
4154,-1.5686274513099354,-1.6666666666666667,-1.6666666666666667,-5.1354731137974134,-1.9999999999999996,-2.0,0.0,1.0,1.0,0.0,-3.0,0.12666666666666704,1.0,0.0,1.0,0.0,1.196581196581199,0.0,1.0,0.0,1.04093567251462,0.0,0.0,0.0,1.0,0.0,0.0,-0.5787965616045845,1.0,0.0,Enrolled
4155,-0.7107843136297165,-0.6666666666666667,-0.6666666666666666,-0.2723356940391831,1.0555555555555554,0.75,0.0,1.0,0.0,1.0,0.0,-0.8066666666666663,1.0,0.0,0.0,1.0,0.08547008547008556,0.0,1.0,0.0,-0.5380116959064326,0.0,0.0,0.0,1.0,0.0,0.0,-0.98567335243553,-0.9565217391304347,0.0,Dropout
4156,0.2696078431938952,0.0,0.0,1.1171321383909958,1.3333333333333333,1.0,0.0,1.0,0.0,1.0,0.0,-0.6066666666666662,1.0,0.0,0.0,1.0,-0.4188034188034185,0.0,1.0,0.0,-0.7076023391812859,0.0,0.0,0.0,1.0,0.0,4.0,-0.3553008595988538,-0.4782608695652173,0.0,Graduate
4157,0.13541666632746838,0.08333333333333326,0.6666666666666666,0.38468409337223813,-0.3333333333333332,0.0,0.0,1.0,0.0,1.0,1.0,-0.13999999999999962,0.0,1.0,0.0,1.0,-0.6666666666666671,0.0,1.0,1.0,-0.4678362573099413,0.0,0.0,0.0,1.0,0.0,2.0,-0.5787965616045845,1.0,0.0,Enrolled
4158,-1.1862745100531387,-1.2666666666666666,-1.3333333333333333,0.28345143809920775,2.333333333333333,1.25,0.0,1.0,0.0,1.0,-0.5,1.7933333333333337,1.0,0.0,0.0,1.0,-0.39316239316239426,0.0,1.0,0.0,1.4152046783625718,0.0,0.0,0.0,1.0,0.0,4.0,-0.5787965616045845,1.0,0.0,Dropout
4159,0.07948179273378446,0.04761904761904745,0.3333333333333333,0.31471446436014955,-0.09523809523809526,0.0,0.0,1.0,0.0,1.0,0.5,-0.873333333333333,0.0,1.0,0.0,1.0,0.02564102564102542,0.0,1.0,1.0,-0.6374269005847953,0.0,0.0,0.0,1.0,0.0,1.0,0.42120343839541546,-0.39130434782608686,0.0,Graduate
4160,0.4166666667542018,0.33333333333333326,0.3333333333333333,0.4918716131721548,-0.3333333333333332,-0.5,0.0,1.0,0.0,1.0,0.0,0.46000000000000035,0.0,1.0,0.0,1.0,-0.29914529914529825,0.0,1.0,0.0,0.3099415204678368,0.0,0.0,0.0,1.0,0.0,0.0,0.4068767908309455,0.0,0.0,Graduate
4161,-0.12254901963358843,0.0,0.0,-0.2167569820758647,0.22222222222222213,0.0,0.0,1.0,0.0,1.0,0.0,-0.873333333333333,0.0,1.0,0.0,1.0,0.44444444444444514,0.0,0.0,0.0,-0.35087719298245595,0.0,0.0,0.0,0.0,0.0,0.0,-0.98567335243553,-0.9565217391304347,0.0,Graduate
4162,-0.024509803926717654,0.0,0.0,0.11671529804085004,-0.05555555555555535,-0.25,1.0,0.0,1.0,0.0,0.0,-1.0066666666666664,1.0,0.0,0.0,1.0,-0.2136752136752139,0.0,0.0,0.0,-0.9181286549707599,0.0,0.0,0.0,1.0,0.0,1.0,0.48710601719197705,-0.3478260869565217,0.0,Enrolled
4163,0.22058823583065565,0.33333333333333326,0.3333333333333333,-0.06391551896623615,-0.3333333333333332,-0.5,0.0,1.0,0.0,1.0,0.0,0.0,1.0,0.0,0.0,1.0,-2.3846153846153864,0.0,0.0,0.0,-1.5204678362573092,0.0,0.0,0.0,1.0,0.0,0.0,0.0,0.5217391304347826,0.0,Dropout
4164,0.22058823583065565,0.33333333333333326,0.3333333333333333,-0.06391551896623615,0.5,0.25,0.0,1.0,0.0,1.0,0.0,-1.473333333333333,1.0,0.0,0.0,1.0,0.4188034188034197,0.0,0.0,0.0,-0.8947368421052625,0.0,0.0,0.0,1.0,0.0,1.0,0.9140401146131805,0.0,0.0,Graduate
4165,-1.5686274513099354,-1.6666666666666667,-1.6666666666666667,-5.1354731137974134,-1.9999999999999996,-2.0,0.0,1.0,0.0,1.0,-3.0,0.46000000000000035,1.0,0.0,0.0,1.0,0.7350427350427365,0.0,0.0,0.0,1.0175438596491226,0.0,0.0,0.0,1.0,0.0,2.0,-0.98567335243553,-0.9565217391304347,0.0,Dropout
4166,0.4250700285206729,0.33333333333333326,0.6666666666666666,0.5156910629428929,-0.3333333333333332,-0.25,0.0,1.0,0.0,1.0,0.5,-0.5399999999999996,1.0,0.0,0.0,1.0,-0.3333333333333329,0.0,1.0,1.0,-0.5906432748538005,0.0,0.0,0.0,1.0,0.0,5.0,0.42120343839541546,-0.39130434782608686,0.0,Graduate
4168,0.5392156858975943,0.33333333333333326,0.3333333333333333,0.8392385702375987,-0.3333333333333332,-0.5,0.0,1.0,0.0,1.0,0.0,0.19333333333333372,1.0,0.0,0.0,1.0,0.8632478632478648,0.0,0.0,0.0,0.871345029239766,0.0,0.0,0.0,1.0,0.0,1.0,-0.98567335243553,-0.9565217391304347,0.0,Graduate
4169,-0.5392156863877904,-0.3333333333333335,-0.3333333333333333,-0.7586494372655271,0.7777777777777779,0.5,0.0,1.0,0.0,1.0,0.0,-1.2066666666666663,1.0,0.0,0.0,1.0,-0.11965811965811904,0.0,1.0,0.0,-1.0292397660818704,0.0,1.0,1.0,1.0,0.0,1.0,0.0,0.5217391304347826,0.0,Graduate
4172,-1.5686274513099354,-1.6666666666666667,-1.6666666666666667,-5.1354731137974134,1.8888888888888888,1.5,0.0,1.0,0.0,1.0,0.0,0.12666666666666704,0.0,1.0,0.0,1.0,-0.6923076923076925,0.0,1.0,0.0,-0.2514619883040933,0.0,0.0,0.0,1.0,0.0,0.0,0.0,0.5217391304347826,0.0,Enrolled
4173,-1.1568627453410774,-1.2666666666666666,-1.3333333333333333,0.7002917882451017,1.3333333333333333,0.5,0.0,1.0,0.0,1.0,-0.5,-0.13999999999999962,1.0,0.0,0.0,1.0,-0.17948717948717918,0.0,0.0,0.0,-0.13450292397660796,0.0,0.0,0.0,1.0,0.0,1.0,0.0,0.5217391304347826,0.0,Enrolled
4175,0.39215686233728797,0.33333333333333326,0.3333333333333333,0.42239822009170475,-0.3333333333333332,-0.5,0.0,1.0,0.0,1.0,0.0,1.9933333333333336,0.0,1.0,0.0,1.0,-0.2393162393162393,0.0,1.0,0.0,1.6959064327485371,0.0,0.0,0.0,1.0,0.0,0.0,-0.98567335243553,-0.9565217391304347,0.0,Graduate
4177,0.29411764761080894,0.33333333333333326,0.3333333333333333,0.14450465610671082,-0.3333333333333332,-0.5,0.0,1.0,0.0,1.0,0.0,-0.33999999999999964,0.0,1.0,0.0,1.0,-0.09401709401709363,0.0,1.0,0.0,-0.2514619883040933,0.0,0.0,0.0,1.0,0.0,2.0,0.42120343839541546,-0.39130434782608686,0.0,Graduate
4180,0.5122549020684009,0.33333333333333326,0.6666666666666666,0.762817840766986,-0.09523809523809526,0.0,0.0,1.0,0.0,1.0,0.5,0.9933333333333337,0.0,1.0,0.0,1.0,-0.9316239316239318,0.0,0.0,1.0,0.345029239766082,0.0,0.0,0.0,1.0,0.0,3.0,-1.2550143266475644,0.608695652173913,0.0,Graduate
4183,-0.2871148459986935,-0.23809523809523814,0.0,-0.05002084201750769,1.0952380952380953,1.25,0.0,1.0,0.0,1.0,0.5,0.0,1.0,0.0,0.0,1.0,-1.05982905982906,1.0,0.0,0.0,-0.6140350877192979,0.0,0.0,0.0,1.0,0.0,0.0,0.48710601719197705,-0.3478260869565217,0.0,Dropout
4184,0.6078431373826,0.33333333333333326,0.0,1.0337640683618172,0.0,-0.5,0.0,1.0,0.0,1.0,-0.5,0.7933333333333337,1.0,0.0,0.0,1.0,1.2146029671112836e-15,0.0,1.0,0.0,0.8070175438596494,0.0,0.0,0.0,1.0,0.0,0.0,-0.5787965616045845,1.0,0.0,Graduate
4186,-1.5686274513099354,-1.6666666666666667,-1.6666666666666667,-5.1354731137974134,1.3333333333333333,0.5,0.0,1.0,0.0,1.0,-0.5,-0.13999999999999962,1.0,0.0,0.0,1.0,-0.6324786324786323,0.0,1.0,0.0,-0.44444444444444386,0.0,0.0,0.0,1.0,0.0,0.0,0.0,0.5217391304347826,0.0,Enrolled
4187,-0.3333333334033613,-0.4666666666666668,-0.6666666666666666,0.7002917882451017,2.9999999999999996,1.75,0.0,1.0,0.0,1.0,-0.5,0.32666666666666705,1.0,0.0,0.0,1.0,-0.8119658119658127,0.0,0.0,0.0,-0.15789473684210534,0.0,0.0,0.0,1.0,0.0,1.0,-0.98567335243553,-0.9565217391304347,0.0,Enrolled
4188,-0.11846405272096576,0.0,0.0,-0.2028623051271362,0.22222222222222213,0.0,0.0,1.0,0.0,1.0,0.0,1.1266666666666671,1.0,0.0,0.0,1.0,-0.880341880341881,1.0,0.0,0.0,0.4970760233918126,0.0,0.0,0.0,1.0,0.0,0.0,-0.3553008595988538,-0.4782608695652173,0.0,Graduate
4189,-0.18627450984305471,-0.06666666666666665,-0.3333333333333333,-0.23759899958315966,0.3333333333333332,-0.25,0.0,1.0,0.0,1.0,-0.5,-1.4066666666666663,1.0,0.0,0.0,1.0,0.32478632478632485,0.0,1.0,0.0,-0.9005847953216373,0.0,0.0,0.0,1.0,0.0,0.0,0.0,0.5217391304347826,1.0,Graduate
4191,-1.0539215687018042,-1.0666666666666669,-0.6666666666666666,-0.2723356940391831,0.6666666666666667,2.0,0.0,1.0,0.0,1.0,2.0,1.7933333333333337,1.0,0.0,0.0,1.0,0.44444444444444514,0.0,0.0,0.0,1.9883040935672505,0.0,0.0,0.0,0.0,0.0,0.0,-0.98567335243553,-0.9565217391304347,0.0,Dropout
4192,0.29411764761080894,0.33333333333333326,0.3333333333333333,0.14450465610671082,0.5,0.25,0.0,1.0,0.0,1.0,0.0,0.46000000000000035,1.0,0.0,0.0,1.0,0.44444444444444514,0.0,0.0,0.0,0.8187134502923973,0.0,0.0,0.0,0.0,0.0,0.0,0.1346704871060172,-0.7391304347826085,0.0,Enrolled
4193,-0.3676470589007661,-0.3333333333333335,-0.3333333333333333,-0.029178824510212698,0.5,0.25,0.0,1.0,0.0,1.0,0.0,1.1266666666666671,1.0,0.0,0.0,1.0,-1.051282051282052,0.0,0.0,0.0,0.3801169590643273,0.0,0.0,0.0,1.0,0.0,1.0,0.4068767908309455,0.0,0.0,Enrolled
4194,0.09103641521520367,0.33333333333333326,0.3333333333333333,-0.43113201750729485,-0.05555555555555535,-0.25,0.0,1.0,0.0,1.0,0.0,0.5266666666666671,0.0,1.0,0.0,1.0,-0.6923076923076925,0.0,0.0,0.0,0.09941520467836269,0.0,0.0,0.0,1.0,0.0,1.0,-0.3553008595988538,-0.4782608695652173,0.0,Graduate
4197,0.17034313673921783,0.08333333333333326,0.6666666666666666,0.4978264735306372,-0.3333333333333332,0.0,0.0,1.0,0.0,1.0,1.0,0.3933333333333337,0.0,1.0,0.0,1.0,-0.7094017094017099,0.0,1.0,1.0,-0.02923976608187133,0.0,0.0,0.0,1.0,0.0,0.0,-0.5787965616045845,1.0,0.0,Graduate
4198,0.34313725497404846,0.33333333333333326,0.3333333333333333,0.28345143809920775,-0.05555555555555535,-0.25,0.0,1.0,0.0,1.0,0.0,0.32666666666666705,1.0,0.0,0.0,1.0,0.658119658119659,0.0,0.0,0.0,0.8479532163742686,0.0,0.0,0.0,1.0,0.0,5.0,0.0,0.5217391304347826,0.0,Graduate
4199,-0.46568627460763706,-0.6666666666666667,-0.6666666666666666,1.1171321383909958,1.0555555555555554,0.75,0.0,1.0,0.0,1.0,0.0,-0.9399999999999996,1.0,0.0,0.0,1.0,0.38461538461538497,0.0,0.0,0.0,-0.45029239766081863,0.0,0.0,0.0,1.0,0.0,0.0,-0.98567335243553,-0.9565217391304347,0.0,Enrolled
4200,0.07126225436546144,0.08333333333333326,0.6666666666666666,0.17685940391829902,-0.3333333333333332,0.0,0.0,1.0,0.0,1.0,1.0,-0.27333333333333293,0.0,1.0,0.0,1.0,-0.25641025641025667,0.0,1.0,1.0,-0.304093567251462,0.0,0.0,0.0,1.0,0.0,0.0,0.4068767908309455,0.0,0.0,Graduate
4201,-0.18627450984305471,-0.06666666666666665,-0.3333333333333333,-0.23759899958315966,1.3333333333333333,0.5,0.0,1.0,0.0,1.0,-0.5,0.0,1.0,0.0,0.0,1.0,-2.811965811965814,0.0,1.0,0.0,-1.8128654970760225,0.0,0.0,0.0,1.0,0.0,0.0,0.48710601719197705,-0.3478260869565217,0.0,Graduate
4202,0.22058823583065565,0.33333333333333326,0.3333333333333333,-0.06391551896623615,-0.3333333333333332,-0.5,0.0,1.0,1.0,0.0,0.0,-0.5399999999999996,1.0,0.0,1.0,0.0,0.20512820512820581,0.0,0.0,0.0,-0.22222222222222193,0.0,0.0,0.0,1.0,0.0,0.0,0.4068767908309455,0.0,0.0,Graduate
4203,-1.5686274513099354,-1.6666666666666667,-1.6666666666666667,-5.1354731137974134,-1.9999999999999996,-2.0,0.0,1.0,0.0,1.0,-3.0,-0.5399999999999996,1.0,0.0,0.0,1.0,2.0598290598290627,0.0,0.0,0.0,1.046783625730994,0.0,0.0,0.0,1.0,0.0,0.0,-1.2550143266475644,0.608695652173913,0.0,Enrolled
4204,0.07352941178015329,0.0,0.0,0.4501875781575655,0.5,0.25,0.0,1.0,0.0,1.0,0.0,0.2600000000000004,0.0,1.0,0.0,1.0,-0.39316239316239304,0.0,1.0,0.0,0.07017543859649136,0.0,0.0,0.0,1.0,0.0,1.0,0.1346704871060172,-0.7391304347826085,0.0,Graduate
4207,0.5147058829512685,0.33333333333333326,0.3333333333333333,0.7697651813255517,-0.05555555555555535,-0.25,0.0,1.0,0.0,1.0,0.0,0.726666666666667,0.0,1.0,0.0,1.0,0.32478632478632485,0.0,1.0,0.0,0.9707602339181278,0.0,0.0,0.0,1.0,0.0,0.0,-1.2550143266475644,0.608695652173913,0.0,Graduate
4208,0.586204481495701,0.33333333333333326,0.6666666666666666,0.9724289870779487,-0.3333333333333332,-0.25,0.0,1.0,0.0,1.0,0.5,1.326666666666667,0.0,1.0,0.0,1.0,0.008547008547009283,0.0,1.0,1.0,1.2807017543859647,0.0,0.0,0.0,1.0,0.0,0.0,0.42120343839541546,-0.39130434782608686,0.0,Graduate
4211,0.3186274505571347,0.33333333333333326,0.3333333333333333,0.21397804501875775,0.5,0.25,0.0,1.0,0.0,1.0,0.0,-0.27333333333333293,0.0,1.0,0.0,1.0,-0.2393162393162393,0.0,1.0,0.0,-0.2923976608187133,0.0,0.0,0.0,1.0,0.0,0.0,-0.3553008595988538,-0.4782608695652173,0.0,Graduate
4212,0.5882352947314218,0.33333333333333326,0.3333333333333333,0.9781853563984988,-0.3333333333333332,-0.5,0.0,1.0,0.0,1.0,0.0,1.1266666666666671,0.0,1.0,0.0,1.0,-0.1794871794871804,0.0,1.0,0.0,0.9766081871345018,0.0,0.0,0.0,1.0,0.0,0.0,-0.98567335243553,-0.9565217391304347,0.0,Graduate
4213,0.39215686233728797,0.33333333333333326,0.3333333333333333,0.42239822009170475,-0.3333333333333332,-0.5,0.0,1.0,0.0,1.0,0.0,-0.5399999999999996,1.0,0.0,0.0,1.0,-0.3589743589743596,0.0,0.0,0.0,-0.608187134502924,0.0,0.0,0.0,1.0,0.0,1.0,0.42120343839541546,-0.39130434782608686,0.0,Graduate
4215,0.38909313733664425,0.33333333333333326,0.6666666666666666,0.4137140475197996,0.14285714285714307,0.25,0.0,1.0,0.0,1.0,0.5,0.46000000000000035,0.0,1.0,0.0,1.0,-0.8974358974358984,0.0,1.0,1.0,-0.09941520467836269,0.0,0.0,0.0,1.0,0.0,1.0,0.1346704871060172,-0.7391304347826085,0.0,Graduate
4216,-1.5686274513099354,-1.6666666666666667,-1.6666666666666667,-5.1354731137974134,-1.9999999999999996,-2.0,1.0,0.0,1.0,0.0,-3.0,0.46000000000000035,1.0,0.0,1.0,0.0,0.26495726495726596,0.0,1.0,0.0,0.695906432748538,0.0,0.0,0.0,1.0,0.0,0.0,0.9140401146131805,0.0,0.0,Dropout
4217,-1.5686274513099354,-1.6666666666666667,-1.6666666666666667,-5.1354731137974134,-0.3333333333333332,-1.0,1.0,0.0,1.0,0.0,-1.0,0.0,1.0,0.0,1.0,0.0,-2.3846153846153864,0.0,1.0,0.0,-1.5204678362573092,0.0,0.0,0.0,1.0,0.0,5.0,0.42120343839541546,-0.39130434782608686,0.0,Dropout
4219,0.4166666667542018,0.33333333333333326,0.3333333333333333,0.4918716131721548,-0.3333333333333332,-0.5,0.0,1.0,0.0,1.0,0.0,0.12666666666666704,1.0,0.0,0.0,1.0,0.44444444444444514,0.0,0.0,0.0,0.526315789473684,0.0,0.0,0.0,1.0,0.0,2.0,0.42120343839541546,-0.39130434782608686,0.0,Enrolled
4220,0.02450980392671798,0.0,0.0,0.28345143809920775,0.22222222222222213,0.0,0.0,1.0,0.0,1.0,0.0,0.12666666666666704,1.0,0.0,0.0,1.0,-0.7521367521367526,0.0,0.0,0.0,-0.2923976608187133,0.0,0.0,0.0,1.0,0.0,3.0,0.4068767908309455,0.0,0.0,Graduate
4222,0.9313725492152741,0.33333333333333326,0.3333333333333333,1.9508128386827837,0.7777777777777779,0.5,0.0,1.0,0.0,1.0,0.0,2.326666666666667,1.0,0.0,0.0,1.0,-1.1367521367521376,0.0,1.0,0.0,1.3742690058479525,0.0,0.0,0.0,1.0,0.0,0.0,0.42120343839541546,-0.39130434782608686,0.0,Graduate
4223,0.4166666667542018,0.33333333333333326,0.3333333333333333,0.4918716131721548,-0.05555555555555535,-0.25,0.0,1.0,0.0,1.0,0.0,0.6600000000000004,1.0,0.0,0.0,1.0,0.5641025641025654,0.0,1.0,0.0,1.0760233918128652,0.0,0.0,0.0,1.0,0.0,0.0,0.4068767908309455,0.0,0.0,Graduate
4224,0.3011204476122801,0.33333333333333326,0.3333333333333333,0.16435419341392246,-0.05555555555555535,-0.25,0.0,1.0,0.0,1.0,0.0,-1.1399999999999997,1.0,0.0,0.0,1.0,0.44444444444444514,0.0,0.0,0.0,-0.5847953216374266,0.0,0.0,0.0,1.0,0.0,1.0,0.9140401146131805,0.0,0.0,Graduate
4225,0.07002801121919362,0.04761904761904745,0.3333333333333333,0.28345143809920775,0.14285714285714307,0.25,0.0,1.0,0.0,1.0,0.5,0.06000000000000038,0.0,1.0,0.0,1.0,-0.6923076923076925,0.0,0.0,1.0,-0.30994152046783596,0.0,0.0,0.0,1.0,0.0,0.0,-0.3553008595988538,-0.4782608695652173,0.0,Graduate
4226,0.28011204466669026,0.33333333333333326,0.3333333333333333,0.10480557315548135,-0.05555555555555535,-0.25,0.0,1.0,0.0,1.0,0.0,0.46000000000000035,1.0,0.0,0.0,1.0,0.5982905982906,0.0,0.0,0.0,0.9239766081871347,0.0,0.0,0.0,0.0,0.0,0.0,0.42120343839541546,-0.39130434782608686,1.0,Graduate
4227,-0.4411764706809194,-0.3333333333333335,-0.3333333333333333,-0.34180908711963315,0.7777777777777779,0.5,0.0,1.0,0.0,1.0,0.0,-0.006666666666666288,0.0,1.0,0.0,1.0,-0.6923076923076925,0.0,0.0,0.0,-0.3684210526315786,0.0,0.0,0.0,1.0,0.0,1.0,-0.98567335243553,-0.9565217391304347,0.0,Dropout
4228,0.4166666667542018,0.33333333333333326,0.3333333333333333,0.4918716131721548,-0.3333333333333332,-0.5,0.0,1.0,0.0,1.0,0.0,-0.5399999999999996,0.0,1.0,0.0,1.0,-0.11965811965811904,0.0,1.0,0.0,-0.44444444444444386,0.0,0.0,0.0,1.0,0.0,5.0,0.48710601719197705,-0.3478260869565217,0.0,Graduate
4229,0.09803921570687095,0.0,0.0,0.5335556481867441,0.22222222222222213,0.0,0.0,1.0,0.0,1.0,0.0,0.0,1.0,0.0,0.0,1.0,0.5641025641025654,1.0,0.0,0.0,0.4970760233918126,0.0,0.0,0.0,1.0,0.0,0.0,-1.2550143266475644,0.608695652173913,0.0,Enrolled
4230,-1.2156862747652,-1.2666666666666666,-1.3333333333333333,-0.13338891204668618,2.666666666666666,1.5,1.0,0.0,1.0,0.0,-0.5,0.0,0.0,1.0,0.0,1.0,0.02564102564102542,1.0,0.0,0.0,0.1286549707602332,0.0,0.0,0.0,1.0,0.0,0.0,-0.98567335243553,-0.9565217391304347,0.0,Dropout
4232,-0.24509803926717735,-0.06666666666666665,-0.3333333333333333,-0.4460191746561067,1.3333333333333333,0.5,0.0,1.0,1.0,0.0,-0.5,0.46000000000000035,1.0,0.0,1.0,0.0,-0.4102564102564104,1.0,0.0,0.0,0.23391812865497064,0.0,0.0,0.0,1.0,0.0,0.0,-0.5787965616045845,1.0,0.0,Enrolled
4233,-0.7843137254098697,-0.6666666666666667,-0.6666666666666666,-0.689176044185077,1.6111111111111107,1.25,1.0,0.0,1.0,0.0,0.0,0.06000000000000038,1.0,0.0,1.0,0.0,-0.6923076923076925,0.0,0.0,0.0,-0.30994152046783596,0.0,0.0,0.0,1.0,0.0,0.0,-1.2550143266475644,0.608695652173913,0.0,Dropout
4234,0.36060048990418786,0.08333333333333326,0.6666666666666666,1.1141547061275525,-0.3333333333333332,0.0,0.0,1.0,0.0,1.0,1.0,0.3933333333333337,1.0,0.0,0.0,1.0,-0.2820512820512821,0.0,1.0,1.0,0.263157894736842,0.0,0.0,0.0,1.0,0.0,4.0,0.4068767908309455,0.0,0.0,Graduate
4235,-0.6421568628800048,-0.4666666666666668,-0.6666666666666666,-0.7586494372655271,1.9999999999999996,1.0,0.0,1.0,0.0,1.0,-0.5,-1.3399999999999996,1.0,0.0,0.0,1.0,-0.03418803418803349,0.0,1.0,0.0,-1.0877192982456132,0.0,0.0,0.0,1.0,0.0,1.0,0.42120343839541546,-0.39130434782608686,0.0,Enrolled
4237,0.24509803877698141,0.33333333333333326,0.3333333333333333,0.005557869945810766,-0.3333333333333332,-0.5,0.0,1.0,0.0,1.0,0.0,-0.07333333333333296,0.0,1.0,0.0,1.0,-0.15384615384615374,0.0,0.0,0.0,-0.05847953216374266,0.0,0.0,0.0,1.0,0.0,0.0,0.42120343839541546,-0.39130434782608686,0.0,Graduate
4238,0.07212885197593712,0.04761904761904745,0.3333333333333333,0.2903987786577736,-0.3333333333333332,-0.25,0.0,1.0,0.0,1.0,0.5,-0.4066666666666663,1.0,0.0,0.0,1.0,-0.02564102564102542,0.0,1.0,1.0,-0.263157894736842,0.0,0.0,0.0,1.0,0.0,3.0,0.0,0.5217391304347826,0.0,Enrolled
4240,0.8053221286005577,0.33333333333333326,0.3333333333333333,1.5935211087953307,-0.05555555555555535,-0.25,0.0,1.0,0.0,1.0,0.0,-0.20666666666666628,1.0,0.0,0.0,1.0,3.0085470085470116,1.0,0.0,0.0,1.9883040935672505,0.0,0.0,0.0,0.0,0.0,0.0,0.1346704871060172,-0.7391304347826085,0.0,Graduate
4241,0.6127450976777475,0.33333333333333326,0.3333333333333333,1.0476587453105457,0.22222222222222213,0.0,0.0,1.0,0.0,1.0,0.0,-0.5399999999999996,1.0,0.0,0.0,1.0,0.017094017094017352,0.0,0.0,0.0,-0.35087719298245595,0.0,0.0,0.0,1.0,0.0,0.0,0.48710601719197705,-0.3478260869565217,0.0,Graduate
4242,0.14626225530033535,0.08333333333333326,0.6666666666666666,0.4198177824093371,-0.3333333333333332,0.0,1.0,0.0,1.0,0.0,1.0,0.46000000000000035,1.0,0.0,1.0,0.0,0.5726495726495735,0.0,1.0,1.0,0.9064327485380113,0.0,0.0,0.0,1.0,0.0,2.0,0.4068767908309455,0.0,0.0,Dropout
4243,-0.4901960785343547,-0.3333333333333335,-0.3333333333333333,-0.5502292621925802,1.6111111111111107,1.25,1.0,0.0,1.0,0.0,0.0,-1.473333333333333,1.0,0.0,0.0,1.0,0.4786324786324798,0.0,0.0,0.0,-0.8538011695906426,0.0,0.0,0.0,1.0,0.0,0.0,-0.5787965616045845,1.0,0.0,Dropout
4244,0.15406162405197385,0.33333333333333326,0.3333333333333333,-0.2524861567319715,0.7777777777777779,0.5,0.0,1.0,0.0,1.0,0.0,-0.07333333333333296,1.0,0.0,0.0,1.0,0.8376068376068382,0.0,1.0,0.0,0.6198830409356719,0.0,0.0,0.0,1.0,0.0,0.0,0.1346704871060172,-0.7391304347826085,0.0,Enrolled
4245,0.24509803877698141,0.33333333333333326,2.3333333333333335,0.005557869945810766,-0.19444444444444448,1.25,0.0,1.0,0.0,1.0,3.0,1.1266666666666671,1.0,0.0,0.0,1.0,0.8376068376068382,0.0,1.0,0.0,1.6725146198830398,0.0,0.0,0.0,1.0,0.0,0.0,0.9140401146131805,0.0,0.0,Dropout
4246,-1.5686274513099354,-1.6666666666666667,-1.6666666666666667,-5.1354731137974134,0.14285714285714307,0.25,1.0,0.0,1.0,0.0,0.5,-1.0066666666666664,1.0,0.0,1.0,0.0,-0.11965811965811904,0.0,0.0,0.0,-0.8538011695906426,0.0,0.0,0.0,1.0,0.0,3.0,0.48710601719197705,-0.3478260869565217,0.0,Dropout
4249,-0.7913165269869711,-0.8095238095238096,-0.6666666666666666,0.005557869945810766,0.619047619047619,0.75,1.0,0.0,1.0,0.0,0.5,-0.20666666666666628,1.0,0.0,1.0,0.0,1.2991452991453007,1.0,0.0,1.0,0.8187134502923973,0.0,0.0,0.0,0.0,0.0,0.0,0.1346704871060172,-0.7391304347826085,0.0,Dropout
4250,0.534313725602447,0.33333333333333326,1.6666666666666667,0.8253438932888703,-0.1666666666666664,0.75,0.0,1.0,0.0,1.0,2.0,-0.20666666666666628,1.0,0.0,0.0,1.0,0.44444444444444514,0.0,0.0,0.0,0.23391812865497064,0.0,0.0,0.0,0.0,0.0,0.0,-0.5787965616045845,1.0,0.0,Graduate
4251,-0.48112745108146915,-0.41666666666666674,0.0,-0.20341809087119606,0.2916666666666667,0.75,1.0,0.0,1.0,0.0,1.0,0.0,1.0,0.0,0.0,1.0,-2.3846153846153864,1.0,0.0,1.0,-1.5204678362573092,0.0,0.0,0.0,0.0,0.0,0.0,-0.98567335243553,-0.9565217391304347,0.0,Dropout
4252,-0.9803921570687096,-0.8666666666666667,-1.0,-0.9670696123384741,2.333333333333333,1.25,0.0,1.0,0.0,1.0,-0.5,-1.4066666666666663,1.0,0.0,0.0,1.0,-0.05982905982906013,0.0,1.0,0.0,-1.1637426900584793,0.0,0.0,0.0,1.0,0.0,0.0,-0.98567335243553,-0.9565217391304347,0.0,Dropout
4253,0.1960784314137419,0.33333333333333326,0.0,-0.13338891204668618,-0.3333333333333332,-0.75,0.0,1.0,0.0,1.0,-0.5,0.726666666666667,1.0,0.0,0.0,1.0,1.0769230769230786,0.0,1.0,0.0,1.485380116959064,0.0,0.0,0.0,1.0,0.0,0.0,0.0,0.5217391304347826,0.0,Graduate
4254,-0.2871148459986935,-0.23809523809523814,0.0,-0.05002084201750769,0.619047619047619,0.75,1.0,0.0,1.0,0.0,0.5,-0.873333333333333,1.0,0.0,1.0,0.0,-0.09401709401709363,0.0,0.0,0.0,-0.7192982456140345,0.0,0.0,0.0,1.0,0.0,1.0,0.42120343839541546,-0.39130434782608686,0.0,Dropout
4255,-0.5686274513939693,-0.4666666666666668,-0.6666666666666666,-0.4112824802000832,0.3333333333333332,-0.25,0.0,1.0,0.0,1.0,-0.5,-0.8066666666666663,1.0,0.0,0.0,1.0,0.05982905982906013,0.0,1.0,0.0,-0.5555555555555552,0.0,0.0,0.0,1.0,0.0,0.0,0.0,0.5217391304347826,0.0,Dropout
4256,0.08578431420307098,-0.04166666666666674,2.6666666666666665,0.6361625052105041,0.5,4.0,0.0,1.0,0.0,1.0,5.0,-0.873333333333333,1.0,0.0,0.0,1.0,0.44444444444444514,0.0,0.0,0.0,-0.35087719298245595,0.0,0.0,0.0,0.0,0.0,0.0,-1.2550143266475644,0.608695652173913,0.0,Dropout
4257,0.028615195716795907,0.08333333333333326,0.6666666666666666,0.03870660275114611,-0.3333333333333332,0.0,0.0,1.0,0.0,1.0,1.0,-2.206666666666666,1.0,0.0,0.0,1.0,2.324786324786327,1.0,0.0,1.0,-0.23391812865497064,0.0,0.0,0.0,1.0,0.0,0.0,0.4068767908309455,0.0,0.0,Graduate
4258,-0.4509803919574889,-0.4666666666666668,-0.6666666666666666,0.14450465610671082,0.3333333333333332,-0.25,0.0,1.0,0.0,1.0,-0.5,-1.2066666666666663,1.0,0.0,0.0,1.0,0.6239316239316243,0.0,0.0,0.0,-0.52046783625731,0.0,0.0,0.0,1.0,0.0,4.0,0.0,0.5217391304347826,0.0,Enrolled
4259,0.045710784874798925,0.08333333333333326,0.6666666666666666,0.09408682367653147,0.2916666666666667,0.75,0.0,1.0,0.0,1.0,1.0,-0.673333333333333,1.0,0.0,0.0,1.0,0.25641025641025667,0.0,1.0,1.0,-0.304093567251462,0.0,0.0,0.0,1.0,0.0,1.0,0.4068767908309455,0.0,0.0,Graduate
4261,-1.5686274513099354,-1.6666666666666667,-1.6666666666666667,-5.1354731137974134,-0.3333333333333332,-0.5,1.0,0.0,1.0,0.0,0.0,-0.673333333333333,1.0,0.0,1.0,0.0,-0.6666666666666671,1.0,0.0,0.0,-0.9356725146198825,0.0,0.0,0.0,1.0,0.0,0.0,0.48710601719197705,-0.3478260869565217,0.0,Dropout
4262,-0.2205882355855576,-0.16666666666666674,1.3333333333333333,-0.04075772405168797,-0.3333333333333332,1.0,1.0,0.0,1.0,0.0,3.0,-0.873333333333333,1.0,0.0,0.0,1.0,0.44444444444444514,0.0,0.0,0.0,-0.35087719298245595,0.0,0.0,0.0,0.0,0.0,0.0,-0.98567335243553,-0.9565217391304347,0.0,Dropout
4263,0.3851540623358165,0.33333333333333326,0.0,0.4025486827844931,1.3333333333333333,0.5,0.0,1.0,0.0,1.0,-0.5,-0.13999999999999962,1.0,0.0,0.0,1.0,-0.4786324786324786,0.0,0.0,0.0,-0.33918128654970725,0.0,0.0,0.0,1.0,0.0,0.0,-0.5787965616045845,1.0,0.0,Graduate
4264,-0.5392156860936729,-0.4666666666666668,-0.6666666666666666,-0.2723356940391831,0.3333333333333332,-0.25,0.0,1.0,0.0,1.0,-0.5,0.0,1.0,0.0,0.0,1.0,0.8974358974358996,1.0,0.0,0.0,0.7251461988304093,0.0,0.0,0.0,0.0,0.0,0.0,0.0,0.5217391304347826,0.0,Dropout
4265,0.4248366020500358,0.33333333333333326,0.3333333333333333,0.515029412255106,0.5,0.25,0.0,1.0,0.0,1.0,0.0,1.1266666666666671,0.0,1.0,0.0,1.0,0.44444444444444514,0.0,0.0,0.0,1.4035087719298238,0.0,0.0,0.0,0.0,0.0,0.0,0.1346704871060172,-0.7391304347826085,0.0,Graduate
4266,0.36764705939096226,0.33333333333333326,0.3333333333333333,0.3529248311796578,-0.3333333333333332,-0.5,0.0,1.0,0.0,1.0,0.0,0.06000000000000038,1.0,0.0,0.0,1.0,-0.5982905982905988,0.0,0.0,0.0,-0.24561403508771934,0.0,0.0,0.0,1.0,0.0,4.0,-0.3553008595988538,-0.4782608695652173,0.0,Graduate
4267,-1.5686274513099354,-1.6666666666666667,-1.6666666666666667,-5.1354731137974134,-1.9999999999999996,-2.0,0.0,1.0,0.0,1.0,-3.0,0.46000000000000035,1.0,0.0,0.0,1.0,0.44444444444444514,0.0,0.0,0.0,0.8187134502923973,0.0,0.0,0.0,0.0,0.0,0.0,-1.2550143266475644,0.608695652173913,0.0,Enrolled
4268,0.14705882405050236,0.33333333333333326,0.3333333333333333,-0.2723356940391831,-0.3333333333333332,-0.5,0.0,1.0,0.0,1.0,0.0,-1.073333333333333,0.0,1.0,0.0,1.0,0.38461538461538497,0.0,1.0,0.0,-0.567251461988304,0.0,0.0,0.0,1.0,0.0,0.0,0.4068767908309455,0.0,0.0,Graduate
4269,-0.2745098039792385,-0.06666666666666665,-0.3333333333333333,-0.5502292621925802,1.6666666666666667,0.75,0.0,1.0,0.0,1.0,-0.5,0.6600000000000004,1.0,0.0,0.0,1.0,-0.5384615384615388,0.0,1.0,0.0,0.3216374269005846,0.0,0.0,0.0,1.0,0.0,1.0,-1.2550143266475644,0.608695652173913,0.0,Dropout
4271,0.4411764711711155,0.33333333333333326,0.3333333333333333,0.5613450062526048,-0.3333333333333332,-0.5,0.0,1.0,0.0,1.0,0.0,-0.07333333333333296,0.0,1.0,0.0,1.0,0.9572649572649584,0.0,0.0,0.0,0.7017543859649119,0.0,0.0,0.0,1.0,0.0,0.0,0.42120343839541546,-0.39130434782608686,0.0,Graduate
4272,0.5784313726705387,0.33333333333333326,0.0,0.950395998332638,0.0,-0.5,0.0,1.0,0.0,1.0,-0.5,0.32666666666666705,1.0,0.0,0.0,1.0,-0.4529914529914532,0.0,0.0,0.0,0.08771929824561399,1.0,0.0,0.0,1.0,0.0,3.0,0.9140401146131805,0.0,0.0,Dropout
4274,-0.3333333334033613,-0.4666666666666668,-0.6666666666666666,0.7002917882451017,-0.3333333333333332,-0.75,0.0,1.0,0.0,1.0,-0.5,-0.673333333333333,1.0,0.0,0.0,1.0,0.09401709401709483,0.0,0.0,0.0,-0.4152046783625726,0.0,0.0,0.0,1.0,0.0,1.0,0.0,0.5217391304347826,0.0,Enrolled
4275,0.36764705939096226,0.33333333333333326,0.3333333333333333,0.3529248311796578,0.22222222222222213,0.0,0.0,1.0,0.0,1.0,0.0,-0.13999999999999962,1.0,0.0,0.0,1.0,0.7435897435897445,0.0,1.0,0.0,0.4970760233918126,0.0,0.0,0.0,1.0,0.0,0.0,0.0,0.5217391304347826,0.0,Enrolled
4276,-0.03921568628274831,-0.06666666666666665,-0.3333333333333333,0.28345143809920775,1.3333333333333333,0.5,0.0,1.0,0.0,1.0,-0.5,0.5266666666666671,1.0,0.0,0.0,1.0,-0.2393162393162393,0.0,0.0,0.0,0.40935672514619864,1.0,0.0,0.0,1.0,0.0,0.0,0.0,0.5217391304347826,0.0,Enrolled
4278,-1.2745098041893226,-1.2666666666666666,-1.3333333333333333,-0.9670696123384741,1.3333333333333333,0.5,0.0,1.0,0.0,1.0,-0.5,-1.1399999999999997,1.0,0.0,0.0,1.0,0.5042735042735053,0.0,0.0,0.0,-0.5438596491228066,1.0,0.0,0.0,1.0,0.0,0.0,0.0,0.5217391304347826,0.0,Dropout
4280,-1.5686274513099354,-1.6666666666666667,-1.6666666666666667,-5.1354731137974134,-0.3333333333333332,-0.5,0.0,1.0,0.0,1.0,0.0,-0.006666666666666288,0.0,1.0,0.0,1.0,0.8034188034188035,0.0,0.0,0.0,0.6549707602339171,0.0,0.0,0.0,1.0,0.0,0.0,0.4068767908309455,0.0,0.0,Dropout
4281,-1.2450980394772613,-1.2666666666666666,-1.3333333333333333,-0.5502292621925802,0.3333333333333332,-0.25,0.0,1.0,0.0,1.0,-0.5,0.0,1.0,0.0,0.0,1.0,-1.4102564102564104,1.0,0.0,0.0,-0.8538011695906426,0.0,0.0,0.0,1.0,0.0,0.0,0.1346704871060172,-0.7391304347826085,0.0,Dropout
4282,-0.7414215687832116,-0.6666666666666667,-0.6666666666666666,-0.4460191746561067,2.1666666666666665,1.75,0.0,1.0,0.0,1.0,0.0,0.0,1.0,0.0,0.0,1.0,-1.9572649572649585,0.0,1.0,0.0,-1.2280701754385959,0.0,0.0,0.0,1.0,0.0,0.0,0.42120343839541546,-0.39130434782608686,0.0,Enrolled
4283,-0.3039215686913,-0.06666666666666665,-0.3333333333333333,-0.6544393497290536,0.3333333333333332,-0.25,0.0,1.0,0.0,1.0,-0.5,0.46000000000000035,1.0,0.0,0.0,1.0,-0.8974358974358984,0.0,0.0,0.0,-0.09941520467836269,0.0,0.0,0.0,1.0,0.0,1.0,0.4068767908309455,0.0,0.0,Dropout
4284,-1.2450980394772613,-1.2666666666666666,-1.3333333333333333,-0.5502292621925802,0.3333333333333332,-0.25,1.0,0.0,1.0,0.0,-0.5,-2.206666666666666,1.0,0.0,1.0,0.0,3.179487179487183,1.0,0.0,0.0,0.35087719298245595,0.0,0.0,0.0,0.0,0.0,0.0,0.4068767908309455,0.0,0.0,Dropout
4285,-0.20008003169469465,0.04761904761904745,0.3333333333333333,-0.6097778824510213,1.0952380952380953,1.25,0.0,1.0,0.0,1.0,0.5,-0.20666666666666628,0.0,1.0,0.0,1.0,-1.264957264957266,1.0,0.0,0.0,-0.9356725146198825,0.0,0.0,0.0,1.0,0.0,1.0,-0.5787965616045845,1.0,0.0,Enrolled
4286,-0.18627450984305471,-0.06666666666666665,-0.3333333333333333,-0.23759899958315966,1.3333333333333333,0.5,0.0,1.0,0.0,1.0,-0.5,0.06000000000000038,1.0,0.0,0.0,1.0,0.504273504273504,0.0,1.0,0.0,0.5087719298245604,0.0,0.0,0.0,1.0,0.0,4.0,0.0,0.5217391304347826,0.0,Enrolled
4288,-0.4803921572577854,-0.4666666666666668,-0.6666666666666666,0.005557869945810766,2.9999999999999996,1.75,0.0,1.0,0.0,1.0,-0.5,1.7933333333333337,1.0,0.0,0.0,1.0,0.44444444444444514,0.0,0.0,0.0,1.9883040935672505,0.0,0.0,0.0,0.0,0.0,0.0,-0.98567335243553,-0.9565217391304347,0.0,Graduate
4289,-1.0130718958010654,-1.0,-1.0,-0.4112824802000832,1.3333333333333333,1.0,1.0,0.0,1.0,0.0,0.0,-0.20666666666666628,1.0,0.0,1.0,0.0,0.44444444444444514,0.0,0.0,0.0,0.23391812865497064,0.0,0.0,0.0,0.0,0.0,0.0,0.1346704871060172,-0.7391304347826085,0.0,Dropout
4290,-0.14705882356030642,0.0,0.0,-0.3001250521050439,0.7777777777777779,0.5,0.0,1.0,0.0,1.0,0.0,0.5266666666666671,1.0,0.0,0.0,1.0,-0.5982905982905976,0.0,1.0,0.0,0.1637426900584801,0.0,0.0,0.0,1.0,0.0,0.0,0.4068767908309455,0.0,0.0,Graduate
4291,-0.19176901572656221,0.04761904761904745,2.3333333333333335,-0.5822939057940809,-0.21428571428571425,1.75,0.0,1.0,0.0,1.0,4.0,0.9266666666666671,0.0,1.0,0.0,1.0,0.5641025641025654,0.0,1.0,0.0,1.309941520467836,0.0,0.0,0.0,1.0,0.0,0.0,0.48710601719197705,-0.3478260869565217,0.0,Graduate
4293,0.4355742299934677,0.33333333333333326,0.6666666666666666,0.5454653730721127,-0.3333333333333332,-0.25,0.0,1.0,0.0,1.0,0.5,-0.20666666666666628,1.0,0.0,0.0,1.0,0.10256410256410291,1.0,0.0,1.0,0.0,0.0,0.0,0.0,0.0,0.0,0.0,0.1346704871060172,-0.7391304347826085,0.0,Graduate
4294,-0.8088235298267834,-0.6666666666666667,-0.6666666666666666,-0.8281228303459771,2.4444444444444438,2.0,0.0,1.0,0.0,1.0,0.0,-0.9399999999999996,1.0,0.0,0.0,1.0,0.4188034188034197,0.0,1.0,0.0,-0.4269005847953213,0.0,0.0,0.0,1.0,0.0,5.0,0.4068767908309455,0.0,0.0,Dropout
4295,0.4514963888203424,0.33333333333333326,4.333333333333333,0.5905969612338469,0.31481481481481477,4.25,0.0,1.0,0.0,1.0,6.0,-0.20666666666666628,1.0,0.0,0.0,1.0,-0.4102564102564104,1.0,0.0,0.0,-0.35087719298245595,0.0,0.0,0.0,1.0,0.0,0.0,-1.2550143266475644,0.608695652173913,0.0,Graduate
4296,-0.5165912519938968,-0.4358974358974359,1.0,-0.28970404335139643,0.4358974358974358,2.75,0.0,1.0,0.0,1.0,3.5,-0.20666666666666628,1.0,0.0,0.0,1.0,-0.4102564102564104,1.0,0.0,0.0,-0.35087719298245595,0.0,0.0,0.0,1.0,0.0,0.0,-1.2550143266475644,0.608695652173913,0.0,Enrolled
4297,-0.6022408964850646,-0.523809523809524,-0.3333333333333333,-0.34180908711963315,-0.3333333333333332,-0.25,0.0,1.0,0.0,1.0,0.5,-0.873333333333333,0.0,1.0,0.0,1.0,0.12820512820512833,0.0,0.0,0.0,-0.567251461988304,0.0,0.0,0.0,0.0,0.0,0.0,0.42120343839541546,-0.39130434782608686,0.0,Graduate
4298,0.14705882356030658,0.0,0.0,0.7002917882451017,0.22222222222222213,0.0,0.0,1.0,0.0,1.0,0.0,-0.20666666666666628,0.0,1.0,0.0,1.0,0.7777777777777792,0.0,1.0,0.0,0.46198830409356734,0.0,0.0,0.0,1.0,0.0,0.0,0.4068767908309455,0.0,0.0,Graduate
4299,-0.5686274513939693,-0.4666666666666668,-0.6666666666666666,-0.4112824802000832,0.3333333333333332,-0.25,0.0,1.0,0.0,1.0,-0.5,1.1266666666666671,1.0,0.0,0.0,1.0,0.47008547008547175,1.0,0.0,0.0,1.4210526315789473,0.0,0.0,0.0,0.0,0.0,0.0,0.4068767908309455,0.0,0.0,Dropout
4300,-1.2745098041893226,-1.2666666666666666,-1.3333333333333333,-0.9670696123384741,2.333333333333333,1.25,0.0,1.0,0.0,1.0,-0.5,-0.873333333333333,1.0,0.0,0.0,1.0,0.2991452991452994,0.0,0.0,0.0,-0.45029239766081863,0.0,0.0,0.0,1.0,0.0,0.0,-0.5787965616045845,1.0,0.0,Dropout
4301,-0.1330532218416777,0.0,0.0,-0.2524861567319715,1.8888888888888888,1.5,0.0,1.0,0.0,1.0,0.0,-0.20666666666666628,1.0,0.0,0.0,1.0,0.44444444444444514,0.0,0.0,0.0,0.23391812865497064,0.0,0.0,0.0,0.0,0.0,0.0,-0.3553008595988538,-0.4782608695652173,0.0,Graduate
4302,-1.5686274513099354,-1.6666666666666667,-1.6666666666666667,-5.1354731137974134,-1.9999999999999996,-2.0,1.0,0.0,1.0,0.0,-3.0,0.46000000000000035,1.0,0.0,0.0,1.0,0.44444444444444514,0.0,0.0,0.0,0.8187134502923973,0.0,0.0,0.0,0.0,0.0,0.0,-1.2550143266475644,0.608695652173913,0.0,Dropout
4303,-0.19607843131570266,0.06666666666666665,2.6666666666666665,-0.6464231888286784,-0.3333333333333332,1.75,0.0,1.0,0.0,1.0,4.5,-0.20666666666666628,1.0,0.0,0.0,1.0,-1.2307692307692313,0.0,0.0,0.0,-0.9122807017543851,0.0,0.0,0.0,1.0,0.0,5.0,0.0,0.5217391304347826,0.0,Dropout
4304,-0.14705882356030642,0.0,0.0,-0.3001250521050439,0.7777777777777779,0.5,0.0,1.0,0.0,1.0,0.0,0.9266666666666671,1.0,0.0,0.0,1.0,-0.1794871794871804,0.0,0.0,0.0,0.8011695906432738,0.0,0.0,0.0,1.0,0.0,3.0,-0.98567335243553,-0.9565217391304347,0.0,Dropout
4305,0.049019607853435634,-0.06666666666666665,-0.3333333333333333,0.5960817007086282,0.0,-0.5,0.0,1.0,0.0,1.0,-0.5,0.9933333333333337,1.0,0.0,0.0,1.0,-0.38461538461538375,0.0,1.0,0.0,0.7192982456140354,0.0,0.0,0.0,1.0,0.0,0.0,0.42120343839541546,-0.39130434782608686,0.0,Dropout
4306,-0.2745098039792385,-0.06666666666666665,-0.3333333333333333,-0.5502292621925802,2.666666666666666,1.5,0.0,1.0,0.0,1.0,-0.5,-0.006666666666666288,1.0,0.0,0.0,1.0,-0.39316239316239304,0.0,1.0,0.0,-0.16374269005847927,0.0,0.0,0.0,1.0,0.0,4.0,0.1346704871060172,-0.7391304347826085,0.0,Dropout
4308,-1.5686274513099354,-1.6666666666666667,-1.6666666666666667,-5.1354731137974134,-1.9999999999999996,-2.0,0.0,1.0,0.0,1.0,-3.0,-1.1399999999999997,1.0,0.0,0.0,1.0,1.3846153846153861,1.0,0.0,0.0,0.05847953216374266,0.0,1.0,1.0,1.0,1.0,0.0,0.0,0.5217391304347826,1.0,Dropout
4309,-1.5686274513099354,-1.6666666666666667,-1.6666666666666667,-5.1354731137974134,-1.9999999999999996,-2.0,0.0,1.0,0.0,1.0,-3.0,-1.5399999999999996,1.0,0.0,0.0,1.0,0.8034188034188047,0.0,0.0,0.0,-0.6900584795321633,0.0,0.0,0.0,0.0,0.0,0.0,0.42120343839541546,-0.39130434782608686,0.0,Dropout
4310,0.24509803877698141,0.33333333333333326,0.3333333333333333,0.005557869945810766,-0.05555555555555535,-0.25,0.0,1.0,0.0,1.0,0.0,-0.006666666666666288,1.0,0.0,0.0,1.0,-0.6923076923076925,0.0,1.0,0.0,-0.3684210526315786,0.0,0.0,0.0,1.0,0.0,3.0,-0.3553008595988538,-0.4782608695652173,0.0,Graduate
4311,0.40616246528140665,0.33333333333333326,0.3333333333333333,0.4620973030429342,0.5,0.25,0.0,1.0,0.0,1.0,0.0,1.1266666666666671,0.0,1.0,0.0,1.0,0.44444444444444514,0.0,0.0,0.0,1.4035087719298238,0.0,0.0,0.0,0.0,0.0,0.0,0.42120343839541546,-0.39130434782608686,0.0,Graduate
4314,0.2661064431931596,0.33333333333333326,5.333333333333333,0.06510649437265498,-0.3333333333333332,3.25,0.0,1.0,0.0,1.0,7.5,-0.20666666666666628,1.0,0.0,0.0,1.0,-0.017094017094017352,0.0,0.0,0.0,-0.08187134502924005,0.0,0.0,0.0,1.0,0.0,0.0,0.42120343839541546,-0.39130434782608686,0.0,Graduate
4315,-1.5686274513099354,-1.6666666666666667,-1.6666666666666667,-5.1354731137974134,0.6666666666666667,0.0,0.0,1.0,0.0,1.0,-0.5,-0.07333333333333296,1.0,0.0,0.0,1.0,-0.6324786324786323,0.0,0.0,0.0,-0.38596491228070123,1.0,0.0,0.0,1.0,0.0,0.0,0.0,0.5217391304347826,0.0,Dropout
4316,-0.7107843136297165,-0.6666666666666667,-0.6666666666666666,-0.2723356940391831,2.1666666666666665,1.75,0.0,1.0,0.0,1.0,0.0,-0.5399999999999996,1.0,0.0,0.0,1.0,0.1794871794871804,0.0,1.0,0.0,-0.23976608187134457,0.0,0.0,0.0,1.0,0.0,0.0,0.4068767908309455,0.0,0.0,Dropout
4319,0.6740196079847378,0.33333333333333326,2.3333333333333335,1.221342225927469,-0.3333333333333332,1.0,1.0,0.0,1.0,0.0,3.0,1.8600000000000003,1.0,0.0,0.0,1.0,0.6239316239316243,0.0,1.0,0.0,2.1695906432748524,0.0,0.0,0.0,1.0,0.0,0.0,0.9140401146131805,0.0,0.0,Graduate
4320,-0.04901960785343531,0.0,0.0,0.033347228011671545,0.5,0.25,0.0,1.0,0.0,1.0,0.0,0.19333333333333372,0.0,1.0,0.0,1.0,-0.777777777777778,0.0,0.0,0.0,-0.2514619883040933,0.0,0.0,0.0,1.0,0.0,0.0,-0.5787965616045845,1.0,0.0,Graduate
4322,-0.21568627455511621,-0.06666666666666665,-0.3333333333333333,-0.34180908711963315,0.6666666666666667,0.0,0.0,1.0,0.0,1.0,-0.5,0.9266666666666671,1.0,0.0,0.0,1.0,0.5213675213675226,1.0,0.0,0.0,1.2807017543859647,0.0,0.0,0.0,1.0,0.0,0.0,0.4068767908309455,0.0,0.0,Enrolled
4325,0.28431372554992584,0.08333333333333326,0.6666666666666666,0.8670279283034594,-0.3333333333333332,0.0,0.0,1.0,0.0,1.0,1.0,0.5266666666666671,0.0,1.0,0.0,1.0,0.34188034188034344,0.0,1.0,1.0,0.8070175438596494,0.0,0.0,0.0,1.0,0.0,0.0,-0.5787965616045845,1.0,0.0,Graduate
4327,-0.3921568628274839,-0.3333333333333335,-0.3333333333333333,-0.13338891204668618,1.6111111111111107,1.25,1.0,0.0,1.0,0.0,0.0,-1.5399999999999996,1.0,0.0,1.0,0.0,1.9401709401709424,1.0,0.0,0.0,0.08771929824561399,0.0,0.0,0.0,0.0,0.0,0.0,-0.3553008595988538,-0.4782608695652173,0.0,Dropout
4328,-1.5686274513099354,-1.6666666666666667,-1.6666666666666667,-5.1354731137974134,-1.9999999999999996,-2.0,0.0,1.0,0.0,1.0,-0.5,0.0,1.0,0.0,0.0,1.0,-0.6752136752136751,1.0,0.0,0.0,-0.35087719298245595,0.0,0.0,0.0,0.0,0.0,0.0,-0.98567335243553,-0.9565217391304347,0.0,Dropout
4329,0.15406162510239374,0.04761904761904745,0.3333333333333333,0.5613450062526048,-0.09523809523809526,0.0,0.0,1.0,0.0,1.0,0.5,-0.20666666666666628,1.0,0.0,0.0,1.0,-0.05128205128205084,0.0,0.0,0.0,-0.10526315789473663,0.0,0.0,0.0,1.0,0.0,1.0,-0.98567335243553,-0.9565217391304347,0.0,Dropout
4330,-0.11554621816152909,0.0,0.0,-0.1929375323051273,0.7777777777777779,0.5,0.0,1.0,0.0,1.0,0.0,-0.873333333333333,0.0,1.0,0.0,1.0,-0.11965811965811904,0.0,0.0,0.0,-0.7368421052631572,0.0,0.0,0.0,1.0,0.0,0.0,-0.5787965616045845,1.0,0.0,Graduate
4331,-1.5686274513099354,-1.6666666666666667,-1.6666666666666667,-5.1354731137974134,-1.9999999999999996,-2.0,0.0,1.0,0.0,1.0,0.0,0.0,1.0,0.0,0.0,1.0,-0.8461538461538463,0.0,1.0,0.0,-0.4678362573099413,0.0,0.0,0.0,1.0,0.0,3.0,-0.5787965616045845,1.0,0.0,Dropout
4332,-1.5686274513099354,-1.6666666666666667,-1.6666666666666667,-5.1354731137974134,-1.9999999999999996,-2.0,0.0,1.0,0.0,1.0,-3.0,0.7933333333333337,1.0,0.0,0.0,1.0,-0.8376068376068382,0.0,0.0,0.0,0.23391812865497064,0.0,0.0,0.0,1.0,0.0,0.0,0.48710601719197705,-0.3478260869565217,0.0,Dropout
4333,0.04901960785343531,0.0,0.0,0.36681950812838626,0.22222222222222213,0.0,0.0,1.0,0.0,1.0,0.0,-0.13999999999999962,1.0,0.0,0.0,1.0,0.8632478632478648,0.0,1.0,0.0,0.5789473684210527,0.0,0.0,0.0,1.0,0.0,0.0,-0.98567335243553,-0.9565217391304347,0.0,Graduate
4334,0.3011204476122801,0.33333333333333326,0.3333333333333333,0.16435419341392246,0.22222222222222213,0.0,0.0,1.0,0.0,1.0,0.0,0.9266666666666671,0.0,1.0,0.0,1.0,-0.5128205128205121,0.0,1.0,0.0,0.5730994152046788,0.0,0.0,0.0,1.0,0.0,1.0,0.1346704871060172,-0.7391304347826085,0.0,Dropout
4336,-0.6274509802298565,-0.4666666666666668,-0.6666666666666666,-0.689176044185077,1.0,0.25,0.0,1.0,0.0,1.0,-0.5,-0.673333333333333,1.0,0.0,0.0,1.0,0.08547008547008556,0.0,1.0,0.0,-0.42105263157894735,0.0,0.0,0.0,1.0,0.0,0.0,0.0,0.5217391304347826,0.0,Enrolled
4337,-1.1519607845557338,-1.3333333333333335,-1.3333333333333333,1.9508128386827837,1.3333333333333333,1.0,0.0,1.0,0.0,1.0,0.0,-0.27333333333333293,1.0,0.0,0.0,1.0,-0.5726495726495735,0.0,1.0,0.0,-0.52046783625731,0.0,0.0,0.0,1.0,0.0,1.0,-0.98567335243553,-0.9565217391304347,0.0,Enrolled
4338,0.34313725497404846,0.33333333333333326,0.0,0.28345143809920775,0.0,-0.5,0.0,1.0,0.0,1.0,-0.5,-0.5399999999999996,1.0,0.0,0.0,1.0,-0.4529914529914532,0.0,1.0,0.0,-0.6725146198830406,0.0,0.0,0.0,1.0,0.0,0.0,-0.5787965616045845,1.0,0.0,Graduate
4339,-0.4509803919574889,-0.4666666666666668,-0.6666666666666666,0.14450465610671082,0.3333333333333332,-0.25,0.0,1.0,0.0,1.0,-0.5,-0.13999999999999962,0.0,1.0,0.0,1.0,0.11965811965812026,0.0,1.0,0.0,0.07017543859649136,0.0,0.0,0.0,1.0,0.0,0.0,-0.98567335243553,-0.9565217391304347,0.0,Enrolled
4340,0.10679271752943825,0.04761904761904745,2.3333333333333335,0.40502987494789455,-0.3333333333333332,1.5,0.0,1.0,0.0,1.0,4.0,-2.206666666666666,1.0,0.0,0.0,1.0,3.0085470085470116,0.0,0.0,1.0,0.23391812865497064,0.0,0.0,0.0,1.0,0.0,0.0,0.0,0.5217391304347826,0.0,Graduate
4341,-0.5392156860936729,-0.4666666666666668,-0.6666666666666666,-0.2723356940391831,1.9999999999999996,1.0,0.0,1.0,0.0,1.0,-0.5,-0.873333333333333,1.0,0.0,0.0,1.0,0.11111111111111098,0.0,0.0,0.0,-0.5789473684210527,0.0,0.0,0.0,1.0,0.0,0.0,-0.98567335243553,-0.9565217391304347,0.0,Graduate
4342,0.2637254902514829,0.08333333333333326,0.6666666666666666,0.8003334722801164,-0.3333333333333332,0.0,0.0,1.0,0.0,1.0,1.0,0.7933333333333337,1.0,0.0,0.0,1.0,-0.7948717948717954,0.0,0.0,1.0,0.263157894736842,0.0,0.0,0.0,1.0,0.0,1.0,0.4068767908309455,0.0,0.0,Graduate
4343,-0.4215686275395451,-0.4666666666666668,-0.6666666666666666,0.28345143809920775,1.3333333333333333,0.5,0.0,1.0,0.0,1.0,-0.5,-0.873333333333333,1.0,0.0,0.0,1.0,-0.9230769230769237,1.0,0.0,0.0,-1.2865497076023384,0.0,1.0,1.0,1.0,1.0,0.0,0.0,0.5217391304347826,1.0,Dropout
4344,-0.09173669469714328,-0.23809523809523814,0.0,0.7253022092538556,0.14285714285714307,0.25,0.0,1.0,0.0,1.0,0.5,0.46000000000000035,1.0,0.0,0.0,1.0,-0.5384615384615388,0.0,0.0,1.0,0.14619883040935666,0.0,0.0,0.0,1.0,0.0,1.0,0.42120343839541546,-0.39130434782608686,0.0,Enrolled
4345,-0.11846405272096576,0.0,0.0,-0.2028623051271362,0.7777777777777779,0.5,1.0,0.0,1.0,0.0,0.0,0.06000000000000038,1.0,0.0,1.0,0.0,-0.2393162393162393,0.0,0.0,0.0,0.0,0.0,0.0,0.0,1.0,0.0,4.0,0.1346704871060172,-0.7391304347826085,0.0,Dropout
4346,0.3186274505571347,0.33333333333333326,0.3333333333333333,0.21397804501875775,-0.3333333333333332,-0.5,0.0,1.0,0.0,1.0,0.0,0.46000000000000035,1.0,0.0,0.0,1.0,0.5384615384615388,0.0,1.0,0.0,0.8830409356725138,0.0,0.0,0.0,1.0,0.0,0.0,-0.98567335243553,-0.9565217391304347,0.0,Graduate
4347,-1.323529412042758,-1.3333333333333335,-1.3333333333333333,-0.9670696123384741,2.4444444444444438,2.0,0.0,1.0,0.0,1.0,0.0,-1.7399999999999995,1.0,0.0,0.0,1.0,0.08547008547008556,0.0,0.0,0.0,-1.35672514619883,0.0,0.0,0.0,1.0,0.0,1.0,0.4068767908309455,0.0,0.0,Dropout
4349,0.5057422976552679,0.33333333333333326,0.6666666666666666,0.7443577699041263,-0.3333333333333332,-0.25,0.0,1.0,0.0,1.0,0.5,-0.4066666666666663,1.0,0.0,0.0,1.0,-0.2136752136752139,0.0,1.0,1.0,-0.391812865497076,0.0,0.0,0.0,1.0,0.0,0.0,0.48710601719197705,-0.3478260869565217,0.0,Graduate
4350,0.036151960608085225,0.08333333333333326,0.6666666666666666,0.0631215381408921,0.5,1.0,0.0,1.0,0.0,1.0,1.0,0.5266666666666671,1.0,0.0,0.0,1.0,-0.8119658119658127,0.0,1.0,1.0,0.017543859649122633,0.0,0.0,0.0,1.0,0.0,4.0,-0.5787965616045845,1.0,0.0,Graduate
4351,0.17156862699682812,0.33333333333333326,0.3333333333333333,-0.2028623051271362,1.0555555555555554,0.75,0.0,1.0,0.0,1.0,0.0,0.46000000000000035,0.0,1.0,0.0,1.0,0.44444444444444514,0.0,0.0,0.0,0.8187134502923973,0.0,0.0,0.0,0.0,0.0,0.0,0.42120343839541546,-0.39130434782608686,0.0,Graduate
4352,0.2696078431938952,0.33333333333333326,0.3333333333333333,0.0750312630262608,-0.3333333333333332,-0.5,0.0,1.0,0.0,1.0,0.0,1.1266666666666671,1.0,0.0,0.0,1.0,-1.1367521367521376,0.0,1.0,0.0,0.3216374269005846,0.0,0.0,0.0,1.0,0.0,2.0,0.0,0.5217391304347826,0.0,Graduate
4354,-1.5686274513099354,-1.6666666666666667,-1.6666666666666667,-5.1354731137974134,-1.9999999999999996,-2.0,0.0,1.0,0.0,1.0,-3.0,0.5266666666666671,1.0,0.0,0.0,1.0,0.5982905982906,0.0,1.0,0.0,0.9824561403508774,0.0,0.0,0.0,1.0,0.0,0.0,0.42120343839541546,-0.39130434782608686,0.0,Graduate
4355,-0.6568627455301531,-0.4666666666666668,-0.6666666666666666,-0.8281228303459771,1.6666666666666667,0.75,0.0,1.0,0.0,1.0,-0.5,1.1266666666666671,1.0,0.0,0.0,1.0,0.11965811965811904,1.0,0.0,0.0,1.181286549707601,0.0,0.0,0.0,1.0,0.0,0.0,0.42120343839541546,-0.39130434782608686,0.0,Enrolled
4356,0.8088235300718817,0.33333333333333326,0.0,1.6034458816173405,0.6666666666666667,0.0,0.0,1.0,0.0,1.0,-0.5,1.7933333333333337,1.0,0.0,0.0,1.0,0.6239316239316243,0.0,1.0,0.0,2.11111111111111,0.0,0.0,0.0,1.0,0.0,1.0,-0.98567335243553,-0.9565217391304347,0.0,Graduate
4357,-0.6372549018495632,-0.6666666666666667,-0.6666666666666666,0.14450465610671082,1.0555555555555554,0.75,0.0,1.0,0.0,1.0,0.0,0.0,1.0,0.0,0.0,1.0,1.0341880341880358,1.0,0.0,0.0,0.8187134502923973,0.0,0.0,0.0,0.0,0.0,0.0,0.48710601719197705,-0.3478260869565217,0.0,Dropout
4358,-1.0539215688488628,-1.0,-1.0,-0.7586494372655271,1.8888888888888888,1.5,1.0,0.0,1.0,0.0,0.0,0.0,1.0,0.0,1.0,0.0,-0.6752136752136751,1.0,0.0,0.0,-0.35087719298245595,0.0,0.0,0.0,1.0,0.0,0.0,0.48710601719197705,-0.3478260869565217,0.0,Dropout
4360,0.34313725497404846,0.33333333333333326,0.3333333333333333,0.28345143809920775,-0.3333333333333332,-0.5,0.0,1.0,0.0,1.0,0.0,-0.20666666666666628,1.0,0.0,0.0,1.0,0.0,0.0,1.0,0.0,-0.07017543859649136,0.0,0.0,0.0,1.0,0.0,3.0,0.9140401146131805,0.0,0.0,Graduate
4361,-0.060224089228338155,0.04761904761904745,0.3333333333333333,-0.14728358899541466,-0.3333333333333332,-0.25,0.0,1.0,0.0,1.0,0.5,0.46000000000000035,1.0,0.0,0.0,1.0,-0.1282051282051271,0.0,0.0,1.0,0.4269005847953221,0.0,0.0,0.0,1.0,0.0,3.0,0.0,0.5217391304347826,0.0,Graduate
4362,0.39424019616125505,0.33333333333333326,1.0,0.42830345977490597,-0.3333333333333332,0.0,0.0,1.0,0.0,1.0,1.0,0.7933333333333337,1.0,0.0,0.0,1.0,0.17094017094017233,0.0,0.0,1.0,0.9239766081871347,0.0,0.0,0.0,1.0,0.0,0.0,-0.98567335243553,-0.9565217391304347,0.0,Graduate
4363,0.1960784314137419,0.33333333333333326,0.0,-0.13338891204668618,0.3333333333333332,-0.25,0.0,1.0,0.0,1.0,-0.5,-0.006666666666666288,1.0,0.0,0.0,1.0,0.03418803418803349,0.0,1.0,0.0,0.1286549707602332,0.0,0.0,0.0,1.0,0.0,2.0,0.0,0.5217391304347826,0.0,Graduate
4364,-1.0539215688488628,-1.0,-1.0,-0.7586494372655271,0.7777777777777779,0.5,0.0,1.0,0.0,1.0,0.0,0.0,1.0,0.0,0.0,1.0,-1.1025641025641029,0.0,0.0,0.0,-0.6432748538011692,0.0,1.0,1.0,1.0,1.0,2.0,0.0,0.5217391304347826,1.0,Dropout
4365,-0.4411764706809194,-0.3333333333333335,-0.3333333333333333,-0.34180908711963315,0.5,0.25,0.0,1.0,0.0,1.0,0.0,-0.07333333333333296,1.0,0.0,0.0,1.0,-0.27350427350427403,0.0,0.0,0.0,-0.14035087719298273,0.0,0.0,0.0,1.0,0.0,0.0,0.0,0.5217391304347826,0.0,Enrolled
4366,-1.5686274513099354,-1.6666666666666667,-1.6666666666666667,-5.1354731137974134,-1.9999999999999996,-2.0,0.0,1.0,0.0,1.0,-3.0,-1.073333333333333,1.0,0.0,0.0,1.0,0.7179487179487192,0.0,1.0,0.0,-0.33918128654970725,0.0,0.0,0.0,1.0,0.0,1.0,0.0,0.5217391304347826,0.0,Graduate
4367,0.4271708682269965,0.33333333333333326,0.3333333333333333,0.5216459233013753,0.5,0.25,0.0,1.0,0.0,1.0,0.0,-0.4066666666666663,1.0,0.0,0.0,1.0,0.44444444444444514,0.0,1.0,0.0,0.05847953216374266,0.0,0.0,0.0,1.0,0.0,0.0,0.42120343839541546,-0.39130434782608686,0.0,Graduate
4368,0.5931372550265693,0.33333333333333326,0.3333333333333333,0.9920800333472273,0.7777777777777779,0.5,0.0,1.0,0.0,1.0,0.0,0.06000000000000038,1.0,0.0,0.0,1.0,-0.717948717948718,0.0,0.0,0.0,-0.32748538011695855,0.0,0.0,0.0,1.0,0.0,0.0,-0.3553008595988538,-0.4782608695652173,0.0,Graduate
4369,-1.5686274513099354,-1.6666666666666667,-1.6666666666666667,-5.1354731137974134,-0.3333333333333332,-0.75,1.0,0.0,1.0,0.0,-0.5,-0.873333333333333,1.0,0.0,0.0,1.0,0.44444444444444514,1.0,0.0,0.0,-0.35087719298245595,0.0,0.0,0.0,1.0,0.0,0.0,-0.98567335243553,-0.9565217391304347,0.0,Dropout
4370,-0.0770308127612811,0.04761904761904745,0.3333333333333333,-0.2028623051271362,-0.09523809523809526,0.0,0.0,1.0,0.0,1.0,0.5,0.19333333333333372,1.0,0.0,0.0,1.0,-0.9230769230769237,0.0,1.0,1.0,-0.35087719298245595,0.0,0.0,0.0,1.0,0.0,0.0,0.0,0.5217391304347826,0.0,Enrolled
4371,-1.5686274513099354,-1.6666666666666667,-1.6666666666666667,-5.1354731137974134,-1.9999999999999996,-2.0,0.0,1.0,0.0,1.0,-3.0,0.2600000000000004,1.0,0.0,0.0,1.0,0.1794871794871804,0.0,1.0,0.0,0.46198830409356734,0.0,0.0,0.0,1.0,0.0,2.0,-0.5787965616045845,1.0,0.0,Graduate
4373,-1.5686274513099354,-1.6666666666666667,-1.6666666666666667,-5.1354731137974134,-0.05555555555555535,-0.25,0.0,1.0,0.0,1.0,0.0,-0.20666666666666628,1.0,0.0,0.0,1.0,0.11111111111111098,1.0,0.0,0.0,0.005847953216373934,0.0,0.0,0.0,1.0,0.0,0.0,0.42120343839541546,-0.39130434782608686,0.0,Dropout
4375,0.1997549016351027,0.08333333333333326,0.6666666666666666,0.5931042684451852,0.2916666666666667,0.75,0.0,1.0,0.0,1.0,1.0,1.1266666666666671,1.0,0.0,0.0,1.0,0.44444444444444514,0.0,0.0,1.0,1.4035087719298238,0.0,0.0,0.0,0.0,0.0,0.0,-0.5787965616045845,1.0,0.0,Graduate
4376,-1.5686274513099354,-1.6666666666666667,-1.6666666666666667,-5.1354731137974134,-0.3333333333333332,-0.75,0.0,1.0,0.0,1.0,-0.5,1.8600000000000003,1.0,0.0,0.0,1.0,-4.769230769230774,0.0,0.0,0.0,-1.5204678362573092,0.0,0.0,0.0,1.0,0.0,0.0,0.0,0.5217391304347826,0.0,Dropout
4377,0.22801120494986207,0.33333333333333326,0.6666666666666666,-0.04287500625260571,-0.09523809523809526,0.0,0.0,1.0,0.0,1.0,0.5,0.6600000000000004,1.0,0.0,0.0,1.0,-0.8974358974358984,0.0,0.0,1.0,0.0760233918128653,0.0,0.0,0.0,1.0,0.0,5.0,0.48710601719197705,-0.3478260869565217,0.0,Graduate
4378,-0.04901960804951408,0.19999999999999996,3.0,-0.5204549520633596,-0.3333333333333332,1.75,0.0,1.0,0.0,1.0,4.5,-0.20666666666666628,1.0,0.0,0.0,1.0,-1.7948717948717967,0.0,0.0,0.0,-1.2982456140350873,0.0,0.0,0.0,1.0,0.0,0.0,-0.98567335243553,-0.9565217391304347,0.0,Dropout
4379,0.40616246528140665,0.33333333333333326,0.6666666666666666,0.4620973030429342,0.38095238095238104,0.5,0.0,1.0,0.0,1.0,0.5,0.0,0.0,1.0,0.0,1.0,0.26495726495726596,1.0,0.0,0.0,0.2923976608187133,0.0,0.0,0.0,0.0,0.0,0.0,0.1346704871060172,-0.7391304347826085,0.0,Graduate
4380,0.10784313727755826,0.33333333333333326,0.0,-0.38349312213422243,0.3333333333333332,-0.25,0.0,1.0,0.0,1.0,-0.5,-1.5399999999999996,1.0,0.0,0.0,1.0,2.4871794871794903,1.0,0.0,0.0,0.46198830409356734,0.0,0.0,0.0,1.0,0.0,0.0,0.4068767908309455,0.0,0.0,Dropout
4381,-0.7359068628997003,-0.6666666666666667,-0.3333333333333333,-0.4147561483951649,0.9166666666666666,1.5,0.0,1.0,0.0,1.0,1.0,0.46000000000000035,1.0,0.0,0.0,1.0,0.44444444444444514,0.0,0.0,1.0,0.8187134502923973,0.0,0.0,0.0,0.0,0.0,0.0,-0.5787965616045845,1.0,0.0,Dropout
4382,-1.5686274513099354,-1.6666666666666667,-1.6666666666666667,-5.1354731137974134,1.6111111111111107,1.25,0.0,1.0,0.0,1.0,0.0,0.7933333333333337,1.0,0.0,0.0,1.0,-1.5726495726495735,0.0,1.0,0.0,-0.2690058479532159,0.0,0.0,0.0,1.0,0.0,1.0,-0.98567335243553,-0.9565217391304347,0.0,Enrolled
4383,0.3615196079190867,0.08333333333333326,0.6666666666666666,1.1171321383909958,-0.3333333333333332,0.0,0.0,1.0,0.0,1.0,1.0,-0.13999999999999962,1.0,0.0,0.0,1.0,-0.32478632478632485,0.0,1.0,1.0,-0.23391812865497064,0.0,0.0,0.0,1.0,0.0,0.0,-0.5787965616045845,1.0,0.0,Graduate
4384,0.36764705939096226,0.33333333333333326,0.3333333333333333,0.3529248311796578,-0.05555555555555535,-0.25,0.0,1.0,0.0,1.0,0.0,0.5266666666666671,1.0,0.0,0.0,1.0,1.256410256410258,1.0,0.0,0.0,1.432748538011695,0.0,0.0,0.0,1.0,0.0,1.0,0.42120343839541546,-0.39130434782608686,0.0,Graduate
4386,-1.5686274513099354,-1.6666666666666667,-1.6666666666666667,-5.1354731137974134,-1.9999999999999996,-2.0,0.0,1.0,0.0,1.0,0.0,-0.7399999999999997,1.0,0.0,0.0,1.0,-0.3589743589743596,0.0,1.0,0.0,-0.783625730994152,0.0,0.0,0.0,1.0,0.0,0.0,0.42120343839541546,-0.39130434782608686,0.0,Dropout
4388,-0.1274509804189321,-0.06666666666666665,-0.3333333333333333,-0.029178824510212698,0.0,-0.5,1.0,0.0,1.0,0.0,-0.5,1.1266666666666671,1.0,0.0,0.0,1.0,-1.111111111111111,0.0,1.0,0.0,0.3391812865497081,0.0,0.0,0.0,1.0,0.0,0.0,0.4068767908309455,0.0,0.0,Dropout
4389,0.18476621376430657,0.33333333333333326,2.6666666666666665,-0.1654535556481869,-0.3333333333333332,1.25,1.0,0.0,1.0,0.0,3.5,-0.873333333333333,1.0,0.0,1.0,0.0,0.6837606837606844,0.0,0.0,0.0,-0.18713450292397668,0.0,0.0,0.0,0.0,0.0,0.0,-1.2550143266475644,0.608695652173913,0.0,Dropout
4390,0.5392156858975943,0.33333333333333326,0.3333333333333333,0.8392385702375987,-0.3333333333333332,-0.5,0.0,1.0,0.0,1.0,0.0,2.2600000000000002,0.0,1.0,0.0,1.0,-0.4786324786324798,0.0,1.0,0.0,1.7660818713450277,0.0,0.0,0.0,1.0,0.0,0.0,-1.2550143266475644,0.608695652173913,0.0,Graduate
4391,0.1960784314137419,0.33333333333333326,0.0,-0.13338891204668618,0.0,-0.5,0.0,1.0,0.0,1.0,-0.5,1.1266666666666671,1.0,0.0,0.0,1.0,-1.0940170940170948,1.0,0.0,0.0,0.35087719298245595,0.0,0.0,0.0,1.0,0.0,0.0,0.4068767908309455,0.0,0.0,Graduate
4392,0.4550653594093273,0.33333333333333326,0.6666666666666666,0.6007132596915378,0.14285714285714307,0.25,0.0,1.0,0.0,1.0,0.5,-0.20666666666666628,1.0,0.0,0.0,1.0,0.44444444444444514,0.0,0.0,1.0,0.23391812865497064,0.0,0.0,0.0,0.0,0.0,0.0,-1.2550143266475644,0.608695652173913,0.0,Enrolled
4394,-0.4803921572577854,-0.4666666666666668,-0.6666666666666666,0.005557869945810766,1.3333333333333333,0.5,0.0,1.0,0.0,1.0,-0.5,-0.873333333333333,1.0,0.0,0.0,1.0,2.6837606837606858,1.0,0.0,0.0,1.181286549707601,0.0,0.0,0.0,1.0,0.0,0.0,0.48710601719197705,-0.3478260869565217,0.0,Graduate
4395,0.6208946079735771,0.33333333333333326,1.0,1.070758649437265,-0.3333333333333332,0.0,0.0,1.0,0.0,1.0,1.0,2.326666666666667,1.0,0.0,0.0,1.0,0.27350427350427403,0.0,1.0,1.0,2.3391812865497066,0.0,0.0,0.0,1.0,0.0,3.0,-0.98567335243553,-0.9565217391304347,0.0,Graduate
4396,0.22058823583065565,0.33333333333333326,0.3333333333333333,-0.06391551896623615,0.22222222222222213,0.0,0.0,1.0,1.0,0.0,0.0,1.326666666666667,0.0,1.0,1.0,0.0,-1.256410256410258,0.0,0.0,0.0,0.4152046783625726,0.0,0.0,1.0,1.0,1.0,2.0,-0.98567335243553,-0.9565217391304347,0.0,Dropout
4398,-0.024509803926717654,0.0,0.0,0.11671529804085004,0.5,0.25,0.0,1.0,0.0,1.0,0.0,-1.1399999999999997,1.0,0.0,0.0,1.0,-0.03418803418803349,0.0,0.0,0.0,-0.9122807017543851,0.0,0.0,0.0,1.0,0.0,3.0,-0.98567335243553,-0.9565217391304347,0.0,Enrolled
4399,-0.03921568628274831,-0.06666666666666665,-0.3333333333333333,0.28345143809920775,0.6666666666666667,0.0,0.0,1.0,0.0,1.0,-0.5,1.7933333333333337,0.0,1.0,0.0,1.0,-2.8547008547008565,1.0,0.0,0.0,-0.2690058479532159,0.0,0.0,0.0,1.0,0.0,0.0,-0.3553008595988538,-0.4782608695652173,0.0,Graduate
4400,0.47181372558931645,0.33333333333333326,0.3333333333333333,0.648186744476865,0.5,0.25,0.0,1.0,0.0,1.0,0.0,1.2600000000000005,0.0,1.0,0.0,1.0,-0.8376068376068382,0.0,1.0,0.0,0.6432748538011692,0.0,0.0,0.0,1.0,0.0,0.0,-0.98567335243553,-0.9565217391304347,0.0,Graduate
4401,-0.3039215686913,-0.06666666666666665,-0.3333333333333333,-0.6544393497290536,1.3333333333333333,0.5,0.0,1.0,1.0,0.0,-0.5,0.0,1.0,0.0,1.0,0.0,1.0341880341880358,1.0,0.0,0.0,0.8187134502923973,0.0,0.0,0.0,1.0,0.0,0.0,-0.98567335243553,-0.9565217391304347,0.0,Dropout
4402,-0.2745098036851212,-0.4666666666666668,-0.6666666666666666,0.9781853563984988,1.3333333333333333,0.5,0.0,1.0,0.0,1.0,-0.5,1.1266666666666671,1.0,0.0,0.0,1.0,-0.4102564102564104,0.0,0.0,0.0,0.8187134502923973,0.0,0.0,0.0,0.0,0.0,0.0,0.0,0.5217391304347826,0.0,Dropout
4404,-0.0040266106451037455,0.04761904761904745,0.3333333333333333,0.03855773238849493,0.619047619047619,0.75,0.0,1.0,0.0,1.0,0.5,0.2600000000000004,0.0,1.0,0.0,1.0,-0.5982905982905988,0.0,0.0,1.0,-0.07017543859649136,0.0,0.0,0.0,1.0,0.0,2.0,-1.2550143266475644,0.608695652173913,0.0,Graduate
4405,-1.2990196081160403,-1.3333333333333335,-1.3333333333333333,-0.5502292621925802,1.3333333333333333,1.0,1.0,0.0,1.0,0.0,0.0,0.0,1.0,0.0,1.0,0.0,-0.6752136752136751,1.0,0.0,0.0,-0.35087719298245595,0.0,0.0,0.0,0.0,0.0,0.0,-0.3553008595988538,-0.4782608695652173,0.0,Dropout
4406,0.27328431323143243,0.08333333333333326,0.6666666666666666,0.8312987536473526,-0.3333333333333332,0.0,0.0,1.0,0.0,1.0,1.0,1.7933333333333337,0.0,1.0,0.0,1.0,-1.8632478632478648,0.0,1.0,1.0,0.40935672514619864,0.0,0.0,0.0,1.0,0.0,3.0,-0.5787965616045845,1.0,0.0,Graduate
4407,-0.3921568628274839,-0.3333333333333335,-0.3333333333333333,-0.13338891204668618,-0.3333333333333332,-0.5,0.0,1.0,0.0,1.0,0.0,0.7933333333333337,1.0,0.0,0.0,1.0,-1.051282051282052,0.0,1.0,0.0,0.08771929824561399,0.0,0.0,0.0,1.0,0.0,0.0,0.4068767908309455,0.0,0.0,Enrolled
4409,-0.1715686274870239,0.0,0.0,-0.38349312213422243,0.22222222222222213,0.0,0.0,1.0,0.0,1.0,0.0,-2.206666666666666,1.0,0.0,0.0,1.0,3.2649572649572685,1.0,0.0,0.0,0.40935672514619864,0.0,0.0,0.0,1.0,0.0,0.0,-0.5787965616045845,1.0,0.0,Dropout
4410,0.5784313726705387,0.33333333333333326,0.0,0.950395998332638,-0.3333333333333332,-0.75,0.0,1.0,0.0,1.0,-0.5,0.46000000000000035,1.0,0.0,0.0,1.0,-1.0341880341880347,0.0,0.0,0.0,-0.19298245614035062,0.0,0.0,0.0,1.0,0.0,0.0,0.1346704871060172,-0.7391304347826085,0.0,Graduate
4411,0.4166666667542018,0.33333333333333326,0.3333333333333333,0.4918716131721548,-0.05555555555555535,-0.25,0.0,1.0,0.0,1.0,0.0,-0.6066666666666662,0.0,1.0,0.0,1.0,0.20512820512820581,0.0,1.0,0.0,-0.2807017543859646,0.0,0.0,0.0,1.0,0.0,0.0,0.4068767908309455,0.0,0.0,Graduate
4412,0.2696078431938952,0.33333333333333326,0.3333333333333333,0.0750312630262608,0.22222222222222213,0.0,0.0,1.0,0.0,1.0,0.0,1.1266666666666671,1.0,0.0,0.0,1.0,0.44444444444444514,0.0,0.0,0.0,1.4035087719298238,0.0,0.0,0.0,0.0,0.0,0.0,0.1346704871060172,-0.7391304347826085,0.0,Dropout
4413,-0.29411764712061284,-0.3333333333333335,-0.3333333333333333,0.28345143809920775,-0.3333333333333332,-0.5,0.0,1.0,0.0,1.0,0.0,-0.5399999999999996,0.0,1.0,0.0,1.0,1.1623931623931643,0.0,0.0,0.0,0.43274853801169605,0.0,0.0,0.0,1.0,0.0,0.0,0.1346704871060172,-0.7391304347826085,0.0,Enrolled
4414,-0.7156862746601581,-0.6666666666666667,0.0,-0.3001250521050439,0.1666666666666668,1.25,0.0,1.0,0.0,1.0,2.0,0.6600000000000004,1.0,0.0,0.0,1.0,-1.4188034188034198,0.0,0.0,0.0,-0.2807017543859646,0.0,0.0,0.0,1.0,0.0,0.0,0.42120343839541546,-0.39130434782608686,0.0,Enrolled
4415,0.1666666667016809,0.33333333333333326,0.0,-0.2167569820758647,0.0,-0.5,0.0,1.0,0.0,1.0,-0.5,0.2600000000000004,1.0,0.0,0.0,1.0,-0.21367521367521267,0.0,1.0,0.0,0.19298245614035145,0.0,0.0,0.0,1.0,0.0,0.0,-0.98567335243553,-0.9565217391304347,0.0,Graduate
4418,0.46568627411744096,0.33333333333333326,0.3333333333333333,0.6308183951646517,-0.3333333333333332,-0.5,0.0,1.0,0.0,1.0,0.0,-0.07333333333333296,0.0,1.0,0.0,1.0,0.5982905982906,0.0,1.0,0.0,0.4561403508771934,0.0,0.0,0.0,1.0,0.0,0.0,-0.3553008595988538,-0.4782608695652173,0.0,Graduate
4419,0.00700280112191933,0.04761904761904745,0.3333333333333333,0.0750312630262608,-0.3333333333333332,-0.25,0.0,1.0,0.0,1.0,0.5,-0.873333333333333,1.0,0.0,0.0,1.0,0.44444444444444514,0.0,0.0,0.0,-0.35087719298245595,0.0,0.0,0.0,0.0,0.0,0.0,-0.3553008595988538,-0.4782608695652173,0.0,Graduate
4420,0.09803921570687095,0.0,0.0,0.5335556481867441,-0.05555555555555535,-0.25,0.0,1.0,0.0,1.0,0.0,-0.5399999999999996,1.0,0.0,0.0,1.0,0.20512820512820581,0.0,1.0,0.0,-0.22222222222222193,0.0,0.0,0.0,1.0,0.0,5.0,-1.2550143266475644,0.608695652173913,0.0,Graduate
4421,0.1960784314137419,0.33333333333333326,0.3333333333333333,-0.13338891204668618,-0.3333333333333332,-0.5,1.0,0.0,1.0,0.0,0.0,-0.873333333333333,1.0,0.0,1.0,0.0,0.3589743589743596,0.0,1.0,0.0,-0.40935672514619864,0.0,0.0,0.0,1.0,0.0,1.0,0.48710601719197705,-0.3478260869565217,0.0,Dropout
4422,0.6243872550331344,0.33333333333333326,0.6666666666666666,1.0806586077532299,-0.09523809523809526,0.0,0.0,1.0,0.0,1.0,0.5,1.3933333333333338,0.0,1.0,0.0,1.0,0.05982905982906013,0.0,1.0,1.0,1.3742690058479525,0.0,0.0,0.0,1.0,0.0,0.0,0.1346704871060172,-0.7391304347826085,0.0,Dropout
4423,0.46078431382229373,0.33333333333333326,0.0,0.6169237182159233,-0.3333333333333332,-0.75,0.0,1.0,0.0,1.0,-0.5,3.126666666666667,0.0,1.0,0.0,1.0,-1.7948717948717954,0.0,1.0,0.0,1.6257309941520466,0.0,0.0,0.0,1.0,0.0,0.0,-0.98567335243553,-0.9565217391304347,0.0,Graduate
4424,0.14705882405050236,0.33333333333333326,0.3333333333333333,-0.2723356940391831,0.22222222222222213,0.0,0.0,1.0,0.0,1.0,0.0,1.2600000000000005,1.0,0.0,0.0,1.0,0.44444444444444514,0.0,0.0,0.0,1.5204678362573092,0.0,0.0,0.0,1.0,0.0,0.0,-0.5787965616045845,1.0,0.0,Graduate
