feature,grid_index,feature_value,curve_type,record_id,predicted_dropout_probability
first_sem_progress_index,1,0.0,PDP average,,0.4206774474550904
first_sem_progress_index,1,0.0,ICE individual,216.0,0.3453860981843848
first_sem_progress_index,1,0.0,ICE individual,287.0,0.24967567194703988
first_sem_progress_index,1,0.0,ICE individual,309.0,0.26120439501613374
first_sem_progress_index,1,0.0,ICE individual,365.0,0.33061365831898554
first_sem_progress_index,1,0.0,ICE individual,371.0,0.27147108441063844
first_sem_progress_index,1,0.0,ICE individual,414.0,0.34533818019616574
first_sem_progress_index,1,0.0,ICE individual,415.0,0.1319495713926044
first_sem_progress_index,1,0.0,ICE individual,552.0,0.929068898147672
first_sem_progress_index,1,0.0,ICE individual,681.0,0.2836082706464851
first_sem_progress_index,1,0.0,ICE individual,724.0,0.9717889808420167
first_sem_progress_index,1,0.0,ICE individual,748.0,0.2616702311234127
first_sem_progress_index,1,0.0,ICE individual,808.0,0.5066214154114576
first_sem_progress_index,1,0.0,ICE individual,816.0,0.2731666156419614
first_sem_progress_index,1,0.0,ICE individual,926.0,0.14867458099015152
first_sem_progress_index,1,0.0,ICE individual,1167.0,0.29655299682679775
first_sem_progress_index,1,0.0,ICE individual,1546.0,0.3934834445819769
first_sem_progress_index,1,0.0,ICE individual,1568.0,0.3923248554869684
first_sem_progress_index,1,0.0,ICE individual,1600.0,0.7505559751417568
first_sem_progress_index,1,0.0,ICE individual,1732.0,0.816598275208592
first_sem_progress_index,1,0.0,ICE individual,1810.0,0.337356047768425
first_sem_progress_index,1,0.0,ICE individual,1816.0,0.48859559669726166
first_sem_progress_index,1,0.0,ICE individual,1867.0,0.9449717131104054
first_sem_progress_index,1,0.0,ICE individual,1893.0,0.31425400832453
first_sem_progress_index,1,0.0,ICE individual,1920.0,0.4512095165505001
first_sem_progress_index,1,0.0,ICE individual,1940.0,0.297156762992914
first_sem_progress_index,1,0.0,ICE individual,2046.0,0.19722333001665188
first_sem_progress_index,1,0.0,ICE individual,2114.0,0.26328779824411147
first_sem_progress_index,1,0.0,ICE individual,2165.0,0.28284577443504794
first_sem_progress_index,1,0.0,ICE individual,2197.0,0.48324735772575367
first_sem_progress_index,1,0.0,ICE individual,2204.0,0.5369823551838337
first_sem_progress_index,1,0.0,ICE individual,2330.0,0.874004804531162
first_sem_progress_index,1,0.0,ICE individual,2400.0,0.2644054730473307
first_sem_progress_index,1,0.0,ICE individual,2418.0,0.45998209760068665
first_sem_progress_index,1,0.0,ICE individual,2782.0,0.9642014827397859
first_sem_progress_index,1,0.0,ICE individual,2805.0,0.11971375471046614
first_sem_progress_index,1,0.0,ICE individual,2807.0,0.20006084176822378
first_sem_progress_index,1,0.0,ICE individual,2990.0,0.4829210096251771
first_sem_progress_index,1,0.0,ICE individual,3077.0,0.5638521881774597
first_sem_progress_index,1,0.0,ICE individual,3104.0,0.7770690612484178
first_sem_progress_index,1,0.0,ICE individual,3106.0,0.2814725153023902
first_sem_progress_index,1,0.0,ICE individual,3135.0,0.259986732543927
first_sem_progress_index,1,0.0,ICE individual,3182.0,0.6008408966793286
first_sem_progress_index,1,0.0,ICE individual,3281.0,0.2686451180575011
first_sem_progress_index,1,0.0,ICE individual,3285.0,0.554681439509447
first_sem_progress_index,1,0.0,ICE individual,3351.0,0.26761657496655455
first_sem_progress_index,1,0.0,ICE individual,3380.0,0.1926281960754562
first_sem_progress_index,1,0.0,ICE individual,3394.0,0.18866338614706468
first_sem_progress_index,1,0.0,ICE individual,3395.0,0.28285000101307706
first_sem_progress_index,1,0.0,ICE individual,3477.0,0.282412589736782
first_sem_progress_index,1,0.0,ICE individual,3590.0,0.9331182428657325
first_sem_progress_index,1,0.0,ICE individual,3622.0,0.13758066482359496
first_sem_progress_index,1,0.0,ICE individual,3641.0,0.2693006067660322
first_sem_progress_index,1,0.0,ICE individual,3642.0,0.970633671441294
first_sem_progress_index,1,0.0,ICE individual,3741.0,0.34887639023397227
first_sem_progress_index,1,0.0,ICE individual,3883.0,0.9156865034066661
first_sem_progress_index,1,0.0,ICE individual,3930.0,0.3672184855262826
first_sem_progress_index,1,0.0,ICE individual,3948.0,0.9324097603505543
first_sem_progress_index,1,0.0,ICE individual,4078.0,0.6005097325299329
first_sem_progress_index,1,0.0,ICE individual,4209.0,0.6541796662359102
first_sem_progress_index,1,0.0,ICE individual,4416.0,0.9092557633457942
first_sem_progress_index,2,0.0305555555625,PDP average,,0.4206774474550904
first_sem_progress_index,2,0.0305555555625,ICE individual,216.0,0.3453860981843848
first_sem_progress_index,2,0.0305555555625,ICE individual,287.0,0.24967567194703988
first_sem_progress_index,2,0.0305555555625,ICE individual,309.0,0.26120439501613374
first_sem_progress_index,2,0.0305555555625,ICE individual,365.0,0.33061365831898554
first_sem_progress_index,2,0.0305555555625,ICE individual,371.0,0.27147108441063844
first_sem_progress_index,2,0.0305555555625,ICE individual,414.0,0.34533818019616574
first_sem_progress_index,2,0.0305555555625,ICE individual,415.0,0.1319495713926044
first_sem_progress_index,2,0.0305555555625,ICE individual,552.0,0.929068898147672
first_sem_progress_index,2,0.0305555555625,ICE individual,681.0,0.2836082706464851
first_sem_progress_index,2,0.0305555555625,ICE individual,724.0,0.9717889808420167
first_sem_progress_index,2,0.0305555555625,ICE individual,748.0,0.2616702311234127
first_sem_progress_index,2,0.0305555555625,ICE individual,808.0,0.5066214154114576
first_sem_progress_index,2,0.0305555555625,ICE individual,816.0,0.2731666156419614
first_sem_progress_index,2,0.0305555555625,ICE individual,926.0,0.14867458099015152
first_sem_progress_index,2,0.0305555555625,ICE individual,1167.0,0.29655299682679775
first_sem_progress_index,2,0.0305555555625,ICE individual,1546.0,0.3934834445819769
first_sem_progress_index,2,0.0305555555625,ICE individual,1568.0,0.3923248554869684
first_sem_progress_index,2,0.0305555555625,ICE individual,1600.0,0.7505559751417568
first_sem_progress_index,2,0.0305555555625,ICE individual,1732.0,0.816598275208592
first_sem_progress_index,2,0.0305555555625,ICE individual,1810.0,0.337356047768425
first_sem_progress_index,2,0.0305555555625,ICE individual,1816.0,0.48859559669726166
first_sem_progress_index,2,0.0305555555625,ICE individual,1867.0,0.9449717131104054
first_sem_progress_index,2,0.0305555555625,ICE individual,1893.0,0.31425400832453
first_sem_progress_index,2,0.0305555555625,ICE individual,1920.0,0.4512095165505001
first_sem_progress_index,2,0.0305555555625,ICE individual,1940.0,0.297156762992914
first_sem_progress_index,2,0.0305555555625,ICE individual,2046.0,0.19722333001665188
first_sem_progress_index,2,0.0305555555625,ICE individual,2114.0,0.26328779824411147
first_sem_progress_index,2,0.0305555555625,ICE individual,2165.0,0.28284577443504794
first_sem_progress_index,2,0.0305555555625,ICE individual,2197.0,0.48324735772575367
first_sem_progress_index,2,0.0305555555625,ICE individual,2204.0,0.5369823551838337
first_sem_progress_index,2,0.0305555555625,ICE individual,2330.0,0.874004804531162
first_sem_progress_index,2,0.0305555555625,ICE individual,2400.0,0.2644054730473307
first_sem_progress_index,2,0.0305555555625,ICE individual,2418.0,0.45998209760068665
first_sem_progress_index,2,0.0305555555625,ICE individual,2782.0,0.9642014827397859
first_sem_progress_index,2,0.0305555555625,ICE individual,2805.0,0.11971375471046614
first_sem_progress_index,2,0.0305555555625,ICE individual,2807.0,0.20006084176822378
first_sem_progress_index,2,0.0305555555625,ICE individual,2990.0,0.4829210096251771
first_sem_progress_index,2,0.0305555555625,ICE individual,3077.0,0.5638521881774597
first_sem_progress_index,2,0.0305555555625,ICE individual,3104.0,0.7770690612484178
first_sem_progress_index,2,0.0305555555625,ICE individual,3106.0,0.2814725153023902
first_sem_progress_index,2,0.0305555555625,ICE individual,3135.0,0.259986732543927
first_sem_progress_index,2,0.0305555555625,ICE individual,3182.0,0.6008408966793286
first_sem_progress_index,2,0.0305555555625,ICE individual,3281.0,0.2686451180575011
first_sem_progress_index,2,0.0305555555625,ICE individual,3285.0,0.554681439509447
first_sem_progress_index,2,0.0305555555625,ICE individual,3351.0,0.26761657496655455
first_sem_progress_index,2,0.0305555555625,ICE individual,3380.0,0.1926281960754562
first_sem_progress_index,2,0.0305555555625,ICE individual,3394.0,0.18866338614706468
first_sem_progress_index,2,0.0305555555625,ICE individual,3395.0,0.28285000101307706
first_sem_progress_index,2,0.0305555555625,ICE individual,3477.0,0.282412589736782
first_sem_progress_index,2,0.0305555555625,ICE individual,3590.0,0.9331182428657325
first_sem_progress_index,2,0.0305555555625,ICE individual,3622.0,0.13758066482359496
first_sem_progress_index,2,0.0305555555625,ICE individual,3641.0,0.2693006067660322
first_sem_progress_index,2,0.0305555555625,ICE individual,3642.0,0.970633671441294
first_sem_progress_index,2,0.0305555555625,ICE individual,3741.0,0.34887639023397227
first_sem_progress_index,2,0.0305555555625,ICE individual,3883.0,0.9156865034066661
first_sem_progress_index,2,0.0305555555625,ICE individual,3930.0,0.3672184855262826
first_sem_progress_index,2,0.0305555555625,ICE individual,3948.0,0.9324097603505543
first_sem_progress_index,2,0.0305555555625,ICE individual,4078.0,0.6005097325299329
first_sem_progress_index,2,0.0305555555625,ICE individual,4209.0,0.6541796662359102
first_sem_progress_index,2,0.0305555555625,ICE individual,4416.0,0.9092557633457942
first_sem_progress_index,3,0.061111111125,PDP average,,0.4189772932804534
first_sem_progress_index,3,0.061111111125,ICE individual,216.0,0.3453860981843848
first_sem_progress_index,3,0.061111111125,ICE individual,287.0,0.24967567194703988
first_sem_progress_index,3,0.061111111125,ICE individual,309.0,0.26120439501613374
first_sem_progress_index,3,0.061111111125,ICE individual,365.0,0.33061365831898554
first_sem_progress_index,3,0.061111111125,ICE individual,371.0,0.2690225024664947
first_sem_progress_index,3,0.061111111125,ICE individual,414.0,0.34533818019616574
first_sem_progress_index,3,0.061111111125,ICE individual,415.0,0.12950436445569624
first_sem_progress_index,3,0.061111111125,ICE individual,552.0,0.929068898147672
first_sem_progress_index,3,0.061111111125,ICE individual,681.0,0.2787352346458047
first_sem_progress_index,3,0.061111111125,ICE individual,724.0,0.9717889808420167
first_sem_progress_index,3,0.061111111125,ICE individual,748.0,0.2616702311234127
first_sem_progress_index,3,0.061111111125,ICE individual,808.0,0.5066214154114576
first_sem_progress_index,3,0.061111111125,ICE individual,816.0,0.2731666156419614
first_sem_progress_index,3,0.061111111125,ICE individual,926.0,0.1471348783228044
first_sem_progress_index,3,0.061111111125,ICE individual,1167.0,0.29655299682679775
first_sem_progress_index,3,0.061111111125,ICE individual,1546.0,0.3919437419146298
first_sem_progress_index,3,0.061111111125,ICE individual,1568.0,0.3886402486805234
first_sem_progress_index,3,0.061111111125,ICE individual,1600.0,0.7505559751417568
first_sem_progress_index,3,0.061111111125,ICE individual,1732.0,0.816598275208592
first_sem_progress_index,3,0.061111111125,ICE individual,1810.0,0.3340227144350916
first_sem_progress_index,3,0.061111111125,ICE individual,1816.0,0.48859559669726166
first_sem_progress_index,3,0.061111111125,ICE individual,1867.0,0.9407001974639166
first_sem_progress_index,3,0.061111111125,ICE individual,1893.0,0.31630172738590095
first_sem_progress_index,3,0.061111111125,ICE individual,1920.0,0.4512095165505001
first_sem_progress_index,3,0.061111111125,ICE individual,1940.0,0.2953076052593765
first_sem_progress_index,3,0.061111111125,ICE individual,2046.0,0.19388999668331852
first_sem_progress_index,3,0.061111111125,ICE individual,2114.0,0.26084259130720333
first_sem_progress_index,3,0.061111111125,ICE individual,2165.0,0.2802148503314397
first_sem_progress_index,3,0.061111111125,ICE individual,2197.0,0.48164786684751865
first_sem_progress_index,3,0.061111111125,ICE individual,2204.0,0.5369823551838337
first_sem_progress_index,3,0.061111111125,ICE individual,2330.0,0.8751731699520756
first_sem_progress_index,3,0.061111111125,ICE individual,2400.0,0.25773880638066404
first_sem_progress_index,3,0.061111111125,ICE individual,2418.0,0.4586936492069751
first_sem_progress_index,3,0.061111111125,ICE individual,2782.0,0.9633824462925554
first_sem_progress_index,3,0.061111111125,ICE individual,2805.0,0.10936248123735438
first_sem_progress_index,3,0.061111111125,ICE individual,2807.0,0.2022225390159302
first_sem_progress_index,3,0.061111111125,ICE individual,2990.0,0.478897202824647
first_sem_progress_index,3,0.061111111125,ICE individual,3077.0,0.5638521881774597
first_sem_progress_index,3,0.061111111125,ICE individual,3104.0,0.7776752642559366
first_sem_progress_index,3,0.061111111125,ICE individual,3106.0,0.2814725153023902
first_sem_progress_index,3,0.061111111125,ICE individual,3135.0,0.25499971835691104
first_sem_progress_index,3,0.061111111125,ICE individual,3182.0,0.6008408966793286
first_sem_progress_index,3,0.061111111125,ICE individual,3281.0,0.2686451180575011
first_sem_progress_index,3,0.061111111125,ICE individual,3285.0,0.5609760923067263
first_sem_progress_index,3,0.061111111125,ICE individual,3351.0,0.25676242144943207
first_sem_progress_index,3,0.061111111125,ICE individual,3380.0,0.1910884934081091
first_sem_progress_index,3,0.061111111125,ICE individual,3394.0,0.18621817921015651
first_sem_progress_index,3,0.061111111125,ICE individual,3395.0,0.2776621440849136
first_sem_progress_index,3,0.061111111125,ICE individual,3477.0,0.282412589736782
first_sem_progress_index,3,0.061111111125,ICE individual,3590.0,0.9331182428657325
first_sem_progress_index,3,0.061111111125,ICE individual,3622.0,0.1360409621562478
first_sem_progress_index,3,0.061111111125,ICE individual,3641.0,0.2660394903772713
first_sem_progress_index,3,0.061111111125,ICE individual,3642.0,0.9708488561753582
first_sem_progress_index,3,0.061111111125,ICE individual,3741.0,0.34554305690063897
first_sem_progress_index,3,0.061111111125,ICE individual,3883.0,0.9156731971656562
first_sem_progress_index,3,0.061111111125,ICE individual,3930.0,0.36567878285893557
first_sem_progress_index,3,0.061111111125,ICE individual,3948.0,0.9296023486675143
first_sem_progress_index,3,0.061111111125,ICE individual,4078.0,0.595932144789222
first_sem_progress_index,3,0.061111111125,ICE individual,4209.0,0.6547725630024189
first_sem_progress_index,3,0.061111111125,ICE individual,4416.0,0.9092557633457942
first_sem_progress_index,4,0.0916666666875,PDP average,,0.41166360980187644
first_sem_progress_index,4,0.0916666666875,ICE individual,216.0,0.34643503516053353
first_sem_progress_index,4,0.0916666666875,ICE individual,287.0,0.24373048795891042
first_sem_progress_index,4,0.0916666666875,ICE individual,309.0,0.24939872477115718
first_sem_progress_index,4,0.0916666666875,ICE individual,365.0,0.3142307941565163
first_sem_progress_index,4,0.0916666666875,ICE individual,371.0,0.2647790718531552
first_sem_progress_index,4,0.0916666666875,ICE individual,414.0,0.33867151352949904
first_sem_progress_index,4,0.0916666666875,ICE individual,415.0,0.1297285529624407
first_sem_progress_index,4,0.0916666666875,ICE individual,552.0,0.929068898147672
first_sem_progress_index,4,0.0916666666875,ICE individual,681.0,0.2729818575562683
first_sem_progress_index,4,0.0916666666875,ICE individual,724.0,0.9717889808420167
first_sem_progress_index,4,0.0916666666875,ICE individual,748.0,0.26553959829753193
first_sem_progress_index,4,0.0916666666875,ICE individual,808.0,0.5003539272841311
first_sem_progress_index,4,0.0916666666875,ICE individual,816.0,0.27249573483949197
first_sem_progress_index,4,0.0916666666875,ICE individual,926.0,0.14347002465795072
first_sem_progress_index,4,0.0916666666875,ICE individual,1167.0,0.2947323798160508
first_sem_progress_index,4,0.0916666666875,ICE individual,1546.0,0.3868700586669869
first_sem_progress_index,4,0.0916666666875,ICE individual,1568.0,0.3696094353949416
first_sem_progress_index,4,0.0916666666875,ICE individual,1600.0,0.7352130424987968
first_sem_progress_index,4,0.0916666666875,ICE individual,1732.0,0.816598275208592
first_sem_progress_index,4,0.0916666666875,ICE individual,1810.0,0.327698068343739
first_sem_progress_index,4,0.0916666666875,ICE individual,1816.0,0.4831036231372995
first_sem_progress_index,4,0.0916666666875,ICE individual,1867.0,0.9407001974639166
first_sem_progress_index,4,0.0916666666875,ICE individual,1893.0,0.30121333870109146
first_sem_progress_index,4,0.0916666666875,ICE individual,1920.0,0.45251980096128647
first_sem_progress_index,4,0.0916666666875,ICE individual,1940.0,0.28428205625515035
first_sem_progress_index,4,0.0916666666875,ICE individual,2046.0,0.18208690863805027
first_sem_progress_index,4,0.0916666666875,ICE individual,2114.0,0.2524226135036673
first_sem_progress_index,4,0.0916666666875,ICE individual,2165.0,0.2647105653375494
first_sem_progress_index,4,0.0916666666875,ICE individual,2197.0,0.4648612092513365
first_sem_progress_index,4,0.0916666666875,ICE individual,2204.0,0.5458662324100636
first_sem_progress_index,4,0.0916666666875,ICE individual,2330.0,0.8773318101787048
first_sem_progress_index,4,0.0916666666875,ICE individual,2400.0,0.25518840162094286
first_sem_progress_index,4,0.0916666666875,ICE individual,2418.0,0.45908567859689525
first_sem_progress_index,4,0.0916666666875,ICE individual,2782.0,0.9635490473682474
first_sem_progress_index,4,0.0916666666875,ICE individual,2805.0,0.10276864096648605
first_sem_progress_index,4,0.0916666666875,ICE individual,2807.0,0.1898353493653106
first_sem_progress_index,4,0.0916666666875,ICE individual,2990.0,0.47125568263972745
first_sem_progress_index,4,0.0916666666875,ICE individual,3077.0,0.552117296922405
first_sem_progress_index,4,0.0916666666875,ICE individual,3104.0,0.7776752642559366
first_sem_progress_index,4,0.0916666666875,ICE individual,3106.0,0.27547016462117563
first_sem_progress_index,4,0.0916666666875,ICE individual,3135.0,0.24972487710069738
first_sem_progress_index,4,0.0916666666875,ICE individual,3182.0,0.5986822564526997
first_sem_progress_index,4,0.0916666666875,ICE individual,3281.0,0.2648034679156486
first_sem_progress_index,4,0.0916666666875,ICE individual,3285.0,0.5602808860403448
first_sem_progress_index,4,0.0916666666875,ICE individual,3351.0,0.255306559634926
first_sem_progress_index,4,0.0916666666875,ICE individual,3380.0,0.18544336767986033
first_sem_progress_index,4,0.0916666666875,ICE individual,3394.0,0.18042313824981174
first_sem_progress_index,4,0.0916666666875,ICE individual,3395.0,0.2561643989223521
first_sem_progress_index,4,0.0916666666875,ICE individual,3477.0,0.2878736961395197
first_sem_progress_index,4,0.0916666666875,ICE individual,3590.0,0.9293307698133343
first_sem_progress_index,4,0.0916666666875,ICE individual,3622.0,0.13192613156283275
first_sem_progress_index,4,0.0916666666875,ICE individual,3641.0,0.2610238256566478
first_sem_progress_index,4,0.0916666666875,ICE individual,3642.0,0.9678507447494848
first_sem_progress_index,4,0.0916666666875,ICE individual,3741.0,0.33023609956549244
first_sem_progress_index,4,0.0916666666875,ICE individual,3883.0,0.9156731971656562
first_sem_progress_index,4,0.0916666666875,ICE individual,3930.0,0.3585429787577127
first_sem_progress_index,4,0.0916666666875,ICE individual,3948.0,0.9068952003010705
first_sem_progress_index,4,0.0916666666875,ICE individual,4078.0,0.579562742409761
first_sem_progress_index,4,0.0916666666875,ICE individual,4209.0,0.6679658632890889
first_sem_progress_index,4,0.0916666666875,ICE individual,4416.0,0.9094223644214862
first_sem_progress_index,5,0.12222222225,PDP average,,0.4063340045056913
first_sem_progress_index,5,0.12222222225,ICE individual,216.0,0.3409047125834595
first_sem_progress_index,5,0.12222222225,ICE individual,287.0,0.234498768010119
first_sem_progress_index,5,0.12222222225,ICE individual,309.0,0.24745842911603144
first_sem_progress_index,5,0.12222222225,ICE individual,365.0,0.3114267317339252
first_sem_progress_index,5,0.12222222225,ICE individual,371.0,0.2623741714981844
first_sem_progress_index,5,0.12222222225,ICE individual,414.0,0.3320048468628324
first_sem_progress_index,5,0.12222222225,ICE individual,415.0,0.1258998493790686
first_sem_progress_index,5,0.12222222225,ICE individual,552.0,0.929068898147672
first_sem_progress_index,5,0.12222222225,ICE individual,681.0,0.25991978570725494
first_sem_progress_index,5,0.12222222225,ICE individual,724.0,0.9717889808420167
first_sem_progress_index,5,0.12222222225,ICE individual,748.0,0.2612559253989059
first_sem_progress_index,5,0.12222222225,ICE individual,808.0,0.5003539272841311
first_sem_progress_index,5,0.12222222225,ICE individual,816.0,0.26603463348637796
first_sem_progress_index,5,0.12222222225,ICE individual,926.0,0.14347002465795072
first_sem_progress_index,5,0.12222222225,ICE individual,1167.0,0.2832681900581835
first_sem_progress_index,5,0.12222222225,ICE individual,1546.0,0.3761160090040576
first_sem_progress_index,5,0.12222222225,ICE individual,1568.0,0.35371809169798035
first_sem_progress_index,5,0.12222222225,ICE individual,1600.0,0.729136563380189
first_sem_progress_index,5,0.12222222225,ICE individual,1732.0,0.816598275208592
first_sem_progress_index,5,0.12222222225,ICE individual,1810.0,0.32432174569930927
first_sem_progress_index,5,0.12222222225,ICE individual,1816.0,0.47977028980396613
first_sem_progress_index,5,0.12222222225,ICE individual,1867.0,0.9407001974639166
first_sem_progress_index,5,0.12222222225,ICE individual,1893.0,0.29317171719032825
first_sem_progress_index,5,0.12222222225,ICE individual,1920.0,0.4510391458094652
first_sem_progress_index,5,0.12222222225,ICE individual,1940.0,0.27119684495680557
first_sem_progress_index,5,0.12222222225,ICE individual,2046.0,0.17801133143747308
first_sem_progress_index,5,0.12222222225,ICE individual,2114.0,0.2488327389128132
first_sem_progress_index,5,0.12222222225,ICE individual,2165.0,0.2644014652557983
first_sem_progress_index,5,0.12222222225,ICE individual,2197.0,0.447092571625541
first_sem_progress_index,5,0.12222222225,ICE individual,2204.0,0.5476104220279627
first_sem_progress_index,5,0.12222222225,ICE individual,2330.0,0.8774075899048435
first_sem_progress_index,5,0.12222222225,ICE individual,2400.0,0.24835466905238235
first_sem_progress_index,5,0.12222222225,ICE individual,2418.0,0.4545014089339738
first_sem_progress_index,5,0.12222222225,ICE individual,2782.0,0.9635490473682474
first_sem_progress_index,5,0.12222222225,ICE individual,2805.0,0.09734137416935625
first_sem_progress_index,5,0.12222222225,ICE individual,2807.0,0.19009533586984503
first_sem_progress_index,5,0.12222222225,ICE individual,2990.0,0.4688806101861251
first_sem_progress_index,5,0.12222222225,ICE individual,3077.0,0.5534906433391246
first_sem_progress_index,5,0.12222222225,ICE individual,3104.0,0.7776752642559366
first_sem_progress_index,5,0.12222222225,ICE individual,3106.0,0.2672192661819119
first_sem_progress_index,5,0.12222222225,ICE individual,3135.0,0.242604632835702
first_sem_progress_index,5,0.12222222225,ICE individual,3182.0,0.5930955356170632
first_sem_progress_index,5,0.12222222225,ICE individual,3281.0,0.25794431299594117
first_sem_progress_index,5,0.12222222225,ICE individual,3285.0,0.5542167037298427
first_sem_progress_index,5,0.12222222225,ICE individual,3351.0,0.25192823020182536
first_sem_progress_index,5,0.12222222225,ICE individual,3380.0,0.18597263859060265
first_sem_progress_index,5,0.12222222225,ICE individual,3394.0,0.16862406060146276
first_sem_progress_index,5,0.12222222225,ICE individual,3395.0,0.23119963352390183
first_sem_progress_index,5,0.12222222225,ICE individual,3477.0,0.28635953491947613
first_sem_progress_index,5,0.12222222225,ICE individual,3590.0,0.9233696853727107
first_sem_progress_index,5,0.12222222225,ICE individual,3622.0,0.12859279822949943
first_sem_progress_index,5,0.12222222225,ICE individual,3641.0,0.2574107205231365
first_sem_progress_index,5,0.12222222225,ICE individual,3642.0,0.9616156156559733
first_sem_progress_index,5,0.12222222225,ICE individual,3741.0,0.3213820191527516
first_sem_progress_index,5,0.12222222225,ICE individual,3883.0,0.9156731971656562
first_sem_progress_index,5,0.12222222225,ICE individual,3930.0,0.3557171526254807
first_sem_progress_index,5,0.12222222225,ICE individual,3948.0,0.8938118811199364
first_sem_progress_index,5,0.12222222225,ICE individual,4078.0,0.5909932068978587
first_sem_progress_index,5,0.12222222225,ICE individual,4209.0,0.673496050037618
first_sem_progress_index,5,0.12222222225,ICE individual,4416.0,0.9094223644214862
first_sem_progress_index,6,0.1527777778125,PDP average,,0.4034145060846237
first_sem_progress_index,6,0.1527777778125,ICE individual,216.0,0.34037040072171637
first_sem_progress_index,6,0.1527777778125,ICE individual,287.0,0.23116543467678569
first_sem_progress_index,6,0.1527777778125,ICE individual,309.0,0.24613700463418098
first_sem_progress_index,6,0.1527777778125,ICE individual,365.0,0.30605276474630616
first_sem_progress_index,6,0.1527777778125,ICE individual,371.0,0.26152940176422895
first_sem_progress_index,6,0.1527777778125,ICE individual,414.0,0.3253381801961657
first_sem_progress_index,6,0.1527777778125,ICE individual,415.0,0.12256651604573526
first_sem_progress_index,6,0.1527777778125,ICE individual,552.0,0.9269776214290122
first_sem_progress_index,6,0.1527777778125,ICE individual,681.0,0.2565864523739216
first_sem_progress_index,6,0.1527777778125,ICE individual,724.0,0.9705219825003915
first_sem_progress_index,6,0.1527777778125,ICE individual,748.0,0.2594461610891416
first_sem_progress_index,6,0.1527777778125,ICE individual,808.0,0.5003539272841311
first_sem_progress_index,6,0.1527777778125,ICE individual,816.0,0.2669562458558576
first_sem_progress_index,6,0.1527777778125,ICE individual,926.0,0.1368033579912841
first_sem_progress_index,6,0.1527777778125,ICE individual,1167.0,0.2810963935128414
first_sem_progress_index,6,0.1527777778125,ICE individual,1546.0,0.3728359400942984
first_sem_progress_index,6,0.1527777778125,ICE individual,1568.0,0.34910966460775317
first_sem_progress_index,6,0.1527777778125,ICE individual,1600.0,0.7292812103240042
first_sem_progress_index,6,0.1527777778125,ICE individual,1732.0,0.8193807502278079
first_sem_progress_index,6,0.1527777778125,ICE individual,1810.0,0.3219100247354556
first_sem_progress_index,6,0.1527777778125,ICE individual,1816.0,0.476139850416646
first_sem_progress_index,6,0.1527777778125,ICE individual,1867.0,0.9423768441705035
first_sem_progress_index,6,0.1527777778125,ICE individual,1893.0,0.289789930718957
first_sem_progress_index,6,0.1527777778125,ICE individual,1920.0,0.45469776945071044
first_sem_progress_index,6,0.1527777778125,ICE individual,1940.0,0.2678635116234722
first_sem_progress_index,6,0.1527777778125,ICE individual,2046.0,0.16848822065244004
first_sem_progress_index,6,0.1527777778125,ICE individual,2114.0,0.24549940557947986
first_sem_progress_index,6,0.1527777778125,ICE individual,2165.0,0.2597467074406145
first_sem_progress_index,6,0.1527777778125,ICE individual,2197.0,0.44367252423197406
first_sem_progress_index,6,0.1527777778125,ICE individual,2204.0,0.5565277581875004
first_sem_progress_index,6,0.1527777778125,ICE individual,2330.0,0.8672277878811837
first_sem_progress_index,6,0.1527777778125,ICE individual,2400.0,0.24423015080334637
first_sem_progress_index,6,0.1527777778125,ICE individual,2418.0,0.45431341469530157
first_sem_progress_index,6,0.1527777778125,ICE individual,2782.0,0.9648919730277197
first_sem_progress_index,6,0.1527777778125,ICE individual,2805.0,0.0940080408360229
first_sem_progress_index,6,0.1527777778125,ICE individual,2807.0,0.1867620025365117
first_sem_progress_index,6,0.1527777778125,ICE individual,2990.0,0.4632280398155795
first_sem_progress_index,6,0.1527777778125,ICE individual,3077.0,0.5573092458241352
first_sem_progress_index,6,0.1527777778125,ICE individual,3104.0,0.7783355665630171
first_sem_progress_index,6,0.1527777778125,ICE individual,3106.0,0.2653185015614605
first_sem_progress_index,6,0.1527777778125,ICE individual,3135.0,0.23899727296641993
first_sem_progress_index,6,0.1527777778125,ICE individual,3182.0,0.5911232973020141
first_sem_progress_index,6,0.1527777778125,ICE individual,3281.0,0.2546109796626079
first_sem_progress_index,6,0.1527777778125,ICE individual,3285.0,0.5569991787490587
first_sem_progress_index,6,0.1527777778125,ICE individual,3351.0,0.24707132784492306
first_sem_progress_index,6,0.1527777778125,ICE individual,3380.0,0.18190906608350849
first_sem_progress_index,6,0.1527777778125,ICE individual,3394.0,0.16583102543287812
first_sem_progress_index,6,0.1527777778125,ICE individual,3395.0,0.2271588125171365
first_sem_progress_index,6,0.1527777778125,ICE individual,3477.0,0.2885547247621645
first_sem_progress_index,6,0.1527777778125,ICE individual,3590.0,0.9202811080697048
first_sem_progress_index,6,0.1527777778125,ICE individual,3622.0,0.12579976306091475
first_sem_progress_index,6,0.1527777778125,ICE individual,3641.0,0.2574107205231365
first_sem_progress_index,6,0.1527777778125,ICE individual,3642.0,0.9625084999692802
first_sem_progress_index,6,0.1527777778125,ICE individual,3741.0,0.3179681659927358
first_sem_progress_index,6,0.1527777778125,ICE individual,3883.0,0.9123398638323227
first_sem_progress_index,6,0.1527777778125,ICE individual,3930.0,0.34843977869743337
first_sem_progress_index,6,0.1527777778125,ICE individual,3948.0,0.8938118811199364
first_sem_progress_index,6,0.1527777778125,ICE individual,4078.0,0.5991469101858019
first_sem_progress_index,6,0.1527777778125,ICE individual,4209.0,0.6773614419180207
first_sem_progress_index,6,0.1527777778125,ICE individual,4416.0,0.9094223644214862
first_sem_progress_index,7,0.183333333375,PDP average,,0.4032304777042414
first_sem_progress_index,7,0.183333333375,ICE individual,216.0,0.33850254180467715
first_sem_progress_index,7,0.183333333375,ICE individual,287.0,0.23116543467678569
first_sem_progress_index,7,0.183333333375,ICE individual,309.0,0.24613700463418098
first_sem_progress_index,7,0.183333333375,ICE individual,365.0,0.30605276474630616
first_sem_progress_index,7,0.183333333375,ICE individual,371.0,0.26152940176422895
first_sem_progress_index,7,0.183333333375,ICE individual,414.0,0.3253381801961657
first_sem_progress_index,7,0.183333333375,ICE individual,415.0,0.1246133802772997
first_sem_progress_index,7,0.183333333375,ICE individual,552.0,0.9303109547623456
first_sem_progress_index,7,0.183333333375,ICE individual,681.0,0.25991978570725494
first_sem_progress_index,7,0.183333333375,ICE individual,724.0,0.9705219825003915
first_sem_progress_index,7,0.183333333375,ICE individual,748.0,0.2594461610891416
first_sem_progress_index,7,0.183333333375,ICE individual,808.0,0.5003539272841311
first_sem_progress_index,7,0.183333333375,ICE individual,816.0,0.2669562458558576
first_sem_progress_index,7,0.183333333375,ICE individual,926.0,0.1368033579912841
first_sem_progress_index,7,0.183333333375,ICE individual,1167.0,0.2810963935128414
first_sem_progress_index,7,0.183333333375,ICE individual,1546.0,0.3728359400942984
first_sem_progress_index,7,0.183333333375,ICE individual,1568.0,0.35068013806934406
first_sem_progress_index,7,0.183333333375,ICE individual,1600.0,0.7297886391433503
first_sem_progress_index,7,0.183333333375,ICE individual,1732.0,0.8193807502278079
first_sem_progress_index,7,0.183333333375,ICE individual,1810.0,0.3219100247354556
first_sem_progress_index,7,0.183333333375,ICE individual,1816.0,0.476139850416646
first_sem_progress_index,7,0.183333333375,ICE individual,1867.0,0.9402068217991387
first_sem_progress_index,7,0.183333333375,ICE individual,1893.0,0.289789930718957
first_sem_progress_index,7,0.183333333375,ICE individual,1920.0,0.45589127354482967
first_sem_progress_index,7,0.183333333375,ICE individual,1940.0,0.2678635116234722
first_sem_progress_index,7,0.183333333375,ICE individual,2046.0,0.16848822065244004
first_sem_progress_index,7,0.183333333375,ICE individual,2114.0,0.24549940557947986
first_sem_progress_index,7,0.183333333375,ICE individual,2165.0,0.2597467074406145
first_sem_progress_index,7,0.183333333375,ICE individual,2197.0,0.44247885570311
first_sem_progress_index,7,0.183333333375,ICE individual,2204.0,0.553194424854167
first_sem_progress_index,7,0.183333333375,ICE individual,2330.0,0.8676053014022288
first_sem_progress_index,7,0.183333333375,ICE individual,2400.0,0.24423015080334637
first_sem_progress_index,7,0.183333333375,ICE individual,2418.0,0.45513099834362863
first_sem_progress_index,7,0.183333333375,ICE individual,2782.0,0.9648919730277197
first_sem_progress_index,7,0.183333333375,ICE individual,2805.0,0.0940080408360229
first_sem_progress_index,7,0.183333333375,ICE individual,2807.0,0.1867620025365117
first_sem_progress_index,7,0.183333333375,ICE individual,2990.0,0.4654118152865522
first_sem_progress_index,7,0.183333333375,ICE individual,3077.0,0.5529447641253287
first_sem_progress_index,7,0.183333333375,ICE individual,3104.0,0.7783355665630171
first_sem_progress_index,7,0.183333333375,ICE individual,3106.0,0.26198516822812706
first_sem_progress_index,7,0.183333333375,ICE individual,3135.0,0.23899727296641993
first_sem_progress_index,7,0.183333333375,ICE individual,3182.0,0.5932097100365222
first_sem_progress_index,7,0.183333333375,ICE individual,3281.0,0.2546109796626079
first_sem_progress_index,7,0.183333333375,ICE individual,3285.0,0.565008805119823
first_sem_progress_index,7,0.183333333375,ICE individual,3351.0,0.24707132784492306
first_sem_progress_index,7,0.183333333375,ICE individual,3380.0,0.18190906608350849
first_sem_progress_index,7,0.183333333375,ICE individual,3394.0,0.16583102543287812
first_sem_progress_index,7,0.183333333375,ICE individual,3395.0,0.23049214585046987
first_sem_progress_index,7,0.183333333375,ICE individual,3477.0,0.2885547247621645
first_sem_progress_index,7,0.183333333375,ICE individual,3590.0,0.9169477747363715
first_sem_progress_index,7,0.183333333375,ICE individual,3622.0,0.12579976306091475
first_sem_progress_index,7,0.183333333375,ICE individual,3641.0,0.2574107205231365
first_sem_progress_index,7,0.183333333375,ICE individual,3642.0,0.9625084999692802
first_sem_progress_index,7,0.183333333375,ICE individual,3741.0,0.3179681659927358
first_sem_progress_index,7,0.183333333375,ICE individual,3883.0,0.9123398638323227
first_sem_progress_index,7,0.183333333375,ICE individual,3930.0,0.34843977869743337
first_sem_progress_index,7,0.183333333375,ICE individual,3948.0,0.8899346234720282
first_sem_progress_index,7,0.183333333375,ICE individual,4078.0,0.6031207793026171
first_sem_progress_index,7,0.183333333375,ICE individual,4209.0,0.6773614419180207
first_sem_progress_index,7,0.183333333375,ICE individual,4416.0,0.9094223644214862
first_sem_progress_index,8,0.2138888889375,PDP average,,0.3988153389635507
first_sem_progress_index,8,0.2138888889375,ICE individual,216.0,0.3373361788434345
first_sem_progress_index,8,0.2138888889375,ICE individual,287.0,0.2332851400174855
first_sem_progress_index,8,0.2138888889375,ICE individual,309.0,0.2417905562581578
first_sem_progress_index,8,0.2138888889375,ICE individual,365.0,0.2914576005745416
first_sem_progress_index,8,0.2138888889375,ICE individual,371.0,0.25641667056401296
first_sem_progress_index,8,0.2138888889375,ICE individual,414.0,0.3241138669796397
first_sem_progress_index,8,0.2138888889375,ICE individual,415.0,0.12128004694396637
first_sem_progress_index,8,0.2138888889375,ICE individual,552.0,0.9303109547623456
first_sem_progress_index,8,0.2138888889375,ICE individual,681.0,0.2587061577146214
first_sem_progress_index,8,0.2138888889375,ICE individual,724.0,0.9675542198083523
first_sem_progress_index,8,0.2138888889375,ICE individual,748.0,0.25704291753879677
first_sem_progress_index,8,0.2138888889375,ICE individual,808.0,0.5003539272841311
first_sem_progress_index,8,0.2138888889375,ICE individual,816.0,0.2602895791891909
first_sem_progress_index,8,0.2138888889375,ICE individual,926.0,0.1368033579912841
first_sem_progress_index,8,0.2138888889375,ICE individual,1167.0,0.27844801960064236
first_sem_progress_index,8,0.2138888889375,ICE individual,1546.0,0.36298458709394504
first_sem_progress_index,8,0.2138888889375,ICE individual,1568.0,0.33426641117912553
first_sem_progress_index,8,0.2138888889375,ICE individual,1600.0,0.7286214049397938
first_sem_progress_index,8,0.2138888889375,ICE individual,1732.0,0.8193807502278079
first_sem_progress_index,8,0.2138888889375,ICE individual,1810.0,0.3208969096927657
first_sem_progress_index,8,0.2138888889375,ICE individual,1816.0,0.4781149047706911
first_sem_progress_index,8,0.2138888889375,ICE individual,1867.0,0.9417982641731898
first_sem_progress_index,8,0.2138888889375,ICE individual,1893.0,0.27358686803926063
first_sem_progress_index,8,0.2138888889375,ICE individual,1920.0,0.45589127354482967
first_sem_progress_index,8,0.2138888889375,ICE individual,1940.0,0.26493947174253046
first_sem_progress_index,8,0.2138888889375,ICE individual,2046.0,0.16532226841729
first_sem_progress_index,8,0.2138888889375,ICE individual,2114.0,0.24055449472314516
first_sem_progress_index,8,0.2138888889375,ICE individual,2165.0,0.25641337410728116
first_sem_progress_index,8,0.2138888889375,ICE individual,2197.0,0.4249440114720319
first_sem_progress_index,8,0.2138888889375,ICE individual,2204.0,0.5501904568496108
first_sem_progress_index,8,0.2138888889375,ICE individual,2330.0,0.866807435229498
first_sem_progress_index,8,0.2138888889375,ICE individual,2400.0,0.24423015080334637
first_sem_progress_index,8,0.2138888889375,ICE individual,2418.0,0.44941554920281923
first_sem_progress_index,8,0.2138888889375,ICE individual,2782.0,0.9648919730277197
first_sem_progress_index,8,0.2138888889375,ICE individual,2805.0,0.08431001076085681
first_sem_progress_index,8,0.2138888889375,ICE individual,2807.0,0.18193140144361553
first_sem_progress_index,8,0.2138888889375,ICE individual,2990.0,0.4483501852473115
first_sem_progress_index,8,0.2138888889375,ICE individual,3077.0,0.5449664221383343
first_sem_progress_index,8,0.2138888889375,ICE individual,3104.0,0.7817216206087985
first_sem_progress_index,8,0.2138888889375,ICE individual,3106.0,0.26402758258375514
first_sem_progress_index,8,0.2138888889375,ICE individual,3135.0,0.23899727296641993
first_sem_progress_index,8,0.2138888889375,ICE individual,3182.0,0.5951847643905673
first_sem_progress_index,8,0.2138888889375,ICE individual,3281.0,0.2546109796626079
first_sem_progress_index,8,0.2138888889375,ICE individual,3285.0,0.5648146783927408
first_sem_progress_index,8,0.2138888889375,ICE individual,3351.0,0.2394044921585152
first_sem_progress_index,8,0.2138888889375,ICE individual,3380.0,0.17562323948791747
first_sem_progress_index,8,0.2138888889375,ICE individual,3394.0,0.15874650826686942
first_sem_progress_index,8,0.2138888889375,ICE individual,3395.0,0.21544970615059464
first_sem_progress_index,8,0.2138888889375,ICE individual,3477.0,0.2885547247621645
first_sem_progress_index,8,0.2138888889375,ICE individual,3590.0,0.9104448185556352
first_sem_progress_index,8,0.2138888889375,ICE individual,3622.0,0.12246642972758146
first_sem_progress_index,8,0.2138888889375,ICE individual,3641.0,0.2536612902958786
first_sem_progress_index,8,0.2138888889375,ICE individual,3642.0,0.9614329850951384
first_sem_progress_index,8,0.2138888889375,ICE individual,3741.0,0.31669775698462194
first_sem_progress_index,8,0.2138888889375,ICE individual,3883.0,0.9134127458153045
first_sem_progress_index,8,0.2138888889375,ICE individual,3930.0,0.34637341368989183
first_sem_progress_index,8,0.2138888889375,ICE individual,3948.0,0.877981794136215
first_sem_progress_index,8,0.2138888889375,ICE individual,4078.0,0.6004947110060347
first_sem_progress_index,8,0.2138888889375,ICE individual,4209.0,0.6803045448612048
first_sem_progress_index,8,0.2138888889375,ICE individual,4416.0,0.9072102601797897
first_sem_progress_index,9,0.2444444445,PDP average,,0.3891785772004812
first_sem_progress_index,9,0.2444444445,ICE individual,216.0,0.33763343077698554
first_sem_progress_index,9,0.2444444445,ICE individual,287.0,0.23884368614271206
first_sem_progress_index,9,0.2444444445,ICE individual,309.0,0.23300031197355622
first_sem_progress_index,9,0.2444444445,ICE individual,365.0,0.2745101831009442
first_sem_progress_index,9,0.2444444445,ICE individual,371.0,0.24578723394636748
first_sem_progress_index,9,0.2444444445,ICE individual,414.0,0.3117022807340025
first_sem_progress_index,9,0.2444444445,ICE individual,415.0,0.11572255227652406
first_sem_progress_index,9,0.2444444445,ICE individual,552.0,0.9263037226103813
first_sem_progress_index,9,0.2444444445,ICE individual,681.0,0.2578317210209034
first_sem_progress_index,9,0.2444444445,ICE individual,724.0,0.9675542198083523
first_sem_progress_index,9,0.2444444445,ICE individual,748.0,0.25033453054173654
first_sem_progress_index,9,0.2444444445,ICE individual,808.0,0.4961596016469754
first_sem_progress_index,9,0.2444444445,ICE individual,816.0,0.2439178600832289
first_sem_progress_index,9,0.2444444445,ICE individual,926.0,0.135639923088237
first_sem_progress_index,9,0.2444444445,ICE individual,1167.0,0.28028468570717907
first_sem_progress_index,9,0.2444444445,ICE individual,1546.0,0.3432807628596763
first_sem_progress_index,9,0.2444444445,ICE individual,1568.0,0.3018339298354393
first_sem_progress_index,9,0.2444444445,ICE individual,1600.0,0.7261159795228944
first_sem_progress_index,9,0.2444444445,ICE individual,1732.0,0.8193807502278079
first_sem_progress_index,9,0.2444444445,ICE individual,1810.0,0.3170104913850855
first_sem_progress_index,9,0.2444444445,ICE individual,1816.0,0.4797275398496603
first_sem_progress_index,9,0.2444444445,ICE individual,1867.0,0.9438671644192622
first_sem_progress_index,9,0.2444444445,ICE individual,1893.0,0.2528241248675725
first_sem_progress_index,9,0.2444444445,ICE individual,1920.0,0.4399927516912339
first_sem_progress_index,9,0.2444444445,ICE individual,1940.0,0.250864566065998
first_sem_progress_index,9,0.2444444445,ICE individual,2046.0,0.15611107982951633
first_sem_progress_index,9,0.2444444445,ICE individual,2114.0,0.23504982907390418
first_sem_progress_index,9,0.2444444445,ICE individual,2165.0,0.24346492391595065
first_sem_progress_index,9,0.2444444445,ICE individual,2197.0,0.3836105824002714
first_sem_progress_index,9,0.2444444445,ICE individual,2204.0,0.5508683041423246
first_sem_progress_index,9,0.2444444445,ICE individual,2330.0,0.866807435229498
first_sem_progress_index,9,0.2444444445,ICE individual,2400.0,0.2473743146013513
first_sem_progress_index,9,0.2444444445,ICE individual,2418.0,0.4408031419023243
first_sem_progress_index,9,0.2444444445,ICE individual,2782.0,0.9635268874368027
first_sem_progress_index,9,0.2444444445,ICE individual,2805.0,0.07764334409419014
first_sem_progress_index,9,0.2444444445,ICE individual,2807.0,0.17520022640830135
first_sem_progress_index,9,0.2444444445,ICE individual,2990.0,0.4174742145844774
first_sem_progress_index,9,0.2444444445,ICE individual,3077.0,0.5409794384363847
first_sem_progress_index,9,0.2444444445,ICE individual,3104.0,0.7763239659007989
first_sem_progress_index,9,0.2444444445,ICE individual,3106.0,0.26268950729687324
first_sem_progress_index,9,0.2444444445,ICE individual,3135.0,0.22863047734295228
first_sem_progress_index,9,0.2444444445,ICE individual,3182.0,0.5932867635745739
first_sem_progress_index,9,0.2444444445,ICE individual,3281.0,0.24952967740202156
first_sem_progress_index,9,0.2444444445,ICE individual,3285.0,0.5543275952302449
first_sem_progress_index,9,0.2444444445,ICE individual,3351.0,0.23485206683923673
first_sem_progress_index,9,0.2444444445,ICE individual,3380.0,0.1686841137351687
first_sem_progress_index,9,0.2444444445,ICE individual,3394.0,0.14971989239356273
first_sem_progress_index,9,0.2444444445,ICE individual,3395.0,0.18874654427409268
first_sem_progress_index,9,0.2444444445,ICE individual,3477.0,0.2773681781447948
first_sem_progress_index,9,0.2444444445,ICE individual,3590.0,0.8984560394743748
first_sem_progress_index,9,0.2444444445,ICE individual,3622.0,0.11463632815786769
first_sem_progress_index,9,0.2444444445,ICE individual,3641.0,0.24477046229510288
first_sem_progress_index,9,0.2444444445,ICE individual,3642.0,0.9596448620753834
first_sem_progress_index,9,0.2444444445,ICE individual,3741.0,0.30570709711029553
first_sem_progress_index,9,0.2444444445,ICE individual,3883.0,0.9082912894622162
first_sem_progress_index,9,0.2444444445,ICE individual,3930.0,0.33474929164076805
first_sem_progress_index,9,0.2444444445,ICE individual,3948.0,0.8561917001728754
first_sem_progress_index,9,0.2444444445,ICE individual,4078.0,0.5827318466238699
first_sem_progress_index,9,0.2444444445,ICE individual,4209.0,0.6786071959636027
first_sem_progress_index,9,0.2444444445,ICE individual,4416.0,0.9009139040788153
first_sem_progress_index,10,0.27500000006249997,PDP average,,0.38229387615810323
first_sem_progress_index,10,0.27500000006249997,ICE individual,216.0,0.33248601589811716
first_sem_progress_index,10,0.27500000006249997,ICE individual,287.0,0.22232168893620705
first_sem_progress_index,10,0.27500000006249997,ICE individual,309.0,0.22393858285909707
first_sem_progress_index,10,0.27500000006249997,ICE individual,365.0,0.2711581924141456
first_sem_progress_index,10,0.27500000006249997,ICE individual,371.0,0.24055657736838357
first_sem_progress_index,10,0.27500000006249997,ICE individual,414.0,0.3073643769650237
first_sem_progress_index,10,0.27500000006249997,ICE individual,415.0,0.11531820554920538
first_sem_progress_index,10,0.27500000006249997,ICE individual,552.0,0.9273479319947046
first_sem_progress_index,10,0.27500000006249997,ICE individual,681.0,0.2460305223512738
first_sem_progress_index,10,0.27500000006249997,ICE individual,724.0,0.9675542198083523
first_sem_progress_index,10,0.27500000006249997,ICE individual,748.0,0.2447957038990709
first_sem_progress_index,10,0.27500000006249997,ICE individual,808.0,0.4928262683136421
first_sem_progress_index,10,0.27500000006249997,ICE individual,816.0,0.22747492500250782
first_sem_progress_index,10,0.27500000006249997,ICE individual,926.0,0.13230658975490367
first_sem_progress_index,10,0.27500000006249997,ICE individual,1167.0,0.27539695036900685
first_sem_progress_index,10,0.27500000006249997,ICE individual,1546.0,0.32859320060498515
first_sem_progress_index,10,0.27500000006249997,ICE individual,1568.0,0.2859753134856619
first_sem_progress_index,10,0.27500000006249997,ICE individual,1600.0,0.7172349723654302
first_sem_progress_index,10,0.27500000006249997,ICE individual,1732.0,0.8121153805780024
first_sem_progress_index,10,0.27500000006249997,ICE individual,1810.0,0.31007081970498274
first_sem_progress_index,10,0.27500000006249997,ICE individual,1816.0,0.47306087318299367
first_sem_progress_index,10,0.27500000006249997,ICE individual,1867.0,0.9438671644192622
first_sem_progress_index,10,0.27500000006249997,ICE individual,1893.0,0.24277692822073826
first_sem_progress_index,10,0.27500000006249997,ICE individual,1920.0,0.4372136282876791
first_sem_progress_index,10,0.27500000006249997,ICE individual,1940.0,0.23706874933136765
first_sem_progress_index,10,0.27500000006249997,ICE individual,2046.0,0.15183146588438384
first_sem_progress_index,10,0.27500000006249997,ICE individual,2114.0,0.22794793491816498
first_sem_progress_index,10,0.27500000006249997,ICE individual,2165.0,0.23486729276001692
first_sem_progress_index,10,0.27500000006249997,ICE individual,2197.0,0.3677248035739087
first_sem_progress_index,10,0.27500000006249997,ICE individual,2204.0,0.5433870076293126
first_sem_progress_index,10,0.27500000006249997,ICE individual,2330.0,0.8658401164529266
first_sem_progress_index,10,0.27500000006249997,ICE individual,2400.0,0.2350860613383688
first_sem_progress_index,10,0.27500000006249997,ICE individual,2418.0,0.4374698085689909
first_sem_progress_index,10,0.27500000006249997,ICE individual,2782.0,0.9605927404751958
first_sem_progress_index,10,0.27500000006249997,ICE individual,2805.0,0.07222807279226579
first_sem_progress_index,10,0.27500000006249997,ICE individual,2807.0,0.16306642906393456
first_sem_progress_index,10,0.27500000006249997,ICE individual,2990.0,0.40371008338612135
first_sem_progress_index,10,0.27500000006249997,ICE individual,3077.0,0.5273773654866372
first_sem_progress_index,10,0.27500000006249997,ICE individual,3104.0,0.774283697444423
first_sem_progress_index,10,0.27500000006249997,ICE individual,3106.0,0.2580337417087175
first_sem_progress_index,10,0.27500000006249997,ICE individual,3135.0,0.21986388741623916
first_sem_progress_index,10,0.27500000006249997,ICE individual,3182.0,0.5811329748474369
first_sem_progress_index,10,0.27500000006249997,ICE individual,3281.0,0.2384836200919066
first_sem_progress_index,10,0.27500000006249997,ICE individual,3285.0,0.5486166385882267
first_sem_progress_index,10,0.27500000006249997,ICE individual,3351.0,0.2278797509704966
first_sem_progress_index,10,0.27500000006249997,ICE individual,3380.0,0.1602188300075339
first_sem_progress_index,10,0.27500000006249997,ICE individual,3394.0,0.1439416557066706
first_sem_progress_index,10,0.27500000006249997,ICE individual,3395.0,0.17879548003316673
first_sem_progress_index,10,0.27500000006249997,ICE individual,3477.0,0.27374561800962965
first_sem_progress_index,10,0.27500000006249997,ICE individual,3590.0,0.8903113327762899
first_sem_progress_index,10,0.27500000006249997,ICE individual,3622.0,0.11423198143054902
first_sem_progress_index,10,0.27500000006249997,ICE individual,3641.0,0.24055265733937933
first_sem_progress_index,10,0.27500000006249997,ICE individual,3642.0,0.9549860018099658
first_sem_progress_index,10,0.27500000006249997,ICE individual,3741.0,0.2889111492961661
first_sem_progress_index,10,0.27500000006249997,ICE individual,3883.0,0.9082912894622162
first_sem_progress_index,10,0.27500000006249997,ICE individual,3930.0,0.33181306815263784
first_sem_progress_index,10,0.27500000006249997,ICE individual,3948.0,0.8490547732207394
first_sem_progress_index,10,0.27500000006249997,ICE individual,4078.0,0.5726437065331853
first_sem_progress_index,10,0.27500000006249997,ICE individual,4209.0,0.677627443822102
first_sem_progress_index,10,0.27500000006249997,ICE individual,4416.0,0.9009139040788153
first_sem_progress_index,11,0.305555555625,PDP average,,0.3806707513215271
first_sem_progress_index,11,0.305555555625,ICE individual,216.0,0.3271090759802649
first_sem_progress_index,11,0.305555555625,ICE individual,287.0,0.22281328895010707
first_sem_progress_index,11,0.305555555625,ICE individual,309.0,0.2206052495257637
first_sem_progress_index,11,0.305555555625,ICE individual,365.0,0.27147534997731704
first_sem_progress_index,11,0.305555555625,ICE individual,371.0,0.2347672692497188
first_sem_progress_index,11,0.305555555625,ICE individual,414.0,0.30069771029835707
first_sem_progress_index,11,0.305555555625,ICE individual,415.0,0.11097974772474958
first_sem_progress_index,11,0.305555555625,ICE individual,552.0,0.9260605756728656
first_sem_progress_index,11,0.305555555625,ICE individual,681.0,0.2429655668574856
first_sem_progress_index,11,0.305555555625,ICE individual,724.0,0.9640873512394351
first_sem_progress_index,11,0.305555555625,ICE individual,748.0,0.24330930851963709
first_sem_progress_index,11,0.305555555625,ICE individual,808.0,0.4847222315433346
first_sem_progress_index,11,0.305555555625,ICE individual,816.0,0.22140936339993966
first_sem_progress_index,11,0.305555555625,ICE individual,926.0,0.125639923088237
first_sem_progress_index,11,0.305555555625,ICE individual,1167.0,0.27150279221400014
first_sem_progress_index,11,0.305555555625,ICE individual,1546.0,0.33204644171324127
first_sem_progress_index,11,0.305555555625,ICE individual,1568.0,0.28240283492658536
first_sem_progress_index,11,0.305555555625,ICE individual,1600.0,0.7273936602438723
first_sem_progress_index,11,0.305555555625,ICE individual,1732.0,0.8121153805780024
first_sem_progress_index,11,0.305555555625,ICE individual,1810.0,0.31118376691780264
first_sem_progress_index,11,0.305555555625,ICE individual,1816.0,0.476394206516327
first_sem_progress_index,11,0.305555555625,ICE individual,1867.0,0.9369706128174833
first_sem_progress_index,11,0.305555555625,ICE individual,1893.0,0.23943346438427252
first_sem_progress_index,11,0.305555555625,ICE individual,1920.0,0.43966948976316217
first_sem_progress_index,11,0.305555555625,ICE individual,1940.0,0.23453684907664363
first_sem_progress_index,11,0.305555555625,ICE individual,2046.0,0.15209984372392904
first_sem_progress_index,11,0.305555555625,ICE individual,2114.0,0.23444784198928423
first_sem_progress_index,11,0.305555555625,ICE individual,2165.0,0.23428991364876836
first_sem_progress_index,11,0.305555555625,ICE individual,2197.0,0.3746810607488766
first_sem_progress_index,11,0.305555555625,ICE individual,2204.0,0.5467203409626459
first_sem_progress_index,11,0.305555555625,ICE individual,2330.0,0.8666939095708477
first_sem_progress_index,11,0.305555555625,ICE individual,2400.0,0.23421896286790267
first_sem_progress_index,11,0.305555555625,ICE individual,2418.0,0.42855908349612465
first_sem_progress_index,11,0.305555555625,ICE individual,2782.0,0.9585243644068195
first_sem_progress_index,11,0.305555555625,ICE individual,2805.0,0.07414621780984074
first_sem_progress_index,11,0.305555555625,ICE individual,2807.0,0.15786766687991843
first_sem_progress_index,11,0.305555555625,ICE individual,2990.0,0.4109357821357369
first_sem_progress_index,11,0.305555555625,ICE individual,3077.0,0.5207509387612003
first_sem_progress_index,11,0.305555555625,ICE individual,3104.0,0.769960386408506
first_sem_progress_index,11,0.305555555625,ICE individual,3106.0,0.24946275027904355
first_sem_progress_index,11,0.305555555625,ICE individual,3135.0,0.21584598241176783
first_sem_progress_index,11,0.305555555625,ICE individual,3182.0,0.5869990655601799
first_sem_progress_index,11,0.305555555625,ICE individual,3281.0,0.23606383741694345
first_sem_progress_index,11,0.305555555625,ICE individual,3285.0,0.5514268856208817
first_sem_progress_index,11,0.305555555625,ICE individual,3351.0,0.23000458496784054
first_sem_progress_index,11,0.305555555625,ICE individual,3380.0,0.1620170864661655
first_sem_progress_index,11,0.305555555625,ICE individual,3394.0,0.13653386047688584
first_sem_progress_index,11,0.305555555625,ICE individual,3395.0,0.17734764185332794
first_sem_progress_index,11,0.305555555625,ICE individual,3477.0,0.26707895134296306
first_sem_progress_index,11,0.305555555625,ICE individual,3590.0,0.8893780774130897
first_sem_progress_index,11,0.305555555625,ICE individual,3622.0,0.11703408300673115
first_sem_progress_index,11,0.305555555625,ICE individual,3641.0,0.23997527822813078
first_sem_progress_index,11,0.305555555625,ICE individual,3642.0,0.9528299930988195
first_sem_progress_index,11,0.305555555625,ICE individual,3741.0,0.28705195060646993
first_sem_progress_index,11,0.305555555625,ICE individual,3883.0,0.9082912894622162
first_sem_progress_index,11,0.305555555625,ICE individual,3930.0,0.3337828457576066
first_sem_progress_index,11,0.305555555625,ICE individual,3948.0,0.8511600363786341
first_sem_progress_index,11,0.305555555625,ICE individual,4078.0,0.5828427386567652
first_sem_progress_index,11,0.305555555625,ICE individual,4209.0,0.6712259081762426
first_sem_progress_index,11,0.305555555625,ICE individual,4416.0,0.897580570745482
first_sem_progress_index,12,0.3361111111875,PDP average,,0.37570836952310127
first_sem_progress_index,12,0.3361111111875,ICE individual,216.0,0.321584101747052
first_sem_progress_index,12,0.3361111111875,ICE individual,287.0,0.22382298085959731
first_sem_progress_index,12,0.3361111111875,ICE individual,309.0,0.21260384965959
first_sem_progress_index,12,0.3361111111875,ICE individual,365.0,0.26351482983595453
first_sem_progress_index,12,0.3361111111875,ICE individual,371.0,0.2295777327267755
first_sem_progress_index,12,0.3361111111875,ICE individual,414.0,0.2942292410752407
first_sem_progress_index,12,0.3361111111875,ICE individual,415.0,0.11495067479341728
first_sem_progress_index,12,0.3361111111875,ICE individual,552.0,0.9139172482374772
first_sem_progress_index,12,0.3361111111875,ICE individual,681.0,0.23838236937895071
first_sem_progress_index,12,0.3361111111875,ICE individual,724.0,0.9565557093891405
first_sem_progress_index,12,0.3361111111875,ICE individual,748.0,0.23826519034930763
first_sem_progress_index,12,0.3361111111875,ICE individual,808.0,0.4847222315433346
first_sem_progress_index,12,0.3361111111875,ICE individual,816.0,0.20647756544307838
first_sem_progress_index,12,0.3361111111875,ICE individual,926.0,0.11847895319363456
first_sem_progress_index,12,0.3361111111875,ICE individual,1167.0,0.26275343297842824
first_sem_progress_index,12,0.3361111111875,ICE individual,1546.0,0.319918948391989
first_sem_progress_index,12,0.3361111111875,ICE individual,1568.0,0.25604303079297147
first_sem_progress_index,12,0.3361111111875,ICE individual,1600.0,0.7276328238973182
first_sem_progress_index,12,0.3361111111875,ICE individual,1732.0,0.811259480025015
first_sem_progress_index,12,0.3361111111875,ICE individual,1810.0,0.30046198370724625
first_sem_progress_index,12,0.3361111111875,ICE individual,1816.0,0.4737518808260622
first_sem_progress_index,12,0.3361111111875,ICE individual,1867.0,0.9301068792258483
first_sem_progress_index,12,0.3361111111875,ICE individual,1893.0,0.2335374019448012
first_sem_progress_index,12,0.3361111111875,ICE individual,1920.0,0.433741194414635
first_sem_progress_index,12,0.3361111111875,ICE individual,1940.0,0.22379563231418131
first_sem_progress_index,12,0.3361111111875,ICE individual,2046.0,0.13863532475082713
first_sem_progress_index,12,0.3361111111875,ICE individual,2114.0,0.23444784198928423
first_sem_progress_index,12,0.3361111111875,ICE individual,2165.0,0.22374415240004267
first_sem_progress_index,12,0.3361111111875,ICE individual,2197.0,0.3707435710759868
first_sem_progress_index,12,0.3361111111875,ICE individual,2204.0,0.5439345536378968
first_sem_progress_index,12,0.3361111111875,ICE individual,2330.0,0.8603733620035333
first_sem_progress_index,12,0.3361111111875,ICE individual,2400.0,0.2298292139485204
first_sem_progress_index,12,0.3361111111875,ICE individual,2418.0,0.423292847451932
first_sem_progress_index,12,0.3361111111875,ICE individual,2782.0,0.9577136701420503
first_sem_progress_index,12,0.3361111111875,ICE individual,2805.0,0.07414621780984074
first_sem_progress_index,12,0.3361111111875,ICE individual,2807.0,0.16110626643492498
first_sem_progress_index,12,0.3361111111875,ICE individual,2990.0,0.4081745482427335
first_sem_progress_index,12,0.3361111111875,ICE individual,3077.0,0.4782419949686635
first_sem_progress_index,12,0.3361111111875,ICE individual,3104.0,0.769960386408506
first_sem_progress_index,12,0.3361111111875,ICE individual,3106.0,0.23786197574378268
first_sem_progress_index,12,0.3361111111875,ICE individual,3135.0,0.2107143670058382
first_sem_progress_index,12,0.3361111111875,ICE individual,3182.0,0.5855929485553042
first_sem_progress_index,12,0.3361111111875,ICE individual,3281.0,0.22579579480549428
first_sem_progress_index,12,0.3361111111875,ICE individual,3285.0,0.546701982392214
first_sem_progress_index,12,0.3361111111875,ICE individual,3351.0,0.2272670434293389
first_sem_progress_index,12,0.3361111111875,ICE individual,3380.0,0.1530302015088554
first_sem_progress_index,12,0.3361111111875,ICE individual,3394.0,0.14228442329988067
first_sem_progress_index,12,0.3361111111875,ICE individual,3395.0,0.16357146867087427
first_sem_progress_index,12,0.3361111111875,ICE individual,3477.0,0.26159624514760005
first_sem_progress_index,12,0.3361111111875,ICE individual,3590.0,0.8893780774130897
first_sem_progress_index,12,0.3361111111875,ICE individual,3622.0,0.11493201508793016
first_sem_progress_index,12,0.3361111111875,ICE individual,3641.0,0.23530453290347533
first_sem_progress_index,12,0.3361111111875,ICE individual,3642.0,0.9494966597654863
first_sem_progress_index,12,0.3361111111875,ICE individual,3741.0,0.27392698785190167
first_sem_progress_index,12,0.3361111111875,ICE individual,3883.0,0.9049579561288829
first_sem_progress_index,12,0.3361111111875,ICE individual,3930.0,0.3196375745261571
first_sem_progress_index,12,0.3361111111875,ICE individual,3948.0,0.8476182277975055
first_sem_progress_index,12,0.3361111111875,ICE individual,4078.0,0.571448302701158
first_sem_progress_index,12,0.3361111111875,ICE individual,4209.0,0.6712259081762426
first_sem_progress_index,12,0.3361111111875,ICE individual,4416.0,0.8902423634216736
first_sem_progress_index,13,0.36666666675,PDP average,,0.3732613418197057
first_sem_progress_index,13,0.36666666675,ICE individual,216.0,0.316143145095333
first_sem_progress_index,13,0.36666666675,ICE individual,287.0,0.22510549397227383
first_sem_progress_index,13,0.36666666675,ICE individual,309.0,0.20503241122032922
first_sem_progress_index,13,0.36666666675,ICE individual,365.0,0.25798472111026743
first_sem_progress_index,13,0.36666666675,ICE individual,371.0,0.2295777327267755
first_sem_progress_index,13,0.36666666675,ICE individual,414.0,0.2908959077419073
first_sem_progress_index,13,0.36666666675,ICE individual,415.0,0.11495067479341728
first_sem_progress_index,13,0.36666666675,ICE individual,552.0,0.9144178195755397
first_sem_progress_index,13,0.36666666675,ICE individual,681.0,0.24263800312549696
first_sem_progress_index,13,0.36666666675,ICE individual,724.0,0.9510889872572388
first_sem_progress_index,13,0.36666666675,ICE individual,748.0,0.23731612706752184
first_sem_progress_index,13,0.36666666675,ICE individual,808.0,0.4880555648766679
first_sem_progress_index,13,0.36666666675,ICE individual,816.0,0.21068527153104383
first_sem_progress_index,13,0.36666666675,ICE individual,926.0,0.11847895319363456
first_sem_progress_index,13,0.36666666675,ICE individual,1167.0,0.26275343297842824
first_sem_progress_index,13,0.36666666675,ICE individual,1546.0,0.32294072775345484
first_sem_progress_index,13,0.36666666675,ICE individual,1568.0,0.25647969313043695
first_sem_progress_index,13,0.36666666675,ICE individual,1600.0,0.7249728691798042
first_sem_progress_index,13,0.36666666675,ICE individual,1732.0,0.814603890168451
first_sem_progress_index,13,0.36666666675,ICE individual,1810.0,0.3030234866358724
first_sem_progress_index,13,0.36666666675,ICE individual,1816.0,0.4670952862696679
first_sem_progress_index,13,0.36666666675,ICE individual,1867.0,0.920351125194626
first_sem_progress_index,13,0.36666666675,ICE individual,1893.0,0.2337724010099647
first_sem_progress_index,13,0.36666666675,ICE individual,1920.0,0.4228400801022637
first_sem_progress_index,13,0.36666666675,ICE individual,1940.0,0.2224345409863837
first_sem_progress_index,13,0.36666666675,ICE individual,2046.0,0.1253019914174938
first_sem_progress_index,13,0.36666666675,ICE individual,2114.0,0.2344563690855081
first_sem_progress_index,13,0.36666666675,ICE individual,2165.0,0.22044190185401077
first_sem_progress_index,13,0.36666666675,ICE individual,2197.0,0.37958378398973325
first_sem_progress_index,13,0.36666666675,ICE individual,2204.0,0.539136437653523
first_sem_progress_index,13,0.36666666675,ICE individual,2330.0,0.8612370476633059
first_sem_progress_index,13,0.36666666675,ICE individual,2400.0,0.22640715041105514
first_sem_progress_index,13,0.36666666675,ICE individual,2418.0,0.4194028840636471
first_sem_progress_index,13,0.36666666675,ICE individual,2782.0,0.9528785425147449
first_sem_progress_index,13,0.36666666675,ICE individual,2805.0,0.07414621780984074
first_sem_progress_index,13,0.36666666675,ICE individual,2807.0,0.1563975503947604
first_sem_progress_index,13,0.36666666675,ICE individual,2990.0,0.4084022060775518
first_sem_progress_index,13,0.36666666675,ICE individual,3077.0,0.47718420908435594
first_sem_progress_index,13,0.36666666675,ICE individual,3104.0,0.7726413421358427
first_sem_progress_index,13,0.36666666675,ICE individual,3106.0,0.23374405773891577
first_sem_progress_index,13,0.36666666675,ICE individual,3135.0,0.2092514025726698
first_sem_progress_index,13,0.36666666675,ICE individual,3182.0,0.5810077003740539
first_sem_progress_index,13,0.36666666675,ICE individual,3281.0,0.22161185682414267
first_sem_progress_index,13,0.36666666675,ICE individual,3285.0,0.551862156035207
first_sem_progress_index,13,0.36666666675,ICE individual,3351.0,0.2212704772160065
first_sem_progress_index,13,0.36666666675,ICE individual,3380.0,0.15129927451951988
first_sem_progress_index,13,0.36666666675,ICE individual,3394.0,0.14228442329988067
first_sem_progress_index,13,0.36666666675,ICE individual,3395.0,0.164095037994105
first_sem_progress_index,13,0.36666666675,ICE individual,3477.0,0.25605264378859666
first_sem_progress_index,13,0.36666666675,ICE individual,3590.0,0.8772660542515816
first_sem_progress_index,13,0.36666666675,ICE individual,3622.0,0.11512131899796633
first_sem_progress_index,13,0.36666666675,ICE individual,3641.0,0.2339737014055716
first_sem_progress_index,13,0.36666666675,ICE individual,3642.0,0.9448125322039483
first_sem_progress_index,13,0.36666666675,ICE individual,3741.0,0.2658848446494519
first_sem_progress_index,13,0.36666666675,ICE individual,3883.0,0.898502772765431
first_sem_progress_index,13,0.36666666675,ICE individual,3930.0,0.3186275612459893
first_sem_progress_index,13,0.36666666675,ICE individual,3948.0,0.8467754712368056
first_sem_progress_index,13,0.36666666675,ICE individual,4078.0,0.561468745650484
first_sem_progress_index,13,0.36666666675,ICE individual,4209.0,0.6698751139480384
first_sem_progress_index,13,0.36666666675,ICE individual,4416.0,0.8873935460182313
first_sem_progress_index,14,0.3972222223125,PDP average,,0.36627530460402635
first_sem_progress_index,14,0.3972222223125,ICE individual,216.0,0.3032460052039478
first_sem_progress_index,14,0.3972222223125,ICE individual,287.0,0.21845997166276368
first_sem_progress_index,14,0.3972222223125,ICE individual,309.0,0.1928664768835673
first_sem_progress_index,14,0.3972222223125,ICE individual,365.0,0.24938622843733868
first_sem_progress_index,14,0.3972222223125,ICE individual,371.0,0.2295958578649271
first_sem_progress_index,14,0.3972222223125,ICE individual,414.0,0.2823730707509309
first_sem_progress_index,14,0.3972222223125,ICE individual,415.0,0.10854753740915103
first_sem_progress_index,14,0.3972222223125,ICE individual,552.0,0.915275347593198
first_sem_progress_index,14,0.3972222223125,ICE individual,681.0,0.23111187667634123
first_sem_progress_index,14,0.3972222223125,ICE individual,724.0,0.9477556539239055
first_sem_progress_index,14,0.3972222223125,ICE individual,748.0,0.22959545577995327
first_sem_progress_index,14,0.3972222223125,ICE individual,808.0,0.4880555648766679
first_sem_progress_index,14,0.3972222223125,ICE individual,816.0,0.2104858251780901
first_sem_progress_index,14,0.3972222223125,ICE individual,926.0,0.11644207513317788
first_sem_progress_index,14,0.3972222223125,ICE individual,1167.0,0.25642057884948455
first_sem_progress_index,14,0.3972222223125,ICE individual,1546.0,0.3033792117796003
first_sem_progress_index,14,0.3972222223125,ICE individual,1568.0,0.24832387431809674
first_sem_progress_index,14,0.3972222223125,ICE individual,1600.0,0.7197497995215492
first_sem_progress_index,14,0.3972222223125,ICE individual,1732.0,0.8085936121585664
first_sem_progress_index,14,0.3972222223125,ICE individual,1810.0,0.3001796976772372
first_sem_progress_index,14,0.3972222223125,ICE individual,1816.0,0.4601286107291937
first_sem_progress_index,14,0.3972222223125,ICE individual,1867.0,0.9168259174143019
first_sem_progress_index,14,0.3972222223125,ICE individual,1893.0,0.2275568046687585
first_sem_progress_index,14,0.3972222223125,ICE individual,1920.0,0.41513423637091745
first_sem_progress_index,14,0.3972222223125,ICE individual,1940.0,0.22406147438808507
first_sem_progress_index,14,0.3972222223125,ICE individual,2046.0,0.11200945587861891
first_sem_progress_index,14,0.3972222223125,ICE individual,2114.0,0.2312965892177511
first_sem_progress_index,14,0.3972222223125,ICE individual,2165.0,0.21671456270038716
first_sem_progress_index,14,0.3972222223125,ICE individual,2197.0,0.37483322326060514
first_sem_progress_index,14,0.3972222223125,ICE individual,2204.0,0.5420987007209912
first_sem_progress_index,14,0.3972222223125,ICE individual,2330.0,0.8579037143299725
first_sem_progress_index,14,0.3972222223125,ICE individual,2400.0,0.2257592040669517
first_sem_progress_index,14,0.3972222223125,ICE individual,2418.0,0.418889407391926
first_sem_progress_index,14,0.3972222223125,ICE individual,2782.0,0.9482481707134479
first_sem_progress_index,14,0.3972222223125,ICE individual,2805.0,0.07212139314175915
first_sem_progress_index,14,0.3972222223125,ICE individual,2807.0,0.15588681816732175
first_sem_progress_index,14,0.3972222223125,ICE individual,2990.0,0.4034134938762486
first_sem_progress_index,14,0.3972222223125,ICE individual,3077.0,0.4761383002948241
first_sem_progress_index,14,0.3972222223125,ICE individual,3104.0,0.7726413421358427
first_sem_progress_index,14,0.3972222223125,ICE individual,3106.0,0.23197560601877806
first_sem_progress_index,14,0.3972222223125,ICE individual,3135.0,0.19179331329456908
first_sem_progress_index,14,0.3972222223125,ICE individual,3182.0,0.5710059987958902
first_sem_progress_index,14,0.3972222223125,ICE individual,3281.0,0.2189343458141647
first_sem_progress_index,14,0.3972222223125,ICE individual,3285.0,0.543694060725454
first_sem_progress_index,14,0.3972222223125,ICE individual,3351.0,0.2127396828714372
first_sem_progress_index,14,0.3972222223125,ICE individual,3380.0,0.14314231459643179
first_sem_progress_index,14,0.3972222223125,ICE individual,3394.0,0.1268956707543623
first_sem_progress_index,14,0.3972222223125,ICE individual,3395.0,0.16946085138337716
first_sem_progress_index,14,0.3972222223125,ICE individual,3477.0,0.2517357048863701
first_sem_progress_index,14,0.3972222223125,ICE individual,3590.0,0.8629313177424272
first_sem_progress_index,14,0.3972222223125,ICE individual,3622.0,0.11107114480843577
first_sem_progress_index,14,0.3972222223125,ICE individual,3641.0,0.23116646231993926
first_sem_progress_index,14,0.3972222223125,ICE individual,3642.0,0.937124621371096
first_sem_progress_index,14,0.3972222223125,ICE individual,3741.0,0.2396618089825099
first_sem_progress_index,14,0.3972222223125,ICE individual,3883.0,0.8939311817421737
first_sem_progress_index,14,0.3972222223125,ICE individual,3930.0,0.3001163912310476
first_sem_progress_index,14,0.3972222223125,ICE individual,3948.0,0.8272991073833368
first_sem_progress_index,14,0.3972222223125,ICE individual,4078.0,0.5620148132825846
first_sem_progress_index,14,0.3972222223125,ICE individual,4209.0,0.6685809285709515
first_sem_progress_index,14,0.3972222223125,ICE individual,4416.0,0.8801527047889982
first_sem_progress_index,15,0.427777777875,PDP average,,0.3618985028999241
first_sem_progress_index,15,0.427777777875,ICE individual,216.0,0.29820021566647903
first_sem_progress_index,15,0.427777777875,ICE individual,287.0,0.20026854479838807
first_sem_progress_index,15,0.427777777875,ICE individual,309.0,0.18712417336867612
first_sem_progress_index,15,0.427777777875,ICE individual,365.0,0.24717219146363784
first_sem_progress_index,15,0.427777777875,ICE individual,371.0,0.23311534708721438
first_sem_progress_index,15,0.427777777875,ICE individual,414.0,0.27619679636794686
first_sem_progress_index,15,0.427777777875,ICE individual,415.0,0.10721910942239603
first_sem_progress_index,15,0.427777777875,ICE individual,552.0,0.9090601027800967
first_sem_progress_index,15,0.427777777875,ICE individual,681.0,0.2260803904378559
first_sem_progress_index,15,0.427777777875,ICE individual,724.0,0.9442226847285633
first_sem_progress_index,15,0.427777777875,ICE individual,748.0,0.229169710726109
first_sem_progress_index,15,0.427777777875,ICE individual,808.0,0.47766723602227035
first_sem_progress_index,15,0.427777777875,ICE individual,816.0,0.21248926390885134
first_sem_progress_index,15,0.427777777875,ICE individual,926.0,0.11368489007680103
first_sem_progress_index,15,0.427777777875,ICE individual,1167.0,0.25347282265704013
first_sem_progress_index,15,0.427777777875,ICE individual,1546.0,0.3221495472765934
first_sem_progress_index,15,0.427777777875,ICE individual,1568.0,0.24494046150488746
first_sem_progress_index,15,0.427777777875,ICE individual,1600.0,0.7037172206333778
first_sem_progress_index,15,0.427777777875,ICE individual,1732.0,0.8049279013582951
first_sem_progress_index,15,0.427777777875,ICE individual,1810.0,0.2947039055623464
first_sem_progress_index,15,0.427777777875,ICE individual,1816.0,0.4590055454215305
first_sem_progress_index,15,0.427777777875,ICE individual,1867.0,0.9102478037650701
first_sem_progress_index,15,0.427777777875,ICE individual,1893.0,0.2154039650327799
first_sem_progress_index,15,0.427777777875,ICE individual,1920.0,0.4096319050320032
first_sem_progress_index,15,0.427777777875,ICE individual,1940.0,0.2174679877767896
first_sem_progress_index,15,0.427777777875,ICE individual,2046.0,0.11251019861776884
first_sem_progress_index,15,0.427777777875,ICE individual,2114.0,0.2191014192862626
first_sem_progress_index,15,0.427777777875,ICE individual,2165.0,0.2120957088512146
first_sem_progress_index,15,0.427777777875,ICE individual,2197.0,0.38568255600966855
first_sem_progress_index,15,0.427777777875,ICE individual,2204.0,0.5349274559753093
first_sem_progress_index,15,0.427777777875,ICE individual,2330.0,0.8530370063511441
first_sem_progress_index,15,0.427777777875,ICE individual,2400.0,0.21660921316009998
first_sem_progress_index,15,0.427777777875,ICE individual,2418.0,0.4214048465103089
first_sem_progress_index,15,0.427777777875,ICE individual,2782.0,0.9303021128455153
first_sem_progress_index,15,0.427777777875,ICE individual,2805.0,0.06712647436329351
first_sem_progress_index,15,0.427777777875,ICE individual,2807.0,0.15187835094368798
first_sem_progress_index,15,0.427777777875,ICE individual,2990.0,0.38441125575757196
first_sem_progress_index,15,0.427777777875,ICE individual,3077.0,0.46801463334069204
first_sem_progress_index,15,0.427777777875,ICE individual,3104.0,0.7752438464883693
first_sem_progress_index,15,0.427777777875,ICE individual,3106.0,0.22661744871966982
first_sem_progress_index,15,0.427777777875,ICE individual,3135.0,0.18358983420420805
first_sem_progress_index,15,0.427777777875,ICE individual,3182.0,0.5734906460662013
first_sem_progress_index,15,0.427777777875,ICE individual,3281.0,0.21308373556134644
first_sem_progress_index,15,0.427777777875,ICE individual,3285.0,0.5377498991887958
first_sem_progress_index,15,0.427777777875,ICE individual,3351.0,0.20212828546576336
first_sem_progress_index,15,0.427777777875,ICE individual,3380.0,0.13997049763243966
first_sem_progress_index,15,0.427777777875,ICE individual,3394.0,0.12112337087840688
first_sem_progress_index,15,0.427777777875,ICE individual,3395.0,0.16668481687910364
first_sem_progress_index,15,0.427777777875,ICE individual,3477.0,0.2550551449112645
first_sem_progress_index,15,0.427777777875,ICE individual,3590.0,0.8464541102080243
first_sem_progress_index,15,0.427777777875,ICE individual,3622.0,0.10404069482033083
first_sem_progress_index,15,0.427777777875,ICE individual,3641.0,0.22881185423286604
first_sem_progress_index,15,0.427777777875,ICE individual,3642.0,0.9357816957116237
first_sem_progress_index,15,0.427777777875,ICE individual,3741.0,0.2409248353212521
first_sem_progress_index,15,0.427777777875,ICE individual,3883.0,0.8845245237726402
first_sem_progress_index,15,0.427777777875,ICE individual,3930.0,0.28976234838881054
first_sem_progress_index,15,0.427777777875,ICE individual,3948.0,0.816803928966507
first_sem_progress_index,15,0.427777777875,ICE individual,4078.0,0.5308790411200891
first_sem_progress_index,15,0.427777777875,ICE individual,4209.0,0.6664663120578022
first_sem_progress_index,15,0.427777777875,ICE individual,4416.0,0.868291382585205
first_sem_progress_index,16,0.4583333334375,PDP average,,0.30819569598247976
first_sem_progress_index,16,0.4583333334375,ICE individual,216.0,0.18577098241144394
first_sem_progress_index,16,0.4583333334375,ICE individual,287.0,0.10773265529788426
first_sem_progress_index,16,0.4583333334375,ICE individual,309.0,0.1638814173058347
first_sem_progress_index,16,0.4583333334375,ICE individual,365.0,0.21595711329031705
first_sem_progress_index,16,0.4583333334375,ICE individual,371.0,0.18217132754833296
first_sem_progress_index,16,0.4583333334375,ICE individual,414.0,0.1977182870762931
first_sem_progress_index,16,0.4583333334375,ICE individual,415.0,0.07425670240242
first_sem_progress_index,16,0.4583333334375,ICE individual,552.0,0.87655988018872
first_sem_progress_index,16,0.4583333334375,ICE individual,681.0,0.13159215522307505
first_sem_progress_index,16,0.4583333334375,ICE individual,724.0,0.9148395756137181
first_sem_progress_index,16,0.4583333334375,ICE individual,748.0,0.19126437798712917
first_sem_progress_index,16,0.4583333334375,ICE individual,808.0,0.4284684839771296
first_sem_progress_index,16,0.4583333334375,ICE individual,816.0,0.13262848975716074
first_sem_progress_index,16,0.4583333334375,ICE individual,926.0,0.08210962421401036
first_sem_progress_index,16,0.4583333334375,ICE individual,1167.0,0.159638554668975
first_sem_progress_index,16,0.4583333334375,ICE individual,1546.0,0.24760833147430086
first_sem_progress_index,16,0.4583333334375,ICE individual,1568.0,0.18694487603719928
first_sem_progress_index,16,0.4583333334375,ICE individual,1600.0,0.6280343482449755
first_sem_progress_index,16,0.4583333334375,ICE individual,1732.0,0.7575707870048464
first_sem_progress_index,16,0.4583333334375,ICE individual,1810.0,0.2045483309307686
first_sem_progress_index,16,0.4583333334375,ICE individual,1816.0,0.3598158521314163
first_sem_progress_index,16,0.4583333334375,ICE individual,1867.0,0.8688789208683704
first_sem_progress_index,16,0.4583333334375,ICE individual,1893.0,0.17605073497544424
first_sem_progress_index,16,0.4583333334375,ICE individual,1920.0,0.3630034190443287
first_sem_progress_index,16,0.4583333334375,ICE individual,1940.0,0.169709597193789
first_sem_progress_index,16,0.4583333334375,ICE individual,2046.0,0.07371735406818336
first_sem_progress_index,16,0.4583333334375,ICE individual,2114.0,0.17867932504519227
first_sem_progress_index,16,0.4583333334375,ICE individual,2165.0,0.18517657191173334
first_sem_progress_index,16,0.4583333334375,ICE individual,2197.0,0.3132485599994825
first_sem_progress_index,16,0.4583333334375,ICE individual,2204.0,0.4893637449019616
first_sem_progress_index,16,0.4583333334375,ICE individual,2330.0,0.8052159867553019
first_sem_progress_index,16,0.4583333334375,ICE individual,2400.0,0.1297913503428623
first_sem_progress_index,16,0.4583333334375,ICE individual,2418.0,0.4357474136621862
first_sem_progress_index,16,0.4583333334375,ICE individual,2782.0,0.8872259961890296
first_sem_progress_index,16,0.4583333334375,ICE individual,2805.0,0.036054768857165485
first_sem_progress_index,16,0.4583333334375,ICE individual,2807.0,0.10720460196067155
first_sem_progress_index,16,0.4583333334375,ICE individual,2990.0,0.296101777866791
first_sem_progress_index,16,0.4583333334375,ICE individual,3077.0,0.376867842446905
first_sem_progress_index,16,0.4583333334375,ICE individual,3104.0,0.7552298054668315
first_sem_progress_index,16,0.4583333334375,ICE individual,3106.0,0.15557550344820978
first_sem_progress_index,16,0.4583333334375,ICE individual,3135.0,0.12094932047573136
first_sem_progress_index,16,0.4583333334375,ICE individual,3182.0,0.5080194128743596
first_sem_progress_index,16,0.4583333334375,ICE individual,3281.0,0.1499188244324347
first_sem_progress_index,16,0.4583333334375,ICE individual,3285.0,0.46026221847035204
first_sem_progress_index,16,0.4583333334375,ICE individual,3351.0,0.15192299767147538
first_sem_progress_index,16,0.4583333334375,ICE individual,3380.0,0.12248727076971411
first_sem_progress_index,16,0.4583333334375,ICE individual,3394.0,0.09991269989690946
first_sem_progress_index,16,0.4583333334375,ICE individual,3395.0,0.12939063784587712
first_sem_progress_index,16,0.4583333334375,ICE individual,3477.0,0.21251458660495195
first_sem_progress_index,16,0.4583333334375,ICE individual,3590.0,0.7651770504162204
first_sem_progress_index,16,0.4583333334375,ICE individual,3622.0,0.08586017932500656
first_sem_progress_index,16,0.4583333334375,ICE individual,3641.0,0.20579972509461295
first_sem_progress_index,16,0.4583333334375,ICE individual,3642.0,0.864815404750736
first_sem_progress_index,16,0.4583333334375,ICE individual,3741.0,0.16359441860264956
first_sem_progress_index,16,0.4583333334375,ICE individual,3883.0,0.8515242278311016
first_sem_progress_index,16,0.4583333334375,ICE individual,3930.0,0.17556304149338628
first_sem_progress_index,16,0.4583333334375,ICE individual,3948.0,0.7260626458055378
first_sem_progress_index,16,0.4583333334375,ICE individual,4078.0,0.4633749492998597
first_sem_progress_index,16,0.4583333334375,ICE individual,4209.0,0.6353242188826256
first_sem_progress_index,16,0.4583333334375,ICE individual,4416.0,0.8312598138274374
first_sem_progress_index,17,0.488888889,PDP average,,0.2949582459197602
first_sem_progress_index,17,0.488888889,ICE individual,216.0,0.14431482041568067
first_sem_progress_index,17,0.488888889,ICE individual,287.0,0.07994529771388807
first_sem_progress_index,17,0.488888889,ICE individual,309.0,0.14827982443187868
first_sem_progress_index,17,0.488888889,ICE individual,365.0,0.1993273402919819
first_sem_progress_index,17,0.488888889,ICE individual,371.0,0.16666494023531034
first_sem_progress_index,17,0.488888889,ICE individual,414.0,0.159408466810087
first_sem_progress_index,17,0.488888889,ICE individual,415.0,0.06509159445712641
first_sem_progress_index,17,0.488888889,ICE individual,552.0,0.8661406185532712
first_sem_progress_index,17,0.488888889,ICE individual,681.0,0.10917462385926965
first_sem_progress_index,17,0.488888889,ICE individual,724.0,0.8984674912806945
first_sem_progress_index,17,0.488888889,ICE individual,748.0,0.18993464917665806
first_sem_progress_index,17,0.488888889,ICE individual,808.0,0.4194043166433443
first_sem_progress_index,17,0.488888889,ICE individual,816.0,0.11350725811958234
first_sem_progress_index,17,0.488888889,ICE individual,926.0,0.07743378955074777
first_sem_progress_index,17,0.488888889,ICE individual,1167.0,0.13195013703052705
first_sem_progress_index,17,0.488888889,ICE individual,1546.0,0.22050608946814299
first_sem_progress_index,17,0.488888889,ICE individual,1568.0,0.18278189049766871
first_sem_progress_index,17,0.488888889,ICE individual,1600.0,0.6235026780145122
first_sem_progress_index,17,0.488888889,ICE individual,1732.0,0.7419934436846854
first_sem_progress_index,17,0.488888889,ICE individual,1810.0,0.1778721408924405
first_sem_progress_index,17,0.488888889,ICE individual,1816.0,0.33810619336827746
first_sem_progress_index,17,0.488888889,ICE individual,1867.0,0.8516407560056836
first_sem_progress_index,17,0.488888889,ICE individual,1893.0,0.1651866448488641
first_sem_progress_index,17,0.488888889,ICE individual,1920.0,0.36562926526716844
first_sem_progress_index,17,0.488888889,ICE individual,1940.0,0.14371388417983594
first_sem_progress_index,17,0.488888889,ICE individual,2046.0,0.07046606907775813
first_sem_progress_index,17,0.488888889,ICE individual,2114.0,0.1637307185845476
first_sem_progress_index,17,0.488888889,ICE individual,2165.0,0.18072357188024807
first_sem_progress_index,17,0.488888889,ICE individual,2197.0,0.3079894285724497
first_sem_progress_index,17,0.488888889,ICE individual,2204.0,0.4771559121530805
first_sem_progress_index,17,0.488888889,ICE individual,2330.0,0.7920864464447113
first_sem_progress_index,17,0.488888889,ICE individual,2400.0,0.10791785688390715
first_sem_progress_index,17,0.488888889,ICE individual,2418.0,0.428043377222779
first_sem_progress_index,17,0.488888889,ICE individual,2782.0,0.8850921976704308
first_sem_progress_index,17,0.488888889,ICE individual,2805.0,0.03140087005541976
first_sem_progress_index,17,0.488888889,ICE individual,2807.0,0.09685125014810209
first_sem_progress_index,17,0.488888889,ICE individual,2990.0,0.2966355109416701
first_sem_progress_index,17,0.488888889,ICE individual,3077.0,0.3613894314669284
first_sem_progress_index,17,0.488888889,ICE individual,3104.0,0.742064110912911
first_sem_progress_index,17,0.488888889,ICE individual,3106.0,0.14008854706590418
first_sem_progress_index,17,0.488888889,ICE individual,3135.0,0.10681488345712518
first_sem_progress_index,17,0.488888889,ICE individual,3182.0,0.471699234015369
first_sem_progress_index,17,0.488888889,ICE individual,3281.0,0.13138967649188998
first_sem_progress_index,17,0.488888889,ICE individual,3285.0,0.46747528292662044
first_sem_progress_index,17,0.488888889,ICE individual,3351.0,0.12189141719370447
first_sem_progress_index,17,0.488888889,ICE individual,3380.0,0.11820060150237816
first_sem_progress_index,17,0.488888889,ICE individual,3394.0,0.09231384927006947
first_sem_progress_index,17,0.488888889,ICE individual,3395.0,0.11665853753769807
first_sem_progress_index,17,0.488888889,ICE individual,3477.0,0.20636880833606427
first_sem_progress_index,17,0.488888889,ICE individual,3590.0,0.7421299424216675
first_sem_progress_index,17,0.488888889,ICE individual,3622.0,0.08269064808289457
first_sem_progress_index,17,0.488888889,ICE individual,3641.0,0.20289890466218266
first_sem_progress_index,17,0.488888889,ICE individual,3642.0,0.8308134672028678
first_sem_progress_index,17,0.488888889,ICE individual,3741.0,0.1536992112516215
first_sem_progress_index,17,0.488888889,ICE individual,3883.0,0.8343712399240842
first_sem_progress_index,17,0.488888889,ICE individual,3930.0,0.15146525833196403
first_sem_progress_index,17,0.488888889,ICE individual,3948.0,0.7169558660284154
first_sem_progress_index,17,0.488888889,ICE individual,4078.0,0.4445745201727196
first_sem_progress_index,17,0.488888889,ICE individual,4209.0,0.634156622990154
first_sem_progress_index,17,0.488888889,ICE individual,4416.0,0.8182773620363863
first_sem_progress_index,18,0.5194444445624999,PDP average,,0.28997342832204626
first_sem_progress_index,18,0.5194444445624999,ICE individual,216.0,0.1459119797232129
first_sem_progress_index,18,0.5194444445624999,ICE individual,287.0,0.08136728896825995
first_sem_progress_index,18,0.5194444445624999,ICE individual,309.0,0.13457845727518916
first_sem_progress_index,18,0.5194444445624999,ICE individual,365.0,0.1877943837211485
first_sem_progress_index,18,0.5194444445624999,ICE individual,371.0,0.1714503644554163
first_sem_progress_index,18,0.5194444445624999,ICE individual,414.0,0.15487627362784212
first_sem_progress_index,18,0.5194444445624999,ICE individual,415.0,0.05759040147882131
first_sem_progress_index,18,0.5194444445624999,ICE individual,552.0,0.8618419625738439
first_sem_progress_index,18,0.5194444445624999,ICE individual,681.0,0.10778836110712893
first_sem_progress_index,18,0.5194444445624999,ICE individual,724.0,0.8810524178712643
first_sem_progress_index,18,0.5194444445624999,ICE individual,748.0,0.1891301062785702
first_sem_progress_index,18,0.5194444445624999,ICE individual,808.0,0.4063685954396694
first_sem_progress_index,18,0.5194444445624999,ICE individual,816.0,0.11363283723292564
first_sem_progress_index,18,0.5194444445624999,ICE individual,926.0,0.07714169459490565
first_sem_progress_index,18,0.5194444445624999,ICE individual,1167.0,0.12889651058231913
first_sem_progress_index,18,0.5194444445624999,ICE individual,1546.0,0.22229406369705487
first_sem_progress_index,18,0.5194444445624999,ICE individual,1568.0,0.18218437575887922
first_sem_progress_index,18,0.5194444445624999,ICE individual,1600.0,0.6199964309398742
first_sem_progress_index,18,0.5194444445624999,ICE individual,1732.0,0.718521101686624
first_sem_progress_index,18,0.5194444445624999,ICE individual,1810.0,0.1730136206655881
first_sem_progress_index,18,0.5194444445624999,ICE individual,1816.0,0.33221722782113317
first_sem_progress_index,18,0.5194444445624999,ICE individual,1867.0,0.8407738199387575
first_sem_progress_index,18,0.5194444445624999,ICE individual,1893.0,0.16745119108109235
first_sem_progress_index,18,0.5194444445624999,ICE individual,1920.0,0.37509792781261697
first_sem_progress_index,18,0.5194444445624999,ICE individual,1940.0,0.14021104555690356
first_sem_progress_index,18,0.5194444445624999,ICE individual,2046.0,0.06029334035296551
first_sem_progress_index,18,0.5194444445624999,ICE individual,2114.0,0.16651703972390075
first_sem_progress_index,18,0.5194444445624999,ICE individual,2165.0,0.16527066908022536
first_sem_progress_index,18,0.5194444445624999,ICE individual,2197.0,0.3079894285724497
first_sem_progress_index,18,0.5194444445624999,ICE individual,2204.0,0.47194392125993434
first_sem_progress_index,18,0.5194444445624999,ICE individual,2330.0,0.7823684159926582
first_sem_progress_index,18,0.5194444445624999,ICE individual,2400.0,0.10019922595139176
first_sem_progress_index,18,0.5194444445624999,ICE individual,2418.0,0.41209820167473815
first_sem_progress_index,18,0.5194444445624999,ICE individual,2782.0,0.8828123037224308
first_sem_progress_index,18,0.5194444445624999,ICE individual,2805.0,0.03105715987476051
first_sem_progress_index,18,0.5194444445624999,ICE individual,2807.0,0.08983858493202325
first_sem_progress_index,18,0.5194444445624999,ICE individual,2990.0,0.2981976149879854
first_sem_progress_index,18,0.5194444445624999,ICE individual,3077.0,0.3609224833416529
first_sem_progress_index,18,0.5194444445624999,ICE individual,3104.0,0.7244058122034145
first_sem_progress_index,18,0.5194444445624999,ICE individual,3106.0,0.1306205075938059
first_sem_progress_index,18,0.5194444445624999,ICE individual,3135.0,0.10103712047019336
first_sem_progress_index,18,0.5194444445624999,ICE individual,3182.0,0.4673938468009849
first_sem_progress_index,18,0.5194444445624999,ICE individual,3281.0,0.1286002373815389
first_sem_progress_index,18,0.5194444445624999,ICE individual,3285.0,0.4639148593149028
first_sem_progress_index,18,0.5194444445624999,ICE individual,3351.0,0.1242250624404002
first_sem_progress_index,18,0.5194444445624999,ICE individual,3380.0,0.11099580862750694
first_sem_progress_index,18,0.5194444445624999,ICE individual,3394.0,0.08569821004146284
first_sem_progress_index,18,0.5194444445624999,ICE individual,3395.0,0.11588567300947342
first_sem_progress_index,18,0.5194444445624999,ICE individual,3477.0,0.2028700687974885
first_sem_progress_index,18,0.5194444445624999,ICE individual,3590.0,0.7359334346214671
first_sem_progress_index,18,0.5194444445624999,ICE individual,3622.0,0.06482042527214282
first_sem_progress_index,18,0.5194444445624999,ICE individual,3641.0,0.19227277006553103
first_sem_progress_index,18,0.5194444445624999,ICE individual,3642.0,0.8099253744660712
first_sem_progress_index,18,0.5194444445624999,ICE individual,3741.0,0.1534899197403408
first_sem_progress_index,18,0.5194444445624999,ICE individual,3883.0,0.8279487532457308
first_sem_progress_index,18,0.5194444445624999,ICE individual,3930.0,0.15094737737728584
first_sem_progress_index,18,0.5194444445624999,ICE individual,3948.0,0.7100809454929271
first_sem_progress_index,18,0.5194444445624999,ICE individual,4078.0,0.44437244112872404
first_sem_progress_index,18,0.5194444445624999,ICE individual,4209.0,0.6286404516814392
first_sem_progress_index,18,0.5194444445624999,ICE individual,4416.0,0.8003372873496756
first_sem_progress_index,19,0.5500000001249999,PDP average,,0.27481548219082896
first_sem_progress_index,19,0.5500000001249999,ICE individual,216.0,0.1381855494581794
first_sem_progress_index,19,0.5500000001249999,ICE individual,287.0,0.08495752402046532
first_sem_progress_index,19,0.5500000001249999,ICE individual,309.0,0.12988732474832723
first_sem_progress_index,19,0.5500000001249999,ICE individual,365.0,0.1742193015927468
first_sem_progress_index,19,0.5500000001249999,ICE individual,371.0,0.13463936377202096
first_sem_progress_index,19,0.5500000001249999,ICE individual,414.0,0.12015217727286448
first_sem_progress_index,19,0.5500000001249999,ICE individual,415.0,0.05568037521597792
first_sem_progress_index,19,0.5500000001249999,ICE individual,552.0,0.8478820130807881
first_sem_progress_index,19,0.5500000001249999,ICE individual,681.0,0.10057573272010115
first_sem_progress_index,19,0.5500000001249999,ICE individual,724.0,0.8531563721360956
first_sem_progress_index,19,0.5500000001249999,ICE individual,748.0,0.1598558492024862
first_sem_progress_index,19,0.5500000001249999,ICE individual,808.0,0.41689582498805555
first_sem_progress_index,19,0.5500000001249999,ICE individual,816.0,0.11478017550236022
first_sem_progress_index,19,0.5500000001249999,ICE individual,926.0,0.0715561337575341
first_sem_progress_index,19,0.5500000001249999,ICE individual,1167.0,0.0986507741703552
first_sem_progress_index,19,0.5500000001249999,ICE individual,1546.0,0.212293971044449
first_sem_progress_index,19,0.5500000001249999,ICE individual,1568.0,0.16983071472110228
first_sem_progress_index,19,0.5500000001249999,ICE individual,1600.0,0.5944219702127804
first_sem_progress_index,19,0.5500000001249999,ICE individual,1732.0,0.6953862604925353
first_sem_progress_index,19,0.5500000001249999,ICE individual,1810.0,0.15211562094128864
first_sem_progress_index,19,0.5500000001249999,ICE individual,1816.0,0.3010886565758446
first_sem_progress_index,19,0.5500000001249999,ICE individual,1867.0,0.826882328069671
first_sem_progress_index,19,0.5500000001249999,ICE individual,1893.0,0.18258658115745127
first_sem_progress_index,19,0.5500000001249999,ICE individual,1920.0,0.3668012233052543
first_sem_progress_index,19,0.5500000001249999,ICE individual,1940.0,0.12788545864702155
first_sem_progress_index,19,0.5500000001249999,ICE individual,2046.0,0.04846438480839191
first_sem_progress_index,19,0.5500000001249999,ICE individual,2114.0,0.1538782099056333
first_sem_progress_index,19,0.5500000001249999,ICE individual,2165.0,0.14543057974513876
first_sem_progress_index,19,0.5500000001249999,ICE individual,2197.0,0.2924609951496447
first_sem_progress_index,19,0.5500000001249999,ICE individual,2204.0,0.4459844438949668
first_sem_progress_index,19,0.5500000001249999,ICE individual,2330.0,0.786674948010476
first_sem_progress_index,19,0.5500000001249999,ICE individual,2400.0,0.07771838557544189
first_sem_progress_index,19,0.5500000001249999,ICE individual,2418.0,0.24568953288578568
first_sem_progress_index,19,0.5500000001249999,ICE individual,2782.0,0.8794294799799631
first_sem_progress_index,19,0.5500000001249999,ICE individual,2805.0,0.03482356937403488
first_sem_progress_index,19,0.5500000001249999,ICE individual,2807.0,0.08513227040612743
first_sem_progress_index,19,0.5500000001249999,ICE individual,2990.0,0.2723719276630419
first_sem_progress_index,19,0.5500000001249999,ICE individual,3077.0,0.3555015081656713
first_sem_progress_index,19,0.5500000001249999,ICE individual,3104.0,0.7083841846949779
first_sem_progress_index,19,0.5500000001249999,ICE individual,3106.0,0.12743684243465012
first_sem_progress_index,19,0.5500000001249999,ICE individual,3135.0,0.09755793479900428
first_sem_progress_index,19,0.5500000001249999,ICE individual,3182.0,0.4536732839839531
first_sem_progress_index,19,0.5500000001249999,ICE individual,3281.0,0.11615229706492289
first_sem_progress_index,19,0.5500000001249999,ICE individual,3285.0,0.45244532520759095
first_sem_progress_index,19,0.5500000001249999,ICE individual,3351.0,0.1005278822931181
first_sem_progress_index,19,0.5500000001249999,ICE individual,3380.0,0.08438820831755219
first_sem_progress_index,19,0.5500000001249999,ICE individual,3394.0,0.09148590902508377
first_sem_progress_index,19,0.5500000001249999,ICE individual,3395.0,0.11649657575075063
first_sem_progress_index,19,0.5500000001249999,ICE individual,3477.0,0.18583800273262738
first_sem_progress_index,19,0.5500000001249999,ICE individual,3590.0,0.7057083452586707
first_sem_progress_index,19,0.5500000001249999,ICE individual,3622.0,0.06077046727560867
first_sem_progress_index,19,0.5500000001249999,ICE individual,3641.0,0.20952214497161875
first_sem_progress_index,19,0.5500000001249999,ICE individual,3642.0,0.7924169794214544
first_sem_progress_index,19,0.5500000001249999,ICE individual,3741.0,0.15809544474642329
first_sem_progress_index,19,0.5500000001249999,ICE individual,3883.0,0.8208146018811042
first_sem_progress_index,19,0.5500000001249999,ICE individual,3930.0,0.13225764930329395
first_sem_progress_index,19,0.5500000001249999,ICE individual,3948.0,0.6475574993372394
first_sem_progress_index,19,0.5500000001249999,ICE individual,4078.0,0.38473968004037945
first_sem_progress_index,19,0.5500000001249999,ICE individual,4209.0,0.6221076704116526
first_sem_progress_index,19,0.5500000001249999,ICE individual,4416.0,0.7984214382881198
first_sem_progress_index,20,0.5805555556875,PDP average,,0.27104744820782317
first_sem_progress_index,20,0.5805555556875,ICE individual,216.0,0.14330054489114172
first_sem_progress_index,20,0.5805555556875,ICE individual,287.0,0.07571867692093527
first_sem_progress_index,20,0.5805555556875,ICE individual,309.0,0.1279732317123396
first_sem_progress_index,20,0.5805555556875,ICE individual,365.0,0.1843372295524707
first_sem_progress_index,20,0.5805555556875,ICE individual,371.0,0.12647377303010582
first_sem_progress_index,20,0.5805555556875,ICE individual,414.0,0.11495583817051556
first_sem_progress_index,20,0.5805555556875,ICE individual,415.0,0.05533051244416998
first_sem_progress_index,20,0.5805555556875,ICE individual,552.0,0.8272314767336398
first_sem_progress_index,20,0.5805555556875,ICE individual,681.0,0.10942701769578562
first_sem_progress_index,20,0.5805555556875,ICE individual,724.0,0.8347618957876735
first_sem_progress_index,20,0.5805555556875,ICE individual,748.0,0.16326756685539862
first_sem_progress_index,20,0.5805555556875,ICE individual,808.0,0.41998058401417604
first_sem_progress_index,20,0.5805555556875,ICE individual,816.0,0.12390776718848358
first_sem_progress_index,20,0.5805555556875,ICE individual,926.0,0.06669751554975045
first_sem_progress_index,20,0.5805555556875,ICE individual,1167.0,0.09891166840490286
first_sem_progress_index,20,0.5805555556875,ICE individual,1546.0,0.20307610019772393
first_sem_progress_index,20,0.5805555556875,ICE individual,1568.0,0.1707910522080137
first_sem_progress_index,20,0.5805555556875,ICE individual,1600.0,0.5666909984276355
first_sem_progress_index,20,0.5805555556875,ICE individual,1732.0,0.6778872641607518
first_sem_progress_index,20,0.5805555556875,ICE individual,1810.0,0.14584138440554759
first_sem_progress_index,20,0.5805555556875,ICE individual,1816.0,0.2808085479402014
first_sem_progress_index,20,0.5805555556875,ICE individual,1867.0,0.8131334942801685
first_sem_progress_index,20,0.5805555556875,ICE individual,1893.0,0.18768460108436077
first_sem_progress_index,20,0.5805555556875,ICE individual,1920.0,0.3430565436888074
first_sem_progress_index,20,0.5805555556875,ICE individual,1940.0,0.15267515673481044
first_sem_progress_index,20,0.5805555556875,ICE individual,2046.0,0.05111986312906356
first_sem_progress_index,20,0.5805555556875,ICE individual,2114.0,0.15682433452822503
first_sem_progress_index,20,0.5805555556875,ICE individual,2165.0,0.14019343939575857
first_sem_progress_index,20,0.5805555556875,ICE individual,2197.0,0.2915262063872449
first_sem_progress_index,20,0.5805555556875,ICE individual,2204.0,0.45181860423212666
first_sem_progress_index,20,0.5805555556875,ICE individual,2330.0,0.7741922263234678
first_sem_progress_index,20,0.5805555556875,ICE individual,2400.0,0.06876983508002751
first_sem_progress_index,20,0.5805555556875,ICE individual,2418.0,0.21495868902937815
first_sem_progress_index,20,0.5805555556875,ICE individual,2782.0,0.8716647534725624
first_sem_progress_index,20,0.5805555556875,ICE individual,2805.0,0.03522053188060773
first_sem_progress_index,20,0.5805555556875,ICE individual,2807.0,0.08235607943534805
first_sem_progress_index,20,0.5805555556875,ICE individual,2990.0,0.26491704187992043
first_sem_progress_index,20,0.5805555556875,ICE individual,3077.0,0.3487460537683323
first_sem_progress_index,20,0.5805555556875,ICE individual,3104.0,0.7049990393707881
first_sem_progress_index,20,0.5805555556875,ICE individual,3106.0,0.12335043664476908
first_sem_progress_index,20,0.5805555556875,ICE individual,3135.0,0.1020018329591183
first_sem_progress_index,20,0.5805555556875,ICE individual,3182.0,0.41802665720516047
first_sem_progress_index,20,0.5805555556875,ICE individual,3281.0,0.12131641511880263
first_sem_progress_index,20,0.5805555556875,ICE individual,3285.0,0.43294011791082254
first_sem_progress_index,20,0.5805555556875,ICE individual,3351.0,0.0982859108515528
first_sem_progress_index,20,0.5805555556875,ICE individual,3380.0,0.08172843045724348
first_sem_progress_index,20,0.5805555556875,ICE individual,3394.0,0.08237083303659325
first_sem_progress_index,20,0.5805555556875,ICE individual,3395.0,0.11952951665485494
first_sem_progress_index,20,0.5805555556875,ICE individual,3477.0,0.17262629202083893
first_sem_progress_index,20,0.5805555556875,ICE individual,3590.0,0.6985604885826385
first_sem_progress_index,20,0.5805555556875,ICE individual,3622.0,0.05148083571627458
first_sem_progress_index,20,0.5805555556875,ICE individual,3641.0,0.2021107545397621
first_sem_progress_index,20,0.5805555556875,ICE individual,3642.0,0.7875082288401313
first_sem_progress_index,20,0.5805555556875,ICE individual,3741.0,0.173228746677084
first_sem_progress_index,20,0.5805555556875,ICE individual,3883.0,0.8100304604015707
first_sem_progress_index,20,0.5805555556875,ICE individual,3930.0,0.13429319515081847
first_sem_progress_index,20,0.5805555556875,ICE individual,3948.0,0.6470267477071603
first_sem_progress_index,20,0.5805555556875,ICE individual,4078.0,0.39271801027342246
first_sem_progress_index,20,0.5805555556875,ICE individual,4209.0,0.6126272842498482
first_sem_progress_index,20,0.5805555556875,ICE individual,4416.0,0.795347594498573
first_sem_progress_index,21,0.61111111125,PDP average,,0.26549207595185176
first_sem_progress_index,21,0.61111111125,ICE individual,216.0,0.14647562248229515
first_sem_progress_index,21,0.61111111125,ICE individual,287.0,0.06669932871571377
first_sem_progress_index,21,0.61111111125,ICE individual,309.0,0.1144213552349643
first_sem_progress_index,21,0.61111111125,ICE individual,365.0,0.1727414777753356
first_sem_progress_index,21,0.61111111125,ICE individual,371.0,0.11910084653123486
first_sem_progress_index,21,0.61111111125,ICE individual,414.0,0.10434086766826808
first_sem_progress_index,21,0.61111111125,ICE individual,415.0,0.06638059455723595
first_sem_progress_index,21,0.61111111125,ICE individual,552.0,0.8253219745431367
first_sem_progress_index,21,0.61111111125,ICE individual,681.0,0.08738015520175796
first_sem_progress_index,21,0.61111111125,ICE individual,724.0,0.8291008194284024
first_sem_progress_index,21,0.61111111125,ICE individual,748.0,0.15142903605722943
first_sem_progress_index,21,0.61111111125,ICE individual,808.0,0.4244396903171004
first_sem_progress_index,21,0.61111111125,ICE individual,816.0,0.12157484069855906
first_sem_progress_index,21,0.61111111125,ICE individual,926.0,0.0699679297575448
first_sem_progress_index,21,0.61111111125,ICE individual,1167.0,0.08841516793085218
first_sem_progress_index,21,0.61111111125,ICE individual,1546.0,0.2109420863936207
first_sem_progress_index,21,0.61111111125,ICE individual,1568.0,0.1694964849393611
first_sem_progress_index,21,0.61111111125,ICE individual,1600.0,0.5562366713993137
first_sem_progress_index,21,0.61111111125,ICE individual,1732.0,0.6729057578746052
first_sem_progress_index,21,0.61111111125,ICE individual,1810.0,0.1263996177391183
first_sem_progress_index,21,0.61111111125,ICE individual,1816.0,0.2596545559134639
first_sem_progress_index,21,0.61111111125,ICE individual,1867.0,0.8081658816260316
first_sem_progress_index,21,0.61111111125,ICE individual,1893.0,0.191412560991884
first_sem_progress_index,21,0.61111111125,ICE individual,1920.0,0.3381560850760046
first_sem_progress_index,21,0.61111111125,ICE individual,1940.0,0.14564634670138663
first_sem_progress_index,21,0.61111111125,ICE individual,2046.0,0.05650074846138902
first_sem_progress_index,21,0.61111111125,ICE individual,2114.0,0.13723619693342282
first_sem_progress_index,21,0.61111111125,ICE individual,2165.0,0.12120997788769894
first_sem_progress_index,21,0.61111111125,ICE individual,2197.0,0.2847223559874547
first_sem_progress_index,21,0.61111111125,ICE individual,2204.0,0.4515463752235836
first_sem_progress_index,21,0.61111111125,ICE individual,2330.0,0.7659892275077191
first_sem_progress_index,21,0.61111111125,ICE individual,2400.0,0.07011378290792618
first_sem_progress_index,21,0.61111111125,ICE individual,2418.0,0.18842831055299325
first_sem_progress_index,21,0.61111111125,ICE individual,2782.0,0.8680157357598012
first_sem_progress_index,21,0.61111111125,ICE individual,2805.0,0.043627382329132
first_sem_progress_index,21,0.61111111125,ICE individual,2807.0,0.08205115694255692
first_sem_progress_index,21,0.61111111125,ICE individual,2990.0,0.2637120959510973
first_sem_progress_index,21,0.61111111125,ICE individual,3077.0,0.3443215929581584
first_sem_progress_index,21,0.61111111125,ICE individual,3104.0,0.6994660542672865
first_sem_progress_index,21,0.61111111125,ICE individual,3106.0,0.10444771992239811
first_sem_progress_index,21,0.61111111125,ICE individual,3135.0,0.09059006393848801
first_sem_progress_index,21,0.61111111125,ICE individual,3182.0,0.4155228677836348
first_sem_progress_index,21,0.61111111125,ICE individual,3281.0,0.11689021780163536
first_sem_progress_index,21,0.61111111125,ICE individual,3285.0,0.4237568902540209
first_sem_progress_index,21,0.61111111125,ICE individual,3351.0,0.09638911317931553
first_sem_progress_index,21,0.61111111125,ICE individual,3380.0,0.06639582375226749
first_sem_progress_index,21,0.61111111125,ICE individual,3394.0,0.09008312063692035
first_sem_progress_index,21,0.61111111125,ICE individual,3395.0,0.11618973225448173
first_sem_progress_index,21,0.61111111125,ICE individual,3477.0,0.15627547872268263
first_sem_progress_index,21,0.61111111125,ICE individual,3590.0,0.6984854340708125
first_sem_progress_index,21,0.61111111125,ICE individual,3622.0,0.050385234235205155
first_sem_progress_index,21,0.61111111125,ICE individual,3641.0,0.189712890547224
first_sem_progress_index,21,0.61111111125,ICE individual,3642.0,0.7868868133950536
first_sem_progress_index,21,0.61111111125,ICE individual,3741.0,0.15604199473749564
first_sem_progress_index,21,0.61111111125,ICE individual,3883.0,0.8022907984819971
first_sem_progress_index,21,0.61111111125,ICE individual,3930.0,0.12454389229049158
first_sem_progress_index,21,0.61111111125,ICE individual,3948.0,0.6455775624129142
first_sem_progress_index,21,0.61111111125,ICE individual,4078.0,0.39725108573983026
first_sem_progress_index,21,0.61111111125,ICE individual,4209.0,0.6120672697548003
first_sem_progress_index,21,0.61111111125,ICE individual,4416.0,0.7894524586576661
first_sem_progress_index,22,0.6416666668125,PDP average,,0.2617181553558354
first_sem_progress_index,22,0.6416666668125,ICE individual,216.0,0.13865383583523644
first_sem_progress_index,22,0.6416666668125,ICE individual,287.0,0.06985654376553398
first_sem_progress_index,22,0.6416666668125,ICE individual,309.0,0.104809211055831
first_sem_progress_index,22,0.6416666668125,ICE individual,365.0,0.1650906508382699
first_sem_progress_index,22,0.6416666668125,ICE individual,371.0,0.11078950079354151
first_sem_progress_index,22,0.6416666668125,ICE individual,414.0,0.08976753280828896
first_sem_progress_index,22,0.6416666668125,ICE individual,415.0,0.06606870644580239
first_sem_progress_index,22,0.6416666668125,ICE individual,552.0,0.809588985511999
first_sem_progress_index,22,0.6416666668125,ICE individual,681.0,0.08601892272938226
first_sem_progress_index,22,0.6416666668125,ICE individual,724.0,0.8192018804608433
first_sem_progress_index,22,0.6416666668125,ICE individual,748.0,0.13904213606994326
first_sem_progress_index,22,0.6416666668125,ICE individual,808.0,0.412292330113995
first_sem_progress_index,22,0.6416666668125,ICE individual,816.0,0.12319461754501132
first_sem_progress_index,22,0.6416666668125,ICE individual,926.0,0.06400383444714136
first_sem_progress_index,22,0.6416666668125,ICE individual,1167.0,0.08821243031275727
first_sem_progress_index,22,0.6416666668125,ICE individual,1546.0,0.20279190404703362
first_sem_progress_index,22,0.6416666668125,ICE individual,1568.0,0.17096398077288782
first_sem_progress_index,22,0.6416666668125,ICE individual,1600.0,0.5546862241071557
first_sem_progress_index,22,0.6416666668125,ICE individual,1732.0,0.6566814430268557
first_sem_progress_index,22,0.6416666668125,ICE individual,1810.0,0.11982330957183142
first_sem_progress_index,22,0.6416666668125,ICE individual,1816.0,0.250066550097223
first_sem_progress_index,22,0.6416666668125,ICE individual,1867.0,0.798663247887548
first_sem_progress_index,22,0.6416666668125,ICE individual,1893.0,0.1891999389402101
first_sem_progress_index,22,0.6416666668125,ICE individual,1920.0,0.3237656002729826
first_sem_progress_index,22,0.6416666668125,ICE individual,1940.0,0.14128195576574182
first_sem_progress_index,22,0.6416666668125,ICE individual,2046.0,0.0653188235734164
first_sem_progress_index,22,0.6416666668125,ICE individual,2114.0,0.12853499640816765
first_sem_progress_index,22,0.6416666668125,ICE individual,2165.0,0.10258974319089824
first_sem_progress_index,22,0.6416666668125,ICE individual,2197.0,0.2832489861517155
first_sem_progress_index,22,0.6416666668125,ICE individual,2204.0,0.4468105859357336
first_sem_progress_index,22,0.6416666668125,ICE individual,2330.0,0.7610202320550526
first_sem_progress_index,22,0.6416666668125,ICE individual,2400.0,0.07379808533727195
first_sem_progress_index,22,0.6416666668125,ICE individual,2418.0,0.1832397643654186
first_sem_progress_index,22,0.6416666668125,ICE individual,2782.0,0.8569550836931499
first_sem_progress_index,22,0.6416666668125,ICE individual,2805.0,0.05409851570801765
first_sem_progress_index,22,0.6416666668125,ICE individual,2807.0,0.08298582263769719
first_sem_progress_index,22,0.6416666668125,ICE individual,2990.0,0.25961174003380394
first_sem_progress_index,22,0.6416666668125,ICE individual,3077.0,0.33901037271746803
first_sem_progress_index,22,0.6416666668125,ICE individual,3104.0,0.694792847765093
first_sem_progress_index,22,0.6416666668125,ICE individual,3106.0,0.09493121751600436
first_sem_progress_index,22,0.6416666668125,ICE individual,3135.0,0.09436107841232458
first_sem_progress_index,22,0.6416666668125,ICE individual,3182.0,0.40496147113352315
first_sem_progress_index,22,0.6416666668125,ICE individual,3281.0,0.13427196494453264
first_sem_progress_index,22,0.6416666668125,ICE individual,3285.0,0.41802567685706565
first_sem_progress_index,22,0.6416666668125,ICE individual,3351.0,0.0874041952773633
first_sem_progress_index,22,0.6416666668125,ICE individual,3380.0,0.06543115234583338
first_sem_progress_index,22,0.6416666668125,ICE individual,3394.0,0.09158720616553312
first_sem_progress_index,22,0.6416666668125,ICE individual,3395.0,0.11829079628937433
first_sem_progress_index,22,0.6416666668125,ICE individual,3477.0,0.13478811379701244
first_sem_progress_index,22,0.6416666668125,ICE individual,3590.0,0.699049613490416
first_sem_progress_index,22,0.6416666668125,ICE individual,3622.0,0.054046567650445576
first_sem_progress_index,22,0.6416666668125,ICE individual,3641.0,0.17939843990524107
first_sem_progress_index,22,0.6416666668125,ICE individual,3642.0,0.7783556696611232
first_sem_progress_index,22,0.6416666668125,ICE individual,3741.0,0.16035928379171097
first_sem_progress_index,22,0.6416666668125,ICE individual,3883.0,0.7949399219869044
first_sem_progress_index,22,0.6416666668125,ICE individual,3930.0,0.12434015477002289
first_sem_progress_index,22,0.6416666668125,ICE individual,3948.0,0.642936795656163
first_sem_progress_index,22,0.6416666668125,ICE individual,4078.0,0.39651979624068573
first_sem_progress_index,22,0.6416666668125,ICE individual,4209.0,0.6074088824208362
first_sem_progress_index,22,0.6416666668125,ICE individual,4416.0,0.7811501298716663
first_sem_progress_index,23,0.672222222375,PDP average,,0.2586337525850694
first_sem_progress_index,23,0.672222222375,ICE individual,216.0,0.14155034450284898
first_sem_progress_index,23,0.672222222375,ICE individual,287.0,0.07581454621793901
first_sem_progress_index,23,0.672222222375,ICE individual,309.0,0.09711522341970406
first_sem_progress_index,23,0.672222222375,ICE individual,365.0,0.161158350157917
first_sem_progress_index,23,0.672222222375,ICE individual,371.0,0.10926742161324182
first_sem_progress_index,23,0.672222222375,ICE individual,414.0,0.0906700547080353
first_sem_progress_index,23,0.672222222375,ICE individual,415.0,0.06503122020888653
first_sem_progress_index,23,0.672222222375,ICE individual,552.0,0.7907872344456299
first_sem_progress_index,23,0.672222222375,ICE individual,681.0,0.08059347463949688
first_sem_progress_index,23,0.672222222375,ICE individual,724.0,0.8034437614523997
first_sem_progress_index,23,0.672222222375,ICE individual,748.0,0.14117992508901228
first_sem_progress_index,23,0.672222222375,ICE individual,808.0,0.388755356339318
first_sem_progress_index,23,0.672222222375,ICE individual,816.0,0.12090225824310091
first_sem_progress_index,23,0.672222222375,ICE individual,926.0,0.06462484659757667
first_sem_progress_index,23,0.672222222375,ICE individual,1167.0,0.09505257709046272
first_sem_progress_index,23,0.672222222375,ICE individual,1546.0,0.20120288175751833
first_sem_progress_index,23,0.672222222375,ICE individual,1568.0,0.16947039959617505
first_sem_progress_index,23,0.672222222375,ICE individual,1600.0,0.5484948116235666
first_sem_progress_index,23,0.672222222375,ICE individual,1732.0,0.6364386012855243
first_sem_progress_index,23,0.672222222375,ICE individual,1810.0,0.12072552287366733
first_sem_progress_index,23,0.672222222375,ICE individual,1816.0,0.2417503692164866
first_sem_progress_index,23,0.672222222375,ICE individual,1867.0,0.779571795545771
first_sem_progress_index,23,0.672222222375,ICE individual,1893.0,0.1828975427793747
first_sem_progress_index,23,0.672222222375,ICE individual,1920.0,0.3200244077457144
first_sem_progress_index,23,0.672222222375,ICE individual,1940.0,0.13977735393509125
first_sem_progress_index,23,0.672222222375,ICE individual,2046.0,0.05862016334375024
first_sem_progress_index,23,0.672222222375,ICE individual,2114.0,0.12827615212343033
first_sem_progress_index,23,0.672222222375,ICE individual,2165.0,0.1041202447876164
first_sem_progress_index,23,0.672222222375,ICE individual,2197.0,0.28439383591906886
first_sem_progress_index,23,0.672222222375,ICE individual,2204.0,0.4468105859357336
first_sem_progress_index,23,0.672222222375,ICE individual,2330.0,0.7555424636932463
first_sem_progress_index,23,0.672222222375,ICE individual,2400.0,0.08068590740526806
first_sem_progress_index,23,0.672222222375,ICE individual,2418.0,0.18889914469578467
first_sem_progress_index,23,0.672222222375,ICE individual,2782.0,0.8382278524878786
first_sem_progress_index,23,0.672222222375,ICE individual,2805.0,0.058263903336454065
first_sem_progress_index,23,0.672222222375,ICE individual,2807.0,0.08270602700597472
first_sem_progress_index,23,0.672222222375,ICE individual,2990.0,0.2562784067004706
first_sem_progress_index,23,0.672222222375,ICE individual,3077.0,0.33901037271746803
first_sem_progress_index,23,0.672222222375,ICE individual,3104.0,0.6789006709581524
first_sem_progress_index,23,0.672222222375,ICE individual,3106.0,0.09579967210810912
first_sem_progress_index,23,0.672222222375,ICE individual,3135.0,0.09998497763987195
first_sem_progress_index,23,0.672222222375,ICE individual,3182.0,0.3986005553533019
first_sem_progress_index,23,0.672222222375,ICE individual,3281.0,0.13880352771916363
first_sem_progress_index,23,0.672222222375,ICE individual,3285.0,0.41857083929614247
first_sem_progress_index,23,0.672222222375,ICE individual,3351.0,0.08568544411357987
first_sem_progress_index,23,0.672222222375,ICE individual,3380.0,0.05884482426996743
first_sem_progress_index,23,0.672222222375,ICE individual,3394.0,0.09701640769790852
first_sem_progress_index,23,0.672222222375,ICE individual,3395.0,0.12888278003494835
first_sem_progress_index,23,0.672222222375,ICE individual,3477.0,0.12975138279604162
first_sem_progress_index,23,0.672222222375,ICE individual,3590.0,0.6975561608134726
first_sem_progress_index,23,0.672222222375,ICE individual,3622.0,0.05214864801412329
first_sem_progress_index,23,0.672222222375,ICE individual,3641.0,0.1559067580499145
first_sem_progress_index,23,0.672222222375,ICE individual,3642.0,0.7625145786928471
first_sem_progress_index,23,0.672222222375,ICE individual,3741.0,0.1532803249607128
first_sem_progress_index,23,0.672222222375,ICE individual,3883.0,0.7735198151623293
first_sem_progress_index,23,0.672222222375,ICE individual,3930.0,0.13009433634235962
first_sem_progress_index,23,0.672222222375,ICE individual,3948.0,0.642936795656163
first_sem_progress_index,23,0.672222222375,ICE individual,4078.0,0.39898123259131973
first_sem_progress_index,23,0.672222222375,ICE individual,4209.0,0.5951537586893462
first_sem_progress_index,23,0.672222222375,ICE individual,4416.0,0.7651354734219286
first_sem_progress_index,24,0.7027777779375,PDP average,,0.25782470483311665
first_sem_progress_index,24,0.7027777779375,ICE individual,216.0,0.1361288928028414
first_sem_progress_index,24,0.7027777779375,ICE individual,287.0,0.07877830512558262
first_sem_progress_index,24,0.7027777779375,ICE individual,309.0,0.09712104329769175
first_sem_progress_index,24,0.7027777779375,ICE individual,365.0,0.1588572077394234
first_sem_progress_index,24,0.7027777779375,ICE individual,371.0,0.11153289992319217
first_sem_progress_index,24,0.7027777779375,ICE individual,414.0,0.09116616654084968
first_sem_progress_index,24,0.7027777779375,ICE individual,415.0,0.06294688274799363
first_sem_progress_index,24,0.7027777779375,ICE individual,552.0,0.7841715685911642
first_sem_progress_index,24,0.7027777779375,ICE individual,681.0,0.0855762412267988
first_sem_progress_index,24,0.7027777779375,ICE individual,724.0,0.8034437614523997
first_sem_progress_index,24,0.7027777779375,ICE individual,748.0,0.13932616342579912
first_sem_progress_index,24,0.7027777779375,ICE individual,808.0,0.3782603544339297
first_sem_progress_index,24,0.7027777779375,ICE individual,816.0,0.12395722695536569
first_sem_progress_index,24,0.7027777779375,ICE individual,926.0,0.06404789725240755
first_sem_progress_index,24,0.7027777779375,ICE individual,1167.0,0.09715696517925844
first_sem_progress_index,24,0.7027777779375,ICE individual,1546.0,0.19768988112863806
first_sem_progress_index,24,0.7027777779375,ICE individual,1568.0,0.16877355956174742
first_sem_progress_index,24,0.7027777779375,ICE individual,1600.0,0.5484948116235666
first_sem_progress_index,24,0.7027777779375,ICE individual,1732.0,0.6334261847135085
first_sem_progress_index,24,0.7027777779375,ICE individual,1810.0,0.11888007660938583
first_sem_progress_index,24,0.7027777779375,ICE individual,1816.0,0.24234948546018975
first_sem_progress_index,24,0.7027777779375,ICE individual,1867.0,0.779571795545771
first_sem_progress_index,24,0.7027777779375,ICE individual,1893.0,0.17630857683668544
first_sem_progress_index,24,0.7027777779375,ICE individual,1920.0,0.31650161546548283
first_sem_progress_index,24,0.7027777779375,ICE individual,1940.0,0.14354277617982966
first_sem_progress_index,24,0.7027777779375,ICE individual,2046.0,0.0644317756047517
first_sem_progress_index,24,0.7027777779375,ICE individual,2114.0,0.13063095169211347
first_sem_progress_index,24,0.7027777779375,ICE individual,2165.0,0.09513032974811435
first_sem_progress_index,24,0.7027777779375,ICE individual,2197.0,0.28439383591906886
first_sem_progress_index,24,0.7027777779375,ICE individual,2204.0,0.4468105859357336
first_sem_progress_index,24,0.7027777779375,ICE individual,2330.0,0.7538127646385894
first_sem_progress_index,24,0.7027777779375,ICE individual,2400.0,0.0834891585196549
first_sem_progress_index,24,0.7027777779375,ICE individual,2418.0,0.19134445477452808
first_sem_progress_index,24,0.7027777779375,ICE individual,2782.0,0.8328439033385708
first_sem_progress_index,24,0.7027777779375,ICE individual,2805.0,0.05893348121127211
first_sem_progress_index,24,0.7027777779375,ICE individual,2807.0,0.08244329249449837
first_sem_progress_index,24,0.7027777779375,ICE individual,2990.0,0.2560769981910848
first_sem_progress_index,24,0.7027777779375,ICE individual,3077.0,0.33901037271746803
first_sem_progress_index,24,0.7027777779375,ICE individual,3104.0,0.6789006709581524
first_sem_progress_index,24,0.7027777779375,ICE individual,3106.0,0.09613631667433732
first_sem_progress_index,24,0.7027777779375,ICE individual,3135.0,0.10088339300680547
first_sem_progress_index,24,0.7027777779375,ICE individual,3182.0,0.39512965987734006
first_sem_progress_index,24,0.7027777779375,ICE individual,3281.0,0.1408505203065503
first_sem_progress_index,24,0.7027777779375,ICE individual,3285.0,0.42067245592431796
first_sem_progress_index,24,0.7027777779375,ICE individual,3351.0,0.0819172044080791
first_sem_progress_index,24,0.7027777779375,ICE individual,3380.0,0.056375494707835094
first_sem_progress_index,24,0.7027777779375,ICE individual,3394.0,0.09701640769790852
first_sem_progress_index,24,0.7027777779375,ICE individual,3395.0,0.12481484989881352
first_sem_progress_index,24,0.7027777779375,ICE individual,3477.0,0.12925138160151683
first_sem_progress_index,24,0.7027777779375,ICE individual,3590.0,0.6975561608134726
first_sem_progress_index,24,0.7027777779375,ICE individual,3622.0,0.04750244272458888
first_sem_progress_index,24,0.7027777779375,ICE individual,3641.0,0.1574427196588396
first_sem_progress_index,24,0.7027777779375,ICE individual,3642.0,0.7625145786928471
first_sem_progress_index,24,0.7027777779375,ICE individual,3741.0,0.15465235863847002
first_sem_progress_index,24,0.7027777779375,ICE individual,3883.0,0.7727656214478041
first_sem_progress_index,24,0.7027777779375,ICE individual,3930.0,0.12774912665672897
first_sem_progress_index,24,0.7027777779375,ICE individual,3948.0,0.6408972844080186
first_sem_progress_index,24,0.7027777779375,ICE individual,4078.0,0.39898123259131973
first_sem_progress_index,24,0.7027777779375,ICE individual,4209.0,0.5928166229823647
first_sem_progress_index,24,0.7027777779375,ICE individual,4416.0,0.7618531409007961
first_sem_progress_index,25,0.7333333335,PDP average,,0.25725444659677493
first_sem_progress_index,25,0.7333333335,ICE individual,216.0,0.13570107128053166
first_sem_progress_index,25,0.7333333335,ICE individual,287.0,0.07671883503417919
first_sem_progress_index,25,0.7333333335,ICE individual,309.0,0.09932180392819692
first_sem_progress_index,25,0.7333333335,ICE individual,365.0,0.15985906505396508
first_sem_progress_index,25,0.7333333335,ICE individual,371.0,0.10805417732934529
first_sem_progress_index,25,0.7333333335,ICE individual,414.0,0.08758381167690721
first_sem_progress_index,25,0.7333333335,ICE individual,415.0,0.06658188948037044
first_sem_progress_index,25,0.7333333335,ICE individual,552.0,0.7841715685911642
first_sem_progress_index,25,0.7333333335,ICE individual,681.0,0.08408111845518762
first_sem_progress_index,25,0.7333333335,ICE individual,724.0,0.8023275969650016
first_sem_progress_index,25,0.7333333335,ICE individual,748.0,0.13823524773699075
first_sem_progress_index,25,0.7333333335,ICE individual,808.0,0.3670110286158033
first_sem_progress_index,25,0.7333333335,ICE individual,816.0,0.1255245487312257
first_sem_progress_index,25,0.7333333335,ICE individual,926.0,0.06253365939646115
first_sem_progress_index,25,0.7333333335,ICE individual,1167.0,0.09587505722323086
first_sem_progress_index,25,0.7333333335,ICE individual,1546.0,0.1988483363272085
first_sem_progress_index,25,0.7333333335,ICE individual,1568.0,0.16847142078493405
first_sem_progress_index,25,0.7333333335,ICE individual,1600.0,0.5484948116235666
first_sem_progress_index,25,0.7333333335,ICE individual,1732.0,0.6323100202261105
first_sem_progress_index,25,0.7333333335,ICE individual,1810.0,0.11888007660938583
first_sem_progress_index,25,0.7333333335,ICE individual,1816.0,0.23754169714266604
first_sem_progress_index,25,0.7333333335,ICE individual,1867.0,0.7784556310583728
first_sem_progress_index,25,0.7333333335,ICE individual,1893.0,0.17297524350335208
first_sem_progress_index,25,0.7333333335,ICE individual,1920.0,0.31650161546548283
first_sem_progress_index,25,0.7333333335,ICE individual,1940.0,0.14147192832849398
first_sem_progress_index,25,0.7333333335,ICE individual,2046.0,0.06293665283314054
first_sem_progress_index,25,0.7333333335,ICE individual,2114.0,0.13141664076922657
first_sem_progress_index,25,0.7333333335,ICE individual,2165.0,0.09069104694387078
first_sem_progress_index,25,0.7333333335,ICE individual,2197.0,0.28439383591906886
first_sem_progress_index,25,0.7333333335,ICE individual,2204.0,0.4468105859357336
first_sem_progress_index,25,0.7333333335,ICE individual,2330.0,0.7538127646385894
first_sem_progress_index,25,0.7333333335,ICE individual,2400.0,0.08192216730609751
first_sem_progress_index,25,0.7333333335,ICE individual,2418.0,0.1848859479268235
first_sem_progress_index,25,0.7333333335,ICE individual,2782.0,0.8296832341634961
first_sem_progress_index,25,0.7333333335,ICE individual,2805.0,0.06256848794364891
first_sem_progress_index,25,0.7333333335,ICE individual,2807.0,0.08244329249449837
first_sem_progress_index,25,0.7333333335,ICE individual,2990.0,0.2534550878225513
first_sem_progress_index,25,0.7333333335,ICE individual,3077.0,0.33901037271746803
first_sem_progress_index,25,0.7333333335,ICE individual,3104.0,0.6777845064707544
first_sem_progress_index,25,0.7333333335,ICE individual,3106.0,0.09773979581130834
first_sem_progress_index,25,0.7333333335,ICE individual,3135.0,0.10220828412328999
first_sem_progress_index,25,0.7333333335,ICE individual,3182.0,0.3917963265440067
first_sem_progress_index,25,0.7333333335,ICE individual,3281.0,0.13864993850456395
first_sem_progress_index,25,0.7333333335,ICE individual,3285.0,0.4204839428869677
first_sem_progress_index,25,0.7333333335,ICE individual,3351.0,0.0819172044080791
first_sem_progress_index,25,0.7333333335,ICE individual,3380.0,0.05639087054308061
first_sem_progress_index,25,0.7333333335,ICE individual,3394.0,0.09803120654197091
first_sem_progress_index,25,0.7333333335,ICE individual,3395.0,0.12481484989881352
first_sem_progress_index,25,0.7333333335,ICE individual,3477.0,0.1292849746804917
first_sem_progress_index,25,0.7333333335,ICE individual,3590.0,0.6979940824904711
first_sem_progress_index,25,0.7333333335,ICE individual,3622.0,0.046052205397097055
first_sem_progress_index,25,0.7333333335,ICE individual,3641.0,0.14687594684732638
first_sem_progress_index,25,0.7333333335,ICE individual,3642.0,0.7647317475387821
first_sem_progress_index,25,0.7333333335,ICE individual,3741.0,0.15317087715698854
first_sem_progress_index,25,0.7333333335,ICE individual,3883.0,0.7716494569604059
first_sem_progress_index,25,0.7333333335,ICE individual,3930.0,0.1270652755397716
first_sem_progress_index,25,0.7333333335,ICE individual,3948.0,0.6418991417225602
first_sem_progress_index,25,0.7333333335,ICE individual,4078.0,0.3970012962637729
first_sem_progress_index,25,0.7333333335,ICE individual,4209.0,0.5950337918282999
first_sem_progress_index,25,0.7333333335,ICE individual,4416.0,0.7618531409007961
first_sem_approval_rate,1,0.0,PDP average,,0.41899791186039737
first_sem_approval_rate,1,0.0,ICE individual,216.0,0.3603247337209101
first_sem_approval_rate,1,0.0,ICE individual,287.0,0.2870865860783073
first_sem_approval_rate,1,0.0,ICE individual,309.0,0.22790232091552368
first_sem_approval_rate,1,0.0,ICE individual,365.0,0.26234593975461434
first_sem_approval_rate,1,0.0,ICE individual,371.0,0.25744946796268275
first_sem_approval_rate,1,0.0,ICE individual,414.0,0.2966255197378845
first_sem_approval_rate,1,0.0,ICE individual,415.0,0.14419380667901902
first_sem_approval_rate,1,0.0,ICE individual,552.0,0.9201408059591978
first_sem_approval_rate,1,0.0,ICE individual,681.0,0.29810304534238424
first_sem_approval_rate,1,0.0,ICE individual,724.0,0.97512231417535
first_sem_approval_rate,1,0.0,ICE individual,748.0,0.275137732066391
first_sem_approval_rate,1,0.0,ICE individual,808.0,0.5714963210934354
first_sem_approval_rate,1,0.0,ICE individual,816.0,0.27455421048502227
first_sem_approval_rate,1,0.0,ICE individual,926.0,0.21058499289675497
first_sem_approval_rate,1,0.0,ICE individual,1167.0,0.3399779659870136
first_sem_approval_rate,1,0.0,ICE individual,1546.0,0.40667640388793463
first_sem_approval_rate,1,0.0,ICE individual,1568.0,0.364874503711229
first_sem_approval_rate,1,0.0,ICE individual,1600.0,0.7589346046277315
first_sem_approval_rate,1,0.0,ICE individual,1732.0,0.7795479206183392
first_sem_approval_rate,1,0.0,ICE individual,1810.0,0.3104049999781867
first_sem_approval_rate,1,0.0,ICE individual,1816.0,0.4247403743215282
first_sem_approval_rate,1,0.0,ICE individual,1867.0,0.9459488853580268
first_sem_approval_rate,1,0.0,ICE individual,1893.0,0.2941637367583749
first_sem_approval_rate,1,0.0,ICE individual,1920.0,0.44203971447471835
first_sem_approval_rate,1,0.0,ICE individual,1940.0,0.2665605906021422
first_sem_approval_rate,1,0.0,ICE individual,2046.0,0.1844741334145236
first_sem_approval_rate,1,0.0,ICE individual,2114.0,0.2978496696345339
first_sem_approval_rate,1,0.0,ICE individual,2165.0,0.2125810001709931
first_sem_approval_rate,1,0.0,ICE individual,2197.0,0.4863345642025912
first_sem_approval_rate,1,0.0,ICE individual,2204.0,0.5369823551838337
first_sem_approval_rate,1,0.0,ICE individual,2330.0,0.874004804531162
first_sem_approval_rate,1,0.0,ICE individual,2400.0,0.2823704331075458
first_sem_approval_rate,1,0.0,ICE individual,2418.0,0.374262983862899
first_sem_approval_rate,1,0.0,ICE individual,2782.0,0.9586358720194713
first_sem_approval_rate,1,0.0,ICE individual,2805.0,0.1393662237858746
first_sem_approval_rate,1,0.0,ICE individual,2807.0,0.21856237511672433
first_sem_approval_rate,1,0.0,ICE individual,2990.0,0.46878058000529566
first_sem_approval_rate,1,0.0,ICE individual,3077.0,0.5573338738254896
first_sem_approval_rate,1,0.0,ICE individual,3104.0,0.7770690612484178
first_sem_approval_rate,1,0.0,ICE individual,3106.0,0.2630804287558935
first_sem_approval_rate,1,0.0,ICE individual,3135.0,0.2016540999225019
first_sem_approval_rate,1,0.0,ICE individual,3182.0,0.5409890985868063
first_sem_approval_rate,1,0.0,ICE individual,3281.0,0.29513627454906005
first_sem_approval_rate,1,0.0,ICE individual,3285.0,0.6275085903388548
first_sem_approval_rate,1,0.0,ICE individual,3351.0,0.2522399909850965
first_sem_approval_rate,1,0.0,ICE individual,3380.0,0.2201322693325355
first_sem_approval_rate,1,0.0,ICE individual,3394.0,0.15889247320246389
first_sem_approval_rate,1,0.0,ICE individual,3395.0,0.25937318799629144
first_sem_approval_rate,1,0.0,ICE individual,3477.0,0.30615758085869055
first_sem_approval_rate,1,0.0,ICE individual,3590.0,0.9331182428657325
first_sem_approval_rate,1,0.0,ICE individual,3622.0,0.1404846208643474
first_sem_approval_rate,1,0.0,ICE individual,3641.0,0.22832177129147221
first_sem_approval_rate,1,0.0,ICE individual,3642.0,0.970633671441294
first_sem_approval_rate,1,0.0,ICE individual,3741.0,0.2907667224008159
first_sem_approval_rate,1,0.0,ICE individual,3883.0,0.9044700779997258
first_sem_approval_rate,1,0.0,ICE individual,3930.0,0.30642825712594846
first_sem_approval_rate,1,0.0,ICE individual,3948.0,0.9324097603505543
first_sem_approval_rate,1,0.0,ICE individual,4078.0,0.6099461715690982
first_sem_approval_rate,1,0.0,ICE individual,4209.0,0.6541796662359102
first_sem_approval_rate,1,0.0,ICE individual,4416.0,0.9158671441393401
first_sem_approval_rate,2,0.041666666666666664,PDP average,,0.41899791186039737
first_sem_approval_rate,2,0.041666666666666664,ICE individual,216.0,0.3603247337209101
first_sem_approval_rate,2,0.041666666666666664,ICE individual,287.0,0.2870865860783073
first_sem_approval_rate,2,0.041666666666666664,ICE individual,309.0,0.22790232091552368
first_sem_approval_rate,2,0.041666666666666664,ICE individual,365.0,0.26234593975461434
first_sem_approval_rate,2,0.041666666666666664,ICE individual,371.0,0.25744946796268275
first_sem_approval_rate,2,0.041666666666666664,ICE individual,414.0,0.2966255197378845
first_sem_approval_rate,2,0.041666666666666664,ICE individual,415.0,0.14419380667901902
first_sem_approval_rate,2,0.041666666666666664,ICE individual,552.0,0.9201408059591978
first_sem_approval_rate,2,0.041666666666666664,ICE individual,681.0,0.29810304534238424
first_sem_approval_rate,2,0.041666666666666664,ICE individual,724.0,0.97512231417535
first_sem_approval_rate,2,0.041666666666666664,ICE individual,748.0,0.275137732066391
first_sem_approval_rate,2,0.041666666666666664,ICE individual,808.0,0.5714963210934354
first_sem_approval_rate,2,0.041666666666666664,ICE individual,816.0,0.27455421048502227
first_sem_approval_rate,2,0.041666666666666664,ICE individual,926.0,0.21058499289675497
first_sem_approval_rate,2,0.041666666666666664,ICE individual,1167.0,0.3399779659870136
first_sem_approval_rate,2,0.041666666666666664,ICE individual,1546.0,0.40667640388793463
first_sem_approval_rate,2,0.041666666666666664,ICE individual,1568.0,0.364874503711229
first_sem_approval_rate,2,0.041666666666666664,ICE individual,1600.0,0.7589346046277315
first_sem_approval_rate,2,0.041666666666666664,ICE individual,1732.0,0.7795479206183392
first_sem_approval_rate,2,0.041666666666666664,ICE individual,1810.0,0.3104049999781867
first_sem_approval_rate,2,0.041666666666666664,ICE individual,1816.0,0.4247403743215282
first_sem_approval_rate,2,0.041666666666666664,ICE individual,1867.0,0.9459488853580268
first_sem_approval_rate,2,0.041666666666666664,ICE individual,1893.0,0.2941637367583749
first_sem_approval_rate,2,0.041666666666666664,ICE individual,1920.0,0.44203971447471835
first_sem_approval_rate,2,0.041666666666666664,ICE individual,1940.0,0.2665605906021422
first_sem_approval_rate,2,0.041666666666666664,ICE individual,2046.0,0.1844741334145236
first_sem_approval_rate,2,0.041666666666666664,ICE individual,2114.0,0.2978496696345339
first_sem_approval_rate,2,0.041666666666666664,ICE individual,2165.0,0.2125810001709931
first_sem_approval_rate,2,0.041666666666666664,ICE individual,2197.0,0.4863345642025912
first_sem_approval_rate,2,0.041666666666666664,ICE individual,2204.0,0.5369823551838337
first_sem_approval_rate,2,0.041666666666666664,ICE individual,2330.0,0.874004804531162
first_sem_approval_rate,2,0.041666666666666664,ICE individual,2400.0,0.2823704331075458
first_sem_approval_rate,2,0.041666666666666664,ICE individual,2418.0,0.374262983862899
first_sem_approval_rate,2,0.041666666666666664,ICE individual,2782.0,0.9586358720194713
first_sem_approval_rate,2,0.041666666666666664,ICE individual,2805.0,0.1393662237858746
first_sem_approval_rate,2,0.041666666666666664,ICE individual,2807.0,0.21856237511672433
first_sem_approval_rate,2,0.041666666666666664,ICE individual,2990.0,0.46878058000529566
first_sem_approval_rate,2,0.041666666666666664,ICE individual,3077.0,0.5573338738254896
first_sem_approval_rate,2,0.041666666666666664,ICE individual,3104.0,0.7770690612484178
first_sem_approval_rate,2,0.041666666666666664,ICE individual,3106.0,0.2630804287558935
first_sem_approval_rate,2,0.041666666666666664,ICE individual,3135.0,0.2016540999225019
first_sem_approval_rate,2,0.041666666666666664,ICE individual,3182.0,0.5409890985868063
first_sem_approval_rate,2,0.041666666666666664,ICE individual,3281.0,0.29513627454906005
first_sem_approval_rate,2,0.041666666666666664,ICE individual,3285.0,0.6275085903388548
first_sem_approval_rate,2,0.041666666666666664,ICE individual,3351.0,0.2522399909850965
first_sem_approval_rate,2,0.041666666666666664,ICE individual,3380.0,0.2201322693325355
first_sem_approval_rate,2,0.041666666666666664,ICE individual,3394.0,0.15889247320246389
first_sem_approval_rate,2,0.041666666666666664,ICE individual,3395.0,0.25937318799629144
first_sem_approval_rate,2,0.041666666666666664,ICE individual,3477.0,0.30615758085869055
first_sem_approval_rate,2,0.041666666666666664,ICE individual,3590.0,0.9331182428657325
first_sem_approval_rate,2,0.041666666666666664,ICE individual,3622.0,0.1404846208643474
first_sem_approval_rate,2,0.041666666666666664,ICE individual,3641.0,0.22832177129147221
first_sem_approval_rate,2,0.041666666666666664,ICE individual,3642.0,0.970633671441294
first_sem_approval_rate,2,0.041666666666666664,ICE individual,3741.0,0.2907667224008159
first_sem_approval_rate,2,0.041666666666666664,ICE individual,3883.0,0.9044700779997258
first_sem_approval_rate,2,0.041666666666666664,ICE individual,3930.0,0.30642825712594846
first_sem_approval_rate,2,0.041666666666666664,ICE individual,3948.0,0.9324097603505543
first_sem_approval_rate,2,0.041666666666666664,ICE individual,4078.0,0.6099461715690982
first_sem_approval_rate,2,0.041666666666666664,ICE individual,4209.0,0.6541796662359102
first_sem_approval_rate,2,0.041666666666666664,ICE individual,4416.0,0.9158671441393401
first_sem_approval_rate,3,0.08333333333333333,PDP average,,0.41767783612604736
first_sem_approval_rate,3,0.08333333333333333,ICE individual,216.0,0.3608301737621085
first_sem_approval_rate,3,0.08333333333333333,ICE individual,287.0,0.2824082835457953
first_sem_approval_rate,3,0.08333333333333333,ICE individual,309.0,0.22382657668407732
first_sem_approval_rate,3,0.08333333333333333,ICE individual,365.0,0.2602107293424146
first_sem_approval_rate,3,0.08333333333333333,ICE individual,371.0,0.2596096041787566
first_sem_approval_rate,3,0.08333333333333333,ICE individual,414.0,0.29845338948362116
first_sem_approval_rate,3,0.08333333333333333,ICE individual,415.0,0.14215750304865601
first_sem_approval_rate,3,0.08333333333333333,ICE individual,552.0,0.920578454214954
first_sem_approval_rate,3,0.08333333333333333,ICE individual,681.0,0.29790328354216183
first_sem_approval_rate,3,0.08333333333333333,ICE individual,724.0,0.97512231417535
first_sem_approval_rate,3,0.08333333333333333,ICE individual,748.0,0.2779959013870393
first_sem_approval_rate,3,0.08333333333333333,ICE individual,808.0,0.5714963210934354
first_sem_approval_rate,3,0.08333333333333333,ICE individual,816.0,0.27299162486553596
first_sem_approval_rate,3,0.08333333333333333,ICE individual,926.0,0.2078943414931028
first_sem_approval_rate,3,0.08333333333333333,ICE individual,1167.0,0.3366446326536802
first_sem_approval_rate,3,0.08333333333333333,ICE individual,1546.0,0.3987571566334415
first_sem_approval_rate,3,0.08333333333333333,ICE individual,1568.0,0.3612038290610414
first_sem_approval_rate,3,0.08333333333333333,ICE individual,1600.0,0.7589346046277315
first_sem_approval_rate,3,0.08333333333333333,ICE individual,1732.0,0.7795479206183392
first_sem_approval_rate,3,0.08333333333333333,ICE individual,1810.0,0.31122747276778134
first_sem_approval_rate,3,0.08333333333333333,ICE individual,1816.0,0.42717097402485515
first_sem_approval_rate,3,0.08333333333333333,ICE individual,1867.0,0.9459488853580268
first_sem_approval_rate,3,0.08333333333333333,ICE individual,1893.0,0.29179678333534215
first_sem_approval_rate,3,0.08333333333333333,ICE individual,1920.0,0.4436486220797575
first_sem_approval_rate,3,0.08333333333333333,ICE individual,1940.0,0.26322725726880886
first_sem_approval_rate,3,0.08333333333333333,ICE individual,2046.0,0.18284545542032551
first_sem_approval_rate,3,0.08333333333333333,ICE individual,2114.0,0.29451633630120055
first_sem_approval_rate,3,0.08333333333333333,ICE individual,2165.0,0.2125636820462982
first_sem_approval_rate,3,0.08333333333333333,ICE individual,2197.0,0.4853260216642369
first_sem_approval_rate,3,0.08333333333333333,ICE individual,2204.0,0.5388666040011685
first_sem_approval_rate,3,0.08333333333333333,ICE individual,2330.0,0.8789194603383285
first_sem_approval_rate,3,0.08333333333333333,ICE individual,2400.0,0.28210487719102983
first_sem_approval_rate,3,0.08333333333333333,ICE individual,2418.0,0.3758274748547274
first_sem_approval_rate,3,0.08333333333333333,ICE individual,2782.0,0.9586358720194713
first_sem_approval_rate,3,0.08333333333333333,ICE individual,2805.0,0.1381736146033438
first_sem_approval_rate,3,0.08333333333333333,ICE individual,2807.0,0.215229041783391
first_sem_approval_rate,3,0.08333333333333333,ICE individual,2990.0,0.4608555098447569
first_sem_approval_rate,3,0.08333333333333333,ICE individual,3077.0,0.5579004178770404
first_sem_approval_rate,3,0.08333333333333333,ICE individual,3104.0,0.7804551111245263
first_sem_approval_rate,3,0.08333333333333333,ICE individual,3106.0,0.2581704631201547
first_sem_approval_rate,3,0.08333333333333333,ICE individual,3135.0,0.19712815740663778
first_sem_approval_rate,3,0.08333333333333333,ICE individual,3182.0,0.5434196982901334
first_sem_approval_rate,3,0.08333333333333333,ICE individual,3281.0,0.29643330425203035
first_sem_approval_rate,3,0.08333333333333333,ICE individual,3285.0,0.6275085903388548
first_sem_approval_rate,3,0.08333333333333333,ICE individual,3351.0,0.2522399909850965
first_sem_approval_rate,3,0.08333333333333333,ICE individual,3380.0,0.2158885222313781
first_sem_approval_rate,3,0.08333333333333333,ICE individual,3394.0,0.15555913986913056
first_sem_approval_rate,3,0.08333333333333333,ICE individual,3395.0,0.2560398546629581
first_sem_approval_rate,3,0.08333333333333333,ICE individual,3477.0,0.308298305009493
first_sem_approval_rate,3,0.08333333333333333,ICE individual,3590.0,0.9326774375826081
first_sem_approval_rate,3,0.08333333333333333,ICE individual,3622.0,0.13990161159950265
first_sem_approval_rate,3,0.08333333333333333,ICE individual,3641.0,0.22947879740727933
first_sem_approval_rate,3,0.08333333333333333,ICE individual,3642.0,0.970633671441294
first_sem_approval_rate,3,0.08333333333333333,ICE individual,3741.0,0.2858708034479964
first_sem_approval_rate,3,0.08333333333333333,ICE individual,3883.0,0.9044700779997258
first_sem_approval_rate,3,0.08333333333333333,ICE individual,3930.0,0.3012790447456746
first_sem_approval_rate,3,0.08333333333333333,ICE individual,3948.0,0.9295124812337139
first_sem_approval_rate,3,0.08333333333333333,ICE individual,4078.0,0.6027639473572134
first_sem_approval_rate,3,0.08333333333333333,ICE individual,4209.0,0.6581494241916261
first_sem_approval_rate,3,0.08333333333333333,ICE individual,4416.0,0.9158671441393401
first_sem_approval_rate,4,0.125,PDP average,,0.4170982346082609
first_sem_approval_rate,4,0.125,ICE individual,216.0,0.3608301737621085
first_sem_approval_rate,4,0.125,ICE individual,287.0,0.2824082835457953
first_sem_approval_rate,4,0.125,ICE individual,309.0,0.22382657668407732
first_sem_approval_rate,4,0.125,ICE individual,365.0,0.2602107293424146
first_sem_approval_rate,4,0.125,ICE individual,371.0,0.2596096041787566
first_sem_approval_rate,4,0.125,ICE individual,414.0,0.29845338948362116
first_sem_approval_rate,4,0.125,ICE individual,415.0,0.14215750304865601
first_sem_approval_rate,4,0.125,ICE individual,552.0,0.920578454214954
first_sem_approval_rate,4,0.125,ICE individual,681.0,0.29790328354216183
first_sem_approval_rate,4,0.125,ICE individual,724.0,0.97512231417535
first_sem_approval_rate,4,0.125,ICE individual,748.0,0.2779959013870393
first_sem_approval_rate,4,0.125,ICE individual,808.0,0.5714963210934354
first_sem_approval_rate,4,0.125,ICE individual,816.0,0.27299162486553596
first_sem_approval_rate,4,0.125,ICE individual,926.0,0.2078943414931028
first_sem_approval_rate,4,0.125,ICE individual,1167.0,0.3366446326536802
first_sem_approval_rate,4,0.125,ICE individual,1546.0,0.39733134978900103
first_sem_approval_rate,4,0.125,ICE individual,1568.0,0.3557826413319523
first_sem_approval_rate,4,0.125,ICE individual,1600.0,0.7565827712920266
first_sem_approval_rate,4,0.125,ICE individual,1732.0,0.7795479206183392
first_sem_approval_rate,4,0.125,ICE individual,1810.0,0.31122747276778134
first_sem_approval_rate,4,0.125,ICE individual,1816.0,0.4278832050684635
first_sem_approval_rate,4,0.125,ICE individual,1867.0,0.9459488853580268
first_sem_approval_rate,4,0.125,ICE individual,1893.0,0.29179678333534215
first_sem_approval_rate,4,0.125,ICE individual,1920.0,0.44187208158473557
first_sem_approval_rate,4,0.125,ICE individual,1940.0,0.2618830405268846
first_sem_approval_rate,4,0.125,ICE individual,2046.0,0.18284545542032551
first_sem_approval_rate,4,0.125,ICE individual,2114.0,0.2899674284189594
first_sem_approval_rate,4,0.125,ICE individual,2165.0,0.2125636820462982
first_sem_approval_rate,4,0.125,ICE individual,2197.0,0.4853060221043874
first_sem_approval_rate,4,0.125,ICE individual,2204.0,0.5388666040011685
first_sem_approval_rate,4,0.125,ICE individual,2330.0,0.8802065776115807
first_sem_approval_rate,4,0.125,ICE individual,2400.0,0.28210487719102983
first_sem_approval_rate,4,0.125,ICE individual,2418.0,0.3758274748547274
first_sem_approval_rate,4,0.125,ICE individual,2782.0,0.9635268874368027
first_sem_approval_rate,4,0.125,ICE individual,2805.0,0.1381736146033438
first_sem_approval_rate,4,0.125,ICE individual,2807.0,0.2118957084500577
first_sem_approval_rate,4,0.125,ICE individual,2990.0,0.45900672279391797
first_sem_approval_rate,4,0.125,ICE individual,3077.0,0.5612853577494338
first_sem_approval_rate,4,0.125,ICE individual,3104.0,0.7805551008447595
first_sem_approval_rate,4,0.125,ICE individual,3106.0,0.2581704631201547
first_sem_approval_rate,4,0.125,ICE individual,3135.0,0.19712815740663778
first_sem_approval_rate,4,0.125,ICE individual,3182.0,0.5427797494972294
first_sem_approval_rate,4,0.125,ICE individual,3281.0,0.29643330425203035
first_sem_approval_rate,4,0.125,ICE individual,3285.0,0.6223110609601197
first_sem_approval_rate,4,0.125,ICE individual,3351.0,0.2522399909850965
first_sem_approval_rate,4,0.125,ICE individual,3380.0,0.2158885222313781
first_sem_approval_rate,4,0.125,ICE individual,3394.0,0.1522258065357972
first_sem_approval_rate,4,0.125,ICE individual,3395.0,0.2514354804502019
first_sem_approval_rate,4,0.125,ICE individual,3477.0,0.308298305009493
first_sem_approval_rate,4,0.125,ICE individual,3590.0,0.9323259280574026
first_sem_approval_rate,4,0.125,ICE individual,3622.0,0.13990161159950265
first_sem_approval_rate,4,0.125,ICE individual,3641.0,0.22947879740727933
first_sem_approval_rate,4,0.125,ICE individual,3642.0,0.970633671441294
first_sem_approval_rate,4,0.125,ICE individual,3741.0,0.2858708034479964
first_sem_approval_rate,4,0.125,ICE individual,3883.0,0.904279652830486
first_sem_approval_rate,4,0.125,ICE individual,3930.0,0.2991238399354529
first_sem_approval_rate,4,0.125,ICE individual,3948.0,0.9295124812337139
first_sem_approval_rate,4,0.125,ICE individual,4078.0,0.6027639473572134
first_sem_approval_rate,4,0.125,ICE individual,4209.0,0.6594598783766981
first_sem_approval_rate,4,0.125,ICE individual,4416.0,0.9145149643028277
first_sem_approval_rate,5,0.16666666666666666,PDP average,,0.4132126452174792
first_sem_approval_rate,5,0.16666666666666666,ICE individual,216.0,0.36169846233788533
first_sem_approval_rate,5,0.16666666666666666,ICE individual,287.0,0.28158377515957916
first_sem_approval_rate,5,0.16666666666666666,ICE individual,309.0,0.2233597017840747
first_sem_approval_rate,5,0.16666666666666666,ICE individual,365.0,0.2542984055530407
first_sem_approval_rate,5,0.16666666666666666,ICE individual,371.0,0.2606263339091295
first_sem_approval_rate,5,0.16666666666666666,ICE individual,414.0,0.2939427817331047
first_sem_approval_rate,5,0.16666666666666666,ICE individual,415.0,0.13745368669192934
first_sem_approval_rate,5,0.16666666666666666,ICE individual,552.0,0.920578454214954
first_sem_approval_rate,5,0.16666666666666666,ICE individual,681.0,0.29553006151571243
first_sem_approval_rate,5,0.16666666666666666,ICE individual,724.0,0.9717889808420167
first_sem_approval_rate,5,0.16666666666666666,ICE individual,748.0,0.2786114524351136
first_sem_approval_rate,5,0.16666666666666666,ICE individual,808.0,0.5714963210934354
first_sem_approval_rate,5,0.16666666666666666,ICE individual,816.0,0.2684633375133904
first_sem_approval_rate,5,0.16666666666666666,ICE individual,926.0,0.2041735336096331
first_sem_approval_rate,5,0.16666666666666666,ICE individual,1167.0,0.33867232002304637
first_sem_approval_rate,5,0.16666666666666666,ICE individual,1546.0,0.3886077661501129
first_sem_approval_rate,5,0.16666666666666666,ICE individual,1568.0,0.3498616888766227
first_sem_approval_rate,5,0.16666666666666666,ICE individual,1600.0,0.7583365177933729
first_sem_approval_rate,5,0.16666666666666666,ICE individual,1732.0,0.7795479206183392
first_sem_approval_rate,5,0.16666666666666666,ICE individual,1810.0,0.3092646896351763
first_sem_approval_rate,5,0.16666666666666666,ICE individual,1816.0,0.4278832050684635
first_sem_approval_rate,5,0.16666666666666666,ICE individual,1867.0,0.9443064737156152
first_sem_approval_rate,5,0.16666666666666666,ICE individual,1893.0,0.29133420159642226
first_sem_approval_rate,5,0.16666666666666666,ICE individual,1920.0,0.4356338297803282
first_sem_approval_rate,5,0.16666666666666666,ICE individual,1940.0,0.2572103847037308
first_sem_approval_rate,5,0.16666666666666666,ICE individual,2046.0,0.17428289642855602
first_sem_approval_rate,5,0.16666666666666666,ICE individual,2114.0,0.28413105785474524
first_sem_approval_rate,5,0.16666666666666666,ICE individual,2165.0,0.21184753177958615
first_sem_approval_rate,5,0.16666666666666666,ICE individual,2197.0,0.48191643880617924
first_sem_approval_rate,5,0.16666666666666666,ICE individual,2204.0,0.5429390854566598
first_sem_approval_rate,5,0.16666666666666666,ICE individual,2330.0,0.8802065776115807
first_sem_approval_rate,5,0.16666666666666666,ICE individual,2400.0,0.2820013557334585
first_sem_approval_rate,5,0.16666666666666666,ICE individual,2418.0,0.3794617512576838
first_sem_approval_rate,5,0.16666666666666666,ICE individual,2782.0,0.9635268874368027
first_sem_approval_rate,5,0.16666666666666666,ICE individual,2805.0,0.13528835006211454
first_sem_approval_rate,5,0.16666666666666666,ICE individual,2807.0,0.19926060957993538
first_sem_approval_rate,5,0.16666666666666666,ICE individual,2990.0,0.446969863073438
first_sem_approval_rate,5,0.16666666666666666,ICE individual,3077.0,0.564568577619927
first_sem_approval_rate,5,0.16666666666666666,ICE individual,3104.0,0.7818726879699186
first_sem_approval_rate,5,0.16666666666666666,ICE individual,3106.0,0.25949262310375515
first_sem_approval_rate,5,0.16666666666666666,ICE individual,3135.0,0.19717035537574829
first_sem_approval_rate,5,0.16666666666666666,ICE individual,3182.0,0.5402288654649547
first_sem_approval_rate,5,0.16666666666666666,ICE individual,3281.0,0.29234802582175046
first_sem_approval_rate,5,0.16666666666666666,ICE individual,3285.0,0.6214338381028784
first_sem_approval_rate,5,0.16666666666666666,ICE individual,3351.0,0.2504051615657855
first_sem_approval_rate,5,0.16666666666666666,ICE individual,3380.0,0.2129300367792801
first_sem_approval_rate,5,0.16666666666666666,ICE individual,3394.0,0.1483380803243889
first_sem_approval_rate,5,0.16666666666666666,ICE individual,3395.0,0.23780018016106538
first_sem_approval_rate,5,0.16666666666666666,ICE individual,3477.0,0.30940517596314876
first_sem_approval_rate,5,0.16666666666666666,ICE individual,3590.0,0.9301278271055751
first_sem_approval_rate,5,0.16666666666666666,ICE individual,3622.0,0.13926659159387608
first_sem_approval_rate,5,0.16666666666666666,ICE individual,3641.0,0.22986951809422299
first_sem_approval_rate,5,0.16666666666666666,ICE individual,3642.0,0.9680706269662825
first_sem_approval_rate,5,0.16666666666666666,ICE individual,3741.0,0.28473968243564274
first_sem_approval_rate,5,0.16666666666666666,ICE individual,3883.0,0.904279652830486
first_sem_approval_rate,5,0.16666666666666666,ICE individual,3930.0,0.29685583635448637
first_sem_approval_rate,5,0.16666666666666666,ICE individual,3948.0,0.9229721334734748
first_sem_approval_rate,5,0.16666666666666666,ICE individual,4078.0,0.5872922653436775
first_sem_approval_rate,5,0.16666666666666666,ICE individual,4209.0,0.6627932117100314
first_sem_approval_rate,5,0.16666666666666666,ICE individual,4416.0,0.9145149643028277
first_sem_approval_rate,6,0.20833333333333331,PDP average,,0.4131809168021766
first_sem_approval_rate,6,0.20833333333333331,ICE individual,216.0,0.3612059534396153
first_sem_approval_rate,6,0.20833333333333331,ICE individual,287.0,0.2810912662613091
first_sem_approval_rate,6,0.20833333333333331,ICE individual,309.0,0.22286719288580467
first_sem_approval_rate,6,0.20833333333333331,ICE individual,365.0,0.2538058966547707
first_sem_approval_rate,6,0.20833333333333331,ICE individual,371.0,0.2623258483335797
first_sem_approval_rate,6,0.20833333333333331,ICE individual,414.0,0.2919884731796823
first_sem_approval_rate,6,0.20833333333333331,ICE individual,415.0,0.1369611777936593
first_sem_approval_rate,6,0.20833333333333331,ICE individual,552.0,0.920578454214954
first_sem_approval_rate,6,0.20833333333333331,ICE individual,681.0,0.2967370670418925
first_sem_approval_rate,6,0.20833333333333331,ICE individual,724.0,0.9717889808420167
first_sem_approval_rate,6,0.20833333333333331,ICE individual,748.0,0.2798184579612938
first_sem_approval_rate,6,0.20833333333333331,ICE individual,808.0,0.5693638856276666
first_sem_approval_rate,6,0.20833333333333331,ICE individual,816.0,0.2717966708467237
first_sem_approval_rate,6,0.20833333333333331,ICE individual,926.0,0.2036810247113631
first_sem_approval_rate,6,0.20833333333333331,ICE individual,1167.0,0.33867232002304637
first_sem_approval_rate,6,0.20833333333333331,ICE individual,1546.0,0.3921950552316409
first_sem_approval_rate,6,0.20833333333333331,ICE individual,1568.0,0.35706512024917175
first_sem_approval_rate,6,0.20833333333333331,ICE individual,1600.0,0.7564005103922452
first_sem_approval_rate,6,0.20833333333333331,ICE individual,1732.0,0.7795479206183392
first_sem_approval_rate,6,0.20833333333333331,ICE individual,1810.0,0.3092646896351763
first_sem_approval_rate,6,0.20833333333333331,ICE individual,1816.0,0.42512631764227027
first_sem_approval_rate,6,0.20833333333333331,ICE individual,1867.0,0.9443064737156152
first_sem_approval_rate,6,0.20833333333333331,ICE individual,1893.0,0.29133420159642226
first_sem_approval_rate,6,0.20833333333333331,ICE individual,1920.0,0.42996312233544964
first_sem_approval_rate,6,0.20833333333333331,ICE individual,1940.0,0.2572103847037308
first_sem_approval_rate,6,0.20833333333333331,ICE individual,2046.0,0.17548990195473615
first_sem_approval_rate,6,0.20833333333333331,ICE individual,2114.0,0.27988349266467294
first_sem_approval_rate,6,0.20833333333333331,ICE individual,2165.0,0.21184753177958615
first_sem_approval_rate,6,0.20833333333333331,ICE individual,2197.0,0.4842541500943857
first_sem_approval_rate,6,0.20833333333333331,ICE individual,2204.0,0.5429390854566598
first_sem_approval_rate,6,0.20833333333333331,ICE individual,2330.0,0.8798187697008373
first_sem_approval_rate,6,0.20833333333333331,ICE individual,2400.0,0.2815088468351885
first_sem_approval_rate,6,0.20833333333333331,ICE individual,2418.0,0.38279508459101713
first_sem_approval_rate,6,0.20833333333333331,ICE individual,2782.0,0.9635268874368027
first_sem_approval_rate,6,0.20833333333333331,ICE individual,2805.0,0.13649535558829473
first_sem_approval_rate,6,0.20833333333333331,ICE individual,2807.0,0.19684174125713474
first_sem_approval_rate,6,0.20833333333333331,ICE individual,2990.0,0.44943014546296656
first_sem_approval_rate,6,0.20833333333333331,ICE individual,3077.0,0.5655594643644092
first_sem_approval_rate,6,0.20833333333333331,ICE individual,3104.0,0.7818726879699186
first_sem_approval_rate,6,0.20833333333333331,ICE individual,3106.0,0.2628259564370885
first_sem_approval_rate,6,0.20833333333333331,ICE individual,3135.0,0.19667784647747824
first_sem_approval_rate,6,0.20833333333333331,ICE individual,3182.0,0.5387080857175888
first_sem_approval_rate,6,0.20833333333333331,ICE individual,3281.0,0.29185551692348044
first_sem_approval_rate,6,0.20833333333333331,ICE individual,3285.0,0.6202671714362118
first_sem_approval_rate,6,0.20833333333333331,ICE individual,3351.0,0.24991265266751556
first_sem_approval_rate,6,0.20833333333333331,ICE individual,3380.0,0.2129300367792801
first_sem_approval_rate,6,0.20833333333333331,ICE individual,3394.0,0.14761872642603843
first_sem_approval_rate,6,0.20833333333333331,ICE individual,3395.0,0.23730767126279537
first_sem_approval_rate,6,0.20833333333333331,ICE individual,3477.0,0.30656942491027095
first_sem_approval_rate,6,0.20833333333333331,ICE individual,3590.0,0.927909296282393
first_sem_approval_rate,6,0.20833333333333331,ICE individual,3622.0,0.13926659159387608
first_sem_approval_rate,6,0.20833333333333331,ICE individual,3641.0,0.22986951809422299
first_sem_approval_rate,6,0.20833333333333331,ICE individual,3642.0,0.9680706269662825
first_sem_approval_rate,6,0.20833333333333331,ICE individual,3741.0,0.2842471735373727
first_sem_approval_rate,6,0.20833333333333331,ICE individual,3883.0,0.904279652830486
first_sem_approval_rate,6,0.20833333333333331,ICE individual,3930.0,0.2980628418806665
first_sem_approval_rate,6,0.20833333333333331,ICE individual,3948.0,0.9229721334734748
first_sem_approval_rate,6,0.20833333333333331,ICE individual,4078.0,0.5970666951971982
first_sem_approval_rate,6,0.20833333333333331,ICE individual,4209.0,0.6627932117100314
first_sem_approval_rate,6,0.20833333333333331,ICE individual,4416.0,0.9111816309694944
first_sem_approval_rate,7,0.25,PDP average,,0.41346720490824634
first_sem_approval_rate,7,0.25,ICE individual,216.0,0.3616265284514757
first_sem_approval_rate,7,0.25,ICE individual,287.0,0.2792597644298073
first_sem_approval_rate,7,0.25,ICE individual,309.0,0.22273378840341407
first_sem_approval_rate,7,0.25,ICE individual,365.0,0.25315930033107564
first_sem_approval_rate,7,0.25,ICE individual,371.0,0.2637583505482912
first_sem_approval_rate,7,0.25,ICE individual,414.0,0.29185506869729166
first_sem_approval_rate,7,0.25,ICE individual,415.0,0.13908744740707601
first_sem_approval_rate,7,0.25,ICE individual,552.0,0.920578454214954
first_sem_approval_rate,7,0.25,ICE individual,681.0,0.3000890284942193
first_sem_approval_rate,7,0.25,ICE individual,724.0,0.9717889808420167
first_sem_approval_rate,7,0.25,ICE individual,748.0,0.2806658302541092
first_sem_approval_rate,7,0.25,ICE individual,808.0,0.5693638856276666
first_sem_approval_rate,7,0.25,ICE individual,816.0,0.27435363992274414
first_sem_approval_rate,7,0.25,ICE individual,926.0,0.2006137156765466
first_sem_approval_rate,7,0.25,ICE individual,1167.0,0.33951969231586165
first_sem_approval_rate,7,0.25,ICE individual,1546.0,0.3924676354974385
first_sem_approval_rate,7,0.25,ICE individual,1568.0,0.35977047007645
first_sem_approval_rate,7,0.25,ICE individual,1600.0,0.7569738498520912
first_sem_approval_rate,7,0.25,ICE individual,1732.0,0.7795479206183392
first_sem_approval_rate,7,0.25,ICE individual,1810.0,0.3082186645305738
first_sem_approval_rate,7,0.25,ICE individual,1816.0,0.42649145108917547
first_sem_approval_rate,7,0.25,ICE individual,1867.0,0.9443064737156152
first_sem_approval_rate,7,0.25,ICE individual,1893.0,0.29223360320659175
first_sem_approval_rate,7,0.25,ICE individual,1920.0,0.42996312233544964
first_sem_approval_rate,7,0.25,ICE individual,1940.0,0.257895686222182
first_sem_approval_rate,7,0.25,ICE individual,2046.0,0.1775274084359218
first_sem_approval_rate,7,0.25,ICE individual,2114.0,0.27988349266467294
first_sem_approval_rate,7,0.25,ICE individual,2165.0,0.21080150667498365
first_sem_approval_rate,7,0.25,ICE individual,2197.0,0.4871938816157241
first_sem_approval_rate,7,0.25,ICE individual,2204.0,0.5429390854566598
first_sem_approval_rate,7,0.25,ICE individual,2330.0,0.8798187697008373
first_sem_approval_rate,7,0.25,ICE individual,2400.0,0.2843812849858156
first_sem_approval_rate,7,0.25,ICE individual,2418.0,0.3875816409628434
first_sem_approval_rate,7,0.25,ICE individual,2782.0,0.9635268874368027
first_sem_approval_rate,7,0.25,ICE individual,2805.0,0.13302861777257077
first_sem_approval_rate,7,0.25,ICE individual,2807.0,0.19463762970403706
first_sem_approval_rate,7,0.25,ICE individual,2990.0,0.45420485131080607
first_sem_approval_rate,7,0.25,ICE individual,3077.0,0.5653024190991525
first_sem_approval_rate,7,0.25,ICE individual,3104.0,0.7818726879699186
first_sem_approval_rate,7,0.25,ICE individual,3106.0,0.2626925519546979
first_sem_approval_rate,7,0.25,ICE individual,3135.0,0.20022144470850334
first_sem_approval_rate,7,0.25,ICE individual,3182.0,0.540686125764222
first_sem_approval_rate,7,0.25,ICE individual,3281.0,0.2908094918188779
first_sem_approval_rate,7,0.25,ICE individual,3285.0,0.6202671714362118
first_sem_approval_rate,7,0.25,ICE individual,3351.0,0.24977924818512495
first_sem_approval_rate,7,0.25,ICE individual,3380.0,0.21221528430259098
first_sem_approval_rate,7,0.25,ICE individual,3394.0,0.14732428332833375
first_sem_approval_rate,7,0.25,ICE individual,3395.0,0.2384017442578822
first_sem_approval_rate,7,0.25,ICE individual,3477.0,0.30656942491027095
first_sem_approval_rate,7,0.25,ICE individual,3590.0,0.927909296282393
first_sem_approval_rate,7,0.25,ICE individual,3622.0,0.13488723315594026
first_sem_approval_rate,7,0.25,ICE individual,3641.0,0.22640278027849903
first_sem_approval_rate,7,0.25,ICE individual,3642.0,0.9680706269662825
first_sem_approval_rate,7,0.25,ICE individual,3741.0,0.2879729926667287
first_sem_approval_rate,7,0.25,ICE individual,3883.0,0.904279652830486
first_sem_approval_rate,7,0.25,ICE individual,3930.0,0.29734836302281736
first_sem_approval_rate,7,0.25,ICE individual,3948.0,0.9229721334734748
first_sem_approval_rate,7,0.25,ICE individual,4078.0,0.5991418661588755
first_sem_approval_rate,7,0.25,ICE individual,4209.0,0.6627932117100314
first_sem_approval_rate,7,0.25,ICE individual,4416.0,0.9111816309694944
first_sem_approval_rate,8,0.29166666666666663,PDP average,,0.41317121658227857
first_sem_approval_rate,8,0.29166666666666663,ICE individual,216.0,0.3626275106820319
first_sem_approval_rate,8,0.29166666666666663,ICE individual,287.0,0.2792597644298073
first_sem_approval_rate,8,0.29166666666666663,ICE individual,309.0,0.22273378840341407
first_sem_approval_rate,8,0.29166666666666663,ICE individual,365.0,0.25315930033107564
first_sem_approval_rate,8,0.29166666666666663,ICE individual,371.0,0.2637583505482912
first_sem_approval_rate,8,0.29166666666666663,ICE individual,414.0,0.29185506869729166
first_sem_approval_rate,8,0.29166666666666663,ICE individual,415.0,0.13575411407374272
first_sem_approval_rate,8,0.29166666666666663,ICE individual,552.0,0.920578454214954
first_sem_approval_rate,8,0.29166666666666663,ICE individual,681.0,0.3000890284942193
first_sem_approval_rate,8,0.29166666666666663,ICE individual,724.0,0.9717889808420167
first_sem_approval_rate,8,0.29166666666666663,ICE individual,748.0,0.27902690167084154
first_sem_approval_rate,8,0.29166666666666663,ICE individual,808.0,0.5693638856276666
first_sem_approval_rate,8,0.29166666666666663,ICE individual,816.0,0.2761698532127698
first_sem_approval_rate,8,0.29166666666666663,ICE individual,926.0,0.2006137156765466
first_sem_approval_rate,8,0.29166666666666663,ICE individual,1167.0,0.33951969231586165
first_sem_approval_rate,8,0.29166666666666663,ICE individual,1546.0,0.3952589701587931
first_sem_approval_rate,8,0.29166666666666663,ICE individual,1568.0,0.3585434877389829
first_sem_approval_rate,8,0.29166666666666663,ICE individual,1600.0,0.7572696882281901
first_sem_approval_rate,8,0.29166666666666663,ICE individual,1732.0,0.7795479206183392
first_sem_approval_rate,8,0.29166666666666663,ICE individual,1810.0,0.3082186645305738
first_sem_approval_rate,8,0.29166666666666663,ICE individual,1816.0,0.42649145108917547
first_sem_approval_rate,8,0.29166666666666663,ICE individual,1867.0,0.9443064737156152
first_sem_approval_rate,8,0.29166666666666663,ICE individual,1893.0,0.29133448891904784
first_sem_approval_rate,8,0.29166666666666663,ICE individual,1920.0,0.42996312233544964
first_sem_approval_rate,8,0.29166666666666663,ICE individual,1940.0,0.257895686222182
first_sem_approval_rate,8,0.29166666666666663,ICE individual,2046.0,0.1775274084359218
first_sem_approval_rate,8,0.29166666666666663,ICE individual,2114.0,0.28149093767313316
first_sem_approval_rate,8,0.29166666666666663,ICE individual,2165.0,0.21080150667498365
first_sem_approval_rate,8,0.29166666666666663,ICE individual,2197.0,0.49333305646210507
first_sem_approval_rate,8,0.29166666666666663,ICE individual,2204.0,0.5429390854566598
first_sem_approval_rate,8,0.29166666666666663,ICE individual,2330.0,0.8778068608493544
first_sem_approval_rate,8,0.29166666666666663,ICE individual,2400.0,0.2843812849858156
first_sem_approval_rate,8,0.29166666666666663,ICE individual,2418.0,0.3875816409628434
first_sem_approval_rate,8,0.29166666666666663,ICE individual,2782.0,0.9635268874368027
first_sem_approval_rate,8,0.29166666666666663,ICE individual,2805.0,0.13222520631983659
first_sem_approval_rate,8,0.29166666666666663,ICE individual,2807.0,0.19130429637070373
first_sem_approval_rate,8,0.29166666666666663,ICE individual,2990.0,0.4566914812766202
first_sem_approval_rate,8,0.29166666666666663,ICE individual,3077.0,0.5653024190991525
first_sem_approval_rate,8,0.29166666666666663,ICE individual,3104.0,0.7818726879699186
first_sem_approval_rate,8,0.29166666666666663,ICE individual,3106.0,0.2626925519546979
first_sem_approval_rate,8,0.29166666666666663,ICE individual,3135.0,0.20022144470850334
first_sem_approval_rate,8,0.29166666666666663,ICE individual,3182.0,0.540686125764222
first_sem_approval_rate,8,0.29166666666666663,ICE individual,3281.0,0.2908094918188779
first_sem_approval_rate,8,0.29166666666666663,ICE individual,3285.0,0.6236005047695451
first_sem_approval_rate,8,0.29166666666666663,ICE individual,3351.0,0.24977924818512495
first_sem_approval_rate,8,0.29166666666666663,ICE individual,3380.0,0.21221528430259098
first_sem_approval_rate,8,0.29166666666666663,ICE individual,3394.0,0.14732428332833375
first_sem_approval_rate,8,0.29166666666666663,ICE individual,3395.0,0.23970468380101428
first_sem_approval_rate,8,0.29166666666666663,ICE individual,3477.0,0.3033998117814324
first_sem_approval_rate,8,0.29166666666666663,ICE individual,3590.0,0.927909296282393
first_sem_approval_rate,8,0.29166666666666663,ICE individual,3622.0,0.13488723315594026
first_sem_approval_rate,8,0.29166666666666663,ICE individual,3641.0,0.2232331671496605
first_sem_approval_rate,8,0.29166666666666663,ICE individual,3642.0,0.9680706269662825
first_sem_approval_rate,8,0.29166666666666663,ICE individual,3741.0,0.2866782363719724
first_sem_approval_rate,8,0.29166666666666663,ICE individual,3883.0,0.9058870978389462
first_sem_approval_rate,8,0.29166666666666663,ICE individual,3930.0,0.29654495157008315
first_sem_approval_rate,8,0.29166666666666663,ICE individual,3948.0,0.9229721334734748
first_sem_approval_rate,8,0.29166666666666663,ICE individual,4078.0,0.6013131028684445
first_sem_approval_rate,8,0.29166666666666663,ICE individual,4209.0,0.6627932117100314
first_sem_approval_rate,8,0.29166666666666663,ICE individual,4416.0,0.9111816309694944
first_sem_approval_rate,9,0.3333333333333333,PDP average,,0.4113041531546431
first_sem_approval_rate,9,0.3333333333333333,ICE individual,216.0,0.3626275106820319
first_sem_approval_rate,9,0.3333333333333333,ICE individual,287.0,0.2792597644298073
first_sem_approval_rate,9,0.3333333333333333,ICE individual,309.0,0.21908808049430428
first_sem_approval_rate,9,0.3333333333333333,ICE individual,365.0,0.25315930033107564
first_sem_approval_rate,9,0.3333333333333333,ICE individual,371.0,0.2637583505482912
first_sem_approval_rate,9,0.3333333333333333,ICE individual,414.0,0.291923139189044
first_sem_approval_rate,9,0.3333333333333333,ICE individual,415.0,0.12674685229549265
first_sem_approval_rate,9,0.3333333333333333,ICE individual,552.0,0.920578454214954
first_sem_approval_rate,9,0.3333333333333333,ICE individual,681.0,0.3000890284942193
first_sem_approval_rate,9,0.3333333333333333,ICE individual,724.0,0.9717889808420167
first_sem_approval_rate,9,0.3333333333333333,ICE individual,748.0,0.27902690167084154
first_sem_approval_rate,9,0.3333333333333333,ICE individual,808.0,0.5693638856276666
first_sem_approval_rate,9,0.3333333333333333,ICE individual,816.0,0.27206627342072026
first_sem_approval_rate,9,0.3333333333333333,ICE individual,926.0,0.19812943180166967
first_sem_approval_rate,9,0.3333333333333333,ICE individual,1167.0,0.33618635898252835
first_sem_approval_rate,9,0.3333333333333333,ICE individual,1546.0,0.39570574101667905
first_sem_approval_rate,9,0.3333333333333333,ICE individual,1568.0,0.35544777209157
first_sem_approval_rate,9,0.3333333333333333,ICE individual,1600.0,0.7572696882281901
first_sem_approval_rate,9,0.3333333333333333,ICE individual,1732.0,0.7795479206183392
first_sem_approval_rate,9,0.3333333333333333,ICE individual,1810.0,0.3082186645305738
first_sem_approval_rate,9,0.3333333333333333,ICE individual,1816.0,0.42649145108917547
first_sem_approval_rate,9,0.3333333333333333,ICE individual,1867.0,0.9421685177748423
first_sem_approval_rate,9,0.3333333333333333,ICE individual,1893.0,0.2867923862715423
first_sem_approval_rate,9,0.3333333333333333,ICE individual,1920.0,0.42950017076289043
first_sem_approval_rate,9,0.3333333333333333,ICE individual,1940.0,0.2545623528888487
first_sem_approval_rate,9,0.3333333333333333,ICE individual,2046.0,0.1775274084359218
first_sem_approval_rate,9,0.3333333333333333,ICE individual,2114.0,0.27815760433979986
first_sem_approval_rate,9,0.3333333333333333,ICE individual,2165.0,0.21080150667498365
first_sem_approval_rate,9,0.3333333333333333,ICE individual,2197.0,0.4889754974214216
first_sem_approval_rate,9,0.3333333333333333,ICE individual,2204.0,0.5404930269221587
first_sem_approval_rate,9,0.3333333333333333,ICE individual,2330.0,0.871004159160799
first_sem_approval_rate,9,0.3333333333333333,ICE individual,2400.0,0.2843812849858156
first_sem_approval_rate,9,0.3333333333333333,ICE individual,2418.0,0.3875816409628434
first_sem_approval_rate,9,0.3333333333333333,ICE individual,2782.0,0.9635268874368027
first_sem_approval_rate,9,0.3333333333333333,ICE individual,2805.0,0.1283444980253352
first_sem_approval_rate,9,0.3333333333333333,ICE individual,2807.0,0.1850925227539004
first_sem_approval_rate,9,0.3333333333333333,ICE individual,2990.0,0.4566914812766202
first_sem_approval_rate,9,0.3333333333333333,ICE individual,3077.0,0.561376666044777
first_sem_approval_rate,9,0.3333333333333333,ICE individual,3104.0,0.7818726879699186
first_sem_approval_rate,9,0.3333333333333333,ICE individual,3106.0,0.26350705073073827
first_sem_approval_rate,9,0.3333333333333333,ICE individual,3135.0,0.20022144470850334
first_sem_approval_rate,9,0.3333333333333333,ICE individual,3182.0,0.540686125764222
first_sem_approval_rate,9,0.3333333333333333,ICE individual,3281.0,0.2908094918188779
first_sem_approval_rate,9,0.3333333333333333,ICE individual,3285.0,0.6225868857444492
first_sem_approval_rate,9,0.3333333333333333,ICE individual,3351.0,0.24977924818512495
first_sem_approval_rate,9,0.3333333333333333,ICE individual,3380.0,0.21221528430259098
first_sem_approval_rate,9,0.3333333333333333,ICE individual,3394.0,0.13829715710770393
first_sem_approval_rate,9,0.3333333333333333,ICE individual,3395.0,0.23303801713434755
first_sem_approval_rate,9,0.3333333333333333,ICE individual,3477.0,0.3033998117814324
first_sem_approval_rate,9,0.3333333333333333,ICE individual,3590.0,0.9238476436235427
first_sem_approval_rate,9,0.3333333333333333,ICE individual,3622.0,0.13488723315594026
first_sem_approval_rate,9,0.3333333333333333,ICE individual,3641.0,0.2206413752346472
first_sem_approval_rate,9,0.3333333333333333,ICE individual,3642.0,0.9689119257069897
first_sem_approval_rate,9,0.3333333333333333,ICE individual,3741.0,0.28954861813274657
first_sem_approval_rate,9,0.3333333333333333,ICE individual,3883.0,0.9058870978389462
first_sem_approval_rate,9,0.3333333333333333,ICE individual,3930.0,0.29941533333085735
first_sem_approval_rate,9,0.3333333333333333,ICE individual,3948.0,0.9186567589662475
first_sem_approval_rate,9,0.3333333333333333,ICE individual,4078.0,0.6031207793026171
first_sem_approval_rate,9,0.3333333333333333,ICE individual,4209.0,0.6627932117100314
first_sem_approval_rate,9,0.3333333333333333,ICE individual,4416.0,0.9111816309694944
first_sem_approval_rate,10,0.375,PDP average,,0.4006898002180371
first_sem_approval_rate,10,0.375,ICE individual,216.0,0.34349020857690654
first_sem_approval_rate,10,0.375,ICE individual,287.0,0.2741953636826158
first_sem_approval_rate,10,0.375,ICE individual,309.0,0.21707919473563023
first_sem_approval_rate,10,0.375,ICE individual,365.0,0.2526146088419038
first_sem_approval_rate,10,0.375,ICE individual,371.0,0.2598104420963434
first_sem_approval_rate,10,0.375,ICE individual,414.0,0.28253970153225866
first_sem_approval_rate,10,0.375,ICE individual,415.0,0.11795724172719607
first_sem_approval_rate,10,0.375,ICE individual,552.0,0.9144268696617238
first_sem_approval_rate,10,0.375,ICE individual,681.0,0.2893410799008174
first_sem_approval_rate,10,0.375,ICE individual,724.0,0.9659236675309304
first_sem_approval_rate,10,0.375,ICE individual,748.0,0.2821320669678075
first_sem_approval_rate,10,0.375,ICE individual,808.0,0.5667467025610454
first_sem_approval_rate,10,0.375,ICE individual,816.0,0.2672918625365491
first_sem_approval_rate,10,0.375,ICE individual,926.0,0.18817440540907163
first_sem_approval_rate,10,0.375,ICE individual,1167.0,0.3299692566638056
first_sem_approval_rate,10,0.375,ICE individual,1546.0,0.37155637995472046
first_sem_approval_rate,10,0.375,ICE individual,1568.0,0.3436307549694893
first_sem_approval_rate,10,0.375,ICE individual,1600.0,0.7530643821476979
first_sem_approval_rate,10,0.375,ICE individual,1732.0,0.7858703559112239
first_sem_approval_rate,10,0.375,ICE individual,1810.0,0.3023789464006236
first_sem_approval_rate,10,0.375,ICE individual,1816.0,0.42495948138344
first_sem_approval_rate,10,0.375,ICE individual,1867.0,0.9438671644192622
first_sem_approval_rate,10,0.375,ICE individual,1893.0,0.2653356367143272
first_sem_approval_rate,10,0.375,ICE individual,1920.0,0.4205302935918394
first_sem_approval_rate,10,0.375,ICE individual,1940.0,0.24432620668804475
first_sem_approval_rate,10,0.375,ICE individual,2046.0,0.16494186310171288
first_sem_approval_rate,10,0.375,ICE individual,2114.0,0.27632671919452234
first_sem_approval_rate,10,0.375,ICE individual,2165.0,0.19675490954406527
first_sem_approval_rate,10,0.375,ICE individual,2197.0,0.4555121883380203
first_sem_approval_rate,10,0.375,ICE individual,2204.0,0.5448689897730806
first_sem_approval_rate,10,0.375,ICE individual,2330.0,0.8650264228413472
first_sem_approval_rate,10,0.375,ICE individual,2400.0,0.2763965772298981
first_sem_approval_rate,10,0.375,ICE individual,2418.0,0.3824604494136937
first_sem_approval_rate,10,0.375,ICE individual,2782.0,0.9635268874368027
first_sem_approval_rate,10,0.375,ICE individual,2805.0,0.12207043734402077
first_sem_approval_rate,10,0.375,ICE individual,2807.0,0.1719692169833101
first_sem_approval_rate,10,0.375,ICE individual,2990.0,0.44154324399226585
first_sem_approval_rate,10,0.375,ICE individual,3077.0,0.5429669836243823
first_sem_approval_rate,10,0.375,ICE individual,3104.0,0.7812697730071421
first_sem_approval_rate,10,0.375,ICE individual,3106.0,0.25970353579096234
first_sem_approval_rate,10,0.375,ICE individual,3135.0,0.1919099159244713
first_sem_approval_rate,10,0.375,ICE individual,3182.0,0.5400214436446917
first_sem_approval_rate,10,0.375,ICE individual,3281.0,0.2779472065892272
first_sem_approval_rate,10,0.375,ICE individual,3285.0,0.6179199930854243
first_sem_approval_rate,10,0.375,ICE individual,3351.0,0.24179343872000505
first_sem_approval_rate,10,0.375,ICE individual,3380.0,0.208255741511253
first_sem_approval_rate,10,0.375,ICE individual,3394.0,0.1298614647871056
first_sem_approval_rate,10,0.375,ICE individual,3395.0,0.2243248877970384
first_sem_approval_rate,10,0.375,ICE individual,3477.0,0.3033998117814324
first_sem_approval_rate,10,0.375,ICE individual,3590.0,0.9126941134249756
first_sem_approval_rate,10,0.375,ICE individual,3622.0,0.1280642597292078
first_sem_approval_rate,10,0.375,ICE individual,3641.0,0.21186186967116324
first_sem_approval_rate,10,0.375,ICE individual,3642.0,0.9632297205924022
first_sem_approval_rate,10,0.375,ICE individual,3741.0,0.27875157478219625
first_sem_approval_rate,10,0.375,ICE individual,3883.0,0.9037610116862379
first_sem_approval_rate,10,0.375,ICE individual,3930.0,0.28186002898141255
first_sem_approval_rate,10,0.375,ICE individual,3948.0,0.9053253091989387
first_sem_approval_rate,10,0.375,ICE individual,4078.0,0.5894932985629613
first_sem_approval_rate,10,0.375,ICE individual,4209.0,0.6627932117100314
first_sem_approval_rate,10,0.375,ICE individual,4416.0,0.9042472374121486
first_sem_approval_rate,11,0.41666666666666663,PDP average,,0.3905580331615004
first_sem_approval_rate,11,0.41666666666666663,ICE individual,216.0,0.33251257765098696
first_sem_approval_rate,11,0.41666666666666663,ICE individual,287.0,0.26005400400099743
first_sem_approval_rate,11,0.41666666666666663,ICE individual,309.0,0.2086304331931315
first_sem_approval_rate,11,0.41666666666666663,ICE individual,365.0,0.23574051074078806
first_sem_approval_rate,11,0.41666666666666663,ICE individual,371.0,0.24708120613865242
first_sem_approval_rate,11,0.41666666666666663,ICE individual,414.0,0.2692063681989253
first_sem_approval_rate,11,0.41666666666666663,ICE individual,415.0,0.10865784811802347
first_sem_approval_rate,11,0.41666666666666663,ICE individual,552.0,0.9132110272012748
first_sem_approval_rate,11,0.41666666666666663,ICE individual,681.0,0.286346830291272
first_sem_approval_rate,11,0.41666666666666663,ICE individual,724.0,0.9659236675309304
first_sem_approval_rate,11,0.41666666666666663,ICE individual,748.0,0.2826245758660776
first_sem_approval_rate,11,0.41666666666666663,ICE individual,808.0,0.5667467025610454
first_sem_approval_rate,11,0.41666666666666663,ICE individual,816.0,0.25199669812600145
first_sem_approval_rate,11,0.41666666666666663,ICE individual,926.0,0.18267366896260936
first_sem_approval_rate,11,0.41666666666666663,ICE individual,1167.0,0.3232805488201121
first_sem_approval_rate,11,0.41666666666666663,ICE individual,1546.0,0.3517752461348077
first_sem_approval_rate,11,0.41666666666666663,ICE individual,1568.0,0.3354719756693997
first_sem_approval_rate,11,0.41666666666666663,ICE individual,1600.0,0.7504972283971931
first_sem_approval_rate,11,0.41666666666666663,ICE individual,1732.0,0.7887150330490948
first_sem_approval_rate,11,0.41666666666666663,ICE individual,1810.0,0.2809296016822724
first_sem_approval_rate,11,0.41666666666666663,ICE individual,1816.0,0.42198942738245815
first_sem_approval_rate,11,0.41666666666666663,ICE individual,1867.0,0.9393559849950496
first_sem_approval_rate,11,0.41666666666666663,ICE individual,1893.0,0.2607981835308066
first_sem_approval_rate,11,0.41666666666666663,ICE individual,1920.0,0.41875928955637853
first_sem_approval_rate,11,0.41666666666666663,ICE individual,1940.0,0.22887044325958744
first_sem_approval_rate,11,0.41666666666666663,ICE individual,2046.0,0.14534932500710984
first_sem_approval_rate,11,0.41666666666666663,ICE individual,2114.0,0.2755598566140578
first_sem_approval_rate,11,0.41666666666666663,ICE individual,2165.0,0.1864346824571796
first_sem_approval_rate,11,0.41666666666666663,ICE individual,2197.0,0.41827734480536527
first_sem_approval_rate,11,0.41666666666666663,ICE individual,2204.0,0.5500785898686321
first_sem_approval_rate,11,0.41666666666666663,ICE individual,2330.0,0.8626087016958489
first_sem_approval_rate,11,0.41666666666666663,ICE individual,2400.0,0.2583575177198987
first_sem_approval_rate,11,0.41666666666666663,ICE individual,2418.0,0.3766620669622991
first_sem_approval_rate,11,0.41666666666666663,ICE individual,2782.0,0.9635268874368027
first_sem_approval_rate,11,0.41666666666666663,ICE individual,2805.0,0.1104718392113543
first_sem_approval_rate,11,0.41666666666666663,ICE individual,2807.0,0.16001024125455832
first_sem_approval_rate,11,0.41666666666666663,ICE individual,2990.0,0.42356423383627645
first_sem_approval_rate,11,0.41666666666666663,ICE individual,3077.0,0.5243841473786554
first_sem_approval_rate,11,0.41666666666666663,ICE individual,3104.0,0.7761047730071421
first_sem_approval_rate,11,0.41666666666666663,ICE individual,3106.0,0.25303686912429557
first_sem_approval_rate,11,0.41666666666666663,ICE individual,3135.0,0.17891365257697756
first_sem_approval_rate,11,0.41666666666666663,ICE individual,3182.0,0.5384589311671895
first_sem_approval_rate,11,0.41666666666666663,ICE individual,3281.0,0.26472954349400507
first_sem_approval_rate,11,0.41666666666666663,ICE individual,3285.0,0.6122285847798405
first_sem_approval_rate,11,0.41666666666666663,ICE individual,3351.0,0.22702542200051382
first_sem_approval_rate,11,0.41666666666666663,ICE individual,3380.0,0.1940006407776061
first_sem_approval_rate,11,0.41666666666666663,ICE individual,3394.0,0.12404080505912086
first_sem_approval_rate,11,0.41666666666666663,ICE individual,3395.0,0.20865453770074432
first_sem_approval_rate,11,0.41666666666666663,ICE individual,3477.0,0.30102312094060496
first_sem_approval_rate,11,0.41666666666666663,ICE individual,3590.0,0.9062007933103655
first_sem_approval_rate,11,0.41666666666666663,ICE individual,3622.0,0.10139759306254117
first_sem_approval_rate,11,0.41666666666666663,ICE individual,3641.0,0.19786483093235469
first_sem_approval_rate,11,0.41666666666666663,ICE individual,3642.0,0.9632297205924022
first_sem_approval_rate,11,0.41666666666666663,ICE individual,3741.0,0.2596447307933582
first_sem_approval_rate,11,0.41666666666666663,ICE individual,3883.0,0.9037610116862379
first_sem_approval_rate,11,0.41666666666666663,ICE individual,3930.0,0.26149769249286
first_sem_approval_rate,11,0.41666666666666663,ICE individual,3948.0,0.8912568716497138
first_sem_approval_rate,11,0.41666666666666663,ICE individual,4078.0,0.5686473840766555
first_sem_approval_rate,11,0.41666666666666663,ICE individual,4209.0,0.6678148472435813
first_sem_approval_rate,11,0.41666666666666663,ICE individual,4416.0,0.9042472374121486
first_sem_approval_rate,12,0.4583333333333333,PDP average,,0.387899306705463
first_sem_approval_rate,12,0.4583333333333333,ICE individual,216.0,0.3308685049656683
first_sem_approval_rate,12,0.4583333333333333,ICE individual,287.0,0.25458823520189533
first_sem_approval_rate,12,0.4583333333333333,ICE individual,309.0,0.2047812044246477
first_sem_approval_rate,12,0.4583333333333333,ICE individual,365.0,0.2298841382921568
first_sem_approval_rate,12,0.4583333333333333,ICE individual,371.0,0.2437478728053191
first_sem_approval_rate,12,0.4583333333333333,ICE individual,414.0,0.2692063681989253
first_sem_approval_rate,12,0.4583333333333333,ICE individual,415.0,0.10532451478469015
first_sem_approval_rate,12,0.4583333333333333,ICE individual,552.0,0.9132110272012748
first_sem_approval_rate,12,0.4583333333333333,ICE individual,681.0,0.28458115372361514
first_sem_approval_rate,12,0.4583333333333333,ICE individual,724.0,0.9659236675309304
first_sem_approval_rate,12,0.4583333333333333,ICE individual,748.0,0.2780903446651797
first_sem_approval_rate,12,0.4583333333333333,ICE individual,808.0,0.5667467025610454
first_sem_approval_rate,12,0.4583333333333333,ICE individual,816.0,0.25199669812600145
first_sem_approval_rate,12,0.4583333333333333,ICE individual,926.0,0.17600700229594268
first_sem_approval_rate,12,0.4583333333333333,ICE individual,1167.0,0.3199472154867788
first_sem_approval_rate,12,0.4583333333333333,ICE individual,1546.0,0.34470897989204347
first_sem_approval_rate,12,0.4583333333333333,ICE individual,1568.0,0.3321386423360663
first_sem_approval_rate,12,0.4583333333333333,ICE individual,1600.0,0.7453530271095526
first_sem_approval_rate,12,0.4583333333333333,ICE individual,1732.0,0.7895253272671301
first_sem_approval_rate,12,0.4583333333333333,ICE individual,1810.0,0.27426293501560567
first_sem_approval_rate,12,0.4583333333333333,ICE individual,1816.0,0.42198942738245815
first_sem_approval_rate,12,0.4583333333333333,ICE individual,1867.0,0.9367927705856282
first_sem_approval_rate,12,0.4583333333333333,ICE individual,1893.0,0.2595679325052628
first_sem_approval_rate,12,0.4583333333333333,ICE individual,1920.0,0.4124208678679306
first_sem_approval_rate,12,0.4583333333333333,ICE individual,1940.0,0.22683898502370853
first_sem_approval_rate,12,0.4583333333333333,ICE individual,2046.0,0.14534932500710984
first_sem_approval_rate,12,0.4583333333333333,ICE individual,2114.0,0.27337070423075566
first_sem_approval_rate,12,0.4583333333333333,ICE individual,2165.0,0.1864346824571796
first_sem_approval_rate,12,0.4583333333333333,ICE individual,2197.0,0.417182819442203
first_sem_approval_rate,12,0.4583333333333333,ICE individual,2204.0,0.5487116014021172
first_sem_approval_rate,12,0.4583333333333333,ICE individual,2330.0,0.8626087016958489
first_sem_approval_rate,12,0.4583333333333333,ICE individual,2400.0,0.25169085105323197
first_sem_approval_rate,12,0.4583333333333333,ICE individual,2418.0,0.37332873362896574
first_sem_approval_rate,12,0.4583333333333333,ICE individual,2782.0,0.9635268874368027
first_sem_approval_rate,12,0.4583333333333333,ICE individual,2805.0,0.1104718392113543
first_sem_approval_rate,12,0.4583333333333333,ICE individual,2807.0,0.15780219650730562
first_sem_approval_rate,12,0.4583333333333333,ICE individual,2990.0,0.41689756716960974
first_sem_approval_rate,12,0.4583333333333333,ICE individual,3077.0,0.5163155414509496
first_sem_approval_rate,12,0.4583333333333333,ICE individual,3104.0,0.7786348605344943
first_sem_approval_rate,12,0.4583333333333333,ICE individual,3106.0,0.2550440128044431
first_sem_approval_rate,12,0.4583333333333333,ICE individual,3135.0,0.17760195081653574
first_sem_approval_rate,12,0.4583333333333333,ICE individual,3182.0,0.5384589311671895
first_sem_approval_rate,12,0.4583333333333333,ICE individual,3281.0,0.26472954349400507
first_sem_approval_rate,12,0.4583333333333333,ICE individual,3285.0,0.6079110540181599
first_sem_approval_rate,12,0.4583333333333333,ICE individual,3351.0,0.2236920886671805
first_sem_approval_rate,12,0.4583333333333333,ICE individual,3380.0,0.19066730744427274
first_sem_approval_rate,12,0.4583333333333333,ICE individual,3394.0,0.12151776594382288
first_sem_approval_rate,12,0.4583333333333333,ICE individual,3395.0,0.20328974613153206
first_sem_approval_rate,12,0.4583333333333333,ICE individual,3477.0,0.30102312094060496
first_sem_approval_rate,12,0.4583333333333333,ICE individual,3590.0,0.9044608209728828
first_sem_approval_rate,12,0.4583333333333333,ICE individual,3622.0,0.10139759306254117
first_sem_approval_rate,12,0.4583333333333333,ICE individual,3641.0,0.19786483093235469
first_sem_approval_rate,12,0.4583333333333333,ICE individual,3642.0,0.9565630539257355
first_sem_approval_rate,12,0.4583333333333333,ICE individual,3741.0,0.2529780641266915
first_sem_approval_rate,12,0.4583333333333333,ICE individual,3883.0,0.90123797257094
first_sem_approval_rate,12,0.4583333333333333,ICE individual,3930.0,0.2603701337112152
first_sem_approval_rate,12,0.4583333333333333,ICE individual,3948.0,0.8863260639789395
first_sem_approval_rate,12,0.4583333333333333,ICE individual,4078.0,0.5617917434961354
first_sem_approval_rate,12,0.4583333333333333,ICE individual,4209.0,0.6711481805769144
first_sem_approval_rate,12,0.4583333333333333,ICE individual,4416.0,0.9009139040788153
first_sem_approval_rate,13,0.5,PDP average,,0.3865392988282009
first_sem_approval_rate,13,0.5,ICE individual,216.0,0.33265227270675357
first_sem_approval_rate,13,0.5,ICE individual,287.0,0.25176960775091495
first_sem_approval_rate,13,0.5,ICE individual,309.0,0.20532464250228172
first_sem_approval_rate,13,0.5,ICE individual,365.0,0.22768915767102413
first_sem_approval_rate,13,0.5,ICE individual,371.0,0.2437478728053191
first_sem_approval_rate,13,0.5,ICE individual,414.0,0.2651992457896731
first_sem_approval_rate,13,0.5,ICE individual,415.0,0.10532451478469015
first_sem_approval_rate,13,0.5,ICE individual,552.0,0.9129783098843685
first_sem_approval_rate,13,0.5,ICE individual,681.0,0.28176252627263476
first_sem_approval_rate,13,0.5,ICE individual,724.0,0.9676587636463021
first_sem_approval_rate,13,0.5,ICE individual,748.0,0.27863378274281375
first_sem_approval_rate,13,0.5,ICE individual,808.0,0.5651730715137301
first_sem_approval_rate,13,0.5,ICE individual,816.0,0.24866336479266807
first_sem_approval_rate,13,0.5,ICE individual,926.0,0.17313287065663205
first_sem_approval_rate,13,0.5,ICE individual,1167.0,0.31682012440758683
first_sem_approval_rate,13,0.5,ICE individual,1546.0,0.34714568347812835
first_sem_approval_rate,13,0.5,ICE individual,1568.0,0.33093113059897716
first_sem_approval_rate,13,0.5,ICE individual,1600.0,0.7397309961359905
first_sem_approval_rate,13,0.5,ICE individual,1732.0,0.7895253272671301
first_sem_approval_rate,13,0.5,ICE individual,1810.0,0.27079103945847577
first_sem_approval_rate,13,0.5,ICE individual,1816.0,0.42225199075903275
first_sem_approval_rate,13,0.5,ICE individual,1867.0,0.9385278667009999
first_sem_approval_rate,13,0.5,ICE individual,1893.0,0.2574418463525543
first_sem_approval_rate,13,0.5,ICE individual,1920.0,0.41207825655812913
first_sem_approval_rate,13,0.5,ICE individual,1940.0,0.22402035757272812
first_sem_approval_rate,13,0.5,ICE individual,2046.0,0.14697800300130795
first_sem_approval_rate,13,0.5,ICE individual,2114.0,0.2705520767797753
first_sem_approval_rate,13,0.5,ICE individual,2165.0,0.1864346824571796
first_sem_approval_rate,13,0.5,ICE individual,2197.0,0.417182819442203
first_sem_approval_rate,13,0.5,ICE individual,2204.0,0.5473873411732577
first_sem_approval_rate,13,0.5,ICE individual,2330.0,0.8626087016958489
first_sem_approval_rate,13,0.5,ICE individual,2400.0,0.25169085105323197
first_sem_approval_rate,13,0.5,ICE individual,2418.0,0.3714474328159576
first_sem_approval_rate,13,0.5,ICE individual,2782.0,0.9635268874368027
first_sem_approval_rate,13,0.5,ICE individual,2805.0,0.1104718392113543
first_sem_approval_rate,13,0.5,ICE individual,2807.0,0.15780219650730562
first_sem_approval_rate,13,0.5,ICE individual,2990.0,0.4210076253127667
first_sem_approval_rate,13,0.5,ICE individual,3077.0,0.5238211436675867
first_sem_approval_rate,13,0.5,ICE individual,3104.0,0.7785181797233602
first_sem_approval_rate,13,0.5,ICE individual,3106.0,0.25502505120076774
first_sem_approval_rate,13,0.5,ICE individual,3135.0,0.17760195081653574
first_sem_approval_rate,13,0.5,ICE individual,3182.0,0.539206481652876
first_sem_approval_rate,13,0.5,ICE individual,3281.0,0.26073114076212583
first_sem_approval_rate,13,0.5,ICE individual,3285.0,0.6045777206848266
first_sem_approval_rate,13,0.5,ICE individual,3351.0,0.22420679454953343
first_sem_approval_rate,13,0.5,ICE individual,3380.0,0.18784662968991742
first_sem_approval_rate,13,0.5,ICE individual,3394.0,0.12151776594382288
first_sem_approval_rate,13,0.5,ICE individual,3395.0,0.2050834557867992
first_sem_approval_rate,13,0.5,ICE individual,3477.0,0.2991712690887531
first_sem_approval_rate,13,0.5,ICE individual,3590.0,0.8927622519772698
first_sem_approval_rate,13,0.5,ICE individual,3622.0,0.10139759306254117
first_sem_approval_rate,13,0.5,ICE individual,3641.0,0.19786483093235469
first_sem_approval_rate,13,0.5,ICE individual,3642.0,0.9555185489302767
first_sem_approval_rate,13,0.5,ICE individual,3741.0,0.24930211948355677
first_sem_approval_rate,13,0.5,ICE individual,3883.0,0.8984193451199595
first_sem_approval_rate,13,0.5,ICE individual,3930.0,0.26196738514860124
first_sem_approval_rate,13,0.5,ICE individual,3948.0,0.8734172748274012
first_sem_approval_rate,13,0.5,ICE individual,4078.0,0.5585908988730875
first_sem_approval_rate,13,0.5,ICE individual,4209.0,0.6715945982876553
first_sem_approval_rate,13,0.5,ICE individual,4416.0,0.9009139040788153
first_sem_approval_rate,14,0.5416666666666666,PDP average,,0.38075608626884166
first_sem_approval_rate,14,0.5416666666666666,ICE individual,216.0,0.32198358596291665
first_sem_approval_rate,14,0.5416666666666666,ICE individual,287.0,0.24603382951761552
first_sem_approval_rate,14,0.5416666666666666,ICE individual,309.0,0.20409807154144197
first_sem_approval_rate,14,0.5416666666666666,ICE individual,365.0,0.22407747988062796
first_sem_approval_rate,14,0.5416666666666666,ICE individual,371.0,0.2374908155249787
first_sem_approval_rate,14,0.5416666666666666,ICE individual,414.0,0.26115850534514473
first_sem_approval_rate,14,0.5416666666666666,ICE individual,415.0,0.09987666069072124
first_sem_approval_rate,14,0.5416666666666666,ICE individual,552.0,0.9093288166854817
first_sem_approval_rate,14,0.5416666666666666,ICE individual,681.0,0.2734983794726297
first_sem_approval_rate,14,0.5416666666666666,ICE individual,724.0,0.9676587636463021
first_sem_approval_rate,14,0.5416666666666666,ICE individual,748.0,0.27012064682477077
first_sem_approval_rate,14,0.5416666666666666,ICE individual,808.0,0.5618397381803967
first_sem_approval_rate,14,0.5416666666666666,ICE individual,816.0,0.2292690763552422
first_sem_approval_rate,14,0.5416666666666666,ICE individual,926.0,0.17080207430337077
first_sem_approval_rate,14,0.5416666666666666,ICE individual,1167.0,0.3016325694363877
first_sem_approval_rate,14,0.5416666666666666,ICE individual,1546.0,0.33223059002057115
first_sem_approval_rate,14,0.5416666666666666,ICE individual,1568.0,0.3188390819753312
first_sem_approval_rate,14,0.5416666666666666,ICE individual,1600.0,0.7374402882808241
first_sem_approval_rate,14,0.5416666666666666,ICE individual,1732.0,0.7861919939337968
first_sem_approval_rate,14,0.5416666666666666,ICE individual,1810.0,0.2683717666113282
first_sem_approval_rate,14,0.5416666666666666,ICE individual,1816.0,0.4110376182737468
first_sem_approval_rate,14,0.5416666666666666,ICE individual,1867.0,0.931553790771165
first_sem_approval_rate,14,0.5416666666666666,ICE individual,1893.0,0.24366314231038813
first_sem_approval_rate,14,0.5416666666666666,ICE individual,1920.0,0.4112952539553156
first_sem_approval_rate,14,0.5416666666666666,ICE individual,1940.0,0.217340708127949
first_sem_approval_rate,14,0.5416666666666666,ICE individual,2046.0,0.13912838415302928
first_sem_approval_rate,14,0.5416666666666666,ICE individual,2114.0,0.26468317653064816
first_sem_approval_rate,14,0.5416666666666666,ICE individual,2165.0,0.18952674789185495
first_sem_approval_rate,14,0.5416666666666666,ICE individual,2197.0,0.3848949057477015
first_sem_approval_rate,14,0.5416666666666666,ICE individual,2204.0,0.5442725917802165
first_sem_approval_rate,14,0.5416666666666666,ICE individual,2330.0,0.8647531835099369
first_sem_approval_rate,14,0.5416666666666666,ICE individual,2400.0,0.24521438030746187
first_sem_approval_rate,14,0.5416666666666666,ICE individual,2418.0,0.3676584495167841
first_sem_approval_rate,14,0.5416666666666666,ICE individual,2782.0,0.9635268874368027
first_sem_approval_rate,14,0.5416666666666666,ICE individual,2805.0,0.1078457914729119
first_sem_approval_rate,14,0.5416666666666666,ICE individual,2807.0,0.14993601320823746
first_sem_approval_rate,14,0.5416666666666666,ICE individual,2990.0,0.4172857365187409
first_sem_approval_rate,14,0.5416666666666666,ICE individual,3077.0,0.5084935195121609
first_sem_approval_rate,14,0.5416666666666666,ICE individual,3104.0,0.7785181797233602
first_sem_approval_rate,14,0.5416666666666666,ICE individual,3106.0,0.2476673435846516
first_sem_approval_rate,14,0.5416666666666666,ICE individual,3135.0,0.17320328299304313
first_sem_approval_rate,14,0.5416666666666666,ICE individual,3182.0,0.5301688202240488
first_sem_approval_rate,14,0.5416666666666666,ICE individual,3281.0,0.2600756859657109
first_sem_approval_rate,14,0.5416666666666666,ICE individual,3285.0,0.5907334424943075
first_sem_approval_rate,14,0.5416666666666666,ICE individual,3351.0,0.22035594273339718
first_sem_approval_rate,14,0.5416666666666666,ICE individual,3380.0,0.18728322442689826
first_sem_approval_rate,14,0.5416666666666666,ICE individual,3394.0,0.12359019745908005
first_sem_approval_rate,14,0.5416666666666666,ICE individual,3395.0,0.1917177631761642
first_sem_approval_rate,14,0.5416666666666666,ICE individual,3477.0,0.2991712690887531
first_sem_approval_rate,14,0.5416666666666666,ICE individual,3590.0,0.8834378926753387
first_sem_approval_rate,14,0.5416666666666666,ICE individual,3622.0,0.10139759306254117
first_sem_approval_rate,14,0.5416666666666666,ICE individual,3641.0,0.19707971610074845
first_sem_approval_rate,14,0.5416666666666666,ICE individual,3642.0,0.9576630307443649
first_sem_approval_rate,14,0.5416666666666666,ICE individual,3741.0,0.23768059661527904
first_sem_approval_rate,14,0.5416666666666666,ICE individual,3883.0,0.8984193451199595
first_sem_approval_rate,14,0.5416666666666666,ICE individual,3930.0,0.24649385472453256
first_sem_approval_rate,14,0.5416666666666666,ICE individual,3948.0,0.8659088546787552
first_sem_approval_rate,14,0.5416666666666666,ICE individual,4078.0,0.5533615219472955
first_sem_approval_rate,14,0.5416666666666666,ICE individual,4209.0,0.6690589102239954
first_sem_approval_rate,14,0.5416666666666666,ICE individual,4416.0,0.9009139040788153
first_sem_approval_rate,15,0.5833333333333333,PDP average,,0.37697252142153553
first_sem_approval_rate,15,0.5833333333333333,ICE individual,216.0,0.3050052194617926
first_sem_approval_rate,15,0.5833333333333333,ICE individual,287.0,0.23888506261228537
first_sem_approval_rate,15,0.5833333333333333,ICE individual,309.0,0.20436839230497117
first_sem_approval_rate,15,0.5833333333333333,ICE individual,365.0,0.2241867784274984
first_sem_approval_rate,15,0.5833333333333333,ICE individual,371.0,0.23284223677956234
first_sem_approval_rate,15,0.5833333333333333,ICE individual,414.0,0.25862009811419395
first_sem_approval_rate,15,0.5833333333333333,ICE individual,415.0,0.09956874537296923
first_sem_approval_rate,15,0.5833333333333333,ICE individual,552.0,0.9114715407398883
first_sem_approval_rate,15,0.5833333333333333,ICE individual,681.0,0.2672937673284172
first_sem_approval_rate,15,0.5833333333333333,ICE individual,724.0,0.9643254303129688
first_sem_approval_rate,15,0.5833333333333333,ICE individual,748.0,0.26905671236521816
first_sem_approval_rate,15,0.5833333333333333,ICE individual,808.0,0.5593499208107999
first_sem_approval_rate,15,0.5833333333333333,ICE individual,816.0,0.22267989722374867
first_sem_approval_rate,15,0.5833333333333333,ICE individual,926.0,0.16628226862325118
first_sem_approval_rate,15,0.5833333333333333,ICE individual,1167.0,0.295002284660017
first_sem_approval_rate,15,0.5833333333333333,ICE individual,1546.0,0.31601178074735203
first_sem_approval_rate,15,0.5833333333333333,ICE individual,1568.0,0.3103716137503047
first_sem_approval_rate,15,0.5833333333333333,ICE individual,1600.0,0.7361009695391179
first_sem_approval_rate,15,0.5833333333333333,ICE individual,1732.0,0.7843362990881242
first_sem_approval_rate,15,0.5833333333333333,ICE individual,1810.0,0.2704978634948919
first_sem_approval_rate,15,0.5833333333333333,ICE individual,1816.0,0.4006192375074272
first_sem_approval_rate,15,0.5833333333333333,ICE individual,1867.0,0.9248871241044982
first_sem_approval_rate,15,0.5833333333333333,ICE individual,1893.0,0.239470613574756
first_sem_approval_rate,15,0.5833333333333333,ICE individual,1920.0,0.4085513248446754
first_sem_approval_rate,15,0.5833333333333333,ICE individual,1940.0,0.2202417742286392
first_sem_approval_rate,15,0.5833333333333333,ICE individual,2046.0,0.13059972424944263
first_sem_approval_rate,15,0.5833333333333333,ICE individual,2114.0,0.2680165098639815
first_sem_approval_rate,15,0.5833333333333333,ICE individual,2165.0,0.1909701231694271
first_sem_approval_rate,15,0.5833333333333333,ICE individual,2197.0,0.37530856544208946
first_sem_approval_rate,15,0.5833333333333333,ICE individual,2204.0,0.546143335199895
first_sem_approval_rate,15,0.5833333333333333,ICE individual,2330.0,0.8605423031832834
first_sem_approval_rate,15,0.5833333333333333,ICE individual,2400.0,0.23542139375145457
first_sem_approval_rate,15,0.5833333333333333,ICE individual,2418.0,0.36074693018570075
first_sem_approval_rate,15,0.5833333333333333,ICE individual,2782.0,0.9635268874368027
first_sem_approval_rate,15,0.5833333333333333,ICE individual,2805.0,0.10675933911370568
first_sem_approval_rate,15,0.5833333333333333,ICE individual,2807.0,0.1482569727694124
first_sem_approval_rate,15,0.5833333333333333,ICE individual,2990.0,0.41633526865575554
first_sem_approval_rate,15,0.5833333333333333,ICE individual,3077.0,0.4938060539466628
first_sem_approval_rate,15,0.5833333333333333,ICE individual,3104.0,0.7775404505290605
first_sem_approval_rate,15,0.5833333333333333,ICE individual,3106.0,0.23670726339795214
first_sem_approval_rate,15,0.5833333333333333,ICE individual,3135.0,0.1657014452305303
first_sem_approval_rate,15,0.5833333333333333,ICE individual,3182.0,0.5235637930728718
first_sem_approval_rate,15,0.5833333333333333,ICE individual,3281.0,0.25893504764059005
first_sem_approval_rate,15,0.5833333333333333,ICE individual,3285.0,0.5904465460855002
first_sem_approval_rate,15,0.5833333333333333,ICE individual,3351.0,0.2211380305639015
first_sem_approval_rate,15,0.5833333333333333,ICE individual,3380.0,0.18862207258676425
first_sem_approval_rate,15,0.5833333333333333,ICE individual,3394.0,0.12395523962242824
first_sem_approval_rate,15,0.5833333333333333,ICE individual,3395.0,0.19370551235909217
first_sem_approval_rate,15,0.5833333333333333,ICE individual,3477.0,0.30061464436632523
first_sem_approval_rate,15,0.5833333333333333,ICE individual,3590.0,0.8833343809323185
first_sem_approval_rate,15,0.5833333333333333,ICE individual,3622.0,0.10284096834011335
first_sem_approval_rate,15,0.5833333333333333,ICE individual,3641.0,0.1951897580449873
first_sem_approval_rate,15,0.5833333333333333,ICE individual,3642.0,0.9546497045284398
first_sem_approval_rate,15,0.5833333333333333,ICE individual,3741.0,0.23791397784015003
first_sem_approval_rate,15,0.5833333333333333,ICE individual,3883.0,0.9017526784532929
first_sem_approval_rate,15,0.5833333333333333,ICE individual,3930.0,0.23283441691716977
first_sem_approval_rate,15,0.5833333333333333,ICE individual,3948.0,0.863997917192692
first_sem_approval_rate,15,0.5833333333333333,ICE individual,4078.0,0.5534437635342169
first_sem_approval_rate,15,0.5833333333333333,ICE individual,4209.0,0.6677568628349915
first_sem_approval_rate,15,0.5833333333333333,ICE individual,4416.0,0.8960519993169106
first_sem_approval_rate,16,0.625,PDP average,,0.3704386308738884
first_sem_approval_rate,16,0.625,ICE individual,216.0,0.289570553534895
first_sem_approval_rate,16,0.625,ICE individual,287.0,0.2310087031389024
first_sem_approval_rate,16,0.625,ICE individual,309.0,0.1999162827283967
first_sem_approval_rate,16,0.625,ICE individual,365.0,0.20396550508283692
first_sem_approval_rate,16,0.625,ICE individual,371.0,0.22856346970525782
first_sem_approval_rate,16,0.625,ICE individual,414.0,0.25191240451283986
first_sem_approval_rate,16,0.625,ICE individual,415.0,0.0967783404449592
first_sem_approval_rate,16,0.625,ICE individual,552.0,0.914072897517993
first_sem_approval_rate,16,0.625,ICE individual,681.0,0.26141278973886367
first_sem_approval_rate,16,0.625,ICE individual,724.0,0.9638959217534953
first_sem_approval_rate,16,0.625,ICE individual,748.0,0.2627396278114466
first_sem_approval_rate,16,0.625,ICE individual,808.0,0.5588157225087016
first_sem_approval_rate,16,0.625,ICE individual,816.0,0.2216769226383642
first_sem_approval_rate,16,0.625,ICE individual,926.0,0.16061346047764155
first_sem_approval_rate,16,0.625,ICE individual,1167.0,0.2750463053241264
first_sem_approval_rate,16,0.625,ICE individual,1546.0,0.30097902448760055
first_sem_approval_rate,16,0.625,ICE individual,1568.0,0.2947438044123686
first_sem_approval_rate,16,0.625,ICE individual,1600.0,0.7314190015063703
first_sem_approval_rate,16,0.625,ICE individual,1732.0,0.7798888124230737
first_sem_approval_rate,16,0.625,ICE individual,1810.0,0.2618315808788958
first_sem_approval_rate,16,0.625,ICE individual,1816.0,0.3872026210739975
first_sem_approval_rate,16,0.625,ICE individual,1867.0,0.9210324227249481
first_sem_approval_rate,16,0.625,ICE individual,1893.0,0.23561327065203813
first_sem_approval_rate,16,0.625,ICE individual,1920.0,0.40318511034067955
first_sem_approval_rate,16,0.625,ICE individual,1940.0,0.2068545069002888
first_sem_approval_rate,16,0.625,ICE individual,2046.0,0.1268010996933904
first_sem_approval_rate,16,0.625,ICE individual,2114.0,0.2628643003497016
first_sem_approval_rate,16,0.625,ICE individual,2165.0,0.18557257985188153
first_sem_approval_rate,16,0.625,ICE individual,2197.0,0.36214957810936993
first_sem_approval_rate,16,0.625,ICE individual,2204.0,0.5398723994398138
first_sem_approval_rate,16,0.625,ICE individual,2330.0,0.8615552177373168
first_sem_approval_rate,16,0.625,ICE individual,2400.0,0.22319166530933945
first_sem_approval_rate,16,0.625,ICE individual,2418.0,0.35584864930889587
first_sem_approval_rate,16,0.625,ICE individual,2782.0,0.958891087940356
first_sem_approval_rate,16,0.625,ICE individual,2805.0,0.10366841268698308
first_sem_approval_rate,16,0.625,ICE individual,2807.0,0.14318282792661205
first_sem_approval_rate,16,0.625,ICE individual,2990.0,0.4187211039811229
first_sem_approval_rate,16,0.625,ICE individual,3077.0,0.4769337095958695
first_sem_approval_rate,16,0.625,ICE individual,3104.0,0.7749951787575493
first_sem_approval_rate,16,0.625,ICE individual,3106.0,0.22427511733727626
first_sem_approval_rate,16,0.625,ICE individual,3135.0,0.16065479306712688
first_sem_approval_rate,16,0.625,ICE individual,3182.0,0.5193159055003806
first_sem_approval_rate,16,0.625,ICE individual,3281.0,0.24772535483387373
first_sem_approval_rate,16,0.625,ICE individual,3285.0,0.5839946611707539
first_sem_approval_rate,16,0.625,ICE individual,3351.0,0.21898282575367978
first_sem_approval_rate,16,0.625,ICE individual,3380.0,0.18528873925343092
first_sem_approval_rate,16,0.625,ICE individual,3394.0,0.12274787528134297
first_sem_approval_rate,16,0.625,ICE individual,3395.0,0.18387902807655251
first_sem_approval_rate,16,0.625,ICE individual,3477.0,0.29728131103299194
first_sem_approval_rate,16,0.625,ICE individual,3590.0,0.8749318856787247
first_sem_approval_rate,16,0.625,ICE individual,3622.0,0.10284096834011335
first_sem_approval_rate,16,0.625,ICE individual,3641.0,0.19424432430401609
first_sem_approval_rate,16,0.625,ICE individual,3642.0,0.9484803647745051
first_sem_approval_rate,16,0.625,ICE individual,3741.0,0.23211762976921102
first_sem_approval_rate,16,0.625,ICE individual,3883.0,0.8995186717097645
first_sem_approval_rate,16,0.625,ICE individual,3930.0,0.20348044175509009
first_sem_approval_rate,16,0.625,ICE individual,3948.0,0.8532452051838562
first_sem_approval_rate,16,0.625,ICE individual,4078.0,0.5322885850823913
first_sem_approval_rate,16,0.625,ICE individual,4209.0,0.6661564686827723
first_sem_approval_rate,16,0.625,ICE individual,4416.0,0.8951018658695317
first_sem_approval_rate,17,0.6666666666666666,PDP average,,0.368960174372574
first_sem_approval_rate,17,0.6666666666666666,ICE individual,216.0,0.2859551739680639
first_sem_approval_rate,17,0.6666666666666666,ICE individual,287.0,0.23155829496364425
first_sem_approval_rate,17,0.6666666666666666,ICE individual,309.0,0.19892309162067115
first_sem_approval_rate,17,0.6666666666666666,ICE individual,365.0,0.20597399326820057
first_sem_approval_rate,17,0.6666666666666666,ICE individual,371.0,0.22292022512179002
first_sem_approval_rate,17,0.6666666666666666,ICE individual,414.0,0.2441982301875294
first_sem_approval_rate,17,0.6666666666666666,ICE individual,415.0,0.09499192050174972
first_sem_approval_rate,17,0.6666666666666666,ICE individual,552.0,0.9095820116520243
first_sem_approval_rate,17,0.6666666666666666,ICE individual,681.0,0.2638012196661554
first_sem_approval_rate,17,0.6666666666666666,ICE individual,724.0,0.9519752754130434
first_sem_approval_rate,17,0.6666666666666666,ICE individual,748.0,0.25904070460138806
first_sem_approval_rate,17,0.6666666666666666,ICE individual,808.0,0.5548864275924849
first_sem_approval_rate,17,0.6666666666666666,ICE individual,816.0,0.2199685684846492
first_sem_approval_rate,17,0.6666666666666666,ICE individual,926.0,0.15814288200171076
first_sem_approval_rate,17,0.6666666666666666,ICE individual,1167.0,0.27140670253030186
first_sem_approval_rate,17,0.6666666666666666,ICE individual,1546.0,0.3033792117796003
first_sem_approval_rate,17,0.6666666666666666,ICE individual,1568.0,0.28625678853596964
first_sem_approval_rate,17,0.6666666666666666,ICE individual,1600.0,0.7242556712554158
first_sem_approval_rate,17,0.6666666666666666,ICE individual,1732.0,0.7782697489026098
first_sem_approval_rate,17,0.6666666666666666,ICE individual,1810.0,0.26170510341042125
first_sem_approval_rate,17,0.6666666666666666,ICE individual,1816.0,0.3803843621908284
first_sem_approval_rate,17,0.6666666666666666,ICE individual,1867.0,0.9202253409869303
first_sem_approval_rate,17,0.6666666666666666,ICE individual,1893.0,0.22628345658359625
first_sem_approval_rate,17,0.6666666666666666,ICE individual,1920.0,0.3984303620865885
first_sem_approval_rate,17,0.6666666666666666,ICE individual,1940.0,0.20201165463796442
first_sem_approval_rate,17,0.6666666666666666,ICE individual,2046.0,0.12177884954628612
first_sem_approval_rate,17,0.6666666666666666,ICE individual,2114.0,0.265682927800682
first_sem_approval_rate,17,0.6666666666666666,ICE individual,2165.0,0.18465031785579253
first_sem_approval_rate,17,0.6666666666666666,ICE individual,2197.0,0.3672788544371755
first_sem_approval_rate,17,0.6666666666666666,ICE individual,2204.0,0.5411012176646736
first_sem_approval_rate,17,0.6666666666666666,ICE individual,2330.0,0.8572012599525526
first_sem_approval_rate,17,0.6666666666666666,ICE individual,2400.0,0.2176668502551126
first_sem_approval_rate,17,0.6666666666666666,ICE individual,2418.0,0.3545874393906281
first_sem_approval_rate,17,0.6666666666666666,ICE individual,2782.0,0.9532826590163805
first_sem_approval_rate,17,0.6666666666666666,ICE individual,2805.0,0.10583123669811668
first_sem_approval_rate,17,0.6666666666666666,ICE individual,2807.0,0.14562125054358618
first_sem_approval_rate,17,0.6666666666666666,ICE individual,2990.0,0.4068032422504307
first_sem_approval_rate,17,0.6666666666666666,ICE individual,3077.0,0.4904390158623961
first_sem_approval_rate,17,0.6666666666666666,ICE individual,3104.0,0.7721110955368602
first_sem_approval_rate,17,0.6666666666666666,ICE individual,3106.0,0.21427511733727628
first_sem_approval_rate,17,0.6666666666666666,ICE individual,3135.0,0.1585231436220446
first_sem_approval_rate,17,0.6666666666666666,ICE individual,3182.0,0.515710859980802
first_sem_approval_rate,17,0.6666666666666666,ICE individual,3281.0,0.2483903482806661
first_sem_approval_rate,17,0.6666666666666666,ICE individual,3285.0,0.5840638314785612
first_sem_approval_rate,17,0.6666666666666666,ICE individual,3351.0,0.2218014532046601
first_sem_approval_rate,17,0.6666666666666666,ICE individual,3380.0,0.18528873925343092
first_sem_approval_rate,17,0.6666666666666666,ICE individual,3394.0,0.12277904363154651
first_sem_approval_rate,17,0.6666666666666666,ICE individual,3395.0,0.1797773595761582
first_sem_approval_rate,17,0.6666666666666666,ICE individual,3477.0,0.2925896036567047
first_sem_approval_rate,17,0.6666666666666666,ICE individual,3590.0,0.8756226725776569
first_sem_approval_rate,17,0.6666666666666666,ICE individual,3622.0,0.1026779744216297
first_sem_approval_rate,17,0.6666666666666666,ICE individual,3641.0,0.189807580088165
first_sem_approval_rate,17,0.6666666666666666,ICE individual,3642.0,0.946874003087237
first_sem_approval_rate,17,0.6666666666666666,ICE individual,3741.0,0.23112291930683948
first_sem_approval_rate,17,0.6666666666666666,ICE individual,3883.0,0.8976920785006619
first_sem_approval_rate,17,0.6666666666666666,ICE individual,3930.0,0.19440240923308408
first_sem_approval_rate,17,0.6666666666666666,ICE individual,3948.0,0.8530638076627022
first_sem_approval_rate,17,0.6666666666666666,ICE individual,4078.0,0.5241893568074247
first_sem_approval_rate,17,0.6666666666666666,ICE individual,4209.0,0.6620433993687814
first_sem_approval_rate,17,0.6666666666666666,ICE individual,4416.0,0.891248043764057
first_sem_approval_rate,18,0.7083333333333333,PDP average,,0.364574582426305
first_sem_approval_rate,18,0.7083333333333333,ICE individual,216.0,0.2785178709366199
first_sem_approval_rate,18,0.7083333333333333,ICE individual,287.0,0.22425626712718416
first_sem_approval_rate,18,0.7083333333333333,ICE individual,309.0,0.19679930302962093
first_sem_approval_rate,18,0.7083333333333333,ICE individual,365.0,0.20099382027231572
first_sem_approval_rate,18,0.7083333333333333,ICE individual,371.0,0.2223493696140342
first_sem_approval_rate,18,0.7083333333333333,ICE individual,414.0,0.24389254506988456
first_sem_approval_rate,18,0.7083333333333333,ICE individual,415.0,0.09165858716841639
first_sem_approval_rate,18,0.7083333333333333,ICE individual,552.0,0.9104456148613607
first_sem_approval_rate,18,0.7083333333333333,ICE individual,681.0,0.25614562563360344
first_sem_approval_rate,18,0.7083333333333333,ICE individual,724.0,0.9486419420797101
first_sem_approval_rate,18,0.7083333333333333,ICE individual,748.0,0.2610243075838118
first_sem_approval_rate,18,0.7083333333333333,ICE individual,808.0,0.5537580089947576
first_sem_approval_rate,18,0.7083333333333333,ICE individual,816.0,0.20489581795775152
first_sem_approval_rate,18,0.7083333333333333,ICE individual,926.0,0.15480954866837743
first_sem_approval_rate,18,0.7083333333333333,ICE individual,1167.0,0.26591877646624745
first_sem_approval_rate,18,0.7083333333333333,ICE individual,1546.0,0.304135143971501
first_sem_approval_rate,18,0.7083333333333333,ICE individual,1568.0,0.2760348893889452
first_sem_approval_rate,18,0.7083333333333333,ICE individual,1600.0,0.710945045698139
first_sem_approval_rate,18,0.7083333333333333,ICE individual,1732.0,0.7782825110856534
first_sem_approval_rate,18,0.7083333333333333,ICE individual,1810.0,0.2587093008802964
first_sem_approval_rate,18,0.7083333333333333,ICE individual,1816.0,0.3737176955241617
first_sem_approval_rate,18,0.7083333333333333,ICE individual,1867.0,0.9170109457498319
first_sem_approval_rate,18,0.7083333333333333,ICE individual,1893.0,0.21817562155448614
first_sem_approval_rate,18,0.7083333333333333,ICE individual,1920.0,0.391246820368857
first_sem_approval_rate,18,0.7083333333333333,ICE individual,1940.0,0.18673703863928015
first_sem_approval_rate,18,0.7083333333333333,ICE individual,2046.0,0.11206184060861245
first_sem_approval_rate,18,0.7083333333333333,ICE individual,2114.0,0.25472633596033006
first_sem_approval_rate,18,0.7083333333333333,ICE individual,2165.0,0.19113684952576782
first_sem_approval_rate,18,0.7083333333333333,ICE individual,2197.0,0.3704879170248743
first_sem_approval_rate,18,0.7083333333333333,ICE individual,2204.0,0.534434550998007
first_sem_approval_rate,18,0.7083333333333333,ICE individual,2330.0,0.856373500153919
first_sem_approval_rate,18,0.7083333333333333,ICE individual,2400.0,0.216824750252668
first_sem_approval_rate,18,0.7083333333333333,ICE individual,2418.0,0.35444516649578534
first_sem_approval_rate,18,0.7083333333333333,ICE individual,2782.0,0.9460586383438699
first_sem_approval_rate,18,0.7083333333333333,ICE individual,2805.0,0.10541564977000807
first_sem_approval_rate,18,0.7083333333333333,ICE individual,2807.0,0.15032733629738979
first_sem_approval_rate,18,0.7083333333333333,ICE individual,2990.0,0.40408996329603786
first_sem_approval_rate,18,0.7083333333333333,ICE individual,3077.0,0.47321878082397895
first_sem_approval_rate,18,0.7083333333333333,ICE individual,3104.0,0.7687777622035269
first_sem_approval_rate,18,0.7083333333333333,ICE individual,3106.0,0.18760192087610145
first_sem_approval_rate,18,0.7083333333333333,ICE individual,3135.0,0.15387685241325338
first_sem_approval_rate,18,0.7083333333333333,ICE individual,3182.0,0.5081680930929808
first_sem_approval_rate,18,0.7083333333333333,ICE individual,3281.0,0.2384943979087475
first_sem_approval_rate,18,0.7083333333333333,ICE individual,3285.0,0.5700927474307638
first_sem_approval_rate,18,0.7083333333333333,ICE individual,3351.0,0.22130506079916454
first_sem_approval_rate,18,0.7083333333333333,ICE individual,3380.0,0.1847955154418294
first_sem_approval_rate,18,0.7083333333333333,ICE individual,3394.0,0.11341366586142006
first_sem_approval_rate,18,0.7083333333333333,ICE individual,3395.0,0.16560416145990145
first_sem_approval_rate,18,0.7083333333333333,ICE individual,3477.0,0.2849418197706127
first_sem_approval_rate,18,0.7083333333333333,ICE individual,3590.0,0.867658939613924
first_sem_approval_rate,18,0.7083333333333333,ICE individual,3622.0,0.10122468005611143
first_sem_approval_rate,18,0.7083333333333333,ICE individual,3641.0,0.19314091342149833
first_sem_approval_rate,18,0.7083333333333333,ICE individual,3642.0,0.946874003087237
first_sem_approval_rate,18,0.7083333333333333,ICE individual,3741.0,0.22500324681517578
first_sem_approval_rate,18,0.7083333333333333,ICE individual,3883.0,0.896067109989827
first_sem_approval_rate,18,0.7083333333333333,ICE individual,3930.0,0.18654271307063897
first_sem_approval_rate,18,0.7083333333333333,ICE individual,3948.0,0.8530638076627022
first_sem_approval_rate,18,0.7083333333333333,ICE individual,4078.0,0.5188407467813066
first_sem_approval_rate,18,0.7083333333333333,ICE individual,4209.0,0.6587100660354481
first_sem_approval_rate,18,0.7083333333333333,ICE individual,4416.0,0.8921116469733933
first_sem_approval_rate,19,0.75,PDP average,,0.35881056695912544
first_sem_approval_rate,19,0.75,ICE individual,216.0,0.25913600066877157
first_sem_approval_rate,19,0.75,ICE individual,287.0,0.2117216358060281
first_sem_approval_rate,19,0.75,ICE individual,309.0,0.19107680813633734
first_sem_approval_rate,19,0.75,ICE individual,365.0,0.20225839528931835
first_sem_approval_rate,19,0.75,ICE individual,371.0,0.22235509935342188
first_sem_approval_rate,19,0.75,ICE individual,414.0,0.23080514771914637
first_sem_approval_rate,19,0.75,ICE individual,415.0,0.08953722503987119
first_sem_approval_rate,19,0.75,ICE individual,552.0,0.8980940184806889
first_sem_approval_rate,19,0.75,ICE individual,681.0,0.26137239082537916
first_sem_approval_rate,19,0.75,ICE individual,724.0,0.9416377955696894
first_sem_approval_rate,19,0.75,ICE individual,748.0,0.25405600918617693
first_sem_approval_rate,19,0.75,ICE individual,808.0,0.5388676612467677
first_sem_approval_rate,19,0.75,ICE individual,816.0,0.1963565182871848
first_sem_approval_rate,19,0.75,ICE individual,926.0,0.1550045530647564
first_sem_approval_rate,19,0.75,ICE individual,1167.0,0.2570445500549864
first_sem_approval_rate,19,0.75,ICE individual,1546.0,0.28537339969184344
first_sem_approval_rate,19,0.75,ICE individual,1568.0,0.27944151729048283
first_sem_approval_rate,19,0.75,ICE individual,1600.0,0.6989661252705942
first_sem_approval_rate,19,0.75,ICE individual,1732.0,0.7702628561890701
first_sem_approval_rate,19,0.75,ICE individual,1810.0,0.25447327269292297
first_sem_approval_rate,19,0.75,ICE individual,1816.0,0.36877767074978834
first_sem_approval_rate,19,0.75,ICE individual,1867.0,0.9043569248631159
first_sem_approval_rate,19,0.75,ICE individual,1893.0,0.2055207577589386
first_sem_approval_rate,19,0.75,ICE individual,1920.0,0.38885855161443933
first_sem_approval_rate,19,0.75,ICE individual,1940.0,0.18618545172769943
first_sem_approval_rate,19,0.75,ICE individual,2046.0,0.11214434816155733
first_sem_approval_rate,19,0.75,ICE individual,2114.0,0.2513208094813833
first_sem_approval_rate,19,0.75,ICE individual,2165.0,0.18929026287810977
first_sem_approval_rate,19,0.75,ICE individual,2197.0,0.3650833465835968
first_sem_approval_rate,19,0.75,ICE individual,2204.0,0.5185678517534275
first_sem_approval_rate,19,0.75,ICE individual,2330.0,0.8454535473180138
first_sem_approval_rate,19,0.75,ICE individual,2400.0,0.20019227532067713
first_sem_approval_rate,19,0.75,ICE individual,2418.0,0.3613195107574222
first_sem_approval_rate,19,0.75,ICE individual,2782.0,0.9374992987140786
first_sem_approval_rate,19,0.75,ICE individual,2805.0,0.10222368187169492
first_sem_approval_rate,19,0.75,ICE individual,2807.0,0.15310650809282855
first_sem_approval_rate,19,0.75,ICE individual,2990.0,0.3817667744121777
first_sem_approval_rate,19,0.75,ICE individual,3077.0,0.46082768967752685
first_sem_approval_rate,19,0.75,ICE individual,3104.0,0.7685717343544958
first_sem_approval_rate,19,0.75,ICE individual,3106.0,0.17790838908459747
first_sem_approval_rate,19,0.75,ICE individual,3135.0,0.1521830811350453
first_sem_approval_rate,19,0.75,ICE individual,3182.0,0.5067166269615289
first_sem_approval_rate,19,0.75,ICE individual,3281.0,0.24244142626271184
first_sem_approval_rate,19,0.75,ICE individual,3285.0,0.5640907270497745
first_sem_approval_rate,19,0.75,ICE individual,3351.0,0.21643101066426992
first_sem_approval_rate,19,0.75,ICE individual,3380.0,0.1870111431785755
first_sem_approval_rate,19,0.75,ICE individual,3394.0,0.1116885290049388
first_sem_approval_rate,19,0.75,ICE individual,3395.0,0.1535839856918014
first_sem_approval_rate,19,0.75,ICE individual,3477.0,0.28034774335565604
first_sem_approval_rate,19,0.75,ICE individual,3590.0,0.8454576011150362
first_sem_approval_rate,19,0.75,ICE individual,3622.0,0.10192128791567466
first_sem_approval_rate,19,0.75,ICE individual,3641.0,0.19734692596361297
first_sem_approval_rate,19,0.75,ICE individual,3642.0,0.9378476023850315
first_sem_approval_rate,19,0.75,ICE individual,3741.0,0.21818690242029576
first_sem_approval_rate,19,0.75,ICE individual,3883.0,0.8995384511200877
first_sem_approval_rate,19,0.75,ICE individual,3930.0,0.18791013628854172
first_sem_approval_rate,19,0.75,ICE individual,3948.0,0.8393230774404239
first_sem_approval_rate,19,0.75,ICE individual,4078.0,0.4976076182194009
first_sem_approval_rate,19,0.75,ICE individual,4209.0,0.6563746517070443
first_sem_approval_rate,19,0.75,ICE individual,4416.0,0.8851075004633725
first_sem_approval_rate,20,0.7916666666666666,PDP average,,0.3163279192958571
first_sem_approval_rate,20,0.7916666666666666,ICE individual,216.0,0.1822759495046401
first_sem_approval_rate,20,0.7916666666666666,ICE individual,287.0,0.11549970360832555
first_sem_approval_rate,20,0.7916666666666666,ICE individual,309.0,0.15486699277682814
first_sem_approval_rate,20,0.7916666666666666,ICE individual,365.0,0.1662429882646667
first_sem_approval_rate,20,0.7916666666666666,ICE individual,371.0,0.18625938211317164
first_sem_approval_rate,20,0.7916666666666666,ICE individual,414.0,0.17264315321635418
first_sem_approval_rate,20,0.7916666666666666,ICE individual,415.0,0.07431388055579485
first_sem_approval_rate,20,0.7916666666666666,ICE individual,552.0,0.8517687554880858
first_sem_approval_rate,20,0.7916666666666666,ICE individual,681.0,0.15953740744111028
first_sem_approval_rate,20,0.7916666666666666,ICE individual,724.0,0.8873293833912739
first_sem_approval_rate,20,0.7916666666666666,ICE individual,748.0,0.20237994237215678
first_sem_approval_rate,20,0.7916666666666666,ICE individual,808.0,0.49560608424624303
first_sem_approval_rate,20,0.7916666666666666,ICE individual,816.0,0.135753931343803
first_sem_approval_rate,20,0.7916666666666666,ICE individual,926.0,0.11511804904023765
first_sem_approval_rate,20,0.7916666666666666,ICE individual,1167.0,0.20910538050443633
first_sem_approval_rate,20,0.7916666666666666,ICE individual,1546.0,0.2626659260400435
first_sem_approval_rate,20,0.7916666666666666,ICE individual,1568.0,0.24803349711102418
first_sem_approval_rate,20,0.7916666666666666,ICE individual,1600.0,0.6511966487874247
first_sem_approval_rate,20,0.7916666666666666,ICE individual,1732.0,0.7213218018616678
first_sem_approval_rate,20,0.7916666666666666,ICE individual,1810.0,0.17366743365093168
first_sem_approval_rate,20,0.7916666666666666,ICE individual,1816.0,0.33912326001441806
first_sem_approval_rate,20,0.7916666666666666,ICE individual,1867.0,0.854556143533193
first_sem_approval_rate,20,0.7916666666666666,ICE individual,1893.0,0.17301401399310293
first_sem_approval_rate,20,0.7916666666666666,ICE individual,1920.0,0.38207035785657567
first_sem_approval_rate,20,0.7916666666666666,ICE individual,1940.0,0.13467322320089434
first_sem_approval_rate,20,0.7916666666666666,ICE individual,2046.0,0.08394069504548614
first_sem_approval_rate,20,0.7916666666666666,ICE individual,2114.0,0.22172665802458302
first_sem_approval_rate,20,0.7916666666666666,ICE individual,2165.0,0.1654482006132872
first_sem_approval_rate,20,0.7916666666666666,ICE individual,2197.0,0.34370082540302427
first_sem_approval_rate,20,0.7916666666666666,ICE individual,2204.0,0.4960048882299444
first_sem_approval_rate,20,0.7916666666666666,ICE individual,2330.0,0.7877538882004871
first_sem_approval_rate,20,0.7916666666666666,ICE individual,2400.0,0.14455637657651652
first_sem_approval_rate,20,0.7916666666666666,ICE individual,2418.0,0.3286891990860495
first_sem_approval_rate,20,0.7916666666666666,ICE individual,2782.0,0.9012476660477032
first_sem_approval_rate,20,0.7916666666666666,ICE individual,2805.0,0.07275227537402984
first_sem_approval_rate,20,0.7916666666666666,ICE individual,2807.0,0.11613131783416686
first_sem_approval_rate,20,0.7916666666666666,ICE individual,2990.0,0.32698096224449386
first_sem_approval_rate,20,0.7916666666666666,ICE individual,3077.0,0.41285693334180523
first_sem_approval_rate,20,0.7916666666666666,ICE individual,3104.0,0.7525877704492537
first_sem_approval_rate,20,0.7916666666666666,ICE individual,3106.0,0.1317178225109903
first_sem_approval_rate,20,0.7916666666666666,ICE individual,3135.0,0.11799648465473768
first_sem_approval_rate,20,0.7916666666666666,ICE individual,3182.0,0.4872317942217986
first_sem_approval_rate,20,0.7916666666666666,ICE individual,3281.0,0.17160433815835777
first_sem_approval_rate,20,0.7916666666666666,ICE individual,3285.0,0.5252197574957934
first_sem_approval_rate,20,0.7916666666666666,ICE individual,3351.0,0.14901397743138764
first_sem_approval_rate,20,0.7916666666666666,ICE individual,3380.0,0.15930193241547308
first_sem_approval_rate,20,0.7916666666666666,ICE individual,3394.0,0.09705180595794242
first_sem_approval_rate,20,0.7916666666666666,ICE individual,3395.0,0.124562333014766
first_sem_approval_rate,20,0.7916666666666666,ICE individual,3477.0,0.24145183971615453
first_sem_approval_rate,20,0.7916666666666666,ICE individual,3590.0,0.7586823245333224
first_sem_approval_rate,20,0.7916666666666666,ICE individual,3622.0,0.08749251706115858
first_sem_approval_rate,20,0.7916666666666666,ICE individual,3641.0,0.176686902957278
first_sem_approval_rate,20,0.7916666666666666,ICE individual,3642.0,0.8876984569902274
first_sem_approval_rate,20,0.7916666666666666,ICE individual,3741.0,0.15733727308615414
first_sem_approval_rate,20,0.7916666666666666,ICE individual,3883.0,0.8619153071791351
first_sem_approval_rate,20,0.7916666666666666,ICE individual,3930.0,0.13776350258329229
first_sem_approval_rate,20,0.7916666666666666,ICE individual,3948.0,0.747679509257258
first_sem_approval_rate,20,0.7916666666666666,ICE individual,4078.0,0.45322169341513285
first_sem_approval_rate,20,0.7916666666666666,ICE individual,4209.0,0.6407827037114108
first_sem_approval_rate,20,0.7916666666666666,ICE individual,4416.0,0.8414577296111019
first_sem_approval_rate,21,0.8333333333333333,PDP average,,0.30087350432358895
first_sem_approval_rate,21,0.8333333333333333,ICE individual,216.0,0.1608173618241236
first_sem_approval_rate,21,0.8333333333333333,ICE individual,287.0,0.10242648491352443
first_sem_approval_rate,21,0.8333333333333333,ICE individual,309.0,0.14941870711961797
first_sem_approval_rate,21,0.8333333333333333,ICE individual,365.0,0.14875422941472843
first_sem_approval_rate,21,0.8333333333333333,ICE individual,371.0,0.16095244571994685
first_sem_approval_rate,21,0.8333333333333333,ICE individual,414.0,0.16515708113159636
first_sem_approval_rate,21,0.8333333333333333,ICE individual,415.0,0.07181151894894866
first_sem_approval_rate,21,0.8333333333333333,ICE individual,552.0,0.828392473423137
first_sem_approval_rate,21,0.8333333333333333,ICE individual,681.0,0.13743415419415175
first_sem_approval_rate,21,0.8333333333333333,ICE individual,724.0,0.8598636856709203
first_sem_approval_rate,21,0.8333333333333333,ICE individual,748.0,0.1977213363490451
first_sem_approval_rate,21,0.8333333333333333,ICE individual,808.0,0.43996367610962855
first_sem_approval_rate,21,0.8333333333333333,ICE individual,816.0,0.13224978303726004
first_sem_approval_rate,21,0.8333333333333333,ICE individual,926.0,0.09888894061361717
first_sem_approval_rate,21,0.8333333333333333,ICE individual,1167.0,0.2002239544590168
first_sem_approval_rate,21,0.8333333333333333,ICE individual,1546.0,0.25658437015129476
first_sem_approval_rate,21,0.8333333333333333,ICE individual,1568.0,0.246070619097797
first_sem_approval_rate,21,0.8333333333333333,ICE individual,1600.0,0.6184788783587044
first_sem_approval_rate,21,0.8333333333333333,ICE individual,1732.0,0.6634595901822178
first_sem_approval_rate,21,0.8333333333333333,ICE individual,1810.0,0.16531619143114293
first_sem_approval_rate,21,0.8333333333333333,ICE individual,1816.0,0.302778920071937
first_sem_approval_rate,21,0.8333333333333333,ICE individual,1867.0,0.8345677612661442
first_sem_approval_rate,21,0.8333333333333333,ICE individual,1893.0,0.1681760738574222
first_sem_approval_rate,21,0.8333333333333333,ICE individual,1920.0,0.3741672507409345
first_sem_approval_rate,21,0.8333333333333333,ICE individual,1940.0,0.13297248523409805
first_sem_approval_rate,21,0.8333333333333333,ICE individual,2046.0,0.07262558869066721
first_sem_approval_rate,21,0.8333333333333333,ICE individual,2114.0,0.20504846184184644
first_sem_approval_rate,21,0.8333333333333333,ICE individual,2165.0,0.14760787255357477
first_sem_approval_rate,21,0.8333333333333333,ICE individual,2197.0,0.3395392711274304
first_sem_approval_rate,21,0.8333333333333333,ICE individual,2204.0,0.5001192696535773
first_sem_approval_rate,21,0.8333333333333333,ICE individual,2330.0,0.7627306641621014
first_sem_approval_rate,21,0.8333333333333333,ICE individual,2400.0,0.12592722004889614
first_sem_approval_rate,21,0.8333333333333333,ICE individual,2418.0,0.3221132918784524
first_sem_approval_rate,21,0.8333333333333333,ICE individual,2782.0,0.8435453384715885
first_sem_approval_rate,21,0.8333333333333333,ICE individual,2805.0,0.0555556518654004
first_sem_approval_rate,21,0.8333333333333333,ICE individual,2807.0,0.09944545304665281
first_sem_approval_rate,21,0.8333333333333333,ICE individual,2990.0,0.30686485402282904
first_sem_approval_rate,21,0.8333333333333333,ICE individual,3077.0,0.40881724784520124
first_sem_approval_rate,21,0.8333333333333333,ICE individual,3104.0,0.7356639964897302
first_sem_approval_rate,21,0.8333333333333333,ICE individual,3106.0,0.12530889587183136
first_sem_approval_rate,21,0.8333333333333333,ICE individual,3135.0,0.11500649628528291
first_sem_approval_rate,21,0.8333333333333333,ICE individual,3182.0,0.4570066173172864
first_sem_approval_rate,21,0.8333333333333333,ICE individual,3281.0,0.14912291711761919
first_sem_approval_rate,21,0.8333333333333333,ICE individual,3285.0,0.50627864781635
first_sem_approval_rate,21,0.8333333333333333,ICE individual,3351.0,0.12958827829388567
first_sem_approval_rate,21,0.8333333333333333,ICE individual,3380.0,0.12474869822804535
first_sem_approval_rate,21,0.8333333333333333,ICE individual,3394.0,0.08251715696624261
first_sem_approval_rate,21,0.8333333333333333,ICE individual,3395.0,0.11986738001603851
first_sem_approval_rate,21,0.8333333333333333,ICE individual,3477.0,0.1896952179296435
first_sem_approval_rate,21,0.8333333333333333,ICE individual,3590.0,0.7490183532743478
first_sem_approval_rate,21,0.8333333333333333,ICE individual,3622.0,0.06611048559052327
first_sem_approval_rate,21,0.8333333333333333,ICE individual,3641.0,0.15703944198648004
first_sem_approval_rate,21,0.8333333333333333,ICE individual,3642.0,0.8606814069429701
first_sem_approval_rate,21,0.8333333333333333,ICE individual,3741.0,0.15518040729770533
first_sem_approval_rate,21,0.8333333333333333,ICE individual,3883.0,0.8104064011622174
first_sem_approval_rate,21,0.8333333333333333,ICE individual,3930.0,0.14813192499863065
first_sem_approval_rate,21,0.8333333333333333,ICE individual,3948.0,0.7299508642439737
first_sem_approval_rate,21,0.8333333333333333,ICE individual,4078.0,0.4409834449416497
first_sem_approval_rate,21,0.8333333333333333,ICE individual,4209.0,0.6246909780534219
first_sem_approval_rate,21,0.8333333333333333,ICE individual,4416.0,0.8064766032841152
first_sem_approval_rate,22,0.875,PDP average,,0.27088353506250534
first_sem_approval_rate,22,0.875,ICE individual,216.0,0.132982171031971
first_sem_approval_rate,22,0.875,ICE individual,287.0,0.07517090200994293
first_sem_approval_rate,22,0.875,ICE individual,309.0,0.1138012743327221
first_sem_approval_rate,22,0.875,ICE individual,365.0,0.12237173080383558
first_sem_approval_rate,22,0.875,ICE individual,371.0,0.12012372409295087
first_sem_approval_rate,22,0.875,ICE individual,414.0,0.11590463342836443
first_sem_approval_rate,22,0.875,ICE individual,415.0,0.060469826071044765
first_sem_approval_rate,22,0.875,ICE individual,552.0,0.797447318052037
first_sem_approval_rate,22,0.875,ICE individual,681.0,0.11180103126329895
first_sem_approval_rate,22,0.875,ICE individual,724.0,0.8476935891698321
first_sem_approval_rate,22,0.875,ICE individual,748.0,0.15239077409895116
first_sem_approval_rate,22,0.875,ICE individual,808.0,0.3948624990437613
first_sem_approval_rate,22,0.875,ICE individual,816.0,0.12275772184864361
first_sem_approval_rate,22,0.875,ICE individual,926.0,0.0698689321604667
first_sem_approval_rate,22,0.875,ICE individual,1167.0,0.12024596023559773
first_sem_approval_rate,22,0.875,ICE individual,1546.0,0.23964982278556804
first_sem_approval_rate,22,0.875,ICE individual,1568.0,0.20842821716087598
first_sem_approval_rate,22,0.875,ICE individual,1600.0,0.5905004245095413
first_sem_approval_rate,22,0.875,ICE individual,1732.0,0.6393294990172296
first_sem_approval_rate,22,0.875,ICE individual,1810.0,0.13809067380047907
first_sem_approval_rate,22,0.875,ICE individual,1816.0,0.2407760701570343
first_sem_approval_rate,22,0.875,ICE individual,1867.0,0.8153670301907094
first_sem_approval_rate,22,0.875,ICE individual,1893.0,0.16951763184769525
first_sem_approval_rate,22,0.875,ICE individual,1920.0,0.34499464802268104
first_sem_approval_rate,22,0.875,ICE individual,1940.0,0.12154163717284644
first_sem_approval_rate,22,0.875,ICE individual,2046.0,0.05318168924045247
first_sem_approval_rate,22,0.875,ICE individual,2114.0,0.1595402547592112
first_sem_approval_rate,22,0.875,ICE individual,2165.0,0.10443978007478541
first_sem_approval_rate,22,0.875,ICE individual,2197.0,0.29533955306784265
first_sem_approval_rate,22,0.875,ICE individual,2204.0,0.4700266779164924
first_sem_approval_rate,22,0.875,ICE individual,2330.0,0.7504181016303313
first_sem_approval_rate,22,0.875,ICE individual,2400.0,0.07005328500532777
first_sem_approval_rate,22,0.875,ICE individual,2418.0,0.2954298506217846
first_sem_approval_rate,22,0.875,ICE individual,2782.0,0.8262523391661785
first_sem_approval_rate,22,0.875,ICE individual,2805.0,0.038210211646762415
first_sem_approval_rate,22,0.875,ICE individual,2807.0,0.07575965635276348
first_sem_approval_rate,22,0.875,ICE individual,2990.0,0.26811917438066923
first_sem_approval_rate,22,0.875,ICE individual,3077.0,0.3863038812034812
first_sem_approval_rate,22,0.875,ICE individual,3104.0,0.7134791783690323
first_sem_approval_rate,22,0.875,ICE individual,3106.0,0.10452381549522911
first_sem_approval_rate,22,0.875,ICE individual,3135.0,0.09199177295367071
first_sem_approval_rate,22,0.875,ICE individual,3182.0,0.39244389998566165
first_sem_approval_rate,22,0.875,ICE individual,3281.0,0.13606945456650957
first_sem_approval_rate,22,0.875,ICE individual,3285.0,0.46685754689596176
first_sem_approval_rate,22,0.875,ICE individual,3351.0,0.09991766109297011
first_sem_approval_rate,22,0.875,ICE individual,3380.0,0.07660845543316225
first_sem_approval_rate,22,0.875,ICE individual,3394.0,0.08696746181095988
first_sem_approval_rate,22,0.875,ICE individual,3395.0,0.11786486367633292
first_sem_approval_rate,22,0.875,ICE individual,3477.0,0.13638789501033075
first_sem_approval_rate,22,0.875,ICE individual,3590.0,0.7239004919553266
first_sem_approval_rate,22,0.875,ICE individual,3622.0,0.04454575100867658
first_sem_approval_rate,22,0.875,ICE individual,3641.0,0.14781148935104907
first_sem_approval_rate,22,0.875,ICE individual,3642.0,0.8424571769720178
first_sem_approval_rate,22,0.875,ICE individual,3741.0,0.13926259231509863
first_sem_approval_rate,22,0.875,ICE individual,3883.0,0.7812216572795732
first_sem_approval_rate,22,0.875,ICE individual,3930.0,0.13273523084026623
first_sem_approval_rate,22,0.875,ICE individual,3948.0,0.691228296596339
first_sem_approval_rate,22,0.875,ICE individual,4078.0,0.39427732754261885
first_sem_approval_rate,22,0.875,ICE individual,4209.0,0.6173328512336614
first_sem_approval_rate,22,0.875,ICE individual,4416.0,0.7559596854539421
first_sem_approval_rate,23,0.9166666666666666,PDP average,,0.26904157982931687
first_sem_approval_rate,23,0.9166666666666666,ICE individual,216.0,0.12665423798321246
first_sem_approval_rate,23,0.9166666666666666,ICE individual,287.0,0.07492702058345853
first_sem_approval_rate,23,0.9166666666666666,ICE individual,309.0,0.1109110032113572
first_sem_approval_rate,23,0.9166666666666666,ICE individual,365.0,0.12237173080383558
first_sem_approval_rate,23,0.9166666666666666,ICE individual,371.0,0.11580360427531232
first_sem_approval_rate,23,0.9166666666666666,ICE individual,414.0,0.11547765556928491
first_sem_approval_rate,23,0.9166666666666666,ICE individual,415.0,0.06322374140675573
first_sem_approval_rate,23,0.9166666666666666,ICE individual,552.0,0.7963241330168463
first_sem_approval_rate,23,0.9166666666666666,ICE individual,681.0,0.11128363574888671
first_sem_approval_rate,23,0.9166666666666666,ICE individual,724.0,0.8419394988070003
first_sem_approval_rate,23,0.9166666666666666,ICE individual,748.0,0.14873435678160998
first_sem_approval_rate,23,0.9166666666666666,ICE individual,808.0,0.3801990596707783
first_sem_approval_rate,23,0.9166666666666666,ICE individual,816.0,0.13005816247139526
first_sem_approval_rate,23,0.9166666666666666,ICE individual,926.0,0.0698689321604667
first_sem_approval_rate,23,0.9166666666666666,ICE individual,1167.0,0.11222198653305657
first_sem_approval_rate,23,0.9166666666666666,ICE individual,1546.0,0.23688134300872013
first_sem_approval_rate,23,0.9166666666666666,ICE individual,1568.0,0.19691223705742827
first_sem_approval_rate,23,0.9166666666666666,ICE individual,1600.0,0.5909415518700735
first_sem_approval_rate,23,0.9166666666666666,ICE individual,1732.0,0.6239152721938797
first_sem_approval_rate,23,0.9166666666666666,ICE individual,1810.0,0.13440905482622892
first_sem_approval_rate,23,0.9166666666666666,ICE individual,1816.0,0.2360565731639195
first_sem_approval_rate,23,0.9166666666666666,ICE individual,1867.0,0.8096279234091025
first_sem_approval_rate,23,0.9166666666666666,ICE individual,1893.0,0.17109532926810714
first_sem_approval_rate,23,0.9166666666666666,ICE individual,1920.0,0.3452352885066697
first_sem_approval_rate,23,0.9166666666666666,ICE individual,1940.0,0.11860652841800996
first_sem_approval_rate,23,0.9166666666666666,ICE individual,2046.0,0.05539676355240931
first_sem_approval_rate,23,0.9166666666666666,ICE individual,2114.0,0.16178525387848253
first_sem_approval_rate,23,0.9166666666666666,ICE individual,2165.0,0.10334609532114372
first_sem_approval_rate,23,0.9166666666666666,ICE individual,2197.0,0.29271880417285523
first_sem_approval_rate,23,0.9166666666666666,ICE individual,2204.0,0.4700266779164924
first_sem_approval_rate,23,0.9166666666666666,ICE individual,2330.0,0.7504181016303313
first_sem_approval_rate,23,0.9166666666666666,ICE individual,2400.0,0.07157334807017873
first_sem_approval_rate,23,0.9166666666666666,ICE individual,2418.0,0.2975170536151203
first_sem_approval_rate,23,0.9166666666666666,ICE individual,2782.0,0.8160488791312384
first_sem_approval_rate,23,0.9166666666666666,ICE individual,2805.0,0.03777978121633198
first_sem_approval_rate,23,0.9166666666666666,ICE individual,2807.0,0.0768466910996556
first_sem_approval_rate,23,0.9166666666666666,ICE individual,2990.0,0.26482564167339234
first_sem_approval_rate,23,0.9166666666666666,ICE individual,3077.0,0.3853706750653852
first_sem_approval_rate,23,0.9166666666666666,ICE individual,3104.0,0.7076710434628306
first_sem_approval_rate,23,0.9166666666666666,ICE individual,3106.0,0.10392175465545407
first_sem_approval_rate,23,0.9166666666666666,ICE individual,3135.0,0.09328812939170697
first_sem_approval_rate,23,0.9166666666666666,ICE individual,3182.0,0.38189992529428907
first_sem_approval_rate,23,0.9166666666666666,ICE individual,3281.0,0.1317197307111737
first_sem_approval_rate,23,0.9166666666666666,ICE individual,3285.0,0.4617379342250423
first_sem_approval_rate,23,0.9166666666666666,ICE individual,3351.0,0.09694210006417049
first_sem_approval_rate,23,0.9166666666666666,ICE individual,3380.0,0.07768115747836984
first_sem_approval_rate,23,0.9166666666666666,ICE individual,3394.0,0.08482413768901731
first_sem_approval_rate,23,0.9166666666666666,ICE individual,3395.0,0.12844088522955066
first_sem_approval_rate,23,0.9166666666666666,ICE individual,3477.0,0.13632852823606634
first_sem_approval_rate,23,0.9166666666666666,ICE individual,3590.0,0.7246137570463208
first_sem_approval_rate,23,0.9166666666666666,ICE individual,3622.0,0.04454575100867658
first_sem_approval_rate,23,0.9166666666666666,ICE individual,3641.0,0.1474672460909601
first_sem_approval_rate,23,0.9166666666666666,ICE individual,3642.0,0.8424571769720178
first_sem_approval_rate,23,0.9166666666666666,ICE individual,3741.0,0.13621145013187363
first_sem_approval_rate,23,0.9166666666666666,ICE individual,3883.0,0.7748410259505965
first_sem_approval_rate,23,0.9166666666666666,ICE individual,3930.0,0.13184410276035205
first_sem_approval_rate,23,0.9166666666666666,ICE individual,3948.0,0.691228296596339
first_sem_approval_rate,23,0.9166666666666666,ICE individual,4078.0,0.3922343523360073
first_sem_approval_rate,23,0.9166666666666666,ICE individual,4209.0,0.6189613747259263
first_sem_approval_rate,23,0.9166666666666666,ICE individual,4416.0,0.7530838922298936
first_sem_approval_rate,24,0.9583333333333333,PDP average,,0.2677291779352218
first_sem_approval_rate,24,0.9583333333333333,ICE individual,216.0,0.11807161373363814
first_sem_approval_rate,24,0.9583333333333333,ICE individual,287.0,0.06911491229674362
first_sem_approval_rate,24,0.9583333333333333,ICE individual,309.0,0.10750759778954916
first_sem_approval_rate,24,0.9583333333333333,ICE individual,365.0,0.12174405175956092
first_sem_approval_rate,24,0.9583333333333333,ICE individual,371.0,0.11777322091617168
first_sem_approval_rate,24,0.9583333333333333,ICE individual,414.0,0.09802904962894045
first_sem_approval_rate,24,0.9583333333333333,ICE individual,415.0,0.06971392789056928
first_sem_approval_rate,24,0.9583333333333333,ICE individual,552.0,0.8130604768205933
first_sem_approval_rate,24,0.9583333333333333,ICE individual,681.0,0.10865026532112246
first_sem_approval_rate,24,0.9583333333333333,ICE individual,724.0,0.8398584719553226
first_sem_approval_rate,24,0.9583333333333333,ICE individual,748.0,0.14817162770344997
first_sem_approval_rate,24,0.9583333333333333,ICE individual,808.0,0.3818126870282005
first_sem_approval_rate,24,0.9583333333333333,ICE individual,816.0,0.12319461754501132
first_sem_approval_rate,24,0.9583333333333333,ICE individual,926.0,0.06998243381358238
first_sem_approval_rate,24,0.9583333333333333,ICE individual,1167.0,0.10290708326607524
first_sem_approval_rate,24,0.9583333333333333,ICE individual,1546.0,0.23029297388130332
first_sem_approval_rate,24,0.9583333333333333,ICE individual,1568.0,0.19478208821514464
first_sem_approval_rate,24,0.9583333333333333,ICE individual,1600.0,0.5900389908616409
first_sem_approval_rate,24,0.9583333333333333,ICE individual,1732.0,0.6212535634017681
first_sem_approval_rate,24,0.9583333333333333,ICE individual,1810.0,0.13290158109853203
first_sem_approval_rate,24,0.9583333333333333,ICE individual,1816.0,0.23972906292020635
first_sem_approval_rate,24,0.9583333333333333,ICE individual,1867.0,0.8105539333587876
first_sem_approval_rate,24,0.9583333333333333,ICE individual,1893.0,0.16313230018930217
first_sem_approval_rate,24,0.9583333333333333,ICE individual,1920.0,0.35047736300548116
first_sem_approval_rate,24,0.9583333333333333,ICE individual,1940.0,0.11427548711151832
first_sem_approval_rate,24,0.9583333333333333,ICE individual,2046.0,0.060713650857896366
first_sem_approval_rate,24,0.9583333333333333,ICE individual,2114.0,0.15860895399999445
first_sem_approval_rate,24,0.9583333333333333,ICE individual,2165.0,0.09735771361053745
first_sem_approval_rate,24,0.9583333333333333,ICE individual,2197.0,0.2861590306485807
first_sem_approval_rate,24,0.9583333333333333,ICE individual,2204.0,0.4658935047050965
first_sem_approval_rate,24,0.9583333333333333,ICE individual,2330.0,0.7540329038715542
first_sem_approval_rate,24,0.9583333333333333,ICE individual,2400.0,0.07030843577674828
first_sem_approval_rate,24,0.9583333333333333,ICE individual,2418.0,0.3091489994082703
first_sem_approval_rate,24,0.9583333333333333,ICE individual,2782.0,0.8120551180855158
first_sem_approval_rate,24,0.9583333333333333,ICE individual,2805.0,0.032633940837532086
first_sem_approval_rate,24,0.9583333333333333,ICE individual,2807.0,0.07684423337155932
first_sem_approval_rate,24,0.9583333333333333,ICE individual,2990.0,0.2542233583650376
first_sem_approval_rate,24,0.9583333333333333,ICE individual,3077.0,0.38239989221509757
first_sem_approval_rate,24,0.9583333333333333,ICE individual,3104.0,0.7060095481685909
first_sem_approval_rate,24,0.9583333333333333,ICE individual,3106.0,0.10382987616569593
first_sem_approval_rate,24,0.9583333333333333,ICE individual,3135.0,0.09661113684438796
first_sem_approval_rate,24,0.9583333333333333,ICE individual,3182.0,0.3780247093953167
first_sem_approval_rate,24,0.9583333333333333,ICE individual,3281.0,0.14105303351034018
first_sem_approval_rate,24,0.9583333333333333,ICE individual,3285.0,0.46275413483712197
first_sem_approval_rate,24,0.9583333333333333,ICE individual,3351.0,0.09764618579343445
first_sem_approval_rate,24,0.9583333333333333,ICE individual,3380.0,0.0819091868398401
first_sem_approval_rate,24,0.9583333333333333,ICE individual,3394.0,0.09008312063692035
first_sem_approval_rate,24,0.9583333333333333,ICE individual,3395.0,0.12190376750845341
first_sem_approval_rate,24,0.9583333333333333,ICE individual,3477.0,0.1352270813248236
first_sem_approval_rate,24,0.9583333333333333,ICE individual,3590.0,0.7308142683565584
first_sem_approval_rate,24,0.9583333333333333,ICE individual,3622.0,0.04662866839864894
first_sem_approval_rate,24,0.9583333333333333,ICE individual,3641.0,0.1559067580499145
first_sem_approval_rate,24,0.9583333333333333,ICE individual,3642.0,0.8432419484271446
first_sem_approval_rate,24,0.9583333333333333,ICE individual,3741.0,0.12590520897641924
first_sem_approval_rate,24,0.9583333333333333,ICE individual,3883.0,0.7774091906834374
first_sem_approval_rate,24,0.9583333333333333,ICE individual,3930.0,0.1249624427624763
first_sem_approval_rate,24,0.9583333333333333,ICE individual,3948.0,0.692233681783382
first_sem_approval_rate,24,0.9583333333333333,ICE individual,4078.0,0.3900273485416758
first_sem_approval_rate,24,0.9583333333333333,ICE individual,4209.0,0.616609682800509
first_sem_approval_rate,24,0.9583333333333333,ICE individual,4416.0,0.7626349490680481
first_sem_approval_rate,25,1.0,PDP average,,0.2656164162193199
first_sem_approval_rate,25,1.0,ICE individual,216.0,0.11807161373363814
first_sem_approval_rate,25,1.0,ICE individual,287.0,0.06911491229674362
first_sem_approval_rate,25,1.0,ICE individual,309.0,0.1041742644562158
first_sem_approval_rate,25,1.0,ICE individual,365.0,0.11841071842622758
first_sem_approval_rate,25,1.0,ICE individual,371.0,0.11110655424950501
first_sem_approval_rate,25,1.0,ICE individual,414.0,0.09320567778899402
first_sem_approval_rate,25,1.0,ICE individual,415.0,0.06971392789056928
first_sem_approval_rate,25,1.0,ICE individual,552.0,0.8151497803860714
first_sem_approval_rate,25,1.0,ICE individual,681.0,0.10197647244844435
first_sem_approval_rate,25,1.0,ICE individual,724.0,0.8346325596962001
first_sem_approval_rate,25,1.0,ICE individual,748.0,0.1471467667608901
first_sem_approval_rate,25,1.0,ICE individual,808.0,0.3782603544339297
first_sem_approval_rate,25,1.0,ICE individual,816.0,0.12319461754501132
first_sem_approval_rate,25,1.0,ICE individual,926.0,0.06998243381358238
first_sem_approval_rate,25,1.0,ICE individual,1167.0,0.09788407676733231
first_sem_approval_rate,25,1.0,ICE individual,1546.0,0.23029297388130332
first_sem_approval_rate,25,1.0,ICE individual,1568.0,0.19411276197400987
first_sem_approval_rate,25,1.0,ICE individual,1600.0,0.5879596584428023
first_sem_approval_rate,25,1.0,ICE individual,1732.0,0.6204354401464535
first_sem_approval_rate,25,1.0,ICE individual,1810.0,0.12744227877295067
first_sem_approval_rate,25,1.0,ICE individual,1816.0,0.23511138771792167
first_sem_approval_rate,25,1.0,ICE individual,1867.0,0.8086613544329982
first_sem_approval_rate,25,1.0,ICE individual,1893.0,0.16313230018930217
first_sem_approval_rate,25,1.0,ICE individual,1920.0,0.355777569322095
first_sem_approval_rate,25,1.0,ICE individual,1940.0,0.11318650460162429
first_sem_approval_rate,25,1.0,ICE individual,2046.0,0.06318865799871326
first_sem_approval_rate,25,1.0,ICE individual,2114.0,0.15854377923666826
first_sem_approval_rate,25,1.0,ICE individual,2165.0,0.09402438027720413
first_sem_approval_rate,25,1.0,ICE individual,2197.0,0.2861590306485807
first_sem_approval_rate,25,1.0,ICE individual,2204.0,0.4644144427285471
first_sem_approval_rate,25,1.0,ICE individual,2330.0,0.7506995705382209
first_sem_approval_rate,25,1.0,ICE individual,2400.0,0.06963910953561352
first_sem_approval_rate,25,1.0,ICE individual,2418.0,0.27973454181806573
first_sem_approval_rate,25,1.0,ICE individual,2782.0,0.8098868206295471
first_sem_approval_rate,25,1.0,ICE individual,2805.0,0.031484999241000594
first_sem_approval_rate,25,1.0,ICE individual,2807.0,0.07684423337155932
first_sem_approval_rate,25,1.0,ICE individual,2990.0,0.2567501945232297
first_sem_approval_rate,25,1.0,ICE individual,3077.0,0.38239989221509757
first_sem_approval_rate,25,1.0,ICE individual,3104.0,0.7031278119469941
first_sem_approval_rate,25,1.0,ICE individual,3106.0,0.10382987616569593
first_sem_approval_rate,25,1.0,ICE individual,3135.0,0.09707950404427268
first_sem_approval_rate,25,1.0,ICE individual,3182.0,0.3787501568444972
first_sem_approval_rate,25,1.0,ICE individual,3281.0,0.13427196494453264
first_sem_approval_rate,25,1.0,ICE individual,3285.0,0.46332123799435115
first_sem_approval_rate,25,1.0,ICE individual,3351.0,0.09015832518218052
first_sem_approval_rate,25,1.0,ICE individual,3380.0,0.07857585350650675
first_sem_approval_rate,25,1.0,ICE individual,3394.0,0.09008312063692035
first_sem_approval_rate,25,1.0,ICE individual,3395.0,0.12190376750845341
first_sem_approval_rate,25,1.0,ICE individual,3477.0,0.13319528121125182
first_sem_approval_rate,25,1.0,ICE individual,3590.0,0.7241476016898917
first_sem_approval_rate,25,1.0,ICE individual,3622.0,0.04662866839864894
first_sem_approval_rate,25,1.0,ICE individual,3641.0,0.1559067580499145
first_sem_approval_rate,25,1.0,ICE individual,3642.0,0.8365752817604779
first_sem_approval_rate,25,1.0,ICE individual,3741.0,0.12590520897641924
first_sem_approval_rate,25,1.0,ICE individual,3883.0,0.7774091906834374
first_sem_approval_rate,25,1.0,ICE individual,3930.0,0.1249624427624763
first_sem_approval_rate,25,1.0,ICE individual,3948.0,0.6855670151167153
first_sem_approval_rate,25,1.0,ICE individual,4078.0,0.38452571775237376
first_sem_approval_rate,25,1.0,ICE individual,4209.0,0.6129038963075611
first_sem_approval_rate,25,1.0,ICE individual,4416.0,0.766370785655885
